id,input,prediction,ground_truth,prediction_clean,ground_truth_clean,bert_precision_example,bert_recall_example,bert_f1_example,judge_label
4,ما هو العصب الذي ينقل إحساس الذوق من ثلث اللسان الخلفي؟,ANSWER: عصب البلعوم اللساني (V3),التاسع,عصب البلعوم اللساني (V3),التاسع,0.5011624097824097,0.5566765666007996,0.527462899684906,Incorrect
8,ما هي القوس البيضاء عند حدود جسم الظفر مع جذره؟,ANSWER: حافة حرشفية (Perioungual),هليل الظفر,حافة حرشفية (Perioungual),هليل الظفر,0.6630880236625671,0.6902173161506653,0.6763807535171509,Incorrect
12,أين يقع الخط الالوي السفلي؟,ANSWER: على الحافة السفلية لللسان.,السطح الخارجي للحرقفة,على الحافة السفلية لللسان.,السطح الخارجي للحرقفة,0.7702761888504028,0.7612354755401611,0.7657291889190674,Incorrect
16,ما هي الحافة من الفرع التي تشكل زاوية الفك السفلي؟,ANSWER: حافة تمييزية (Alveolar margin),الخلفية,حافة تمييزية (Alveolar margin),الخلفية,0.6398492455482483,0.6908014416694641,0.6643498539924622,Incorrect
17,ما هي البنية التشريحية التي تتعصب بالعصب الشظوي السطحي؟,ANSWER: العضلة القرفصاء (الرباطية),العضله الشظويه الطويله,العضلة القرفصاء (الرباطية),العضله الشظويه الطويله,0.8182631731033325,0.8265916705131531,0.8224064111709595,Incorrect
19,أين تشاهد الجسور بين الخلوية؟,ANSWER: بين الخلايا العصبية,الطبقة الشائكة من النسيج الظهاري المطبق,بين الخلايا العصبية,الطبقة الشائكة من النسيج الظهاري المطبق,0.777833104133606,0.7396953105926514,0.7582849860191345,Incorrect
21,ما الذي يحول الثلمتين الاسكيتين إلى ثقبتين؟,انفتاح بينهما.,الرباط العجزي الشوكي العجزي الحدبي,انفتاح بينهما.,الرباط العجزي الشوكي العجزي الحدبي,0.6524074673652649,0.5984572768211365,0.6242688894271851,Incorrect
28,ما هو الهرمون الذي يفرز PTH؟,ANSWER: هرمون الغدة النخامية,الغدد جارات الدرق,هرمون الغدة النخامية,الغدد جارات الدرق,0.7535238265991211,0.7694920301437378,0.7614242434501648,Incorrect
35,ما الذي يقع بين جسم الفقرة والقوس الفقرية؟,ANSWER: القرص الفقري,الثقبة الفقرية,القرص الفقري,الثقبة الفقرية,0.90068519115448,0.8789328336715698,0.889676034450531,Incorrect
49,أين تقع المنطقة الشمية؟,ANSWER: في الجزء العلوي من الأنف.,سقف الأنف,في الجزء العلوي من الأنف.,سقف الأنف,0.7916169762611389,0.8385847210884094,0.8144242763519287,Correct
50,ما الذي يتصل به المدورين بالأمام في الفخذ؟,ANSWER: الرباط الصليبي الأمامي,الخط بين المدورين,الرباط الصليبي الأمامي,الخط بين المدورين,0.7629244327545166,0.7682943940162659,0.7656000852584839,Incorrect
51,أين يوجد التلم الكعبري في جسم العضد؟,ANSWER: على الجانب الأمامي للعظم الكعبري,على الوجه الخلفي.,على الجانب الأمامي للعظم الكعبري,على الوجه الخلفي.,0.7672232985496521,0.8408385515213013,0.8023459315299988,Incorrect
54,ما الذي تتشكل منه ضفيرة راشكوف في لب السن؟,ANSWER: خلايا عصبية حسية,ألياف حسية.,خلايا عصبية حسية,ألياف حسية.,0.7947527170181274,0.8195586204528809,0.8069651126861572,Correct
55,أين يقع المستقيم؟,ANSWER: في الحوض، بين المثانة والشرج.,القولون السيني والقناة الشرجية,في الحوض، بين المثانة والشرج.,القولون السيني والقناة الشرجية,0.759941577911377,0.7560557126998901,0.7579936981201172,Incorrect
56,إلى أي صنف من أصناف الغدد تنتمي حديثات المونتغمري؟,ANSWER: غدد صماء,دهنية,غدد صماء,دهنية,0.7827021479606628,0.7990759611129761,0.7908043265342712,Incorrect
64,ما هو العصب المحرك لعضلات اللسان؟,ANSWER: عصب اللسان (عصب وريث),12,عصب اللسان (عصب وريث),12,0.5751234889030457,0.6171775460243225,0.5954088568687439,Incorrect
73,ما هي الضفيرة التي يتفرع منها العصب الحجابي؟,ANSWER: الضفيرة البلعومية الحنجرية,الرقبية,الضفيرة البلعومية الحنجرية,الرقبية,0.7154934406280518,0.7601330280303955,0.737138032913208,Incorrect
74,من أين يفرز الأدرينالين؟,ANSWER: الغدد الكظرية,لب الكظر,الغدد الكظرية,لب الكظر,0.7654280662536621,0.7713141441345215,0.7683598399162292,Correct
75,ما هو الوريد الذي يتشكل منه الوريد الأجوف السفلي؟,ANSWER: الوريد الفخذي العميق,الوريدين الحرقفيين المشتركين الأيمن والأيسر,الوريد الفخذي العميق,الوريدين الحرقفيين المشتركين الأيمن والأيسر,0.7840589284896851,0.7403537034988403,0.7615798115730286,Incorrect
78,ما هي الطبقة الأكثر تمايزاً وكثافة في الشرايين؟,ANSWER: الطبقة الوسيطة (العضلية المرنة),المتوسطة,الطبقة الوسيطة (العضلية المرنة),المتوسطة,0.6071082353591919,0.6787807941436768,0.6409470438957214,Correct
79,مما ينتج هرمون T4؟,ANSWER: الغدة الدرقية,الدرق,الغدة الدرقية,الدرق,0.7857081890106201,0.8379274606704712,0.8109780550003052,Correct
85,ما هي العضلة التي ترتكز بشكل أساسي على العظم الزورقي؟,ANSWER: عضلة اللسان (ميلار),الظنبوبي الخلفي,عضلة اللسان (ميلار),الظنبوبي الخلفي,0.7211073040962219,0.7053725719451904,0.7131531238555908,Incorrect
87,أين تقع المنطقة الشمية؟,ANSWER: في الجزء العلوي من الأنف.,سقف الأنف,في الجزء العلوي من الأنف.,سقف الأنف,0.7916169762611389,0.8385847210884094,0.8144242763519287,Correct
88,ما هو اسم الوسادة من النسيج الدهني فوق الارتفاق العاني؟,ANSWER: وسادة لافا (Fat pad),جبل العانة,وسادة لافا (Fat pad),جبل العانة,0.6699497699737549,0.6975767612457275,0.6834841966629028,Incorrect
98,أين يتوضع الكولون السيني؟,ANSWER: في البطن، بين المعدة والكبد.,الناحية المغبنية اليسرى,في البطن، بين المعدة والكبد.,الناحية المغبنية اليسرى,0.6687669157981873,0.6602209210395813,0.6644664406776428,Incorrect
103,ما هو القسم من العظم الجبهي الذي يفصل بين القسمين الحجاجيين من الخلف؟,ANSWER: السقف القحفي,الثلمة الغربالية,السقف القحفي,الثلمة الغربالية,0.7871105074882507,0.7975054979324341,0.7922739386558533,Incorrect
105,ما هي الفروع الانتهائية للسبات الظاهر؟,ANSWER: فروع العصب الوجهي.,الفكي والصدغي والسطحي,فروع العصب الوجهي.,الفكي والصدغي والسطحي,0.7398896217346191,0.7114487290382385,0.7253905534744263,Incorrect
113,أين يمر عصب الفك العلوي؟,ANSWER: عبر الفتحة المنتصفة للجمجمة,الثقبة المدورة,عبر الفتحة المنتصفة للجمجمة,الثقبة المدورة,0.716677725315094,0.7581695318222046,0.7368399500846863,Incorrect
114,ما هي النقطة التشريحية على الوجه السفلي لجسم العظم الوتدي؟,ANSWER: الفتحة النخاعية العنقية,المنقار الوتدي,الفتحة النخاعية العنقية,المنقار الوتدي,0.7196497321128845,0.7424939274787903,0.7308933734893799,Incorrect
115,ما اسم العظم الذي يتوضع كيس الدمع عليه؟,ANSWER: عظم الوجنة,الدمعي أنسي الحجاج,عظم الوجنة,الدمعي أنسي الحجاج,0.7946375608444214,0.7737740278244019,0.7840670347213745,Incorrect
116,من أين ينشأ الشريان السباتي المشترك الأيسر؟,ANSWER: من الشريان السباتي الداخلي,قوس الأبهر مباشرة,من الشريان السباتي الداخلي,قوس الأبهر مباشرة,0.7328470945358276,0.7324032783508301,0.7326250672340393,Incorrect
120,ما طول الأسهر؟,ANSWER: حوالي 7-10 سم.,45 سم,حوالي 7-10 سم.,45 سم,0.643739640712738,0.6953732967376709,0.6685609817504883,Incorrect
128,ما هو المكان الذي يعبر من خلاله الشريان السحائي الأوسط؟,ANSWER: القناة السحائية الوسطى,الثقبة الشوكية,القناة السحائية الوسطى,الثقبة الشوكية,0.781600296497345,0.768334150314331,0.7749105095863342,Incorrect
138,ما هي الطية الجلدية التي تغطي رأس القضيب؟,ANSWER: غشاء البكارة,القلفة,غشاء البكارة,القلفة,0.8007833361625671,0.8345203995704651,0.8173038959503174,Incorrect
145,ما هي البنية التشريحية التي ترتكز على الحفرة المدورية؟,ANSWER: الحلقات الصوتية,العضلة السدادية الظاهرة,الحلقات الصوتية,العضلة السدادية الظاهرة,0.7766382694244385,0.743112325668335,0.7595055103302002,Incorrect
147,أين يتوضع الدرز الأكليلي؟,ANSWER: على حافة القشرة المخية.,يتوضع بين العظم الجبهي والجداريين.,على حافة القشرة المخية.,يتوضع بين العظم الجبهي والجداريين.,0.7970192432403564,0.7689651250839233,0.7827408909797668,Incorrect
152,ماذا يفعل الرباط المتصالب الأمامي؟,ANSWER: يثبت عظام الفخذ إلى عظام الساق.,يمنع انزياح الساق للأمام,يثبت عظام الفخذ إلى عظام الساق.,يمنع انزياح الساق للأمام,0.7813475728034973,0.7671954035758972,0.7742067575454712,Incorrect
157,ما العصب القحفي الذي يعبر الثقبة البيضية؟,ANSWER: العصب الوجهي (تروما 7),الفكي السفلي,العصب الوجهي (تروما 7),الفكي السفلي,0.7363461256027222,0.7702071666717529,0.7528961300849915,Incorrect
159,إلى أي قصبات تتفرع القصبات الفصية؟,ANSWER: القصبات الفرعية (التفرعات الثانوية),قطعية شدفية,القصبات الفرعية (التفرعات الثانوية),قطعية شدفية,0.6817326545715332,0.7084212899208069,0.6948208212852478,Incorrect
161,أين توجد نوى الأعصاب القحفية من الثالث حتى الثاني عشر؟,ANSWER: في جذع الدماغ.,جذع الدماغ,في جذع الدماغ.,جذع الدماغ,0.8789400458335876,0.9084681868553162,0.893460214138031,Correct
166,على ماذا يحتوي البلعوم الفموي من اللوزتين؟,ANSWER: اللوزتان والغدد اللعابية.,الحنكيتين,اللوزتان والغدد اللعابية.,الحنكيتين,0.6988558173179626,0.7430420517921448,0.72027188539505,Incorrect
167,على أي من وجوه الكبد يوجد مسكن المرارة؟,ANSWER: الوجه السفلي,السفلي,الوجه السفلي,السفلي,0.8276278972625732,0.8658803701400757,0.8463221192359924,Correct
168,ما هو العصب القحفي الثاني؟,ANSWER: عصب الوجه (تروما وجهي),البصري - حاسي,عصب الوجه (تروما وجهي),البصري - حاسي,0.7206264138221741,0.7418970465660095,0.7311070561408997,Incorrect
175,ما وظيفة العضلة تحت الكتفية؟,ANSWER: رفع الذراع الجانبي.,دوران أنسي للكتف.,رفع الذراع الجانبي.,دوران أنسي للكتف.,0.6811777949333191,0.6527628898620605,0.666667640209198,Incorrect
178,أين تتوضع المشيمة في ارتكاز المشيمة المعيب؟,ANSWER: خارج الرحم,بين الجنين والمهبل.,خارج الرحم,بين الجنين والمهبل.,0.8146140575408936,0.7813550233840942,0.7976379990577698,Incorrect
181,ما اسم الطبقة من السحايا التي تغطي الجيوب الوريدية؟,ANSWER: الغشاء العنكبوتي,الام الجافية,الغشاء العنكبوتي,الام الجافية,0.7284380793571472,0.7776289582252502,0.752230167388916,Incorrect
184,ما هي الألياف التي تربط المراكز القشرية بالمحيط؟,ANSWER: ألياف ورنية (Axons),إسقاطية,ألياف ورنية (Axons),إسقاطية,0.7067748308181763,0.7633793354034424,0.7339873909950256,Incorrect
185,ما الذي تشكله البصلة عندما تتمادى في الأمام في جسم القضيب؟,ANSWER: بيلة مهبلية (إفرازات مهبلية),الجسم الاسفنجي,بيلة مهبلية (إفرازات مهبلية),الجسم الاسفنجي,0.6907522082328796,0.6881605982780457,0.6894539594650269,Incorrect
193,ما هي أكبر غدد الجسم؟,ANSWER: الغدد الكظرية,الكبد,الغدد الكظرية,الكبد,0.7561365365982056,0.8028973340988159,0.7788156867027283,Incorrect
194,ما هي الشرايين الخمسة التي يتفرع إليها الشريان الكلوي؟,ANSWER: الشرايين الكلوية، وشرايين الكيس الكلوي، وشرايين الفقار الكلوية، وشرايين الحالب، والشريان الكظري.,قطعية,الشرايين الكلوية، وشرايين الكيس الكلوي، وشرايين الفقار الكلوية، وشرايين الحالب، والشريان الكظري.,قطعية,0.5444462299346924,0.6614433526992798,0.5972691774368286,Incorrect
196,بماذا ينتهي الشريان الوجهي؟,ANSWER: ينتهي بالشريان الدماغي المتوسط.,الشريان الزاوي,ينتهي بالشريان الدماغي المتوسط.,الشريان الزاوي,0.6957238912582397,0.739031195640564,0.7167239189147949,Incorrect
201,ما هي طبقة لب السن الأكثر عمقا والأقرب لجوهر اللب؟,ANSWER: لب الأساسي,المنطقة الغنية بالخلايا.,لب الأساسي,المنطقة الغنية بالخلايا.,0.7493988871574402,0.7407224178314209,0.7450353503227234,Incorrect
202,أين تقع فوهة مصب الجيب الأكليلي؟,ANSWER: خلف الأسنان الأمامية العلوية.,أمام وأسفل مصب الأجوف السفلي,خلف الأسنان الأمامية العلوية.,أمام وأسفل مصب الأجوف السفلي,0.7705205678939819,0.7149860262870789,0.7417152523994446,Incorrect
203,ما هي الزاوية الأمامية السفلية للعظم الجداري؟,ANSWER: زاوية الفك السفلي,وتدية,زاوية الفك السفلي,وتدية,0.6255521774291992,0.6678526401519775,0.64601069688797,Incorrect
206,أي عصب هو المحرك لعضلات اللسان؟,ANSWER: عصب اللسان (عصب وريث),12,عصب اللسان (عصب وريث),12,0.5751234889030457,0.6171775460243225,0.5954088568687439,Incorrect
208,ما هو البروز العظمي الذي يحتوي عليه الوجه الداخلي لفرع الفك السفلي؟,ANSWER: عظم الفك السفلي,اللسين,عظم الفك السفلي,اللسين,0.6878498196601868,0.720881462097168,0.703978419303894,Incorrect
209,ما هي المواد التي تفرزها الغدد استجابة للتنبيه وترحل عبر الدم؟,ANSWER: الهرمونات,الهرمونات,الهرمونات,الهرمونات,1.0,1.0,1.0,Correct
210,ما هي الزاوية بين قبضة وجسم القص؟,ANSWER: زاوية 90 درجة,لويس,زاوية 90 درجة,لويس,0.7092026472091675,0.7504680752754211,0.7292520403862,Incorrect
215,من أين يخرج العصب الفكي العلوي من الجمجمة؟,ANSWER: من الفتحة القحفية رقم 3 (الفتحة المربعية العلوية),الثقبة المدورة,من الفتحة القحفية رقم 3 (الفتحة المربعية العلوية),الثقبة المدورة,0.6992820501327515,0.7256812453269958,0.7122371792793274,Incorrect
217,ما الذي يحدد المنصف العلوي جانبياً؟,ANSWER: الحافة الجانبية للعمود الفقري,الجنية المنصفية.,الحافة الجانبية للعمود الفقري,الجنية المنصفية.,0.7639834880828857,0.7895759344100952,0.7765688896179199,Incorrect
219,ما هما الممران اللذان يمر عبرهما الهواء إلى جوف الأنف؟,ANSWER: الممران الأنفيان العلويان,المنخرين,الممران الأنفيان العلويان,المنخرين,0.7490428686141968,0.7788614630699158,0.7636612057685852,Incorrect
223,أين ترتكز العضلة العريضة الظهرية؟,ANSWER: على العضد والعمود الفقري,قاع أخدود ذات الرأسين.,على العضد والعمود الفقري,قاع أخدود ذات الرأسين.,0.6771399974822998,0.6739962100982666,0.6755644083023071,Incorrect
225,ما هو القولون الذي يمتد بشكل أفقي؟,ANSWER: القولون المستعرض,الكولون المعترض,القولون المستعرض,الكولون المعترض,0.8423518538475037,0.8047235012054443,0.8231078386306763,Correct
228,كم عدد القطع العصعصية في النخاع الشوكي؟,ANSWER: 8 قطع عصعصية,1,8 قطع عصعصية,1,0.654318630695343,0.7436100244522095,0.6961126327514648,Incorrect
230,ما الطبقة التي تمثلها العضلة الدافعة في المثانة؟,ANSWER: طبقة عضلية ملساء,العضلية,طبقة عضلية ملساء,العضلية,0.7498447895050049,0.7904853820800781,0.7696290016174316,Correct
231,ما هي الخلايا التي توجد في الجلد وتعمل كمستقبلات آلية حسية؟,ANSWER: خلايا ميكانيكية وحسية,خلايا ميركل.,خلايا ميكانيكية وحسية,خلايا ميركل.,0.7733823657035828,0.835157573223114,0.8030837178230286,Incorrect
235,ما اسم الكرة الصغيرة فوق قمة الغضروف؟,ANSWER: جسم فيرتشو (Vertebral body),القريني,جسم فيرتشو (Vertebral body),القريني,0.6510448455810547,0.7017781734466553,0.6754602193832397,Incorrect
236,أين لا توجد الغدد الزهمية؟,ANSWER: على سطح اللسان,راحة اليد وأخمص القدم,على سطح اللسان,راحة اليد وأخمص القدم,0.724560022354126,0.6994357109069824,0.7117761969566345,Incorrect
240,ما هو العصب المسؤول عن حركات عضلات الوجه التعبيرية؟,ANSWER: عصب الوجه (VII زوجي),السابع,عصب الوجه (VII زوجي),السابع,0.6386892795562744,0.6714047193527222,0.6546385288238525,Correct
241,ما هي الزاوية الخلفية السفلية في العظم الجداري؟,ANSWER: زاوية الفك السفلي,خشانية,زاوية الفك السفلي,خشانية,0.6401474475860596,0.7013566493988037,0.6693556308746338,Incorrect
245,ما هو الاسم الآخر لفرع الفك السفلي؟,ANSWER: فك سفلي تحت الفك العلوي,الرأد.,فك سفلي تحت الفك العلوي,الرأد.,0.625098466873169,0.684772253036499,0.6535760760307312,Incorrect
253,ماذا يفعل الرباط المتصالب الأمامي؟,ANSWER: يثبت عظام الفخذ إلى عظام الساق.,يمنع ازياح الساق للأمام,يثبت عظام الفخذ إلى عظام الساق.,يمنع ازياح الساق للأمام,0.7606460452079773,0.7409628629684448,0.7506754994392395,Incorrect
255,ما هي الثقبة التي يعبر من خلالها العصب الوجهي؟,ANSWER: فتحة ماجندا (Foramen Magenda),الثقبة الإبرية الخشانية,فتحة ماجندا (Foramen Magenda),الثقبة الإبرية الخشانية,0.63949054479599,0.648689329624176,0.6440570950508118,Incorrect
262,ماذا تفرز خلايا بيتا في البنكرياس؟,ANSWER: الأنسولين,الأنسولين,الأنسولين,الأنسولين,0.9999998807907104,0.9999998807907104,0.9999998807907104,Correct
267,ما هو التامور الخارجي الذي لا يرتبط بالقلب؟,ANSWER: التامور الصدري,التامور الليفي,التامور الصدري,التامور الليفي,0.9369518756866456,0.9369518756866456,0.9369518756866456,Incorrect
269,ما هو القسم من الضلع الواقع بين الرأس والحديبة؟,ANSWER: الضلع الصدري السابع,العنق,الضلع الصدري السابع,العنق,0.6902972459793091,0.7106205224990845,0.7003114819526672,Incorrect
273,مع أي عظم يتمفصل الظنبوب في الأسفل؟,ANSWER: عظم الكعبر (Tarsal),القعب,عظم الكعبر (Tarsal),القعب,0.7147482633590698,0.7666707038879395,0.7397995591163635,Incorrect
277,أي من العضلات العميقة التالية للمثلث الخلفي للعنق ترتبط بحدبة الأطلس الخلفية؟,ANSWER: عضلة القص (Trapezius),المستقيمه الرأسيه الخلفيه الصغيرة,عضلة القص (Trapezius),المستقيمه الرأسيه الخلفيه الصغيرة,0.6633796691894531,0.6675559282302856,0.6654612421989441,Incorrect
279,ما هو التركيب الذي يتصل بالخلف مع البلعوم الفموي عبر برزخ الحلق؟,ANSWER: الممر الهوائي (المريء),جوف الفم المخصوص,الممر الهوائي (المريء),جوف الفم المخصوص,0.7238667607307434,0.7437584400177002,0.7336778044700623,Incorrect
281,ما هي البنية التي تغطي السطوح الأمامي والإنسي والوحشي للخصية؟,ANSWER: الغلاف الفموي للخصية,الغلالة الغمدية,الغلاف الفموي للخصية,الغلالة الغمدية,0.7741960883140564,0.8248708248138428,0.7987304925918579,Incorrect
282,أين يقع موقع الغدة الدرقية؟,ANSWER: أسفل الحلق، أمام القصبة الهوائية.,تحت الحنجرة وعلى جانبي الرغامي وأمامها,أسفل الحلق، أمام القصبة الهوائية.,تحت الحنجرة وعلى جانبي الرغامي وأمامها,0.7425169348716736,0.7164949178695679,0.7292739152908325,Incorrect
283,أين تتوضع مستقبلات الشم؟,ANSWER: في الحويصلات الشمية.,سقف الأنف.,في الحويصلات الشمية.,سقف الأنف.,0.7355867624282837,0.7730075120925903,0.753832995891571,Incorrect
284,ما هي طبيعة هرمونات الغدة النخامية؟,ANSWER: هرمونات بولي هرمونية,بيتيدية,هرمونات بولي هرمونية,بيتيدية,0.6845979690551758,0.7370654344558716,0.709863543510437,Incorrect
285,ما هو مفصل المرفق؟,ANSWER: مفصل الكتف,نموذج رزى,مفصل الكتف,نموذج رزى,0.744706392288208,0.7471659183502197,0.7459341287612915,Incorrect
286,ما هو المكان الذي تنشأ منه العضلة المدورة الكبيرة بشكل أساسي؟,ANSWER: عضلة الفخذ الرباعية الرؤوس,أسفل الحافة الوحشية لعظم لوح الكتف.,عضلة الفخذ الرباعية الرؤوس,أسفل الحافة الوحشية لعظم لوح الكتف.,0.7264387607574463,0.7267415523529053,0.7265901565551758,Incorrect
287,أين يتوضع الأبهر النازل البطني؟,ANSWER: أسفل المعدة، فوق الحالبين.,أيسر الأجوف السفلي,أسفل المعدة، فوق الحالبين.,أيسر الأجوف السفلي,0.7207801342010498,0.7051059007644653,0.7128568887710571,Incorrect
288,ما الذي يجاور السطح العلوي لمثانة الرجل؟,ANSWER: العضلات البطنية,عرى اللفائفي والكولون السيني,العضلات البطنية,عرى اللفائفي والكولون السيني,0.7220644950866699,0.6951236724853516,0.7083379626274109,Incorrect
289,ما هي عضلة الشهيق الرئيسية؟,ANSWER: عضلة الحجاب الحاجز,الحجاب الحاجز.,عضلة الحجاب الحاجز,الحجاب الحاجز.,0.8170337677001953,0.8637267351150513,0.8397316336631775,Correct
290,ما هو ترتيب دخول التراكيب إلى سرة الكلية من الخلف للأمام؟,ANSWER: من الخارج إلى الداخل: الحلقة الأوعية الدموية، الحلقة النكفية، الفتحة الإحليلية.,حويضة – شريان – وريد,من الخارج إلى الداخل: الحلقة الأوعية الدموية، الحلقة النكفية، الفتحة الإحليلية.,حويضة – شريان – وريد,0.602677047252655,0.6144235730171204,0.6084936261177063,Incorrect
302,أين تشاهد التلمة الكعبرية للزند؟,ANSWER: على الجانب الخلفي للزند السفلي,الوجه الوحشي للناتئ المنقاري.,على الجانب الخلفي للزند السفلي,الوجه الوحشي للناتئ المنقاري.,0.7779722213745117,0.7660940289497375,0.7719874978065491,Incorrect
308,أين تتوضع الثقبة العوراء في اللسان؟,ANSWER: خلف الكلم الإنتهائي,خلف الكلم الإنتهائي,خلف الكلم الإنتهائي,خلف الكلم الإنتهائي,1.0,1.0,1.0,Correct
313,ما هو أطول أجزاء الأنبوب الهضمي؟,ANSWER: الأمعاء الغليظة,المعي الدقيق,الأمعاء الغليظة,المعي الدقيق,0.7728660702705383,0.7893114686012268,0.7810022234916687,Incorrect
315,ما هو ترتيب العضلات من الأعلى للأسفل على الناحية الخلفية للألية؟,ANSWER: عضلات الفك السفلي، عضلات الظهر العميقة، عضلات الكتف.,كمثرية - توأمية علوية - سادة باطنة - توأمية سفلية,عضلات الفك السفلي، عضلات الظهر العميقة، عضلات الكتف.,كمثرية - توأمية علوية - سادة باطنة - توأمية سفلية,0.6352721452713013,0.6499620676040649,0.6425331830978394,Incorrect
325,ما هي الطبقة المبطنة للتامور الليفي؟,ANSWER: الغشاء البلازمي,التامور المصلي الجداري,الغشاء البلازمي,التامور المصلي الجداري,0.7597455382347107,0.759529173374176,0.7596373558044434,Incorrect
330,ما هو أطول أجزاء أنبوب الهضم؟,ANSWER: الأمعاء الغليظة,المعي الدقيق,الأمعاء الغليظة,المعي الدقيق,0.7728660702705383,0.7893114686012268,0.7810022234916687,Incorrect
331,ما هو الهرمون الذي يسرع عملية تصنيع الأحماض الدهنية من الغلوكوز في الخلايا الشحمية؟,ANSWER: هرمون الأنسولين,الانسولين,هرمون الأنسولين,الانسولين,0.827172040939331,0.879052996635437,0.8523237705230713,Correct
338,ما هو الرباط الذي يربط الرحم بجدران الحوض الجانبية؟,ANSWER: رباط لاصق (ليجامنتوم) رحمي,العريض,رباط لاصق (ليجامنتوم) رحمي,العريض,0.6518989205360413,0.7558386325836182,0.7000316381454468,Incorrect
339,ما هو لون لب الكظر؟,ANSWER: بني أحمر قاتم,بني غامق,بني أحمر قاتم,بني غامق,0.8225612640380859,0.8448090553283691,0.833536684513092,Correct
347,ما الذي يشكل معظم الكتلة العضلية للسان؟,ANSWER: عضلات اللسان الطولية,ذقنية لسانية,عضلات اللسان الطولية,ذقنية لسانية,0.7217109203338623,0.7632749080657959,0.7419112920761108,Incorrect
349,ما هي أصغر الحليمات الذوقية وأكثرها عدداً؟,ANSWER: حليمات الفم الخلفية السقفية,الخيطية,حليمات الفم الخلفية السقفية,الخيطية,0.7071570158004761,0.765981912612915,0.7353949546813965,Incorrect
354,ما هي العضلات الطويلة التي تربط الفقرات مع بعضها؟,ANSWER: عضلات تربطية طويلة (Ligamenta longi),عضلات العمود الفقري,عضلات تربطية طويلة (Ligamenta longi),عضلات العمود الفقري,0.7352433800697327,0.7606711387634277,0.747741162776947,Incorrect
355,ما هو أضيق قسم في جذع الدماغ؟,ANSWER: القناة الدماغية المتوسطة,مستوى الدماغ المتوسط,القناة الدماغية المتوسطة,مستوى الدماغ المتوسط,0.7762864232063293,0.7905191779136658,0.7833381295204163,Incorrect
358,أين يقع التلفيف خلف المركزي؟,ANSWER: على السطح الخلفي للدماغ.,الفص الجداري.,على السطح الخلفي للدماغ.,الفص الجداري.,0.7216935157775879,0.7537699937820435,0.7373830676078796,Incorrect
361,ما هي الباحة التي يحويها التلفيف خلف المركزي؟,ANSWER: باحة بروكا,الحس الجسدي الأولية,باحة بروكا,الحس الجسدي الأولية,0.7154276967048645,0.6502172946929932,0.6812655925750732,Incorrect
367,ما هي أصغر الحليمات الذوقية وأكثرها عدداً؟,ANSWER: حليمات الفم الخلفية السقفية,الخيطية,حليمات الفم الخلفية السقفية,الخيطية,0.7071570158004761,0.765981912612915,0.7353949546813965,Incorrect
368,ما هي المجموعة العضلية التي تنتمي إليها العضلة الحرقفية؟,ANSWER: عضلات الفك السفلي,عضلات الزنار الحوضي الأمامية,عضلات الفك السفلي,عضلات الزنار الحوضي الأمامية,0.8456970453262329,0.8396124839782715,0.8426437973976135,Incorrect
372,ما هو القسم المسؤول عن تنظيم الفعالية الحياتية الذاتية؟,ANSWER: الجهاز العصبي الذاتي,جذع الدماغ,الجهاز العصبي الذاتي,جذع الدماغ,0.6996992230415344,0.6979255676269531,0.6988112926483154,Incorrect
373,ما هي المادة شبيهة بالهلام التي تشغل أربعة أخماس المقلة؟,ANSWER: الجسم الهلامي (الزجاجية),الخلط الزجاجي,الجسم الهلامي (الزجاجية),الخلط الزجاجي,0.830559492111206,0.8389850854873657,0.8347510695457458,Correct
374,أين تقع أجسام العصبونات التي تفرز الهرمون المضاد للإدرار ADH؟,ANSWER: النخاع البيني للدماغ,الأنوية فوق البصرية,النخاع البيني للدماغ,الأنوية فوق البصرية,0.7483166456222534,0.7650251984596252,0.7565786838531494,Incorrect
377,ما هي العضلات التي لها منشأ عظمي وترتكز على باطن جلد الوجه؟,ANSWER: عضلات الوجه المرفقة,عضلات الوجه التعبيرية,عضلات الوجه المرفقة,عضلات الوجه التعبيرية,0.9298599362373352,0.9100431203842164,0.9198447465896606,Incorrect
378,ما هو مصدر التروية الرئيسية للمعدة؟,ANSWER: الشريان المعوي الداني,فروع الجذع الزلاقي,الشريان المعوي الداني,فروع الجذع الزلاقي,0.8065891861915588,0.7502808570861816,0.7774167656898499,Incorrect
380,ما هي أطول أجزاء أنبوب الهضم؟,ANSWER: الأمعاء الغليظة,المعي الدقيق,الأمعاء الغليظة,المعي الدقيق,0.7728660702705383,0.7893114686012268,0.7810022234916687,Incorrect
382,من أين ينشأ الجذع الرئوي؟,ANSWER: من البطين الأيمن للقلب.,البطين الأيمن,من البطين الأيمن للقلب.,البطين الأيمن,0.8079297542572021,0.8759631514549255,0.8405720591545105,Correct
383,ما هو اسم المنعكس الذي يحدث عند رفع الخصية والصفن للأعلى؟,ANSWER: منعكس الارتفاع (Reflexive Testis),المشمري,منعكس الارتفاع (Reflexive Testis),المشمري,0.6643232107162476,0.7090755105018616,0.6859701871871948,Incorrect
389,ما هو العظم الذي يحتوي على تلم في وجهه السفلي لمرور وتر الشظية الطويلة؟,ANSWER: عظم الفخذ,النردي,عظم الفخذ,النردي,0.7241001725196838,0.7375335693359375,0.7307552099227905,Incorrect
392,ما هي المنطقة المتوسطة من نواحي البطن؟,ANSWER: المنطقة الناصفة البطنية,السرية,المنطقة الناصفة البطنية,السرية,0.7145581841468811,0.7562775611877441,0.7348262071609497,Incorrect
394,ما الذي يصل بين الأذينة اليسرى والبطين الأيسر؟,ANSWER: صمام ثنائي الشرف,فوهة التاجي,صمام ثنائي الشرف,فوهة التاجي,0.755326509475708,0.7429900169372559,0.7491075396537781,Correct
395,ما الذي يعطي الرباط الحرقفي القطني منشأ له؟,ANSWER: العضلات القطنية الصدرية,العضلة المربعة القطنية.,العضلات القطنية الصدرية,العضلة المربعة القطنية.,0.8969640731811523,0.878976583480835,0.8878792524337769,Incorrect
399,ماذا يحفز ACTH إفرازه؟,ANSWER: الإجهاد والتمارين الرياضية,الكورتيزول,الإجهاد والتمارين الرياضية,الكورتيزول,0.6731929779052734,0.6894323825836182,0.6812159419059753,Incorrect
401,ما هو أكثر أقسام الإحليل قابلية للتمدد وأعرضها؟,ANSWER: الجزء الأساسي (الوسطي),الموثي,الجزء الأساسي (الوسطي),الموثي,0.6805086135864258,0.6682901978492737,0.6743441224098206,Incorrect
402,مما يتكون الزنار الحوضي؟,ANSWER: عضلات وأربطة الحوض,من العظمين الوركيين و العجز.,عضلات وأربطة الحوض,من العظمين الوركيين و العجز.,0.7189674377441406,0.7313740849494934,0.7251177430152893,Incorrect
403,أين تقع الباحة الحركية الأولية؟,ANSWER: القشرة الحركية الأولية,في التلفيف أمام المركزي .,القشرة الحركية الأولية,في التلفيف أمام المركزي .,0.6826028823852539,0.7003992795944214,0.6913865804672241,Incorrect
412,ما هي العضلة المسؤولة عن قبض الفخذ وقبض الساق؟,ANSWER: عضلة الفخذ الرباعية,الخياطية,عضلة الفخذ الرباعية,الخياطية,0.7279232740402222,0.7461546659469604,0.7369261980056763,Incorrect
420,أين تتوضع الغدة تحت الطية اللسانية؟,ANSWER: أسفل الطية اللسانية، أمام الحلق.,تحت اللسان,أسفل الطية اللسانية، أمام الحلق.,تحت اللسان,0.7476625442504883,0.7887306213378906,0.7676476836204529,Correct
424,أين يتوضع السرج التركي؟,ANSWER: بين الفقرة العانة والفقرة الإليتيّة.,على الوجه العلوي لجسم العظم الوتدي.,بين الفقرة العانة والفقرة الإليتيّة.,على الوجه العلوي لجسم العظم الوتدي.,0.7374445796012878,0.7328528165817261,0.7351415753364563,Incorrect
426,ما هو القسم مع الضلع الواقع بين الرأس والحدبية؟,ANSWER: القسم المتوسط للضلع الصدري,العنق,القسم المتوسط للضلع الصدري,العنق,0.6892245411872864,0.716097354888916,0.7024040818214417,Incorrect
443,كم عدد شدف النخاع الشوكي؟,ANSWER: 31 شفرة (26 عظمية و 5 غضروفية),31,31 شفرة (26 عظمية و 5 غضروفية),31,0.5227257609367371,0.6239192485809326,0.5688572525978088,Correct
450,ما هي العضلة الموسعة المسؤولة عن فتح الحنجرة؟,ANSWER: عضلة الحلقية الخارجية,الحلقية الطرجهالية الخلفية,عضلة الحلقية الخارجية,الحلقية الطرجهالية الخلفية,0.7867496013641357,0.7827718257904053,0.7847557067871094,Incorrect
453,ما يُدعى القسم العلوي المتسع من الحالب؟,ANSWER: الفتحة البصلية (Papilla),الحويضة,الفتحة البصلية (Papilla),الحويضة,0.7160460948944092,0.7759886980056763,0.7448133230209351,Incorrect
468,أين توجد نقطة التعظم البدئية في لوح الكتف؟,ANSWER: على الحافة الأمامية للترقوة.,الحفرة تحت الشوك,على الحافة الأمامية للترقوة.,الحفرة تحت الشوك,0.7207885980606079,0.7497397661209106,0.7349792122840881,Incorrect
469,ما هو الشريان الذي يستمر به الشريان تحت الترقوة؟,ANSWER: الشريان تحت الترقوة,الابطي,الشريان تحت الترقوة,الابطي,0.7457449436187744,0.7847728729248047,0.7647613286972046,Incorrect
474,ما هو الشريان الذي يمكن الشعور بنبضه عند الحافة السفلية للفك السفلي أمام العضلة الماضغة؟,ANSWER: الشريان الفكي السطحي السفلي,الوجهي.,الشريان الفكي السطحي السفلي,الوجهي.,0.747612476348877,0.8161742687225342,0.7803903818130493,Incorrect
489,ما هو الشريان الذي يعتبر الشريان المخي الخلفي فرعاً منه؟,ANSWER: الشريان الفقري,القاعدي,الشريان الفقري,القاعدي,0.7380194664001465,0.7450709939002991,0.7415284514427185,Incorrect
501,ما هو أكبر أعضاء الجسم وزناً ومساحة؟,ANSWER: الجلد,الجلد,الجلد,الجلد,0.9999995231628418,0.9999995231628418,0.9999995231628418,Correct
505,ما الذي يشكله نصفا الكرة المخية مع الدماغ البيني؟,ANSWER: الحُصين (الحصينان),المخ,الحُصين (الحصينان),المخ,0.696418821811676,0.788806676864624,0.7397392988204956,Incorrect
510,ما هو اسم الحافة اليسرى للمعدة التي تمتد من الفؤاد إلى البواب؟,ANSWER: حافة مُعلّقة,الانحناء الكبير,حافة مُعلّقة,الانحناء الكبير,0.6875813007354736,0.7344313859939575,0.7102345824241638,Incorrect
515,ما هو مصدر نشأة الشريان الشوكي الأمامي؟,ANSWER: من الشريان الفقري الأوسط,الفقري,من الشريان الفقري الأوسط,الفقري,0.7674196362495422,0.8180001378059387,0.7919030785560608,Incorrect
517,أين يقع الثرب الصغير؟,ANSWER: في السطح السفلي للورك.,المعدة والكبد,في السطح السفلي للورك.,المعدة والكبد,0.6808772087097168,0.7047991156578064,0.6926316022872925,Incorrect
526,أين تقع صفيحة الأكيمات؟,ANSWER: أسفل الدماغ، بين الدماغ والنخاع الشوكي.,الدماغ المتوسط .,أسفل الدماغ، بين الدماغ والنخاع الشوكي.,الدماغ المتوسط .,0.7037463188171387,0.7723761796951294,0.7364658117294312,Incorrect
529,ما هي الباحة التي يحويها التلفيف خلف المركزي؟,ANSWER: باحة بروكا,الحس الجسدي الأولية,باحة بروكا,الحس الجسدي الأولية,0.7154276967048645,0.6502172946929932,0.6812655925750732,Incorrect
530,ما هي الألياف التي تربط المراكز القشرية بالمحيط؟,ANSWER: ألياف ورنية (Axons),إسقاطية,ألياف ورنية (Axons),إسقاطية,0.7067748308181763,0.7633793354034424,0.7339873909950256,Incorrect
531,ما نوع المفصل الحلقي الطرجهالي؟,ANSWER: مفصل لولبي دائرى,الزليلي,مفصل لولبي دائرى,الزليلي,0.6492640376091003,0.6798173189163208,0.6641895174980164,Incorrect
533,ما هو رقم العصب الحركي للعضلات الماضغة؟,ANSWER: العصب الثلاثي التوائم (Trigeminal),الخامس,العصب الثلاثي التوائم (Trigeminal),الخامس,0.5404981374740601,0.6166808009147644,0.5760818123817444,Correct
541,كم عدد فصيصات الخصية؟,ANSWER: فصين (فص أعلى وفص أسفل),250,فصين (فص أعلى وفص أسفل),250,0.52353835105896,0.6267863512039185,0.5705288052558899,Incorrect
548,أين ترتكز العضلة الأخمعية الخلفية بوتر رقيق؟,ANSWER: على السطح الخلفي للعظم الكعبري.,الضلع الثاني.,على السطح الخلفي للعظم الكعبري.,الضلع الثاني.,0.7326058149337769,0.7793107628822327,0.7552369236946106,Incorrect
554,أين يتوضع الثلم المهمازي؟,ANSWER: على الحافة الجانبية لللسان.,الأنسي,على الحافة الجانبية لللسان.,الأنسي,0.6985085606575012,0.7080988883972168,0.7032710909843445,Incorrect
557,ما هي المنطقة التي يقع بينها القسيم العضلي (sarcomere)؟,ANSWER: الفاصل بين الألياف العضلية,الخطين -Z-,الفاصل بين الألياف العضلية,الخطين -Z-,0.7172504663467407,0.73800128698349,0.7274779081344604,Incorrect
562,ما الذي تنتجه الخلايا المجاورة للجريبات في الدرق؟,ANSWER: إفرازات دهنية,كاليستونين,إفرازات دهنية,كاليستونين,0.6625138521194458,0.6753530502319336,0.6688718795776367,Incorrect
563,ما الذي تتحول إليه الوحيدات Monocytes بعد مغادرتها الدوران؟,ANSWER: خلايا البلعميات (Macrophages),بالعات,خلايا البلعميات (Macrophages),بالعات,0.6154978275299072,0.6762570738792419,0.644448459148407,Correct
568,ما هو الشريان الذي ينتهي به الشريان الوجهي؟,ANSWER: شريان الفك العلوي,الزاوي,شريان الفك العلوي,الزاوي,0.7218286991119385,0.7526929378509521,0.7369377613067627,Incorrect
571,أين يتوضع الثلم المهمازي؟,ANSWER: على الحافة الجانبية لللسان.,الانسي,على الحافة الجانبية لللسان.,الانسي,0.6973891854286194,0.7219458818435669,0.709455132484436,Incorrect
573,ما هو العصب القحفي الذي يحمل التعصيب نظير الودي للقلب؟,ANSWER: العصب البلعومي الودي,10,العصب البلعومي الودي,10,0.5552388429641724,0.6301798820495605,0.5903404951095581,Incorrect
575,ما هي العضلة التي يمر العصب تحت اللساني في الناحية تحت الفك عميقاً منها؟,ANSWER: عضلة الفك السفلي,لامية لسانية.,عضلة الفك السفلي,لامية لسانية.,0.6369912624359131,0.6866121888160706,0.6608716249465942,Incorrect
576,تحت أي قسم من أقسام التشريح يندرج التنبيب الرغامي؟,ANSWER: تشريح الجهاز التنفسي العلوي,التشريح التقني .,تشريح الجهاز التنفسي العلوي,التشريح التقني .,0.736756443977356,0.7525486946105957,0.7445688247680664,Incorrect
578,ما هي العظام التي يتشكل منها مفصل الركبة؟,ANSWER: عظم الفخذ، عظم الساق، الغضروف المفصلي.,المفصل بين عظمي الفخذ والظنبوب والمفصل بين عظمي الفخذ والرضفة.,عظم الفخذ، عظم الساق، الغضروف المفصلي.,المفصل بين عظمي الفخذ والظنبوب والمفصل بين عظمي الفخذ والرضفة.,0.8102707862854004,0.7843193411827087,0.797083854675293,Incorrect
579,ما هي الحركة الخاصة بالساعد؟,ANSWER: حركة المرونة في المعصم,الكب,حركة المرونة في المعصم,الكب,0.6849265098571777,0.7288737893104553,0.7062171697616577,Incorrect
582,ما الذي يحويه القسم الأمامي للثلم الأمامي الخلفي الأيسر للكبد؟,ANSWER: الشريان الكبدي الحقن,تلم الرباط الوريدي,الشريان الكبدي الحقن,تلم الرباط الوريدي,0.7644948959350586,0.7494329810142517,0.7568889260292053,Incorrect
586,ماذا تشكل الصفيحتان السفليتان للشفرين الصغيرين عند اتحادهما؟,ANSWER: فتحة المهبل,لجيم البظر,فتحة المهبل,لجيم البظر,0.837683379650116,0.8164106607437134,0.8269102573394775,Incorrect
591,ما هي الانطباعات التي توجد على العظم الجداري؟,ANSWER: انطباعات الأوعية الدموية والأعصاب,السحائي الأوسط,انطباعات الأوعية الدموية والأعصاب,السحائي الأوسط,0.636275053024292,0.6973737478256226,0.6654248833656311,Incorrect
592,ما هو العصب الحركي للعضلات الماضغة؟,ANSWER: العصب الثلاثي التوائم (Trigeminal nerve),الخامس,العصب الثلاثي التوائم (Trigeminal nerve),الخامس,0.5215921401977539,0.6022319197654724,0.5590188503265381,Correct
593,أين يقع الشق الحجاجي السفلي؟,ANSWER: على الحافة السفلية للجبين.,الجناح البير والفكي العلوي,على الحافة السفلية للجبين.,الجناح البير والفكي العلوي,0.7051719427108765,0.6902720928192139,0.6976425051689148,Incorrect
597,ما هو العضو المتخصص بتشكيل الصوت والتدخل بالدور في الكلام؟,ANSWER: الحنجرة,الحنجرة,الحنجرة,الحنجرة,1.0,1.0,1.0,Correct
601,ما هي حركة الركبة للخلف بمستوى سهمي؟,ANSWER: حركة تمدد الركبة,عطف,حركة تمدد الركبة,عطف,0.6838469505310059,0.703465461730957,0.6935175061225891,Incorrect
603,ما هو العصب القحفي المتواسط بإفراز الغدد الدمعية واللعابية؟,ANSWER: العصب الثلاثي التوائم,السابع,العصب الثلاثي التوائم,السابع,0.6188191771507263,0.6833474040031433,0.6494844555854797,Incorrect
609,أين تتوضع الصفيحة الأفقية للعظم الغربالي؟,ANSWER: على السطح العلوي للعظم الغربالي.,الثلمة الغربالية في العظم الدمعي.,على السطح العلوي للعظم الغربالي.,الثلمة الغربالية في العظم الدمعي.,0.7954148650169373,0.8077272176742554,0.8015238046646118,Incorrect
612,ما هو لون لب الكظر؟,ANSWER: بني أحمر قاتم,بني غامق,بني أحمر قاتم,بني غامق,0.8225612640380859,0.8448090553283691,0.833536684513092,Correct
616,ما هو وجه العظم الجبهي الذي ينتمي للقحف العصبي؟,ANSWER: عظم الجبهة,الداخلى,عظم الجبهة,الداخلى,0.774522066116333,0.7905499935150146,0.7824539542198181,Incorrect
618,ما هو لون لب الكظر؟,ANSWER: بني أحمر قاتم,بني غامق,بني أحمر قاتم,بني غامق,0.8225612640380859,0.8448090553283691,0.833536684513092,Correct
627,ما هي اللفافة التي تحيط بجسم القضيب؟,ANSWER: الغلاف الأنبوبي للقضيب,بوك,الغلاف الأنبوبي للقضيب,بوك,0.6735270023345947,0.7613253593444824,0.7147400379180908,Incorrect
632,ما هي العضلة التي تعد من العضلات الوحشية للساق وقد تعد من العضلات الأمامية للساق؟,ANSWER: عضلة رباطية الساق (Quadriceps),العضلة الشظويةالثالثة,عضلة رباطية الساق (Quadriceps),العضلة الشظويةالثالثة,0.730076789855957,0.7666899561882019,0.7479355931282043,Incorrect
635,ما هو أول ما يتأثر من الخلايا الكبدية في حالة الإصابة بنقص الأكسجة؟,ANSWER: خلايا كبدية كيتونية,الخلايا الكبدية المركزية,خلايا كبدية كيتونية,الخلايا الكبدية المركزية,0.7200589179992676,0.7406919002532959,0.7302297353744507,Incorrect
636,ما هي العضلات الطويلة التي تربط الفقرات مع بعضها؟,ANSWER: عضلات تربطية طويلة (Ligamenta longi),عضلات العمود الفقري,عضلات تربطية طويلة (Ligamenta longi),عضلات العمود الفقري,0.7352433800697327,0.7606711387634277,0.747741162776947,Incorrect
640,ما هي الطية الجلدية التي تغطي رأس القضيب؟,ANSWER: غشاء البكارة,القلفة,غشاء البكارة,القلفة,0.8007833361625671,0.8345203995704651,0.8173038959503174,Incorrect
644,من أين يتفرع الشريان الأكليلي الأيمن والأيسر؟,ANSWER: من الشريان الصدري الرئيسي,الأبهر الصاعد,من الشريان الصدري الرئيسي,الأبهر الصاعد,0.7277841567993164,0.7125437259674072,0.7200833559036255,Incorrect
645,متى ينشأ برزخ الأبهر؟,ANSWER: في الأسبوع الثامن من الحمل.,بعد منشأ الشريان تحت الترقوة الأيسر,في الأسبوع الثامن من الحمل.,بعد منشأ الشريان تحت الترقوة الأيسر,0.7212378978729248,0.7010746002197266,0.7110133171081543,Incorrect
647,ما هو أصغر الفروع الأمامية للأبهر البطني؟,ANSWER: الشريان الكلوي السفلي,المساريقي السفلي,الشريان الكلوي السفلي,المساريقي السفلي,0.8520088195800781,0.8567333221435547,0.8543645143508911,Incorrect
655,ما هي الألياف التي تربط التلافيف والفصوص في نصف كرة مخية واحد؟,ANSWER: الألياف الصاعدة (Tractus pyramidalis),ترابطية,الألياف الصاعدة (Tractus pyramidalis),ترابطية,0.6274465918540955,0.6633325219154358,0.6448907256126404,Incorrect
656,ما هي ميزابة النبض بين أوتار العضلات؟,ANSWER: فجوة بين الأوتار,العضدية الكعبرية قابضة الرسغ الكعبرية,فجوة بين الأوتار,العضدية الكعبرية قابضة الرسغ الكعبرية,0.714698076248169,0.6861494183540344,0.7001329064369202,Incorrect
657,ما هو الوريد السطحي الذي يشكل الابطي؟,ANSWER: الوريد الودجي العلوي,القاعدي,الوريد الودجي العلوي,القاعدي,0.6859473586082458,0.7014304399490356,0.6936025619506836,Incorrect
660,ماذا تفرز الخلايا ألفا في البنكرياس؟,ANSWER: إنزيمات هضمية (أمينو بيبتيداز),الفلوكاغون,إنزيمات هضمية (أمينو بيبتيداز),الفلوكاغون,0.665694534778595,0.670861005783081,0.6682678461074829,Incorrect
664,ما هو اسم أعمق الانخفاضات في الصيوان؟,ANSWER: الودية (فتحة) الصيوان,المحار,الودية (فتحة) الصيوان,المحار,0.7188605666160583,0.757282018661499,0.7375712394714355,Incorrect
665,ما هي وظيفة هرمون الغدة جار الدرقية PTH؟,ANSWER: تنظيم مستويات الكالسيوم والفوسفات.,يرفع كالسيوم الدم,تنظيم مستويات الكالسيوم والفوسفات.,يرفع كالسيوم الدم,0.7354112863540649,0.7319194078445435,0.7336611747741699,Correct
669,ما الذي يمتد من المنخر حتى المنعر؟,ANSWER: الأنبوب الأنفي,جوف الأنف,الأنبوب الأنفي,جوف الأنف,0.8151597380638123,0.8313279151916504,0.8231644034385681,Incorrect
671,ما الذي يقع بين جسم الفقرة والقوس الفقرية؟,ANSWER: القرص الفقري,الثقبة الفقرية,القرص الفقري,الثقبة الفقرية,0.90068519115448,0.8789328336715698,0.889676034450531,Incorrect
676,أين تتوضع الطية المخملة؟,ANSWER: على سطح اللسان.,الوجه السفلي للسان,على سطح اللسان.,الوجه السفلي للسان,0.8008413314819336,0.7499544620513916,0.7745630145072937,Incorrect
680,ما هو الهرمون الذي يفرز PTH؟,ANSWER: هرمون الغدة النخامية,الغدد جارات الدرق.,هرمون الغدة النخامية,الغدد جارات الدرق.,0.7667564153671265,0.7839329242706299,0.7752495408058167,Incorrect
683,ما هو الهرمون الذي يسرع عملية تصنيع الأحماض الدهنية من الغلوكوز في الخلايا الشحمية؟,ANSWER: هرمون الأنسولين,الأنسولين,هرمون الأنسولين,الأنسولين,0.8836566805839539,0.9413249492645264,0.9115796685218812,Correct
688,ما هي العضلات التي تعمل على توازن الرأس على الجذع؟,ANSWER: عضلات الرقبة والظهر العميقة,عضلات العنق.,عضلات الرقبة والظهر العميقة,عضلات العنق.,0.7971189022064209,0.8445698022842407,0.8201586008071899,Correct
693,من أين يخرج العصب الوجهي من الجمجمة؟,ANSWER: من الفتحة القحفية الثالثة الوسطى.,الثقبة الأبرية الخشائية,من الفتحة القحفية الثالثة الوسطى.,الثقبة الأبرية الخشائية,0.7527943253517151,0.7540960907936096,0.7534446716308594,Incorrect
696,ما الذي يتصل به المدورين بالخلف في الفخذ؟,ANSWER: الرباط الصليبي الخلفي للفخذ,العرف بين المدورين,الرباط الصليبي الخلفي للفخذ,العرف بين المدورين,0.7169569730758667,0.7366740703582764,0.7266818284988403,Incorrect
698,أين يدخل الحالبان المثانة؟,ANSWER: عند قاعدة المثانة,الخلفي,عند قاعدة المثانة,الخلفي,0.6890802383422852,0.7162780165672302,0.702415943145752,Correct
700,ما هي الباحة المسؤولة عن حركات العين؟,ANSWER: الباحة البصرية في الدماغ,8,الباحة البصرية في الدماغ,8,0.5664291977882385,0.6401761770248413,0.60104900598526,Incorrect
709,ما هو الشريان الذي ينشأ منه الجذع المشترك للشريان بين العظمين؟,ANSWER: الشريان الفخذي,الزندي,الشريان الفخذي,الزندي,0.7459935545921326,0.7888000011444092,0.766799807548523,Incorrect
710,ما هو وجه عظم الترقوة الذي عليه ميزابة طولانية؟,ANSWER: وجه الأمامي العلوي,الوجه السفلي,وجه الأمامي العلوي,الوجه السفلي,0.842942476272583,0.8300375938415527,0.8364402651786804,Incorrect
713,من أين يفرز الغلوكاغون؟,ANSWER: الغدة النخامية الخلفية,خلايا الفا في المعثكلة,الغدة النخامية الخلفية,خلايا الفا في المعثكلة,0.6886075735092163,0.6835218667984009,0.6860553026199341,Incorrect
715,ما هي الطبقة المبطنة للتامور الليفي؟,ANSWER: الغشاء البلازمي,التامور المصلي الجداري,الغشاء البلازمي,التامور المصلي الجداري,0.7597455382347107,0.759529173374176,0.7596373558044434,Incorrect
718,ما هو معنى التوسع في نهاية الأسهر؟,ANSWER: تمدد القناة الشريانية الرئوية,مجل الأسهر,تمدد القناة الشريانية الرئوية,مجل الأسهر,0.6878060102462769,0.7322328090667725,0.7093244791030884,Incorrect
720,كم عدد فقرات الجزء الصدري من العمود الفقري؟,ANSWER: 12 فقرة,12,12 فقرة,12,0.7192065715789795,0.8104391098022461,0.7621021270751953,Correct
722,من أين ينتج هرمون الأستروجين؟,ANSWER: المبايض و الأنسجة الدهنية,المبيض,المبايض و الأنسجة الدهنية,المبيض,0.7137974500656128,0.7995302677154541,0.7542353868484497,Incorrect
739,ما هي الفروع الانتهائية للسباني الخارجي؟,ANSWER: الأعصاب الوجهية واللعابية السفلية,حنكي وصدغي سطحي,الأعصاب الوجهية واللعابية السفلية,حنكي وصدغي سطحي,0.6649850606918335,0.6719052791595459,0.6684272289276123,Incorrect
743,ما هو مصدر التعصيب الحركي لعضلات الظهر العميقة؟,ANSWER: جذور عصبية القناة العنقية,الشعب الاوليه الظهريه,جذور عصبية القناة العنقية,الشعب الاوليه الظهريه,0.6783068180084229,0.707555890083313,0.692622721195221,Incorrect
748,ما هو الجيب الوريدي الذي يصب في الوريد الوداجي الباطن؟,ANSWER: الجيب تحت اللساني العلوي,الجيب السيني,الجيب تحت اللساني العلوي,الجيب السيني,0.8047894239425659,0.8551748991012573,0.8292174339294434,Incorrect
752,أين يتوضع العظم الكتفي؟,ANSWER: في الجزء العلوي من الذراع.,الاضلاع الثانية حتى السابعة,في الجزء العلوي من الذراع.,الاضلاع الثانية حتى السابعة,0.7141683101654053,0.666611909866333,0.6895711421966553,Incorrect
753,ما هي المنطقة الأعمق في الغدة الكظرية؟,ANSWER: القشرة الكظرية السفلى,اللب,القشرة الكظرية السفلى,اللب,0.6676512956619263,0.7410500049591064,0.702438473701477,Incorrect
756,ما الذي يقع بين النواة العدسية من جهة والنواة والمهاد من الجهة الأخرى؟,ANSWER: الجسم المخطط (الموصل البصري),المحفظة الداخلية.,الجسم المخطط (الموصل البصري),المحفظة الداخلية.,0.7222342491149902,0.7642645835876465,0.7426552176475525,Incorrect
760,ما الذي ينفتح على القرين الأنفي العلوي؟,ANSWER: تجويف الأنف,الجيب الوتدي,تجويف الأنف,الجيب الوتدي,0.7417341470718384,0.753482460975647,0.7475621700286865,Incorrect
761,أين يمكن إجراء الحقن العضلي في القسم العلوي؟,ANSWER: في عضلات الذراع أو الفخذ.,الدالية,في عضلات الذراع أو الفخذ.,الدالية,0.6580207347869873,0.6768099665641785,0.6672831177711487,Incorrect
763,أين تتوضع الاحدوبة الدالية في العضد؟,ANSWER: على الجانب الداخلي للعضد، أسفل ثنيته.,الوحشي,على الجانب الداخلي للعضد، أسفل ثنيته.,الوحشي,0.6402018070220947,0.7158615589141846,0.6759210228919983,Incorrect
768,ما هو أكبر الجيوب جانب الأنف؟,ANSWER: الجيب الأنفي العلوي,الفكي,الجيب الأنفي العلوي,الفكي,0.77708899974823,0.8133435249328613,0.7948030829429626,Correct
775,ما هو العصب المحرك لعضلات اللسان؟,ANSWER: عصب اللسان (عصب وريث),12,عصب اللسان (عصب وريث),12,0.5751234889030457,0.6171775460243225,0.5954088568687439,Incorrect
777,ما الذي يتوضع تحت الخط الضرسي اللامي؟,ANSWER: العصب اللامي والشرايين اللامية,حفرة الغدة تحت الفك السفلي,العصب اللامي والشرايين اللامية,حفرة الغدة تحت الفك السفلي,0.7543028593063354,0.748237133026123,0.7512577176094055,Incorrect
791,ما هي الطبقة المحيطة بالقلب والمرتبطة به؟,ANSWER: النسيج الضام المحيط بالقلب,التامور المصلي الحشوي,النسيج الضام المحيط بالقلب,التامور المصلي الحشوي,0.7681934237480164,0.7629568576812744,0.7655661702156067,Incorrect
793,ما هو الشريان الذي ينشأ منه الشريان الزاوي؟,ANSWER: الشريان السباتي الداخلي,الشريان الوجهي,الشريان السباتي الداخلي,الشريان الوجهي,0.8744657039642334,0.9194347858428956,0.8963866233825684,Incorrect
796,ما هو تشكل الوريد المأبضي؟,ANSWER: عودة الدم إلى القلب من الأطراف.,الوريد الظنبوبي الامامي والوريد الظنبوبي الخلفي,عودة الدم إلى القلب من الأطراف.,الوريد الظنبوبي الامامي والوريد الظنبوبي الخلفي,0.6853375434875488,0.6269420385360718,0.6548404693603516,Incorrect
799,ما هي المنطقة الأعمق في قشر الكظر؟,ANSWER: القشرة الكظرية الداخلية,الشبكية,القشرة الكظرية الداخلية,الشبكية,0.7258514165878296,0.7339404225349426,0.7298734784126282,Incorrect
802,أين يقع التلم الوحشي؟,ANSWER: على جانبي الفم.,فص الجزيرة,على جانبي الفم.,فص الجزيرة,0.6458609700202942,0.6728978753089905,0.6591022610664368,Incorrect
803,أين يصب الوريد الكلوي؟,ANSWER: في الوريد الأجوف السفلي,الأجوف السفلي,في الوريد الأجوف السفلي,الأجوف السفلي,0.8407813310623169,0.880779504776001,0.86031574010849,Correct
808,أين ترتكز العضلة المدورة الصغيرة؟,ANSWER: على الحافة الخلفية للرقبة الفموية.,حديبة العضد الكبرى.,على الحافة الخلفية للرقبة الفموية.,حديبة العضد الكبرى.,0.7082657814025879,0.7411229610443115,0.7243219614028931,Incorrect
811,ما هو الجزء من البلعوم الذي يتبعه الردب الكمثري؟,ANSWER: الحلق الأنفي الخلفي,الحنجري,الحلق الأنفي الخلفي,الحنجري,0.7961925268173218,0.8301368355751038,0.8128104209899902,Incorrect
815,كم عدد الأعصاب القحفية؟,ANSWER: 12 عصباً قحفياً,12 شفعًا,12 عصباً قحفياً,12 شفعًا,0.8086249828338623,0.8390764594078064,0.8235692977905273,Correct
816,أين تتوضع نواة العصب العاشر؟,ANSWER: في الدماغ، في القشرة السمعية.,البصلة,في الدماغ، في القشرة السمعية.,البصلة,0.6789134740829468,0.7159558534622192,0.6969428062438965,Incorrect
817,ما هو العنصر الذي يجاور الرغامي من الخلف؟,ANSWER: الحنجرة,المري,الحنجرة,المري,0.8683534860610962,0.8683534860610962,0.8683534860610962,Incorrect
818,ما هو العصب القحفي الذي يجتاز النفق الصدري؟,ANSWER: العصب الصدري الأرق (T1),2,العصب الصدري الأرق (T1),2,0.5819872617721558,0.6837629079818726,0.6287832856178284,Incorrect
819,ما هو العظم الأضخم في هيكل القدم؟,ANSWER: عظم الكعب,العقب,عظم الكعب,العقب,0.796441912651062,0.8173753023147583,0.8067728877067566,Correct
822,أين يوجد النفير البلعومي السمعي؟,ANSWER: في القوقعة الأذنية.,البلعوم الانفي,في القوقعة الأذنية.,البلعوم الانفي,0.742281436920166,0.7487320303916931,0.745492696762085,Incorrect
826,ما الذي يحد فتحة وينسلو من الأسفل؟,ANSWER: العضلة اللسانية العمودية,الإثني عشر.,العضلة اللسانية العمودية,الإثني عشر.,0.6537010073661804,0.669990062713623,0.6617452502250671,Incorrect
830,ما يُسمى الوجه الأمامي للوح الكتف؟,ANSWER: وجه الفوقية (Anterior facia),الحفرة تحت الكتفية,وجه الفوقية (Anterior facia),الحفرة تحت الكتفية,0.6948350071907043,0.7090474367141724,0.7018692493438721,Incorrect
832,ما هو الشريان الذي يروي القولون الصاعد؟,ANSWER: الشريان المساريقي السفلي,المساريقي العلوي,الشريان المساريقي السفلي,المساريقي العلوي,0.8454126119613647,0.8811895847320557,0.862930417060852,Incorrect
834,ما هي الطية الجلدية التي تغطي رأس القضيب؟,ANSWER: غشاء البكارة,القلفة,غشاء البكارة,القلفة,0.8007833361625671,0.8345203995704651,0.8173038959503174,Incorrect
835,ما يُدعى القسم العلوي المتسع من الحالب؟,ANSWER: الفتحة البصلية (Papilla),الحويضة,الفتحة البصلية (Papilla),الحويضة,0.7160460948944092,0.7759886980056763,0.7448133230209351,Incorrect
839,ما هي المنطقة الفاصلة بين الطيتين الصوتيين؟,ANSWER: الفراغ بين الطيتين الحلقيتين,مشق المزمار,الفراغ بين الطيتين الحلقيتين,مشق المزمار,0.7277766466140747,0.7146230936050415,0.7211399078369141,Incorrect
840,ما هي الطبقة من الكظر التي تتألف من حبال مقوسة من خلايا عمودية متقاربة؟,ANSWER: الطبقة الشبكية (الظهارية),الطبقة الكبيبة,الطبقة الشبكية (الظهارية),الطبقة الكبيبة,0.7818260788917542,0.8532848358154297,0.8159940242767334,Incorrect
841,ما هي الخلايا التي تتوضع في اللحمة بين النبيبات؟,ANSWER: خلايا داعمة (خلايا بينية),لايديغ,خلايا داعمة (خلايا بينية),لايديغ,0.635780930519104,0.661969780921936,0.6486111283302307,Incorrect
860,ما هو السطح الخلفي للفخذ تحت المدور الكبير؟,ANSWER: السطح الخلفي للفخذ,الأحدوبة الأولوية,السطح الخلفي للفخذ,الأحدوبة الأولوية,0.6987704038619995,0.7129015922546387,0.7057652473449707,Incorrect
861,ما الذي يحويه القسم الأمامي للثلم الأمامي الخلفي الأيسر للكبد؟,ANSWER: الشريان الكبدي الحقن,ثلم الرباط المدور,الشريان الكبدي الحقن,ثلم الرباط المدور,0.741549015045166,0.7371199131011963,0.7393277883529663,Incorrect
864,ما هو الشريان الذي يروي معظم الوجه الوحشي للمخ؟,ANSWER: الشريان السباتي الداخلي,المخى الأوسط.,الشريان السباتي الداخلي,المخى الأوسط.,0.7631860971450806,0.7856037616729736,0.7742326855659485,Incorrect
870,ما هي المنطقة الفاصلة بين الطيتين الصوتيين؟,ANSWER: الفراغ بين الطيتين الحلقيتين,مشق المزمار,الفراغ بين الطيتين الحلقيتين,مشق المزمار,0.7277766466140747,0.7146230936050415,0.7211399078369141,Incorrect
872,ما هو العصب القحفي الذي يعبر الثقبة البيضية؟,ANSWER: العصب الوجهي (تروما 7),الفكي السفلي,العصب الوجهي (تروما 7),الفكي السفلي,0.7363461256027222,0.7702071666717529,0.7528961300849915,Incorrect
873,ما هو الهرمون الذي يسبب دفقه الشديد حدوث عملية الإباضة؟,ANSWER: هرمون الإستروجين,LH,هرمون الإستروجين,LH,0.6273217797279358,0.6725692749023438,0.6491580605506897,Incorrect
876,ما هو الهرمون الذي يستهدف الدرق ويحفز إفراز الهرمون الدرقي؟,ANSWER: هرمون الثيروكسين (T4),TSH,هرمون الثيروكسين (T4),TSH,0.6532076001167297,0.7226577401161194,0.6861798763275146,Incorrect
882,ما هي أكبر عقدة مفردة من النسيج اللمفاوي؟,ANSWER: عقدة ليمفاوية تحت الذراعية,الطحال,عقدة ليمفاوية تحت الذراعية,الطحال,0.6807426810264587,0.7515063881874084,0.7143764495849609,Incorrect
884,ما هي العضلة الرئيسية المسؤولة عن قبض المرفق؟,ANSWER: عضلة ثلاثية الرؤوس الكتفية,العضدية,عضلة ثلاثية الرؤوس الكتفية,العضدية,0.6795102953910828,0.7334489226341248,0.7054500579833984,Incorrect
887,ما هي التراكيب التي توجد على حافتي اللسان وتحوي براعم ذوقية كثيرة؟,ANSWER: الوريد والعمود اللساني,الورقية,الوريد والعمود اللساني,الورقية,0.7403793931007385,0.8024871945381165,0.770183265209198,Incorrect
888,ما هي الشعيرات الدموية التي تغلفها محفظة بومان؟,ANSWER: الشعيرات الدموية تحت المخاطية,الكبيبة الكلوية,الشعيرات الدموية تحت المخاطية,الكبيبة الكلوية,0.7281762957572937,0.7788858413696289,0.7526779174804688,Incorrect
891,ما هي الحافة من الفرع التي تشكل زاوية الفك السفلي؟,ANSWER: حافة تمييزية (Alveolar margin),الخلفية,حافة تمييزية (Alveolar margin),الخلفية,0.6398492455482483,0.6908014416694641,0.6643498539924622,Incorrect
904,ما الذي تغلفه العضلة البصلية الإسفنجية؟,ANSWER: الحبل الشوكي,بصلة القضيب,الحبل الشوكي,بصلة القضيب,0.8141709566116333,0.7887552380561829,0.8012616038322449,Incorrect
909,من أين يخرج العصب الشوكي؟,ANSWER: من النخاع الشوكي,الثقبة بين الفقرية,من النخاع الشوكي,الثقبة بين الفقرية,0.7436472773551941,0.7610276937484741,0.75223708152771,Incorrect
911,ما هي الألياف التي تعصب العضلة مصرة الحدقة؟,ANSWER: العصب البصري و العصب المبهم,نظيرة ودية,العصب البصري و العصب المبهم,نظيرة ودية,0.6545020341873169,0.6939705610275269,0.6736587285995483,Incorrect
915,ما هو البطين الذي يحويه الدماغ البيني داخله؟,ANSWER: السائل الدماغي الشوكي,الثالث,السائل الدماغي الشوكي,الثالث,0.5693156123161316,0.6300837397575378,0.5981602668762207,Incorrect
919,ما الذي يشغل الجزء العلوي من قبة القحف؟,ANSWER: المخ (الدماغ),العظم الجداري,المخ (الدماغ),العظم الجداري,0.7646344304084778,0.7783677577972412,0.7714400291442871,Incorrect
920,ما هو العصب الذي يعصب الغدة النكفية؟,ANSWER: العصب الوجهي,تحت اللساني,العصب الوجهي,تحت اللساني,0.7501879930496216,0.7583745718002319,0.7542590498924255,Incorrect
921,من أين يخرج العصب تحت اللساني؟,ANSWER: من جذع الدماغ.,النفق تحت اللساني,من جذع الدماغ.,النفق تحت اللساني,0.7329320907592773,0.7015453577041626,0.7168954014778137,Incorrect
922,ما هي الخلايا البالعة الكبدية؟,ANSWER: خلايا أكولة محببة كبدية,خلايا كوبفر.,خلايا أكولة محببة كبدية,خلايا كوبفر.,0.7327287197113037,0.783384382724762,0.7572103142738342,Incorrect
932,أين يصب الوريد الصافن الكبير (الأنسي)؟,ANSWER: في الوريد تحت الترقوي العلوي.,الوريد الفخذي,في الوريد تحت الترقوي العلوي.,الوريد الفخذي,0.7936928272247314,0.8225008845329285,0.80784010887146,Incorrect
948,ما هو الشريان الذي يستمر به الريان تحت الترقوة؟,ANSWER: شريان تحت الترقوة,الإبطي,شريان تحت الترقوة,الإبطي,0.743463933467865,0.770465612411499,0.756723940372467,Incorrect
950,ما تُدعى الردب بين عنق الرحم والمهبل؟,ANSWER: عنق الرحم,قبو المهبل,عنق الرحم,قبو المهبل,0.829233705997467,0.8343622088432312,0.831790030002594,Incorrect
954,في أي مستوى من الفقرات الصدرية يتم التمفصل بين قبضة وجسم القص؟,ANSWER: الفقرات الصدرية الأولى,الرابعة.,الفقرات الصدرية الأولى,الرابعة.,0.5791339874267578,0.6699124574661255,0.6212244033813477,Incorrect
958,ما هو الرباط الذي يربط الرحم بجدران الحوض الجانبية؟,ANSWER: رباط لاصق (ليجامنتوم) رحمي,العريض,رباط لاصق (ليجامنتوم) رحمي,العريض,0.6518989205360413,0.7558386325836182,0.7000316381454468,Incorrect
959,ما هي العضلة التي تنشأ من الشوكة الحرقفية الأمامية العلوية وترتكز انسي الظنبوب؟,ANSWER: عضلة الفك السفلي (Masseter),الخياطية,عضلة الفك السفلي (Masseter),الخياطية,0.6687055826187134,0.6973282098770142,0.6827170252799988,Incorrect
964,ما هي الطبقة البطانية الرحمية التي تتعرض إلى تغيرات ملحوظة أثناء الدورة الشهرية؟,ANSWER: طبقة البطانة الداخلية,الطبقة الوظيفية.,طبقة البطانة الداخلية,الطبقة الوظيفية.,0.7436924576759338,0.7388115525245667,0.7412439584732056,Incorrect
982,ما هو موقع مستقبلات الضغط المسؤولة عن المنعكس القلبي التثبيطي؟,ANSWER: في الجذع الدماغي، بالقرب من النخاع المستطيل.,الجيب السباتي.,في الجذع الدماغي، بالقرب من النخاع المستطيل.,الجيب السباتي.,0.696733832359314,0.749444842338562,0.722128689289093,Incorrect
985,ما هو أكبر أعضاء الجسم وزناً ومساحة؟,ANSWER: الجلد,الجلد,الجلد,الجلد,0.9999995231628418,0.9999995231628418,0.9999995231628418,Correct
988,ما هي البنية الأكثر علواً في جذر الرئة اليسرى؟,ANSWER: الفص الأسفل,الشريان الرئوي,الفص الأسفل,الشريان الرئوي,0.7421197891235352,0.7294363975524902,0.7357234358787537,Incorrect
994,ما هو المكان الذي يعبر من خلاله الشريان السحاني الأوسط؟,ANSWER: القناة السحائية الوسطى,الثقبة الشوكية,القناة السحائية الوسطى,الثقبة الشوكية,0.781600296497345,0.768334150314331,0.7749105095863342,Incorrect
995,ما هو الجوف الهوائي الذي يحوي عظيمات السمع؟,ANSWER: القوقعة,الأذن الوسطى,القوقعة,الأذن الوسطى,0.7754141092300415,0.7578799724578857,0.7665467858314514,Incorrect
1008,ما هي وظيفة النهايات العصبية الحرة الواردة ضمن ألياف العضلة القلبية؟,ANSWER: تحفيز الانقباض القلبي,الإحساس بالألم.,تحفيز الانقباض القلبي,الإحساس بالألم.,0.7007628679275513,0.7375045418739319,0.7186643481254578,Incorrect
1015,ما هي الخلايا التي تخزن فيتامين A في الكبد؟,ANSWER: خلايا كبدية خزانية لفيتامين أ,خلايا إيتو,خلايا كبدية خزانية لفيتامين أ,خلايا إيتو,0.7363824248313904,0.7952350378036499,0.7646780610084534,Incorrect
1021,من أين يحمل الشريان الرئوي الدم غير المؤكسج؟,ANSWER: من القلب إلى الرئتين,البطين الأيمن,من القلب إلى الرئتين,البطين الأيمن,0.6972874999046326,0.7335114479064941,0.7149409055709839,Incorrect
1022,ما هو العصب القحفي الثاني؟,ANSWER: عصب الوجه (تروما وجهي),البصري - حاسي,عصب الوجه (تروما وجهي),البصري - حاسي,0.7206264138221741,0.7418970465660095,0.7311070561408997,Incorrect
1023,ما هو العظم الذي تنتمي إليه الثلمة الاسكية الصغيرة؟,ANSWER: عظم الفك العلوي,الاسك,عظم الفك العلوي,الاسك,0.7034730911254883,0.7248477935791016,0.7140005230903625,Incorrect
1028,ما هو الغضروف المرتبط مع الحلقة الرغامية الأولى؟,ANSWER: غضروف لارينجوف (Cartilago thyroidea),الحلقي,غضروف لارينجوف (Cartilago thyroidea),الحلقي,0.6062713861465454,0.6776376962661743,0.6399710774421692,Incorrect
1035,ما هو المفصل الذي يتألف من سطحين كل منهما محدب في اتجاه ومقعر في اتجاه آخر؟,ANSWER: مفصل محوري,سرجي saddle,مفصل محوري,سرجي saddle,0.6396058797836304,0.6357399225234985,0.6376670598983765,Incorrect
1039,ما هو أكبر أعصاب الجسم؟,ANSWER: العصب الفقري,الوركي,العصب الفقري,الوركي,0.7726165652275085,0.7994865775108337,0.7858219742774963,Incorrect
1041,كم عدد العضلات بين العظمية الأخمصية؟,ANSWER: 16 عضلة,3,16 عضلة,3,0.6811069250106812,0.7188894748687744,0.6994883418083191,Incorrect
1052,أين ينتهي الأبهر النازل؟,ANSWER: الصمام الأبهري (الصمام الأبهري الأدنى),L4,الصمام الأبهري (الصمام الأبهري الأدنى),L4,0.5506647229194641,0.6630977392196655,0.6016737222671509,Incorrect
1062,ما هي المراكز المسؤولة عن تنسيق الفعالية الحركية وضمان الثباتية؟,ANSWER: النظام الحركي (الحركات الإرادية) والجهاز التوازني.,النوى القاعدية,النظام الحركي (الحركات الإرادية) والجهاز التوازني.,النوى القاعدية,0.7256585955619812,0.7353256940841675,0.7304601669311523,Incorrect
1066,ما هو وجه العظم الجبهي الذي ينتمي للقحف العصبي؟,ANSWER: عظم الجبهة,الداخلي,عظم الجبهة,الداخلي,0.7629334926605225,0.7810577154159546,0.7718892693519592,Incorrect
1070,أين ينفتح الجيب الفكي؟,ANSWER: خلف الفك السفلي,الصماخ المتوسط,خلف الفك السفلي,الصماخ المتوسط,0.6701383590698242,0.6768940687179565,0.6734992861747742,Incorrect
1071,ما هو أكبر أقسام المعثكلة؟,ANSWER: القشرة المخية,الرأس,القشرة المخية,الرأس,0.7634016275405884,0.7927525639533997,0.7778002619743347,Incorrect
1077,ما هي الحدود التشريحية للحجرة الخلفية للعين؟,ANSWER: خلف العضلة المستقيمة العينية,القزحية في الأمام والعدسة في الخلف,خلف العضلة المستقيمة العينية,القزحية في الأمام والعدسة في الخلف,0.7160799503326416,0.7166143655776978,0.7163470983505249,Incorrect
1079,أين ترتكز العضلة الشظوية القصيرة؟,ANSWER: على العظم الشظيّ الأدنى.,قاعدة المشط الخامس,على العظم الشظيّ الأدنى.,قاعدة المشط الخامس,0.7042847275733948,0.7353736758232117,0.7194935083389282,Incorrect
1083,ما هي المنطقة في الحنجرة التي تشمل الطيتين الصوتيتين والمسافة بينهما؟,ANSWER: الحلق الصوتي,المزمار,الحلق الصوتي,المزمار,0.7860863208770752,0.808376669883728,0.7970756888389587,Incorrect
1085,أين تقع الوهدة في البلعوم؟,ANSWER: خلف الحلقات الصوتية السفلية,الفموي,خلف الحلقات الصوتية السفلية,الفموي,0.6938658356666565,0.7338898181915283,0.7133168578147888,Incorrect
1086,ما هي الغدة التي تتوضع تحت الطية اللسانية؟,ANSWER: غدة ليمفاوية تحت اللسان,اللسان,غدة ليمفاوية تحت اللسان,اللسان,0.693949818611145,0.8315296173095703,0.7565357089042664,Incorrect
1102,ما هو العصب الذي ينتقل عبره الحس غير العام (حس الذوق) من الثلث الأمامي للسان؟,ANSWER: العصب اللساني الوجهي,العصب الوجهي.,العصب اللساني الوجهي,العصب الوجهي.,0.8965917825698853,0.918515145778656,0.907421052455902,Incorrect
1106,ماذا يروي المساريقي العلوي؟,ANSWER: يروي الدماغ.,الأمعاء الدقيقة,يروي الدماغ.,الأمعاء الدقيقة,0.7227145433425903,0.6988274455070496,0.7105703353881836,Incorrect
1123,ما هي المنطقة الأعمق من قشر الكظر؟,ANSWER: القشرة تحت الكولية,المنطقة الشبكية,القشرة تحت الكولية,المنطقة الشبكية,0.7706595659255981,0.7557242512702942,0.7631188035011292,Incorrect
1126,ما هي الفقرة التي تحتوي على ثقبة فقرية كبيرة ومثلثية الشكل؟,ANSWER: فقرة الأطراف العلوية (T12),الفقرة الرقبية,فقرة الأطراف العلوية (T12),الفقرة الرقبية,0.7116490602493286,0.7563744783401489,0.733330488204956,Incorrect
1127,ما هو لون قشر الكظر؟,ANSWER: بني محمر,مائل للصفرة,بني محمر,مائل للصفرة,0.7744494080543518,0.7580963969230652,0.7661856412887573,Incorrect
1130,ما هو النسيج الضام الليفي الذي يرتكز حول السطوح المفصلية؟,ANSWER: الغضروف الهلالي,المحفظة المفصلية,الغضروف الهلالي,المحفظة المفصلية,0.8066383600234985,0.8082219362258911,0.807429313659668,Incorrect
1137,كم عدد شدف النخاع الشوكي؟,ANSWER: 31 شفرة (26 عظمية و 5 غضروفية),31,31 شفرة (26 عظمية و 5 غضروفية),31,0.5227257609367371,0.6239192485809326,0.5688572525978088,Incorrect
1151,ما هو التصريف اللمفاوي للثلث الخلفي للسان؟,ANSWER: العقد اللمفاوية تحت الفك السفلي,العقد الرقبيه العميقه,العقد اللمفاوية تحت الفك السفلي,العقد الرقبيه العميقه,0.724989652633667,0.7513687610626221,0.7379435896873474,Incorrect
1153,ما هي الغدة التي تقوم بإفراز الميلاتونين؟,ANSWER: الغدة النخامية الخلفية,الخاليا الصنوبرية.,الغدة النخامية الخلفية,الخاليا الصنوبرية.,0.715396523475647,0.7221419811248779,0.7187533974647522,Incorrect
1156,ما هو الشريان الذي له انطباعات على الوجه الداخلي للعظم الصدغي وهو فرع من أي شريان؟,ANSWER: شريان الفك العلوي,الفكي,شريان الفك العلوي,الفكي,0.747931718826294,0.7920981645584106,0.7693816423416138,Correct
1160,ما هو التصنيف الذي يمكننا من معرفة العضلات التي تشارك في كل مرحلة مفصلية وتطبيق ذلك أثناء الفحص؟,ANSWER: تصنيف فاس (FAS) للعضلات,وظيفي.,تصنيف فاس (FAS) للعضلات,وظيفي.,0.5775532126426697,0.6241145133972168,0.5999317765235901,Incorrect
1162,ما هي الشرايين التي تسير بين الفصوص بإتجاه القشرة على كل جانب من جانبي الهرم الكلوي؟,ANSWER: شرايين الكلية المتعاضدة,الشرايين بين الفصوص,شرايين الكلية المتعاضدة,الشرايين بين الفصوص,0.7092583775520325,0.7295717000961304,0.7192716598510742,Incorrect
1200,ما هو الدواء الأمثل لبدء التخدير لمريض مصاب بنزف حاد؟,ANSWER: فايسلين (فازوبرسين),كيتامين,فايسلين (فازوبرسين),كيتامين,0.7609462738037109,0.7956093549728394,0.7778918743133545,Incorrect
1205,ما هو المخدر الذي يتميز بالمباشرة والصحو السريعين؟,ANSWER: الفنتانيل,الديسفلوران,الفنتانيل,الديسفلوران,0.7262091636657715,0.7041972875595093,0.7150338292121887,Incorrect
1211,ما هو الدواء الأمثل لبدء التخدير لمريض مصاب بنزف رضي حاد؟,ANSWER: فاسوبرين (أسبرين),كيتامين,فاسوبرين (أسبرين),كيتامين,0.7427748441696167,0.7513253688812256,0.7470256686210632,Incorrect
1219,ما هو المرخي العضلي الأمثل لتسهيل تنبيب مريض ذي خطورة عالية للاستنشاق؟,ANSWER: مرخي عضلي قوي مثل الأتروبين أو البنزوديازيبين.,السوكسنيل كولين,مرخي عضلي قوي مثل الأتروبين أو البنزوديازيبين.,السوكسنيل كولين,0.6705083847045898,0.7024127244949341,0.686089813709259,Incorrect
1222,ما هو الترياق المناسب للتسمم بالمورفين؟,ANSWER: نالوكسون (نالوكسون),A. النالوكسون,نالوكسون (نالوكسون),A. النالوكسون,0.7735811471939087,0.7400370836257935,0.756437361240387,Correct
1270,ما الذي يشير إليه بقاء عيني المريض مفتوحتين مع رأرأة خفيفة وحركات غير هادفة بعد إعطائه جرعة من الكيتامين؟,ANSWER: تأثير جانبي للكيتامين,أن الجرعة السابقة مركنة ومخدرة,تأثير جانبي للكيتامين,أن الجرعة السابقة مركنة ومخدرة,0.6448960900306702,0.6400504112243652,0.6424641609191895,Incorrect
1273,ما هو الدواء المنتخب للإرخاء العضلي والتنبيب لمريض يعاني من قصور كلوي ويحتاج لعملية إسعافية؟,ANSWER: سيميتيدين (سيمفاستاتين),اتراكوريوم,سيميتيدين (سيمفاستاتين),اتراكوريوم,0.6955820322036743,0.6989926099777222,0.697283148765564,Incorrect
1275,ما هو المرخي العضلي المفضل استعماله لمريض سيخضع لجراحة إسعافية ويعاني من قصور كلوي؟,ANSWER: مرخي عضلي معتدل التأثير,B. أتراكوريوم,مرخي عضلي معتدل التأثير,B. أتراكوريوم,0.6207622289657593,0.619353175163269,0.6200569272041321,Incorrect
1296,ماذا يفكك الببسين؟,ANSWER: البروتينات,البروتين,البروتينات,البروتين,0.9260917901992798,0.9484411478042604,0.937133252620697,Correct
1309,ما التعبير الصحيح لوصف جزيئات الإيثين في تفاعل تشكيل البولي إيثين؟,ANSWER: تفاعل البلمرة الإضافية,مونوميرات (موحودات),تفاعل البلمرة الإضافية,مونوميرات (موحودات),0.6781713366508484,0.6858620643615723,0.6819949746131897,Incorrect
1351,ماذا يسبب عوز إنزيم البيروفات كيناز؟,ANSWER: ضعف في الأيض العضلي.,فقر دم انحلالي,ضعف في الأيض العضلي.,فقر دم انحلالي,0.6822452545166016,0.6907674074172974,0.686479926109314,Incorrect
1354,ماذا ندعو آلية تفاعل الكلور مع البروبان في ضوء الشمس لإنتاج 1-كلورو بروبان؟,ANSWER: تفاعل الأكسدة الضوئية,استبدال الجذور الحرة,تفاعل الأكسدة الضوئية,استبدال الجذور الحرة,0.7502270340919495,0.7510712742805481,0.7506489753723145,Incorrect
1356,ما هي الاسطوانات المنحنية التي تكون سهلة التمييز لمحتواها الكاسر للضوء؟,ANSWER: العدسات المحورية,شمعية,العدسات المحورية,شمعية,0.7309174537658691,0.7849936485290527,0.7569910883903503,Incorrect
1359,ما هي الحموض الأمينية المشحونة سلبياً؟,ANSWER: الأحماض الأمينية السلبية,اسباريتك,الأحماض الأمينية السلبية,اسباريتك,0.5883806943893433,0.6411657333374023,0.6136401891708374,Incorrect
1362,ما هي أعراض عوز فيتامين البيوتين؟,ANSWER: تقصف الشعر، جفاف الجلد، التهاب الجلد.,من أعراضه التخلف العقلي.,تقصف الشعر، جفاف الجلد، التهاب الجلد.,من أعراضه التخلف العقلي.,0.7444125413894653,0.7285394668579102,0.7363904714584351,Incorrect
1363,ما هي مفرزات الصفراء؟,ANSWER: البيليروبين، الكولسترول، الأحماض الصفراوية,الأملاح الصفراوية.,البيليروبين، الكولسترول، الأحماض الصفراوية,الأملاح الصفراوية.,0.7543644905090332,0.8604938983917236,0.8039417862892151,Incorrect
1366,ما هي خصائص الشجرة الوراثية لخلة متنحية جسدية فيها الأبوين مصابين؟,ANSWER: إصابة الوالدين، تعبير متنحي، طفرة جينية.,كل الأبناء مصابين,إصابة الوالدين، تعبير متنحي، طفرة جينية.,كل الأبناء مصابين,0.7104215621948242,0.7515271306037903,0.7303965091705322,Incorrect
1369,ما هي النواتج المتشكلة عند تفاعل معدن الصوديوم مع الإيثانول؟,ANSWER: هيدروكسيد الصوديوم و غاز الهيدروجين,اوكسيد الصوديوم وهيدروجين,هيدروكسيد الصوديوم و غاز الهيدروجين,اوكسيد الصوديوم وهيدروجين,0.802743673324585,0.8397717475891113,0.8208402991294861,Incorrect
1370,ما هي خصائص أنزيم RNA Polymerase؟,ANSWER: إنزيم نسخ الحمض النووي الريبي (RNA),يشكل الروابط التكافؤية الإستيرية.,إنزيم نسخ الحمض النووي الريبي (RNA),يشكل الروابط التكافؤية الإستيرية.,0.6629266142845154,0.6839556694030762,0.673276960849762,Incorrect
1372,ما هو النكليوتيد في جزيء DNA؟,ANSWER: وحدة بناء الحمض النووي.,يمكن أنيرتبط به أكثر من مجموعة فوسفات واحدة.,وحدة بناء الحمض النووي.,يمكن أنيرتبط به أكثر من مجموعة فوسفات واحدة.,0.6748061180114746,0.6467694044113159,0.6604903936386108,Incorrect
1374,ما هو فيتامين البيوتين؟,ANSWER: فيتامين ب7 (B7),يصنع من قبل الجراثيم المعوية,فيتامين ب7 (B7),يصنع من قبل الجراثيم المعوية,0.621729850769043,0.6421890258789062,0.6317938566207886,Incorrect
1375,ما هي حالة عدم تحمل اللاكتوز؟,ANSWER: عدم تحمل اللاكتوز,من أسبابها الإسهالات الشديدة,عدم تحمل اللاكتوز,من أسبابها الإسهالات الشديدة,0.6846579313278198,0.6580207347869873,0.6710751056671143,Incorrect
1403,ما هو اسم الاستر المتشكل عندما يتفاعل الميتانول مع حمض البوتانوئيك بوجود بضع قطرات من حمض الكبريت المركز؟,ANSWER: أسيتالدهيد (ألدهيد الأسيتيك),بوتانوات الميتيل,أسيتالدهيد (ألدهيد الأسيتيك),بوتانوات الميتيل,0.6806043386459351,0.7034801244735718,0.6918531656265259,Incorrect
1437,ما هو سبب الوفاة لدى مرض التلاسيميا؟,ANSWER: فقر الدم الشديد والتعفن.,تراكم الحديد,فقر الدم الشديد والتعفن.,تراكم الحديد,0.7293303608894348,0.7565504312515259,0.7426910400390625,Incorrect
1454,ما هي الصبغيات التي يوجد فيها الكروماتين المغاير؟,ANSWER: الصبغيات الجنسية (X و Y),1,الصبغيات الجنسية (X و Y),1,0.6094324588775635,0.6744768023490906,0.6403070092201233,Incorrect
1460,ما المركب الذي ينقص منه نتيجة التأخر في فصل البلازما أو المصل من الكريات في الدم؟,ANSWER: البروتينات البلازمية,الغلوكوز.,البروتينات البلازمية,الغلوكوز.,0.7587494254112244,0.7853835821151733,0.7718368768692017,Incorrect
1503,ما هو المركب الذي يستخدم كزمرة ملحقة لجميع الإنزيمات الناقلة الزمرة الأمين؟,ANSWER: مجموعة فعالة (Coenzym),البيرودوكسال فوسفات,مجموعة فعالة (Coenzym),البيرودوكسال فوسفات,0.6537769436836243,0.6074254512786865,0.6297494769096375,Incorrect
1508,ما هو العلاج الثاني لمرض الثلاسيميا بيتا؟,ANSWER: نقل الدم والحديد المحايد,زرع نقي عظام,نقل الدم والحديد المحايد,زرع نقي عظام,0.67767333984375,0.7177005410194397,0.6971128582954407,Incorrect
1554,ما هو الاضطراب الذي يتميز بفرط شديد في بيليروبين المصل غير المرتبط وعوز جزئي في UDPGT؟,ANSWER: مرض اليرقان الميريتيك,كريجلر نجار,مرض اليرقان الميريتيك,كريجلر نجار,0.6687828302383423,0.6635212898254395,0.6661416292190552,Incorrect
1577,ما هو سبب الوفاة لدى مرضى التلاسيميا؟,ANSWER: فشل كلوي أو نزيف حاد.,تراكم الحديد,فشل كلوي أو نزيف حاد.,تراكم الحديد,0.6910764575004578,0.6968108415603638,0.6939318180084229,Incorrect
1581,ماذا يسبب عوز الثيامين الشديد؟,ANSWER: متلازمة بيرو (Wernicke-Korsakoff),البري بري,متلازمة بيرو (Wernicke-Korsakoff),البري بري,0.5941736698150635,0.6604772806167603,0.6255735158920288,Incorrect
1591,كم يبلغ عدد الجينات التي تشفر لجزيئات الرنا الأصغري miRNAs في مجين الإنسان؟,ANSWER: أكثر من 2500 جين,125,أكثر من 2500 جين,125,0.6402440071105957,0.6416636109352112,0.6409530639648438,Incorrect
1600,أين يتم اصطناع الدقائق الكيلوسية؟,ANSWER: في الطحال.,الأمعاء,في الطحال.,الأمعاء,0.7518693804740906,0.7562386393547058,0.754047691822052,Incorrect
1616,ما هو الإنزيم الذي يتم بوساطته ربط شدف أوكازاكي؟,ANSWER: إنزيم ليجاز (Ligase),أنزيم الليغاز,إنزيم ليجاز (Ligase),أنزيم الليغاز,0.7384306788444519,0.7537606954574585,0.7460169792175293,Correct
1617,ما هو أكثر الأنزيمات فعالية تحفيزية في جسم الإنسان؟,ANSWER: إنزيمات التمثيل الغذائي (الأنزيمات الأيضية),كاربونيك انهيدراز.,إنزيمات التمثيل الغذائي (الأنزيمات الأيضية),كاربونيك انهيدراز.,0.6446383595466614,0.6829172372817993,0.6632259488105774,Incorrect
1619,ما هو الشكل الفعال لفيتامين B6؟,ANSWER: البيريدوكسين (Pyridoxine),البيريدوكسال فوسفات,البيريدوكسين (Pyridoxine),البيريدوكسال فوسفات,0.7528858780860901,0.7761858701705933,0.7643583416938782,Incorrect
1669,ما هو الموقع الطبيعي للجين الورمي ABL؟,ANSWER: الكروموسوم 9 رقم 22q11.2,9q34,الكروموسوم 9 رقم 22q11.2,9q34,0.6416122913360596,0.7338411808013916,0.6846346259117126,Incorrect
1694,كم عدد طبقات الفوسفولبيد في المذيلة؟,ANSWER: ثلاث طبقات,3,ثلاث طبقات,3,0.7224172353744507,0.7424856424331665,0.7323139309883118,Correct
1695,ما هو التركيب الذي يدخل فيه الكولاجين 4؟,ANSWER: ألياف الأنسجة الضامة,الغشاء القاعدي .,ألياف الأنسجة الضامة,الغشاء القاعدي .,0.7395844459533691,0.7684468030929565,0.7537394165992737,Incorrect
1696,ما الذي تؤدي إليه استلة الهيستونات؟,ANSWER: انكشاف الحمض النووي DNA,تفعيل الانتساخ.,انكشاف الحمض النووي DNA,تفعيل الانتساخ.,0.7013938426971436,0.7523077726364136,0.7259592413902283,Incorrect
1707,ما هي الخصائص التي تتميز بها شجرة النسب الحاوية على حالة وراثة متعلقة بالمتقدرات والأم فقط فيها مصابة؟,ANSWER: وراثة متنحية ذات ارتباط أمومي,كل الأولاد مصابون.,وراثة متنحية ذات ارتباط أمومي,كل الأولاد مصابون.,0.6727428436279297,0.6867040395736694,0.6796517372131348,Incorrect
1715,ما هو الحمض الأميني الذي تتم أستلة الهستونات له؟,ANSWER: حمض الليسين (Lysine),اللوسين,حمض الليسين (Lysine),اللوسين,0.7156137824058533,0.7964164614677429,0.7538561224937439,Incorrect
1740,ما هي المكونات التي تتألف منها الفوسفولبيدات بالإضافة إلى حمضين دسمين والفوسفات؟,ANSWER: سكريات فوسفورية,الغليسرول .,سكريات فوسفورية,الغليسرول .,0.6815953254699707,0.6989097595214844,0.6901439428329468,Incorrect
1741,ما هي الوظيفة الوحيدة لسيغما في إنزيم بوليمراز RNA البكتيري؟,ANSWER: تثبيت النيوكليوتيدات على السلسلة النامية.,التعرف على المحضض.,تثبيت النيوكليوتيدات على السلسلة النامية.,التعرف على المحضض.,0.7246204018592834,0.750693678855896,0.7374266386032104,Incorrect
1746,ما هي الأجزاء التي تتبادل بينها الإشارات الجزيئية التي يعتمد عليها ضبط النظام الخلوي الجذعي؟,ANSWER: الإشارات الهرمونية و النمو العامل (Growth Factors),الخلايا الجذعية وذريتها والنسج المحيطة .,الإشارات الهرمونية و النمو العامل (Growth Factors),الخلايا الجذعية وذريتها والنسج المحيطة .,0.7245178818702698,0.7550017237663269,0.7394458055496216,Incorrect
1755,ما تدعى البروتينات المشكلة لمعقدات الثقوب النووية؟,ANSWER: عوامل النسخ (Transcription factors),النكليوبورين .,عوامل النسخ (Transcription factors),النكليوبورين .,0.6197603940963745,0.6309551000595093,0.6253076195716858,Incorrect
1756,كيف تتم إزالة المتقدرات الحاوية على طفرات بالية؟,ANSWER: عن طريق استئصال الجين المعطوب.,الجيني الاختناق.,عن طريق استئصال الجين المعطوب.,الجيني الاختناق.,0.7489073276519775,0.7698899507522583,0.7592536807060242,Incorrect
1760,ما هو عامل الإطلاق في حقيقيات النوى؟,ANSWER: إنزيمات الهضمية والإنزيمات الإنزيمية.,RF2,إنزيمات الهضمية والإنزيمات الإنزيمية.,RF2,0.5936242341995239,0.6522570848464966,0.6215609908103943,Incorrect
1818,ما هي الروابط التي تربط سلسلتي عديدي النكليوتيد مع بعضهما البعض؟,ANSWER: روابط الهيدروجينية,هيدروجينية.,روابط الهيدروجينية,هيدروجينية.,0.7037696242332458,0.7248167395591736,0.7141381502151489,Correct
1823,ما هي خصائص الشجرة الوراثية لخلة متنحية فيها الأبوين مصابين؟,ANSWER: نمط وراثي متنحي كامل,كل الأبناء مصابين.,نمط وراثي متنحي كامل,كل الأبناء مصابين.,0.6457118391990662,0.6719372272491455,0.658563494682312,Incorrect
1851,ما هو أكبر مستوى من المستويات التراتبية للحياة؟,ANSWER: المملكة (Kingdom),المنظومة البيئية .,المملكة (Kingdom),المنظومة البيئية .,0.7035885453224182,0.6588295698165894,0.680473804473877,Incorrect
1861,ما هو الحمض الأميني الذي تبدأ به جميع عديدات الببتيد في بدائيات النوى؟,ANSWER: ميثيونين (Met),المعدل الميثيونين.,ميثيونين (Met),المعدل الميثيونين.,0.6956725120544434,0.6956486701965332,0.6956605911254883,Incorrect
1862,ما الذي يدل عليه تقدير نسبة تنوع النمط الظاهري لخلة ما بسبب الاختلافات الجينية؟,تنوع جيني,قابلية الانتقال بالوراثة.,تنوع جيني,قابلية الانتقال بالوراثة.,0.7120513916015625,0.6921358108520508,0.7019523978233337,Incorrect
1866,ما هي الآلية التي تضمن للخلية الجذعية استمرارها إلى ما لا نهاية؟,انقسام الخلايا الجذعية المتناسخ.,التجديد الذاتي,انقسام الخلايا الجذعية المتناسخ.,التجديد الذاتي,0.7121585607528687,0.7170999646186829,0.7146207094192505,Correct
1868,ما هو الحمض الأميني الذي نتج عن ترجمة أول جزيء رنا مرسال صنعي؟,ANSWER: الفينيل ألانين (Phenylalanine),الهستيدين,الفينيل ألانين (Phenylalanine),الهستيدين,0.6254448294639587,0.6971228122711182,0.6593414545059204,Incorrect
1869,ما هي الإنزيمات التي تقوم القلنسوة بحماية سلسلة الرنا من التدرك بها؟,ANSWER: إنزيمات التكرار المتداخل (RNAse),الليغاز,إنزيمات التكرار المتداخل (RNAse),الليغاز,0.6631456613540649,0.7010989189147949,0.6815943717956543,Incorrect
1871,ما هو مقدار المادة الوراثية التي يتشاركها أقرباء من الدرجة الثانية مع المستلفت؟,ANSWER: 25%,سدس مادتهم الوراثية,25%,سدس مادتهم الوراثية,0.6048535108566284,0.5742349624633789,0.5891466736793518,Incorrect
1881,أين يلتحم الغشاءان النوويان؟,ANSWER: عند الخط الوسطي.,معدات الثقوب النووية .,عند الخط الوسطي.,معدات الثقوب النووية .,0.7697197198867798,0.7333123683929443,0.7510751485824585,Incorrect
1903,ما هي النتائج المتوقعة في حال إصابة أب بصفة تخضع لوراثة متنحية مرتبطة بالصبغي X؟,ANSWER: تأثيرات خفيفة على الذكور، وتأثيرات شديدة على الإناث.,ينقل الصفة فقط لبناته,تأثيرات خفيفة على الذكور، وتأثيرات شديدة على الإناث.,ينقل الصفة فقط لبناته,0.6653199195861816,0.6755662560462952,0.6704039573669434,Incorrect
1923,ما هي النظرية التي تفسر ظهور المتقدرات والصانعات بإدخال جراثيم داخل الخلايا تقوم بالفسفرة والتركيب الضوئي؟,ANSWER: نظرية التطور الخلوي,فرضية التعايش الداخلي,نظرية التطور الخلوي,فرضية التعايش الداخلي,0.8745889663696289,0.8340045213699341,0.8538147211074829,Incorrect
1933,ماذا يسبب وجود الألائل السائد في الأنماط الجينية المختلفة التالية RRYY و RrYy و RRYy و RrYY؟,ANSWER: تأثير الهيمنة السائدة,نمط ظاهري جديد,تأثير الهيمنة السائدة,نمط ظاهري جديد,0.7045110464096069,0.7146445512771606,0.7095416784286499,Incorrect
1950,ما هو المكان الذي توجد فيه أكبر نسبة للبروتينات في أغشية خلايا الجسم؟,ANSWER: الغشاء الخلوي,الغشاء الخلوي للصانعات الخضراء .,الغشاء الخلوي,الغشاء الخلوي للصانعات الخضراء .,0.8978601694107056,0.7843952178955078,0.8373011946678162,Incorrect
1951,ما هو المسؤول عن إزالة مشراع الرنا قرب انتهاء تنسخ الدنا واستبدالها بنكليوتيدات الدنا؟,ANSWER: إنزيم بوليميراز الرنا المرتبط بالرنا (RNA-polimerase II),بوليميراز الدنا من النمط الأول,إنزيم بوليميراز الرنا المرتبط بالرنا (RNA-polimerase II),بوليميراز الدنا من النمط الأول,0.6770044565200806,0.7448508739471436,0.709308922290802,Incorrect
1953,ما الذي ترتبط به الصبيغيات الشقيقة على أنيبيبات مغزل الانقسام؟,ANSWER: توزيع عشوائي,الجسيم الحركي .,توزيع عشوائي,الجسيم الحركي .,0.6901664733886719,0.7035348415374756,0.6967865228652954,Incorrect
1985,ما المميز بشجرة النسب الحاوية على حالة وراثة متعلقة بالمتقدرات والتي تكون فيها الأم فقط مصابة؟,ANSWER: وراثة مرتبطة بالكروموسوم X,الاولاد كلهم مصابون.,وراثة مرتبطة بالكروموسوم X,الاولاد كلهم مصابون.,0.648926854133606,0.6902234554290771,0.668938398361206,Incorrect
1989,ما هو الاختلاف بين الانترونات والاكسونات؟,ANSWER: الانترونات خالية من تسلسل كودين، بينما الاكسونات تحتوي على تسلسل كودين.,لا تترجم إلى بروتين.,الانترونات خالية من تسلسل كودين، بينما الاكسونات تحتوي على تسلسل كودين.,لا تترجم إلى بروتين.,0.6674401164054871,0.7129833698272705,0.6894604563713074,Correct
1991,ما الذي تمثله الخطوط الأفقية التي ترسم أعلى الدوائر والمربعات في شجرة النسب؟,ANSWER: حدود الأجيال,التواءم,حدود الأجيال,التواءم,0.7702168226242065,0.7890964150428772,0.7795422673225403,Incorrect
1998,علام تحتوي الخلايا التي يعبر عنها مصطلح الهيولي المتغايرة؟,ANSWER: نواة غير موجودة، سيتوبلازم متغير.,متقدرات سليمة وطافرة,نواة غير موجودة، سيتوبلازم متغير.,متقدرات سليمة وطافرة,0.7074251174926758,0.7067265510559082,0.7070756554603577,Incorrect
2001,ما هي الطرق التي يمكن من خلالها تمييز الصبغيات بعضها عن بعض؟,ANSWER: التلوين والتشكل والموقع.,النمط الجيني,التلوين والتشكل والموقع.,النمط الجيني,0.6794764399528503,0.6981868743896484,0.6887045502662659,Incorrect
2006,ما هو التعبير الذي يُستخدم للطاقة الكامنة المختزنة في مدروج للشحنات الكهربائية؟,ANSWER: الطاقة الكهربائية المخزنة,بالكمون الكهربائي.,الطاقة الكهربائية المخزنة,بالكمون الكهربائي.,0.7850414514541626,0.7706222534179688,0.7777650356292725,Incorrect
2010,ما الذي تتشكل منه الأرجل الصفائحية؟,ANSWER: عظام الساق والأوتار والأربطة.,الأكتين.,عظام الساق والأوتار والأربطة.,الأكتين.,0.7252800464630127,0.7801522016525269,0.7517160773277283,Incorrect
2022,ما هي الرابطة في البنية الثانوية للحمض النووي؟,ANSWER: رابطة هيدروجينية,هيدروجينية,رابطة هيدروجينية,هيدروجينية,0.8697915077209473,0.920721173286438,0.8945319652557373,Correct
2025,ما نوع الجينات التي تعد جينات الرنا الريباسي منها؟,ANSWER: جينات الرنا الريباسي (rRNA),الخدمية.,جينات الرنا الريباسي (rRNA),الخدمية.,0.6355425119400024,0.7133356332778931,0.6721958518028259,Incorrect
2039,ما هو عدد الصبغيات المأشوبة إذا حدث تأشيب في 80 انقسام؟,ANSWER: 40 صبغية مأشوبة,320,40 صبغية مأشوبة,320,0.61113440990448,0.6693262457847595,0.6389080286026001,Incorrect
2045,ما هي العملية التي يتم بها تكوين متعضية تشبه الأبوين من بيضة مخصبة؟,ANSWER: الانقسام المنصفي (Meiosis),التنامي الجنيني,الانقسام المنصفي (Meiosis),التنامي الجنيني,0.6910905241966248,0.7280241250991821,0.7090767025947571,Incorrect
2055,على من يظهر الاحلال الوراثي في الوراثة الجنسية المناحية؟,ANSWER: على النمط الجيني السائد,على الذكور والإناث من الأبناء,على النمط الجيني السائد,على الذكور والإناث من الأبناء,0.6820257902145386,0.6687328219413757,0.6753139495849609,Incorrect
2058,ما هو المجهر الذي يدرس السطح الطبوغرافي؟,ANSWER: المجهر الإلكتروني النافذ (SEM),مجهر القوة الذرية .,المجهر الإلكتروني النافذ (SEM),مجهر القوة الذرية .,0.7033880949020386,0.7662050724029541,0.7334540486335754,Incorrect
2068,ما هي البنى السيتوبلازمية المغلفة بغشاء واحد على الأقل؟,ANSWER: العضيات الخلوية,العضبيات,العضيات الخلوية,العضبيات,0.8009194135665894,0.8157925009727478,0.8082875609397888,Correct
2078,ما هي خصائص شجرة النسب الحاوية على حالة وراثة متعلقة بالمتقدرات والوالدين فيها مصابين؟,ANSWER: وراثة متنحية ذات ارتباط جيني ثنائي,الأولاد كلهم مصابون.,وراثة متنحية ذات ارتباط جيني ثنائي,الأولاد كلهم مصابون.,0.6744518876075745,0.6990353465080261,0.6865236163139343,Incorrect
2088,ما الذي تختلف به الأحماض الأمينية عن بعضها؟,ANSWER: في التركيب الكيميائي والوظيفة الحيوية.,المجموعة الكربوكسيلية,في التركيب الكيميائي والوظيفة الحيوية.,المجموعة الكربوكسيلية,0.6681182980537415,0.6748136281967163,0.6714492440223694,Incorrect
2090,ما الذي يشير إليه المربع الصغير المملوء في شجرة الوراثة؟,ANSWER: جين سائد (Dominant),طفل مصاب,جين سائد (Dominant),طفل مصاب,0.6771568655967712,0.7028207182884216,0.6897501349449158,Incorrect
2103,ما هو سبب حدوث التلاسيميا بيتا؟,ANSWER: نقص إنزيم البيتا-غلوبين.,خلة جسدية متنحية.,نقص إنزيم البيتا-غلوبين.,خلة جسدية متنحية.,0.665867030620575,0.7244105935096741,0.6939061880111694,Incorrect
2105,ماذا يؤدي وجود التربتوفان في مشغل التيربتوفان؟,ANSWER: تحفيز إنتاج السيروتونين,تثبيط انتساخ الجينات,تحفيز إنتاج السيروتونين,تثبيط انتساخ الجينات,0.7892845869064331,0.7894024848937988,0.789343535900116,Incorrect
2115,ما الذي تساعد عليه حلقة الأكتين المتقلصة؟,ANSWER: في تكوين الشكل النهائي للعضو.,انقسام النواة,في تكوين الشكل النهائي للعضو.,انقسام النواة,0.7080754041671753,0.7177638411521912,0.7128867506980896,Incorrect
2121,ما الذي يدل عليه المعين في شجرة النسب؟,ANSWER: يدل على العلاقات الوراثية.,الفرد مات في مرحلة مبكرة,يدل على العلاقات الوراثية.,الفرد مات في مرحلة مبكرة,0.7115719318389893,0.7017202973365784,0.7066118121147156,Incorrect
2123,كم عدد الجينات المسؤولة عن الاصطناع الحيوي للحمض الأميني التربتوفان في جينوم بكتيريا E.Coli؟,ANSWER: جين واحد,6,جين واحد,6,0.6538949012756348,0.6797540187835693,0.6665737628936768,Incorrect
2125,ما هي وظيفة حويصلات كوب ٢؟,ANSWER: تخزين وإفراز الهرمونات,النقل التقدمى من الشبكة البلازمية الى مدخل غولجي فقط .,تخزين وإفراز الهرمونات,النقل التقدمى من الشبكة البلازمية الى مدخل غولجي فقط .,0.6772226095199585,0.6808244585990906,0.6790187954902649,Incorrect
2138,ما هو معدل الحاملين في مجتمع إذا كان انتشار مرض التالاسيميا معروفاً في ذلك المجتمع؟,ANSWER: معدل الحاملين المرتفع,50M,معدل الحاملين المرتفع,50M,0.606930136680603,0.6940451860427856,0.6475709676742554,Incorrect
2139,أين تجري عملية التمثيل الضوئي؟,ANSWER: في الخلايا النباتية.,الصائعات الخضراء,في الخلايا النباتية.,الصائعات الخضراء,0.7566452026367188,0.728426456451416,0.7422677278518677,Incorrect
2154,ماذا يحدث عند انخفاض نسبة الكوليسترول في الغشاء الخلوي؟,ANSWER: ضعف التواصل الخلوي,تزداد مرونة الغشاء.,ضعف التواصل الخلوي,تزداد مرونة الغشاء.,0.7633419632911682,0.7336196899414062,0.7481857538223267,Incorrect
2166,أين يتحد الغشاءان النوويان الداخلي والخارجي؟,ANSWER: عند الخط الوسطي للخلية,معقدات الثقوب النووية,عند الخط الوسطي للخلية,معقدات الثقوب النووية,0.7345094680786133,0.7231130599975586,0.7287667393684387,Incorrect
2167,كم عدد القواعد الآزوتية اللازمة لإنتاج بروتين الأنسولين المكوّن من 51 حمض أميني إنتاجاً كاملاً؟,ANSWER: 20 قاعدة آزوتية,153,20 قاعدة آزوتية,153,0.5670106410980225,0.5734100341796875,0.5701923966407776,Incorrect
2170,ما هي الترسبات الصباغية التي تحوي بروتين الفيرتين؟,ANSWER: صبغة الميلانين,حبيبات هيمرسيدرين,صبغة الميلانين,حبيبات هيمرسيدرين,0.7440876960754395,0.7414258122444153,0.7427543997764587,Incorrect
2179,ما هو أول عنصر من عناصر الدراسة العلمية المنهجية؟,ANSWER: السؤال البحثي,الاختبار والنتائج .,السؤال البحثي,الاختبار والنتائج .,0.7298635244369507,0.7120034694671631,0.7208228707313538,Incorrect
2181,ماذا تشير النجمة بعد رمز الجين؟,ANSWER: تفاعل البوليمورفيزم (متغير),لترميز الجينات,تفاعل البوليمورفيزم (متغير),لترميز الجينات,0.7035486698150635,0.7161186933517456,0.7097780108451843,Incorrect
2191,ما يُعرف بامتصاص بعض المواد الضوء بطول موجة ومن ثم إصداره بطول موجة أطول؟,ANSWER: تأثير الانبعاث التلقائي,التألق,تأثير الانبعاث التلقائي,التألق,0.7366309762001038,0.746463418006897,0.7415145635604858,Incorrect
2200,ما يُدعى نوع وترتيب الأحماض الأمينية في البروتين؟,ANSWER: تسلسل الأحماض الأمينية,البنية الأولية,تسلسل الأحماض الأمينية,البنية الأولية,0.7069440484046936,0.7510419487953186,0.728326141834259,Correct
2202,ماذا ينتج عند حدوث خلل في تنظيم السبيل الإشاري WNT؟,ANSWER: تشوهات تنموية,سرطان أمعاء,تشوهات تنموية,سرطان أمعاء,0.7136399745941162,0.7558070421218872,0.7341184616088867,Incorrect
2204,ما هي الشعبة التي ينتمي إليها الإنسان؟,ANSWER: شعبة الثدييات,الثدييات .,شعبة الثدييات,الثدييات .,0.7660635113716125,0.8105190396308899,0.7876644730567932,Correct
2216,ما هي نتيجة التطور التي تؤدي إلى التكيف؟,ANSWER: الانتقاء الطبيعي,الاصطفاء الطبيعي .,الانتقاء الطبيعي,الاصطفاء الطبيعي .,0.835528552532196,0.8160932660102844,0.8256965279579163,Correct
2218,أين تكثر جزر CpG؟,في الحمض النووي المناعي (DNA) في المناطق الغنية بالثنائيات القاعدية سيوان (CpG).,المحضضات.,في الحمض النووي المناعي (DNA) في المناطق الغنية بالثنائيات القاعدية سيوان (CpG).,المحضضات.,0.5994726419448853,0.6896473169326782,0.6414061188697815,Incorrect
2222,ما هو الأساس الأزوتي المتمم للتايمين في الرنا؟,ANSWER: النيوكليوتيد الأدينين (A),اليوراسيل,النيوكليوتيد الأدينين (A),اليوراسيل,0.7350939512252808,0.754580557346344,0.7447097897529602,Incorrect
2224,ما هو الموقع الذي يبدأ فيه انتساخ الجينات المرمزة للبروتينات بارتباط انزيم الرنا بوليميراز؟,ANSWER: بداية السلسلة (البداية),المطلق القريب .,بداية السلسلة (البداية),المطلق القريب .,0.7025949954986572,0.7166582345962524,0.7095569372177124,Incorrect
2228,أين تقع الجينات المسؤولة عن الزمر الدموية عند البشر؟,ANSWER: الكروموسوم 1 (المجموعة أ),الصيغي 9,الكروموسوم 1 (المجموعة أ),الصيغي 9,0.697157084941864,0.7177772521972656,0.7073169350624084,Incorrect
2232,ما هو الدور الرئيسي في تعرف جسيم التضفير مواقع التضفير؟,ANSWER: التعرف على تسلسل النيوكليوتيدات,snRNPs.,التعرف على تسلسل النيوكليوتيدات,snRNPs.,0.6418215036392212,0.6818286180496216,0.6612204313278198,Incorrect
2236,ما هي الصبغيات التي يحدث بينها إزفاء متبادل في حالة ابيضاض الدم النقوي المزمن CML؟,ANSWER: الصبغيات 9 و 22q11.2,9 و 11,الصبغيات 9 و 22q11.2,9 و 11,0.6458132266998291,0.7807281613349915,0.7068909406661987,Incorrect
2249,ما هو عدد الأنماط الظاهرية المختلفة في الجيل الثاني في حال التفارز المستقل بين المورثتين A و B؟,ANSWER: 4 أنماط ظاهرية,8,4 أنماط ظاهرية,8,0.6215778589248657,0.6994809508323669,0.6582324504852295,Incorrect
2250,ما هو عدد الأنماط الجينية في أعراس فرد متغاير الأليلات AB/ab إذا كان الارتباط بين المورثتين A و B كاملاً؟,ANSWER: نمط جيني واحد (AA أو aa),2,نمط جيني واحد (AA أو aa),2,0.5901956558227539,0.673462986946106,0.629085898399353,Incorrect
2273,ما نوع الوراثة التي يكون فيها والدا الطفل المصاب حاملين متغايري الألائل عديمين الأمراض؟,ANSWER: وراثة سائدة مقيدة,الجسدية المتنحية,وراثة سائدة مقيدة,الجسدية المتنحية,0.7267029881477356,0.7273083925247192,0.7270054817199707,Incorrect
2274,ما هو نمط هذا المرض إذا عانى فرد متخالف الألائل من أعراض مرض وكان موضع الجين على الصبغي 5؟,ANSWER: نمط وراثي متنحي,صبغي جسدي سائد,نمط وراثي متنحي,صبغي جسدي سائد,0.6936842203140259,0.7093812227249146,0.7014449238777161,Incorrect
2281,ما هو خطر إصابة الطفل بالورم التليفي العصبي في الحمل التالي لأم مصابة أنجبت ذكرًا مصابًا بالمرض علمًا أن زوجها سليم؟,ANSWER: خطر متزايد مع كل حمل.,0.5,خطر متزايد مع كل حمل.,0.5,0.6385716795921326,0.6680405139923096,0.6529737710952759,Incorrect
2282,ما هو الاحتمال الأول لطراز انتقال هذا المرض الوراثي عندما ينجب أبوان سليمان طفلين (ذكر وأنثى) مصابين بمرض استقلابي بدأت تظاهراته مبكراً؟,ANSWER: احتمال 25%,صبغي جسدي سائد,احتمال 25%,صبغي جسدي سائد,0.6754137277603149,0.6548839807510376,0.6649904251098633,Incorrect
2285,ما هو القانون الذي ينص على أن زاوية الورود تساوي زاوية الانعكاس؟,ANSWER: قانون الانعكاس الزاوي,للانعكاس,قانون الانعكاس الزاوي,للانعكاس,0.7568860054016113,0.8131479024887085,0.7840089201927185,Correct
2289,ما هي الصيغة التي تعطينا التفاصيل الأقل والنسبة الأبسط للذرات الموجودة في الجزيء؟,ANSWER: الصيغة الجزيئية البسيطة,الصيغة التجريبية,الصيغة الجزيئية البسيطة,الصيغة التجريبية,0.863312840461731,0.8986541628837585,0.8806290626525879,Incorrect
2290,ما هو الذي يعطي لأشعة جاما مصدرا آخر للأشعة السينية التي يمكن أن تكون مفيدة وطاقتها قريبة من طاقة أشعة جاما الأصلية بحيث يمكن عدهما أشعة واحدة؟,ANSWER: أشعة إكس الناعمة (Soft X-rays),التحول الداخلي,أشعة إكس الناعمة (Soft X-rays),التحول الداخلي,0.6521368026733398,0.7225730419158936,0.6855504512786865,Incorrect
2295,ما هو التواتر المناسب للأمواج التي يمكن استخدامها للكشف عن المواد غير المرئية بالنسبة للتواتر 500GHz؟,ANSWER: الأشعة تحت الحمراء (IR),الأعلى,الأشعة تحت الحمراء (IR),الأعلى,0.6396729350090027,0.7267432808876038,0.6804339289665222,Incorrect
2296,ما هو المجال الذي تكون فيه الأمواج تحت الصوتية أصغر منه؟,ANSWER: المجال فوق الصوتي,20 Hz,المجال فوق الصوتي,20 Hz,0.697577714920044,0.7316321134567261,0.7141991853713989,Incorrect
2299,ما هو المقدار الذي يتزايد لدى انتثار فوتون عن الكترون بمفعول كومتون؟,ANSWER: تشتت كومتون,طوله الموجي,تشتت كومتون,طوله الموجي,0.6739261746406555,0.6819137334823608,0.6778963804244995,Incorrect
2305,ما الذي يعبر عن شدة الموجة الصوتية؟,ANSWER: مستوى الضغط الصوتي,بالواط على المتر المربع .,مستوى الضغط الصوتي,بالواط على المتر المربع .,0.7049585580825806,0.6945617198944092,0.6997215151786804,Incorrect
2306,ما هي خصائص الأشعة السينية؟,ANSWER: تفاعل مع الأنسجة المختلفة بدرجات متفاوتة.,اشعاعات كهرطيسية وبأطوال موجية أقصر بكثير منها في حالة الضوء المرئي.,تفاعل مع الأنسجة المختلفة بدرجات متفاوتة.,اشعاعات كهرطيسية وبأطوال موجية أقصر بكثير منها في حالة الضوء المرئي.,0.7084758281707764,0.6792782545089722,0.6935698986053467,Incorrect
2309,ما هي القوة التي تحدث تشوهاً في الجسم وتكون مطبقة على وحدة السطح؟,ANSWER: الضغط,الاجهاد,الضغط,الاجهاد,0.7531768083572388,0.6805137395858765,0.7150039672851562,Incorrect
2311,ماذا تعتبر درجة حرارة النواة والغلاف في جسم الإنسان؟,ANSWER: متغيرة ومتناسقة.,ثابتة - متغيرة,متغيرة ومتناسقة.,ثابتة - متغيرة,0.8049460053443909,0.8429030776023865,0.823487401008606,Incorrect
2312,ما هو ثابت التناسب بين تدرج السرعة؟,ANSWER: قانون نيوتن الثاني للحركة,معامل لزوجه المائع,قانون نيوتن الثاني للحركة,معامل لزوجه المائع,0.6966850757598877,0.7057721614837646,0.7011991739273071,Incorrect
2319,ما هو الناتج عندما تتفاعل الألدهيدات مع NaBH5؟,ANSWER: تفاعل تخمر إلى الكحولات,أغوال أولية,تفاعل تخمر إلى الكحولات,أغوال أولية,0.6980747580528259,0.7198362350463867,0.7087885141372681,Incorrect
2320,ما هي الطريقة التي يجري بها التبادل الحراري بين الجسم والوسط المحيط؟,ANSWER: التوصيل والانتقال والإشعاع,الأوعية الدموية,التوصيل والانتقال والإشعاع,الأوعية الدموية,0.6804961562156677,0.70953369140625,0.6947115659713745,Incorrect
2322,ما هو المعيار الذي يستخدمه العلماء لحساب الكتل الذرية النسبية؟,ANSWER: وحدة الكتلة الذرية (u),نظير الكربون 12,وحدة الكتلة الذرية (u),نظير الكربون 12,0.7008751630783081,0.6929600238800049,0.6968951225280762,Incorrect
2324,ما هي الوحدة التي يقاس بها الضغط في إطار السيارة في الولايات المتحدة؟,ANSWER: رطل لكل بوصة مربعة (psi),الباوند لكل موجه مربعه,رطل لكل بوصة مربعة (psi),الباوند لكل موجه مربعه,0.7237213850021362,0.7260462045669556,0.7248819470405579,Correct
2325,ما هو القانون الذي ينص على أن تغير الحقل المغنطيسي يولد حقلا كهربائيا؟,قانون فاراداي للمغناطيسية الكهربية,فارادي,قانون فاراداي للمغناطيسية الكهربية,فارادي,0.5969351530075073,0.7599982023239136,0.6686689853668213,Correct
2328,ما هو وصف جريان المائع المستقر من ناحية سرعته في أي نقطة منه مع الزمن؟,ANSWER: تدفق مستقر سرعته ثابتة.,ثابتة .,تدفق مستقر سرعته ثابتة.,ثابتة .,0.7048932909965515,0.8419604301452637,0.7673540711402893,Correct
2332,ما هي المادة التي تتخذ شكل أسفل الوعاء الذي يحتويها ولها حجم خاص بها؟,ANSWER: الهيالين (الغشاء الزجاجي),سائلة,الهيالين (الغشاء الزجاجي),سائلة,0.6621821522712708,0.6975914239883423,0.6794257164001465,Incorrect
2338,ما تسمى القوى عندما يكون عمر الحالة المثارة طويلا؟,ANSWER: الاستمرارية (Chronicity),شبه مستقرة,الاستمرارية (Chronicity),شبه مستقرة,0.6879358887672424,0.7034958004951477,0.695628821849823,Incorrect
2340,ما هو الذي يعطى لأشعة غاما مصدراً آخر للأشعة السينية التي يمكن أن تكون مفيدة وطاقتها قريبة من طاقة أشعة غاما الأصلية بحيث يمكن الحصول على أشعة واحدة؟,ANSWER: مصدر صناعي مثل مصدر إلكترونات عالية الطاقة.,التحول الداخلي,مصدر صناعي مثل مصدر إلكترونات عالية الطاقة.,التحول الداخلي,0.66618812084198,0.679624080657959,0.6728389859199524,Incorrect
2341,ما نوع الكثافة التي تعتبر منها العظام ومستحضرات التباين العائمة مثل اليود والباريوم؟,ANSWER: كثافة منخفضة,الكلسية.,كثافة منخفضة,الكلسية.,0.6854263544082642,0.7110428214073181,0.6979996562004089,Incorrect
2342,ما هي طبيعة الأشعة السينية؟,ANSWER: أشعة كهرومغناطيسية عالية الطاقة.,اشعاعات كهر طيسية,أشعة كهرومغناطيسية عالية الطاقة.,اشعاعات كهر طيسية,0.7088199853897095,0.7371736168861389,0.7227187752723694,Correct
2346,ما هو مجموع الكتل الذرية النسبية في مركب أيوني؟,ANSWER: مجموع الشحنات الموجبة,الكتلة الصيغية النسبية,مجموع الشحنات الموجبة,الكتلة الصيغية النسبية,0.7653366327285767,0.7684730887413025,0.7669016718864441,Incorrect
2347,أين يقع مجال التيراهرتز؟,ANSWER: بين الأشعة تحت الحمراء والأشعة فوق البنفسجية.,الأشعة تحت الحمراء والأمواج المكروية .,بين الأشعة تحت الحمراء والأشعة فوق البنفسجية.,الأشعة تحت الحمراء والأمواج المكروية .,0.8746216297149658,0.8662369251251221,0.8704091310501099,Incorrect
2349,لماذا يُستخدم الماء في درجة معينة كمادة مرجعية للوزن النوعي؟,ANSWER: بسبب ثباته الكيميائي والفيزيائي.,قيمتها العظمى,بسبب ثباته الكيميائي والفيزيائي.,قيمتها العظمى,0.6528199911117554,0.689601719379425,0.6707069277763367,Incorrect
2352,ما هي مكونات صمام الأشعة السينية؟,ANSWER: مصدر إشعاع، عدسة تركيز، شاشة تصوير.,المسدد,مصدر إشعاع، عدسة تركيز، شاشة تصوير.,المسدد,0.6404876112937927,0.6893866062164307,0.6640380620956421,Incorrect
2361,ما الذي تتعلق به الطاقة التي يصدرها الجسم الأسود وفقاً لدراسة تغير تابع إشعاع الجسم الأسود؟,ANSWER: قانون بلانك,درجة حرارته المطلقة,قانون بلانك,درجة حرارته المطلقة,0.6758207082748413,0.6512529850006104,0.6633094549179077,Incorrect
2363,ما هي قوة اللزوجة بالنسبة لاتجاه جريان المائع؟,ANSWER: مقاومة التدفق,تعاكسه .,مقاومة التدفق,تعاكسه .,0.7366437911987305,0.7614039182662964,0.7488192319869995,Correct
2364,ما هي الطاقة التي يمكن بها تفكيك رابطة في خلايا النسج؟,ANSWER: الطاقة الكيميائية,فوتون أشعة سينينة.,الطاقة الكيميائية,فوتون أشعة سينينة.,0.7201305627822876,0.7272689342498779,0.723682165145874,Incorrect
2369,ما يجب أن يكون عليه ضغط الهواء داخل القاعة في حالة الثوران بالنسبة لضغط الماء خارجها حيث تتوازن قوة الضغط نحو الخارج مع قوة التوتر السطحي نحو الداخل؟,ANSWER: مساوي لضغط الماء الخارجي,اکبر,مساوي لضغط الماء الخارجي,اکبر,0.6297273635864258,0.6748855113983154,0.6515249013900757,Incorrect
2372,ما هو المجال الموجي لأشعة UVC؟,ANSWER: الأشعة فوق البنفسجية القاتلة (UVC) هي الأشعة فوق البنفسجية ذات الطول الموجي 200-280 نانومتر.,100-280nm,الأشعة فوق البنفسجية القاتلة (UVC) هي الأشعة فوق البنفسجية ذات الطول الموجي 200-280 نانومتر.,100-280nm,0.5923429131507874,0.7671588063240051,0.6685112118721008,Incorrect
2373,ما هي طبيعة الارتباط بين قرينة الانكسار لوسط مادي معين وسرعة الأمواج في ذلك الوسط؟,ANSWER: قانون أينشتاين للانكسار,عكسيا - سرعة,قانون أينشتاين للانكسار,عكسيا - سرعة,0.6906329393386841,0.7350895404815674,0.7121681571006775,Incorrect
2381,ما هي الخاصية التي يميزها التواتر والطول الموجي؟,ANSWER: تحديد الطيف الترددي,الموجة,تحديد الطيف الترددي,الموجة,0.695296049118042,0.713232696056366,0.7041501402854919,Incorrect
2384,ما هي الطاقة التي تحملها الموجة في وحدة الزمن؟,ANSWER: شدة (Amplitude),استطاعة الموجة الضوئية,شدة (Amplitude),استطاعة الموجة الضوئية,0.6782464385032654,0.644109845161438,0.6607375741004944,Incorrect
2387,ما هي قابلية العين التي تسمح بالمطابقة لكل أبعاد الجسم عن العين مع الاستمرار بتشكيل خيال على بعد ثابت من العدسة يتحدد بالفاصل بين العدسة والشبكية؟,ANSWER: عمق المجال,تعديل شكل العدسة,عمق المجال,تعديل شكل العدسة,0.7606517672538757,0.7569704055786133,0.758806586265564,Incorrect
2388,كيف يؤثر الضغط على توازن التفاعلات التي تكون متفاعلاتها ومنتجاتها؟,ANSWER: يؤثر الضغط على كفاءة التفاعلات الكيميائية.,غازات,يؤثر الضغط على كفاءة التفاعلات الكيميائية.,غازات,0.6584951877593994,0.726565420627594,0.6908576488494873,Incorrect
2389,ما هو التواتر في حالة الأمواج الصوتية؟,ANSWER: تردد الموجات الصوتية.,عدد الإنضغاطات الاي تمر في نقطة معينة في الثانية,تردد الموجات الصوتية.,عدد الإنضغاطات الاي تمر في نقطة معينة في الثانية,0.7083499431610107,0.6703767776489258,0.6888404488563538,Incorrect
2391,ما هو شكل الطاقة التي تصدرها أجسامنا حتى في درجات الحرارة العادية؟,ANSWER: إشعاع حراري (إشعاع جسم أسود),إشعاع كهرطيسي,إشعاع حراري (إشعاع جسم أسود),إشعاع كهرطيسي,0.8023797273635864,0.8373150825500488,0.8194752335548401,Correct
2400,ما هي التحولات التي تحافظ على العدد الكتلي؟,ANSWER: التحولات المحافظة على الكتلة,الايزوبارية,التحولات المحافظة على الكتلة,الايزوبارية,0.7032610177993774,0.7023627161979675,0.702811598777771,Incorrect
2410,ما هو القانون الذي يربط بين معدل الجريان الحجمي في وعاء دموي من جهة وفارق الضغط بين طرفي الوعاء ونصف قطره الداخلي وطوله ولزوجة الدم؟,قانون هاجن-بوازوي (Poiseuille's Law),قانون بورواري,قانون هاجن-بوازوي (Poiseuille's Law),قانون بورواري,0.6651732921600342,0.7530527114868164,0.7063903212547302,Correct
2412,ما نوع الجريان عندما تكون سرعة المائع في أي نقطة منه ثابتة مع مرور الزمن؟,ANSWER: تدفق مستقر (Stagnant flow),مستقر,تدفق مستقر (Stagnant flow),مستقر,0.6848108768463135,0.7979120016098022,0.7370478510856628,Incorrect
2413,ما هي آلية انتقال الحرارة في الموائع؟,ANSWER: التوصيل والنقل بالتيار والانتقال الإشعاعي,الحمل,التوصيل والنقل بالتيار والانتقال الإشعاعي,الحمل,0.6178967952728271,0.7177901268005371,0.6641080379486084,Incorrect
2417,ما هي صفات الخيال في المصورات ذات الثقب؟,ANSWER: تشوهات هيكلية و وظيفية.,خیال حقيقي مقلوب.,تشوهات هيكلية و وظيفية.,خیال حقيقي مقلوب.,0.7461090087890625,0.7720388770103455,0.758852481842041,Incorrect
2419,ما هي العلاقة التناسبية لقرينة الانكسار لأي وسط معين؟,ANSWER: قانون سنيار (Snell's Law),عكسيا مع سرعة الأمواج في ذلك الوسط,قانون سنيار (Snell's Law),عكسيا مع سرعة الأمواج في ذلك الوسط,0.6088303327560425,0.630452573299408,0.6194528341293335,Incorrect
2422,ما هي الأشعة التي حققت حلم الإنسان القديم في رؤية داخل الجسم من دون بضع؟,ANSWER: التصوير بالرنين المغناطيسي (MRI),الاشعة السينية,التصوير بالرنين المغناطيسي (MRI),الاشعة السينية,0.673626184463501,0.7476788759231567,0.7087234258651733,Incorrect
2427,ما هو المركب الذي يتشكل من تفاعل حمض الآزوت المركز بوجود حمض الكبريت المركز مع نترو البنزين؟,ANSWER: حمض النتريك السام,ميتا ثنائي نترو البنزن,حمض النتريك السام,ميتا ثنائي نترو البنزن,0.754257082939148,0.7394522428512573,0.7467813491821289,Incorrect
2429,ما هي التبادلات التي تجري بين الجسم الصلب والمانع المتحرك الذي يختلف عنه في درجة الحرارة؟,ANSWER: تبادل الحرارة,الحمل,تبادل الحرارة,الحمل,0.6913430690765381,0.7395890951156616,0.7146527767181396,Incorrect
2430,ما هي وظيفة الحقل الكهربائي في الأفران الكروية؟,ANSWER: تنظيم تدفق الدم,يجعل جزيئات الماء تقوم بحركة دورانية,تنظيم تدفق الدم,يجعل جزيئات الماء تقوم بحركة دورانية,0.7368214130401611,0.7009120583534241,0.718418300151825,Incorrect
2435,ما هي طبيعة الإشعاعات الكهرومغناطيسية؟,ANSWER: موجات كهرومغناطيسية,مثنوية .,موجات كهرومغناطيسية,مثنوية .,0.6648218631744385,0.7277932167053223,0.6948838233947754,Incorrect
2438,ما هو التفاعل الذي تخضع له هالوجينات الألكانات بالقلويات؟,ANSWER: تفاعل استبدال نووي,استبدال نكليوفيلي,تفاعل استبدال نووي,استبدال نكليوفيلي,0.8099489212036133,0.7762553691864014,0.7927442789077759,Correct
2443,ما هي استخدامات الليزر الصباغي؟,ANSWER: تشخيص وعلاج الأمراض الجلدية.,معالجة الوحمات الوعائية .,تشخيص وعلاج الأمراض الجلدية.,معالجة الوحمات الوعائية .,0.7981553077697754,0.8301979899406433,0.8138613104820251,Incorrect
2462,ماذا تصدر النظائر المشعة في التصوير بالأصدر البوزتروني؟,ANSWER: إشعاع بيتا سلبي,بوزترونات,إشعاع بيتا سلبي,بوزترونات,0.7098721861839294,0.7129770517349243,0.7114212512969971,Incorrect
2473,ما هي الأشعة التي ساهمت في تقدم علم البلورات؟,ANSWER: أشعة إكس (X-ray),X-RAY,أشعة إكس (X-ray),X-RAY,0.669317364692688,0.6834365129470825,0.6763032674789429,Correct
2482,ما الذي يتم التحكم في ارتفاع النهاية المدببة للحفاظ عليه عندما نمسح سطح المعدن في مجهر STM؟,ANSWER: جهد المسح (Scan Voltage),ثبات التيار النفقي,جهد المسح (Scan Voltage),ثبات التيار النفقي,0.7023527026176453,0.7305925488471985,0.7161943316459656,Incorrect
2483,ما هو معدل الإشعاع من سطح إلى معدل الإشعاع من مساحة مساوية من سطح مشع مثالي في درجة الحرارة نفسها؟,ANSWER: قانون براج (Bragg's Law),الإصدارية,قانون براج (Bragg's Law),الإصدارية,0.5637043118476868,0.6029700040817261,0.582676351070404,Incorrect
2485,ما هي الجزئيات التي يمكن الاستفادة من تفاعلها في التصوير؟,ANSWER: جزيئات التباين (Contraste agents),فوتونات الفلورة السينية .,جزيئات التباين (Contraste agents),فوتونات الفلورة السينية .,0.6974308490753174,0.7474362254142761,0.7215681672096252,Incorrect
2501,ما هو الوسط الذي تكون فيه كثافة الأيونات الموجبة والسالبة أكبر من كثافة الأيونات المعتدلة؟,ANSWER: وسط مُقَطَّب كهربائياً,بلازما,وسط مُقَطَّب كهربائياً,بلازما,0.5292412042617798,0.6173153519630432,0.5698955059051514,Incorrect
2503,ما هو الإجراء المستخدم للاطمئنان على صحة الجنين عند المرأة الحامل؟,ANSWER: فحص الموجات فوق الصوتية (السونار),الإيكو غرافي .,فحص الموجات فوق الصوتية (السونار),الإيكو غرافي .,0.6729696393013,0.6917175054550171,0.6822147965431213,Correct
2505,ما يُدعى الضغط الذي يسببه عمود من الزئبق ارتفاعه 1 مم؟,ANSWER: ضغط زئبقي 1 مم = 133.3 هكتوباسكال (Pa),التور .,ضغط زئبقي 1 مم = 133.3 هكتوباسكال (Pa),التور .,0.4565621018409729,0.5183644890785217,0.4855044186115265,Incorrect
2543,ما هي الظاهرة التي تنقسم فيها نواة ذات عدد كتلي كبير إلى نواتين أو أكثر لكل منهما عدد كتلي متوسط؟,ANSWER: انقسام نووي متعدد (Meiosis),ظاهرة الإنشطار النووي,انقسام نووي متعدد (Meiosis),ظاهرة الإنشطار النووي,0.7238559126853943,0.7010847330093384,0.7122883796691895,Incorrect
2555,ما هو مجال الأشعة الذي يشع فيه جسم الإنسان بشكل قريب جداً من إشعاع الجسم الأسود؟,ANSWER: إشعاع الجسم الأسود,تحت الحمراء,إشعاع الجسم الأسود,تحت الحمراء,0.7272243499755859,0.7399784326553345,0.7335459589958191,Incorrect
2557,ما هي الأشعة التي اشتهرت بانتزاع جزيئات الماء لدى تفاعلها مع النسج؟,ANSWER: أشعة غاما (γ),الأشعة تحت الحمراء.,أشعة غاما (γ),الأشعة تحت الحمراء.,0.7594518661499023,0.7640938758850098,0.7617657780647278,Incorrect
2563,ما هي الظاهرة التي تنقسم فيها نواة ذات عدد كتلي كبير إلى نواتين أو أكثر لكل منهما عدد كتلي متوسط؟,ANSWER: انقسام نووي متعدد (Meiosis),ظاهرة الانشطار النووي.,انقسام نووي متعدد (Meiosis),ظاهرة الانشطار النووي.,0.7172043323516846,0.7106472253799438,0.713910698890686,Incorrect
2575,ما هي طريقة العلاج الفيزيائي التي تستعمل فيها تيارات كهربائية عالية التردد لإحداث الحرارة في الأنسجة العميقة؟,ANSWER: العلاج بالتيار المباشر (TENS),تسخين موضعي في الانسجة الحية,العلاج بالتيار المباشر (TENS),تسخين موضعي في الانسجة الحية,0.7140657901763916,0.7159644365310669,0.715013861656189,Incorrect
2577,كيف تتولد الأشعة السينية؟,ANSWER: انبعاث فوتونات عالية الطاقة.,تسرع الالكترونات بكمون مرتفع في أنبوب الفراغ ويسمح لها بالسقوط على سطح داخل الانبوب .,انبعاث فوتونات عالية الطاقة.,تسرع الالكترونات بكمون مرتفع في أنبوب الفراغ ويسمح لها بالسقوط على سطح داخل الانبوب .,0.7320430278778076,0.6426713466644287,0.6844521164894104,Incorrect
2579,ما هو الأساس الذي تترتب وفقه العناصر في الجدول الدوري حالياً؟,الترتيب الإلكتروني.,إعدادها الذرية,الترتيب الإلكتروني.,إعدادها الذرية,0.7178299427032471,0.7220497131347656,0.7199336290359497,Incorrect
2590,ما هو الشرط الذي يجب أن تحققه النقطتان لتطبيق معادلة برنولي على جريان أي مائع مثالي؟,ANSWER: عدم وجود قوى احتكاك أو تدفق غير مستقر.,خط الانحناء نفسه,عدم وجود قوى احتكاك أو تدفق غير مستقر.,خط الانحناء نفسه,0.6913627982139587,0.7133359909057617,0.7021774649620056,Incorrect
2601,ما هي الأمواج التي تستخدم في تفتيت الحصى؟,ANSWER: الموجات الصدمية (Shock Waves),الأمواج فوق الصوتية,الموجات الصدمية (Shock Waves),الأمواج فوق الصوتية,0.7305374145507812,0.7546807527542114,0.7424128651618958,Incorrect
2611,ما هو المجهر الذي يمسح العينة نقطة فنقطة ولكنه يكشف عن الالكترونات النافذة؟,ANSWER: مجهر إلكتروني نافذ (TEM),STEM,مجهر إلكتروني نافذ (TEM),STEM,0.6792187690734863,0.7805911302566528,0.7263851761817932,Incorrect
2615,من أين تشتق قوة المقاومة من اللزوجة عندما تكون السرعة النسبية بين الجسم والمائع كافية لأن يكون الجريان حول الجسم رقائقياً؟,ANSWER: مبدأ طبقة الحدود اللزجة,منخفضة,مبدأ طبقة الحدود اللزجة,منخفضة,0.6958508491516113,0.745640218257904,0.7198856472969055,Incorrect
2620,ما هي الرابطة التي تبقى صلبة دائماً؟,ANSWER: الرابطة الهيكلية,الأيونية,الرابطة الهيكلية,الأيونية,0.7624236941337585,0.7832772135734558,0.7727097868919373,Incorrect
2636,كم عدد العدسات في مجهر SEM؟,ANSWER: عدسة واحدة,اثنتان,عدسة واحدة,اثنتان,0.7428038716316223,0.726096510887146,0.7343551516532898,Incorrect
2637,ما هي الحالة التي تتولد فيها الأمواج الصادمة بالنسبة لسرعة منبع الأمواج الصوتية؟,ANSWER: سرعة الصوت القصوى,تتجاوز سرعة الموجة الصوتية .,سرعة الصوت القصوى,تتجاوز سرعة الموجة الصوتية .,0.8295758962631226,0.7744334936141968,0.8010568618774414,Incorrect
2641,ما هو العدد النيوكلوني في نواة ذرة ما؟,ANSWER: عدد البروتونات والنيوترونات.,مجموع البروتونات والنترونات,عدد البروتونات والنيوترونات.,مجموع البروتونات والنترونات,0.911413073539734,0.9063484072685242,0.908873736858368,Correct
2645,ما هو سبب تخامد الأشعة السينية في الجسم المدروس؟,انحناء الأشعة وتشتت الأنسجة.,امتصاص الجسم لها,انحناء الأشعة وتشتت الأنسجة.,امتصاص الجسم لها,0.7080807089805603,0.7623475790023804,0.7342128157615662,Incorrect
2648,ما يُستخدم لقياس درجة التشوه؟,ANSWER: مقياس تشوه ليكرت,انفعال,مقياس تشوه ليكرت,انفعال,0.7021766901016235,0.7254984378814697,0.7136470675468445,Incorrect
2653,ما هي الوحدة التي يقيسها الروتنجن؟,ANSWER: الامتصاص (أو الامتصاصية),التعرض للإشعاع .,الامتصاص (أو الامتصاصية),التعرض للإشعاع .,0.693238377571106,0.6961501836776733,0.6946912407875061,Incorrect
2661,ما تتألف منه الحلقة البنزنية؟,ANSWER: حلقة كربونية-نيتروجينية,ستة كربونات,حلقة كربونية-نيتروجينية,ستة كربونات,0.7327824831008911,0.797781229019165,0.7639016509056091,Incorrect
2670,ماذا يشير انزياح الضوء من المجرات البعيدة نحو الترددات الأخفض؟,انزياح أحمر (Redshift),ابتعاد المجرات عنا,انزياح أحمر (Redshift),ابتعاد المجرات عنا,0.6661504507064819,0.6739283204078674,0.6700167655944824,Correct
2674,ما هي الوحدة التي يقيسها الرونتجن؟,ANSWER: الكثافة الإشعاعية,التعرض للإشعاع.,الكثافة الإشعاعية,التعرض للإشعاع.,0.815171480178833,0.7838110327720642,0.7991836667060852,Incorrect
2687,ما هي النظائر؟,ANSWER: نظائر كيميائية غير مشعة.,لها نفس عدد البروتونات وتختلف بعدد النترونات,نظائر كيميائية غير مشعة.,لها نفس عدد البروتونات وتختلف بعدد النترونات,0.6594825983047485,0.6313143968582153,0.64509117603302,Incorrect
2702,ما هي زاوية الورود التي يكون الضوء المنعكس عندها مستقطبا كليا؟,ANSWER: زاوية 90 درجة,زاوية بروستو,زاوية 90 درجة,زاوية بروستو,0.769224226474762,0.7497118711471558,0.7593426704406738,Incorrect
2719,كيف يمكن توليد الأمواج فوق الصوتية؟,ANSWER: بمرور تيار كهربائي عبر مادة موصلة.,بلورات كهر ضغطية,بمرور تيار كهربائي عبر مادة موصلة.,بلورات كهر ضغطية,0.7066890597343445,0.7305347919464111,0.7184140682220459,Incorrect
2731,أين تشكل العين مديدة البصر (العين الطامسة) خيال الجسم القريب؟,ANSWER: خلف الشبكية,وراء الشبكية.,خلف الشبكية,وراء الشبكية.,0.8747107982635498,0.8707617521286011,0.8727318048477173,Correct
2734,ما هو الاضطراب الذي يمثل هذه الحالة؟,ANSWER: عسر الكلام الخلقي,الحدية للجريان المستقر,عسر الكلام الخلقي,الحدية للجريان المستقر,0.75905841588974,0.7412467002868652,0.7500467896461487,Incorrect
2740,متى يأخذ احتمال وجود الالكترون قيمة عظمى في الحالة الأساسية في ذرة هيدروجين؟,ANSWER: عند زمن صفر.,بعده عن النواة أصغر من نصف قطر بور,عند زمن صفر.,بعده عن النواة أصغر من نصف قطر بور,0.742370069026947,0.6895449161529541,0.7149830460548401,Incorrect
2741,ما ينص عليه قانون الانعكاس الأول؟,ANSWER: قانون نيوتن الأول للحركة,زاوية الورود تساوي زاوية الانعكاس.,قانون نيوتن الأول للحركة,زاوية الورود تساوي زاوية الانعكاس.,0.6984690427780151,0.6690956354141235,0.683466911315918,Incorrect
2742,ما هو الانفعال في حالة التشوه التحددي أو الانضغاطي؟,ANSWER: استجابة التهابية أو نخرية,التغير النسبي في الطول زيادة أو نقصانا,استجابة التهابية أو نخرية,التغير النسبي في الطول زيادة أو نقصانا,0.687749981880188,0.6815965175628662,0.6846594214439392,Incorrect
2750,ما هو وزن الحجم المنغمس من الجسم عندما يكون الجسم مغموساً وليس مغموراً كلياً نتيجة كون كثافة المائع أكبر من كثافة الجسم؟,انخفاض الوزن الظاهري,وزن الجسم,انخفاض الوزن الظاهري,وزن الجسم,0.679474413394928,0.7320485711097717,0.7047823667526245,Incorrect
2769,ما اسم الجهاز الذي يصور مقاطع في الجسم البشري بالأشعة السينية والاستعانة بالحاسب؟,ANSWER: جهاز التصوير بالأشعة السينية (X-ray),الماسح .,جهاز التصوير بالأشعة السينية (X-ray),الماسح .,0.5938774347305298,0.6534196138381958,0.6222273111343384,Incorrect
2774,ما هو العنصر الأكثر استخداماً في التصوير بالتجاوب المغناطيسي؟,ANSWER: الغاز النبيل (الهيليوم),الهيدروجين,الغاز النبيل (الهيليوم),الهيدروجين,0.7694132328033447,0.7891969680786133,0.7791795134544373,Incorrect
2779,ما هو سبب تخامد الأشعة السينية في الجسم المدروس؟,انحناء الأشعة وتشتت الأنسجة.,امتصاص الجسم لها,انحناء الأشعة وتشتت الأنسجة.,امتصاص الجسم لها,0.7080807089805603,0.7623475790023804,0.7342128157615662,Incorrect
2792,ما هي الخطوة الأولى في التفاعلات؟,ANSWER: التفاعل الكيميائي الأولي.,المبادرة,التفاعل الكيميائي الأولي.,المبادرة,0.6915885210037231,0.7146795988082886,0.7029445171356201,Incorrect
2800,ماذا يزداد عندما ترتد الفوتونات التي تعبر الثقب في الحجرة عن الجدران مرات عديدة قبل أن تغادر؟,ANSWER: كثافة الطاقة,احتمال امتصاتصها,كثافة الطاقة,احتمال امتصاتصها,0.8005627393722534,0.7033253908157349,0.74880051612854,Incorrect
2805,كيف تعمل الحزم الإلكترونية على معالجة الأورام؟,ANSWER: بالتحريض الحراري المستهدف,القريبة من الجلد,بالتحريض الحراري المستهدف,القريبة من الجلد,0.6738958358764648,0.7037850022315979,0.6885162591934204,Incorrect
2806,ما هو السبب وراء تكرار الطراز (الدورية في الجدول الدوري) الناجم عن ترتيب العناصر؟,ANSWER: تكرار الخصائص الدورية.,ازدياد أعدادها البروتونية,تكرار الخصائص الدورية.,ازدياد أعدادها البروتونية,0.7583695650100708,0.748741865158081,0.7535249590873718,Incorrect
2810,ما هو المركب الذي يتشكل عند أكسدة الكيلات البنزن (مثل ميتيل البنزن) ببرمنغنات البوتاسيوم (VII) القلوية أو بأي مؤكسد قوي آخر؟,ANSWER: بنزول (بنزين مؤكسد),حمض البنزويك,بنزول (بنزين مؤكسد),حمض البنزويك,0.7020025253295898,0.7028502225875854,0.7024261355400085,Incorrect
2822,ما هي النوى التي لها عدد N ثابت حيث تحوي العدد نفسه من النترونات؟,ANSWER: نوى ذرات العناصر المتساوية في الكتلة الذرية.,ايزوتونات,نوى ذرات العناصر المتساوية في الكتلة الذرية.,ايزوتونات,0.6502678394317627,0.6562482118606567,0.6532443165779114,Incorrect
2823,ماذا يحدث إذا كانت الحقول الكهربائية لمنبع الأمواج الكهرطيسية لها اتجاهات عشوائية عند انتشاره؟,انعكاس وتشتت عشوائي,غير مستقطب,انعكاس وتشتت عشوائي,غير مستقطب,0.6730940341949463,0.7126021385192871,0.692284882068634,Incorrect
2830,ما هو التفاعل الذي تخضع له الألكانات مع الهالوجينات في ضوء الشمس؟,ANSWER: تفاعل الألكلة (التشكل) الضوئي,استبدال,تفاعل الألكلة (التشكل) الضوئي,استبدال,0.6719733476638794,0.7305911779403687,0.700057327747345,Incorrect
2854,ما هو الشيء الذي تهتز حوله الذرتان في الجزيء ثنائي الذرة؟,ANSWER: الإلكترونات,مركز كتلتيهما,الإلكترونات,مركز كتلتيهما,0.6616412401199341,0.6562448740005493,0.6589320302009583,Incorrect
2855,ما هي البنية لأكسيد المغنزيوم؟,ANSWER: مركب كيميائي من المغنيسيوم والأكسجين.,ايونية عملاقة,مركب كيميائي من المغنيسيوم والأكسجين.,ايونية عملاقة,0.6103148460388184,0.6685855388641357,0.6381226778030396,Incorrect
2868,ماذا يزداد عندما ترتد الفوتونات التي تعبر الثقب في الحجرة عن الجدران مرات عديدة قبل أن تغادر؟,ANSWER: كثافة الطاقة,احتمال امتصاتصها,كثافة الطاقة,احتمال امتصاتصها,0.8005627393722534,0.7033253908157349,0.74880051612854,Incorrect
2877,ما هي وحدة قياس الجرعة المكافئة للإشعاع؟,ANSWER: سيفرت (Sv),بالسفرت .,سيفرت (Sv),بالسفرت .,0.6839528679847717,0.7073498368263245,0.6954545974731445,Correct
2883,ما هي طريقة التصوير التي يمكن اعتبارها الأقل ضرراً على الجسم؟,ANSWER: التصوير بالموجات فوق الصوتية,التصوير الحراري.,التصوير بالموجات فوق الصوتية,التصوير الحراري.,0.7675482034683228,0.8427530527114868,0.8033944964408875,Incorrect
2891,ما هي أعمار النصف للنظائر المشعة المستخدمة في تقنية الـ PET؟,ANSWER: تتراوح بين 10-15 دقيقة.,قصيرة نسبيا,تتراوح بين 10-15 دقيقة.,قصيرة نسبيا,0.5802497863769531,0.6317532062530518,0.604907214641571,Correct
2898,ما هي المماكبات (الإيزوميرات)؟,ANSWER: جزيئات ذات بنية كيميائية متشابهة.,تختلف في طاقتها الداخلية فقط .,جزيئات ذات بنية كيميائية متشابهة.,تختلف في طاقتها الداخلية فقط .,0.660096287727356,0.6877284646034241,0.673629105091095,Incorrect
2913,ما هو القانون الذي تمثل معادلة برنولي المطبقة على جريان المائع أحد أشكال انحفاظه؟,ANSWER: قانون برنولي,الطاقة .,قانون برنولي,الطاقة .,0.5981156826019287,0.6856285333633423,0.6388891935348511,Incorrect
2926,ماذا يستخدم قانون ستوكس لقياسه؟,ANSWER: تدفق الدم الدماغي,مقاومة اللزوجة .,تدفق الدم الدماغي,مقاومة اللزوجة .,0.7161870002746582,0.7380111813545227,0.7269353866577148,Incorrect
2949,ما هو العلم الذي يقوم بحساب البعد بين الذرات عند معرفة الطول الموجي للأشعة السينية وقياس الزاوية؟,ANSWER: علم البلورة (Crystallography),علم البلورات,علم البلورة (Crystallography),علم البلورات,0.7704603672027588,0.8808594942092896,0.8219695091247559,Correct
2975,ما هي الأوساط التي تنتشر فيها الأمواج العرضانية؟,ANSWER: الأنسجة الرخوة والسوائل.,الجسم الصلب,الأنسجة الرخوة والسوائل.,الجسم الصلب,0.7567241191864014,0.7931607961654663,0.7745141983032227,Incorrect
2981,ما هي الخصائص التي تتمتع بها حزمة الفوتونات من أشعة X عالية الطاقة والتي تجعلها تستخدم في الطب النووي عند المعالجة عن بعد؟,ANSWER: سرعة عالية، طاقة عالية، اختراقية عالية.,قدرة اختراق عالية تسمح بتدمير الأورام السطحية والعميقة .,سرعة عالية، طاقة عالية، اختراقية عالية.,قدرة اختراق عالية تسمح بتدمير الأورام السطحية والعميقة .,0.7736330032348633,0.6993957161903381,0.7346436381340027,Correct
2986,ما هو القانون الذي ينص على أن تشوه مادة يتناسب طرديا مع القوى التي تحدث التشوه؟,ANSWER: قانون هوك,قانون هوك,قانون هوك,قانون هوك,0.999999463558197,0.999999463558197,0.999999463558197,Correct
2987,علام نعتمد لتفسير لثنائية الإصدار في طيف بخار الصوديوم؟,ANSWER: تأثير ديباي-فيرنيك,النظرية الذرية,تأثير ديباي-فيرنيك,النظرية الذرية,0.7014282941818237,0.714350700378418,0.707830548286438,Incorrect
2989,ما هي المعادلة التي تعبر عن انخفاض الطاقة في الموائع؟,ANSWER: قانون بيرنولي,معادلة بيرنولي,قانون بيرنولي,معادلة بيرنولي,0.8983744978904724,0.8474950790405273,0.8721933960914612,Correct
3001,متى يحدث تفاعل اشعاع الليزر مع النسج؟,ANSWER: عند امتصاص الفوتونات.,تمتصه النسج .,عند امتصاص الفوتونات.,تمتصه النسج .,0.7431284785270691,0.7799814939498901,0.7611091732978821,Correct
3003,ما هي البنية التي تأخذها الشبكات الأيونية لكلوريد الصوديوم وأكسيد المغنزيوم؟,ANSWER: بنية شبكية ثلاثية الأبعاد,مكعبية,بنية شبكية ثلاثية الأبعاد,مكعبية,0.706946611404419,0.7214283347129822,0.7141140103340149,Incorrect
3013,ما هو العمل الذي يقوم به المائع على المائع الذي يتقدمه في وحدة الجريان؟,ANSWER: دفع (تدفق),الضغط,دفع (تدفق),الضغط,0.744340181350708,0.8118345737457275,0.7766236662864685,Incorrect
3024,ما هي الكمية الوسطية للأوزون في الغلاف الجوي؟,ANSWER: طبقة الأوزون الوسطى,300 DU,طبقة الأوزون الوسطى,300 DU,0.6564865112304688,0.6804482340812683,0.6682525873184204,Incorrect
3027,ما هو النكليد الإشعاعي المماكب الذي يشيع استخدامه في التشخيص الطبي؟,ANSWER: التصوير بالرنين المغناطيسي (MRI),التكنسيوم - 99,التصوير بالرنين المغناطيسي (MRI),التكنسيوم - 99,0.6552284359931946,0.7033284902572632,0.6784269213676453,Incorrect
3041,كيف يتغير نصف القطر الذري عبر الدور الثالث من اليسار إلى اليمين؟,ANSWER: يزداد نصف القطر.,يتناقص,يزداد نصف القطر.,يتناقص,0.7071152329444885,0.7319550514221191,0.7193207740783691,Incorrect
3054,إذا كان الإشعاع وحيد الطول الموجي فمن أي نوع من الفوتونات يكون مؤلفاً؟,ANSWER: فوتون أحادي الطول الموجي,المتساوية الطاقات,فوتون أحادي الطول الموجي,المتساوية الطاقات,0.7328994274139404,0.7474607229232788,0.7401084303855896,Incorrect
3056,ما هي الأمواج الميكانيكية التي تنشأ عن الوحدات المحركة في الألياف ولا تدركها الأذن؟,ANSWER: أمواج صوتية غير مسموعة,الأمواج تحت الصوتية,أمواج صوتية غير مسموعة,الأمواج تحت الصوتية,0.7986412048339844,0.8018865585327148,0.800260603427887,Incorrect
3064,ما هو مصدر العنصر المشع الذي يعطى للمريض عند استخدام تقنية التصوير SPECT؟,ANSWER: يود-123 أو فوسفات الزنك-82,لأشعة غاما .,يود-123 أو فوسفات الزنك-82,لأشعة غاما .,0.6516555547714233,0.7067331075668335,0.678077757358551,Incorrect
3065,ما نوع الصورة التي نحصل عليها في التصوير الومضاني للجزء المصور من جسم المريض؟,ANSWER: صورة ديناميكية عالية السرعة,ثنائية البعد .,صورة ديناميكية عالية السرعة,ثنائية البعد .,0.697465717792511,0.7578118443489075,0.7263875603675842,Incorrect
3066,إذا تضيق قطر الشريان إلى ثلث قيمته الأصلية عند مريض مصاب بمرض وعائي وقلبي وبقي هبوط الضغط فيه على حاله، إلى كم ينخفض معدل جريان الدم؟,ANSWER: ينخفض إلى ثلث الجريان الأصلي.,81/1 من قيمته الأصلية .,ينخفض إلى ثلث الجريان الأصلي.,81/1 من قيمته الأصلية .,0.7192380428314209,0.7394750714302063,0.7292162179946899,Incorrect
3096,ما هي السكريات التي لا تحتاج أثناء امتصاصها من الأمعاء الدقيقة لوجود الصوديوم؟,ANSWER: السكريات الأحادية والثنائية,الفركتوز.,السكريات الأحادية والثنائية,الفركتوز.,0.6544620990753174,0.736140251159668,0.6929024457931519,Incorrect
3099,ما هو الأنزيم المعوي الذي يحول مولد التربسين إلى تربسين؟,ANSWER: التربسينوجين (Trypsinogen),الإنتيروكيناز.,التربسينوجين (Trypsinogen),الإنتيروكيناز.,0.6528611183166504,0.7064437866210938,0.6785963773727417,Incorrect
3100,ما هو العامل الهرموني الذي يحرض إفراز عصارة بنكرياسية غنية بالإنزيمات الهاضمة؟,ANSWER: هرمون الببتيد C (CCK),الكوليسيستوكينين CCK,هرمون الببتيد C (CCK),الكوليسيستوكينين CCK,0.7542695999145508,0.7368987798690796,0.7454829812049866,Correct
3101,ما هو الإنزيم الذي يفكك سكر اللبن (اللاكتوز) إلى غلوكوز وغالاكتوز؟,ANSWER: إنزيم اللاكتاز,اللاكتاز.,إنزيم اللاكتاز,اللاكتاز.,0.8394229412078857,0.886698842048645,0.8624134659767151,Correct
3109,ما هو مستودع الصفراء خارج أوقات الهضم والذي يعمل على تكثيفها؟,ANSWER: الكبد,المرارة.,الكبد,المرارة.,0.8064879179000854,0.8103184700012207,0.8083986639976501,Incorrect
3115,ما هي الشوارد التي يكون تركيزها أقل في اللعاب منه في البلازما؟,ANSWER: الأيونات القلوية (مثل البوتاسيوم والمغنيسيوم),صوديوم وكلور.,الأيونات القلوية (مثل البوتاسيوم والمغنيسيوم),صوديوم وكلور.,0.6889553070068359,0.7361061573028564,0.7117507457733154,Incorrect
3117,ما هو الهرمون الذي يحفز إفراز عصارة بنكرياسية غنية بالأنزيمات الهاضمة؟,ANSWER: هرمون الببتيد C (CCK),الكوليسيستوكينين CCK,هرمون الببتيد C (CCK),الكوليسيستوكينين CCK,0.7542695999145508,0.7368987798690796,0.7454829812049866,Correct
3118,ما هو السكر الذي لا يحتاج للصوديوم من أجل عملية امتصاصه؟,ANSWER: السكر (الجلوكوز),الفركتوز.,السكر (الجلوكوز),الفركتوز.,0.7354616522789001,0.7325929999351501,0.7340245246887207,Incorrect
3120,ما هو الناقل العصبي الذي يتحرر من العصبونات بعد العقدة في القسم الودي؟,ANSWER: النورإبينفرين,النورابينفرين أو الأستيل كولين.,النورإبينفرين,النورابينفرين أو الأستيل كولين.,0.8501244783401489,0.7868545055389404,0.8172667622566223,Correct
3121,ما الذي يحدد نمط استجابة العضو المعصب بواسطة الجهاز العصبي المستقل (استثارة أو تثبيط)؟,ANSWER: الناقل العصبي والمستقبلات الحسية.,نمط المستقبلات الموجودة في العضو.,الناقل العصبي والمستقبلات الحسية.,نمط المستقبلات الموجودة في العضو.,0.7979612350463867,0.8028225302696228,0.8003844618797302,Incorrect
3127,ما هو الناقل الكيميائي الذي تحرره جميع العصبونات قبل العقدة؟,ANSWER: النورإبينفرين (أدرينالين),الأستيل كولين.,النورإبينفرين (أدرينالين),الأستيل كولين.,0.6994566917419434,0.7190659642219543,0.709125816822052,Incorrect
3130,ما هو الناقل العصبي الذي يتحرر من طرفيات جميع الألياف اللاودية بعد العقدية؟,ANSWER: نورإبينفرين,أستيل كولين.,نورإبينفرين,أستيل كولين.,0.6970843076705933,0.6962207555770874,0.6966522336006165,Incorrect
3140,ما هي الميزة التي تتمتع بها قنوات IF في النسيج العقدي القلبي التي تمكنها من توليد التنبيه عفوياً؟,ANSWER: التواصل الكهربائي الذاتي,عندما تنفتح يتجاوز التيار الداخل من الصوديوم التيار الخارج من البوتاسيوم,التواصل الكهربائي الذاتي,عندما تنفتح يتجاوز التيار الداخل من الصوديوم التيار الخارج من البوتاسيوم,0.688988208770752,0.663344144821167,0.6759230494499207,Incorrect
3141,ما هي الفائدة الوظيفية من التأخير الزمني في كمون الفعل لمدة 0.1 ثانية عند مروره في العقدة الأذينية البطينية؟,ANSWER: تنظيم إيقاع القلب,إنهاء تقلص الأذينات قبل بدء تقلص البطينات.,تنظيم إيقاع القلب,إنهاء تقلص الأذينات قبل بدء تقلص البطينات.,0.7160671949386597,0.6914681196212769,0.7035527229309082,Incorrect
3147,ماذا يحدث للبطينات في حال توقف العقدة الجيبية الأذينية عن العمل؟,ANSWER: يتطور فشل قلبي.,تتباطأ انقباضاتها,يتطور فشل قلبي.,تتباطأ انقباضاتها,0.7062585353851318,0.6748338937759399,0.6901887059211731,Incorrect
3149,ما هو سبب ظهور طور الهضبة في كامن فعل العضلة القلبية؟,ANSWER: زيادة طول الفاصل بين الألياف العضلية.,دخول شوارد الكالسيوم.,زيادة طول الفاصل بين الألياف العضلية.,دخول شوارد الكالسيوم.,0.728140115737915,0.737460732460022,0.7327707409858704,Incorrect
3152,ما هو سبب طور الهضبة في كمون عمل الليف العضلي القلبي؟,ANSWER: زيادة المقاومة الكهربائية,الكالسيوم.,زيادة المقاومة الكهربائية,الكالسيوم.,0.6966889500617981,0.7306405305862427,0.7132609486579895,Incorrect
3175,ما هي المناطق التي تطبق عليها المعالجة الإشعاعية في علاج أورام الخصية من النمط المنوي؟,ANSWER: المنطقة تحت الإبطية والمنطقة الإحليلية,سلسلة العقد اللمفاوية الحرقفية والأبهرية,المنطقة تحت الإبطية والمنطقة الإحليلية,سلسلة العقد اللمفاوية الحرقفية والأبهرية,0.7851426005363464,0.7792363166809082,0.7821782827377319,Incorrect
3180,ما هي الأورام التي لا تعتبر المعالجة الشعاعية معالجة شافية لها إذا استخدمت لوحدها في المراحل المبكرة؟,ANSWER: الأورام الدماغية الغدية (الأدرنالية),الثدي,الأورام الدماغية الغدية (الأدرنالية),الثدي,0.6645093560218811,0.7403151392936707,0.7003669738769531,Incorrect
3186,ما هي الجرعة الكلية الموصى بها في حال تقرر إجراء تشعيع وقائي للقحف بجرعة ٢ غري في كل جلسة؟,ANSWER: ١٠ غري (في ٥ جلسات),٣٠ غري,١٠ غري (في ٥ جلسات),٣٠ غري,0.7828531265258789,0.921011745929718,0.8463311791419983,Incorrect
3187,ما هو الزمن الأقل الفاصل بين كل جلستين عند إجراء المعالجة الشعاعية بطريق التجزئة المفرطة؟,ANSWER: 4-6 أسابيع,٦ ساعات,4-6 أسابيع,٦ ساعات,0.6877069473266602,0.750820517539978,0.7178792357444763,Incorrect
3191,ما الذي يحول مولد الببسين إلى ببسين؟,ANSWER: تحفيز الحمض الصفراوي والهضم.,حمض كلور الماء الموجود في المعدة.,تحفيز الحمض الصفراوي والهضم.,حمض كلور الماء الموجود في المعدة.,0.7464132905006409,0.7343647480010986,0.7403400540351868,Incorrect
3202,ما هو سبب حدوث عمى ربعي علوي أيمن مماثل؟,انقطاع في العصب البصري في الفص العلوي الأيمن.,الفصل الصدغي,انقطاع في العصب البصري في الفص العلوي الأيمن.,الفصل الصدغي,0.7337765693664551,0.7786421775817871,0.7555438876152039,Incorrect
3207,ما هي المدة الزمنية التي يتطور خلالها الصداع المزمن؟,ANSWER: متغير، يختلف من شخص لآخر.,4أسابيع,متغير، يختلف من شخص لآخر.,4أسابيع,0.6269071102142334,0.6762615442276001,0.6506497263908386,Incorrect
3209,ما هو نوع الصداع غير النابض ثنائي الجانب الذي قد يرتبط بتشنج عضلات الرقبة؟,ANSWER: صداع التوتر العنقودي,صداع التوتر,صداع التوتر العنقودي,صداع التوتر,0.8315043449401855,0.9417226314544678,0.8831881284713745,Incorrect
3284,أين يحدث التكيس للجيارديا اللمبلية؟,ANSWER: الأمعاء الدقيقة,أثناء التغوط,الأمعاء الدقيقة,أثناء التغوط,0.7547953724861145,0.7383660078048706,0.7464902400970459,Incorrect
3288,ما هي الذبابة ذهبية العيون Chrysop ثوي ناقل له؟,ANSWER: فيروس النكاف,اللوا لوا,فيروس النكاف,اللوا لوا,0.7332497835159302,0.7593231797218323,0.7460587024688721,Incorrect
3293,ما هي الفترة الزمنية الذي تظهر فيها إيجابية اختبار سابين فيلدمان بعد العدوى به؟,ANSWER: خلال 2-4 أسابيع,1-2 أسبوع,خلال 2-4 أسابيع,1-2 أسبوع,0.7925143241882324,0.8063060641288757,0.7993506789207458,Incorrect
3315,ما الذي تنتهي به المرحلة الخارج خلوية للمتصورات؟,ANSWER: تكوين الصورة النهائية.,الأقاسيم المتحركة,تكوين الصورة النهائية.,الأقاسيم المتحركة,0.6781103610992432,0.6449598073959351,0.661119818687439,Incorrect
3335,أين تتكاثر خبيطيات الفخرية البنكروفتية؟,ANSWER: في الأوعية الدموية الدقيقة.,الأوعية اللمفاوية للانسان,في الأوعية الدموية الدقيقة.,الأوعية اللمفاوية للانسان,0.7850250005722046,0.7551616430282593,0.7698038220405579,Incorrect
3336,ما هو المرض الذي يستخدم عقار melarsporol في علاجه؟,ANSWER: مرض هنتنغتون,المثقبية الغامبية,مرض هنتنغتون,المثقبية الغامبية,0.6643322706222534,0.6529076099395752,0.658570408821106,Incorrect
3338,ما هو الخمج الطفيلي الذي يمكن أن ينتقل من شخص لآخر؟,ANSWER: العدوى الفطرية,المرمية الدودية,العدوى الفطرية,المرمية الدودية,0.765545129776001,0.7735902070999146,0.769546627998352,Incorrect
3341,ما هي أفضل أماكن الخزع التشخيصية القندية في جسم الإنسان؟,ANSWER: خزعة من النسيج الضام العميق,الطحال,خزعة من النسيج الضام العميق,الطحال,0.7200947999954224,0.7668044567108154,0.7427159547805786,Incorrect
3365,ما هو المسبب لداء هجرة اليرقات الجلدي؟,ANSWER: ديدان الجلدية,الديدان القوسية,ديدان الجلدية,الديدان القوسية,0.8177810907363892,0.8168953657150269,0.8173379898071289,Incorrect
3371,ما هو العلاج المناسب للمتحولة العصبية naegleria fowleri؟,ANSWER: علاج داعم ورعاية مركزة.,الأمفوتريسين,علاج داعم ورعاية مركزة.,الأمفوتريسين,0.6298497319221497,0.6219245195388794,0.6258620023727417,Incorrect
3386,أين تتوضع يرقات الأسطوانية الوعائية عند الإنسان؟,ANSWER: في الأوعية الدموية الرئيسية.,الجهاز العصبي المركزي,في الأوعية الدموية الرئيسية.,الجهاز العصبي المركزي,0.7377843260765076,0.7351071238517761,0.7364433407783508,Incorrect
3408,ما هو الشكل المعدي للإنسان من متفرعة الخصية الصينية؟,ANSWER: التهاب البربخ والبروستاتا.,خليفة المذنبة,التهاب البربخ والبروستاتا.,خليفة المذنبة,0.6932428479194641,0.6796927452087402,0.6864009499549866,Incorrect
3410,أين تتوضع الأسطوانية البرازية عند الإنسان؟,ANSWER: في القولون السيني,الجزء الأمامي من الصائم,في القولون السيني,الجزء الأمامي من الصائم,0.7727224826812744,0.7476187944412231,0.7599633932113647,Incorrect
3472,ما هو العصب الذي يصاب في متلازمة قاع الحجاج؟,ANSWER: عصب الوجه الثلاثي التوائم,العصب الفكي العلوي,عصب الوجه الثلاثي التوائم,العصب الفكي العلوي,0.7893664836883545,0.8213123083114624,0.8050225377082825,Incorrect
3499,ما هو تعريف الحول المتقارب؟,ANSWER: انحراف العينين نحو الداخل.,يتلاقي فيها محورا الرؤية في نقطة تقع أمام الجسم المنظور,انحراف العينين نحو الداخل.,يتلاقي فيها محورا الرؤية في نقطة تقع أمام الجسم المنظور,0.7145881652832031,0.677427351474762,0.6955117583274841,Correct
3514,ما هي أسباب حدوث فيض الدمع Epiphora؟,ANSWER: زيادة إفراز الدمع أو انسداد القنوات الدموية.,نقص في التصريف,زيادة إفراز الدمع أو انسداد القنوات الدموية.,نقص في التصريف,0.7100270986557007,0.7382241487503052,0.7238510847091675,Incorrect
3527,أين تقع حفيرة البكرة في الجدار العلوي للحجاج؟,ANSWER: أسفل الصمام التاجي الأيسر,الأمامي الأنسي,أسفل الصمام التاجي الأيسر,الأمامي الأنسي,0.7306149005889893,0.7395637035369873,0.7350620627403259,Incorrect
3542,ما هي النسبة التي تشكلها القرنية من سطح غلاف كرة العين الليفي؟,ANSWER: 70%,السدس الأمامي,70%,السدس الأمامي,0.6404622793197632,0.6177706718444824,0.6289118528366089,Incorrect
3554,ما هو أكثر تنكسات القرنية شيوعاً؟,ANSWER: تنكس قرنيي شائع.,القوس الشيخية,تنكس قرنيي شائع.,القوس الشيخية,0.7207517623901367,0.6985784769058228,0.7094919085502625,Incorrect
3580,ما هي الحالات التي تشاهد فيها الرؤية المزدوجة الأحادية الجانب؟,ANSWER: ضعف العين العصبى,تحت خلع العدسة,ضعف العين العصبى,تحت خلع العدسة,0.75022953748703,0.7378517985343933,0.7439892292022705,Incorrect
3601,ما هو المرض الذي يشاهد فيه حلقة كاي زر- فليشر عند المرضى؟,ANSWER: متلازمة كاي-فليشر (CFS),داء ويلسون,متلازمة كاي-فليشر (CFS),داء ويلسون,0.6481205821037292,0.680631160736084,0.663978099822998,Incorrect
3607,ما الذي يجب فعله في الحالات المعندة وغير المستجيبة للعلاج في الورم الكاذب للحجاج؟,ANSWER: جراحة استئصال الكتلة السرطانية,يجب اخذ خزعة من الورم,جراحة استئصال الكتلة السرطانية,يجب اخذ خزعة من الورم,0.7160285711288452,0.7263966798782349,0.7211753726005554,Incorrect
3609,ما هي النتائج التي تؤدي إليها إصابة الشعبة العينية من العصب الخامس في متلازمة الشق الحجاجي العلوي؟,ANSWER: ضعف أو فقدان الرؤية في العين المتأثرة,فقد حس الملتحمة والقرنية,ضعف أو فقدان الرؤية في العين المتأثرة,فقد حس الملتحمة والقرنية,0.6844509840011597,0.6836442947387695,0.6840474009513855,Incorrect
3620,ما هو التشخيص الأقرب لمريض عمره 65 سنة لديه فقد رؤية في النصف العلوي من الساحة البصرية مع بدء مفاجئ؟,انفصال الشبكية.,التهاب العصب البصري الاقفاري,انفصال الشبكية.,التهاب العصب البصري الاقفاري,0.7480747699737549,0.7411450147628784,0.7445937991142273,Incorrect
3667,ما الذي يدل عليه ظهور تقبب على شكل حويصل أسود في قعر القرحة القرنية الجرثومية؟,ANSWER: عدوى فطرية (مخملية),تقبب غشاء ديسميه وخطر انثقابه,عدوى فطرية (مخملية),تقبب غشاء ديسميه وخطر انثقابه,0.6894578337669373,0.6665618419647217,0.6778165102005005,Incorrect
3680,ما هي الطريقة التالية لتقدير حدة البصر لدى المريض إذا لم يتمكن من قراءة أكبر أحرف اللوحة؟,ANSWER: اختبار الحقل البصري (Visual Field Test),بعد أصابع الفاحص,اختبار الحقل البصري (Visual Field Test),بعد أصابع الفاحص,0.659031867980957,0.6747803688049316,0.6668131351470947,Incorrect
3683,ما الذي يشكو منه المريض في الحول الشللي عند البالغين؟,ANSWER: ضعف أو فقدان الرؤية في عين واحدة.,رؤية مزدوجة,ضعف أو فقدان الرؤية في عين واحدة.,رؤية مزدوجة,0.7253448367118835,0.7427418231964111,0.7339402437210083,Incorrect
3700,متى ينعدم يوروبيلينوجين البول؟,ANSWER: عند نقص إنزيم يوروبيلينوجيناز.,اليرقان الانسدادي,عند نقص إنزيم يوروبيلينوجيناز.,اليرقان الانسدادي,0.6270613670349121,0.6279215812683105,0.6274911761283875,Incorrect
3702,في الاحتباس الصفراوي ما هو الانزيم الأفضل للوصول للتشخيص؟,ANSWER: أنزيم الفوسفاتاز المرتفع (ALP),ALT,أنزيم الفوسفاتاز المرتفع (ALP),ALT,0.5101870894432068,0.612388014793396,0.556635320186615,Incorrect
3713,ما هي نتيجة رحلان البروتينات في الالتهابات الحادة؟,ANSWER: زيادة البروتينات الالتهابية,ترتفع الموجة a_2غلوبيولين وترتفع الموجة a_1غلوبيولين,زيادة البروتينات الالتهابية,ترتفع الموجة a_2غلوبيولين وترتفع الموجة a_1غلوبيولين,0.7003942131996155,0.6534262895584106,0.6760954856872559,Incorrect
3720,ما هو المركب الذي يتم اصطناعه بدءا من الحموض الأمينية؟,ANSWER: البروتينات,أمونيا,البروتينات,أمونيا,0.6960899829864502,0.7082878351211548,0.7021359205245972,Incorrect
3730,ما هي أعراض فقر الدم بعوز الحديد عند المريض؟,ANSWER: إعياء، شحوب، ضيق تنفس، دوخة.,الشحوب,إعياء، شحوب، ضيق تنفس، دوخة.,الشحوب,0.690009593963623,0.7681369781494141,0.7269802689552307,Correct
3731,ما هي الحالة التي تعاني منها مريضة عمرها 44 سنة تشكو من تعب عام وكانت قيمة البولة الدموية 140 ملغ/دل وقيمة الكرياتنين 6 ملغ/دل وحمض البول 4 ملغ/دل؟,ANSWER: فشل كلوي مزمن,اليوريميا,فشل كلوي مزمن,اليوريميا,0.6736419796943665,0.6710121035575867,0.6723244786262512,Correct
3733,ما هو سبب تشمع الكبد عند مريض عمره 12 سنة؟,ANSWER: مرض فيروسي أو تلقائي (مجهول السبب),داء ويلسون,مرض فيروسي أو تلقائي (مجهول السبب),داء ويلسون,0.6373839378356934,0.6500916481018066,0.6436750292778015,Incorrect
3734,ما هو الاحتمال الأكثر ترجيحاً لسبب تشمع الكبد عند مريض عمره 12 سنة؟,ANSWER: التهاب الكبد الوبائي B أو C,داء ويلسون,التهاب الكبد الوبائي B أو C,داء ويلسون,0.6336182355880737,0.6484185457229614,0.6409329771995544,Incorrect
3736,ما هو تصنيف مريض عنده الغلوكوز 210 ملغ / دل؟,ANSWER: ارتفاع سكر الدم,مريض سكري,ارتفاع سكر الدم,مريض سكري,0.7669811844825745,0.7387035489082336,0.7525768280029297,Incorrect
3737,ما هو تصنيف مريض تم تحليل الغلوكوز الصيامي له فكانت النتيجة 128 ملغ/دل؟,ANSWER: ارتفاع سكر الدم,مريض سكري,ارتفاع سكر الدم,مريض سكري,0.7669811844825745,0.7387035489082336,0.7525768280029297,Incorrect
3738,ما هو المركب الذي يعتبر ايتلين ديامين تترا استات مركباً لاقطاً له؟,ANSWER: مركب الفينول الفوسفاتي (TPA),الكالسيوم,مركب الفينول الفوسفاتي (TPA),الكالسيوم,0.6763355135917664,0.7026123404502869,0.6892235279083252,Incorrect
3739,ما هو المركب الذي يستخدم في تدبير حمى البحر الأبيض المتوسط؟,ANSWER: ديكساميثازون,الكولشيمين,ديكساميثازون,الكولشيمين,0.7714347839355469,0.7704224586486816,0.7709282636642456,Incorrect
3742,ما هو النمط التحسسي الذي يعود إليه داء الفقاع المحرض دوائياً؟,ANSWER: تحسس من النوع أ (I),الثاني.,تحسس من النوع أ (I),الثاني.,0.6034704446792603,0.6632963418960571,0.6319707036018372,Incorrect
3743,ما هي آلية تأثير المركب دابيريدامول؟,ANSWER: تثبيط الإنزيمات المحولة للأنجيوتنسين.,تثبيط PDE,تثبيط الإنزيمات المحولة للأنجيوتنسين.,تثبيط PDE,0.7005642652511597,0.8216856718063354,0.7563062906265259,Incorrect
3774,"ما هي جرعة الدواء عند طفل وزنه 17,5 كغ إذا كانت جرعة البالغ 100 ملغ؟",ANSWER: تناسب تناسبي حسب العمر والوزن,25 ملغ.,تناسب تناسبي حسب العمر والوزن,25 ملغ.,0.5452933311462402,0.607915997505188,0.5749043822288513,Incorrect
3792,ما هو معدل التصفية الكلوية للكرياتينين عند رجل عمره 40 سنة ومستوى كرياتينين الدم 1 ملغ/دل ووزنه 72 كغ؟,ANSWER: 115 مل/دقيقة/كغ,100,115 مل/دقيقة/كغ,100,0.6034555435180664,0.6574554443359375,0.6292992234230042,Incorrect
3804,ما هي الخلايا التي تقوم بإفراز بروتين برفورين الذي يفتح ثقوب في غشاء الخلية الهدف؟,ANSWER: خلايا T القاتلة (CD8+),الخلايا القاتلة.,خلايا T القاتلة (CD8+),الخلايا القاتلة.,0.7722675800323486,0.8763675093650818,0.8210309743881226,Correct
3807,كيف يتأثر الغاز كلما زاد وزنه الجزيئي؟,انخفاض قابلية الذوبان في الماء.,انخفض معدل الانتشار.,انخفاض قابلية الذوبان في الماء.,انخفض معدل الانتشار.,0.7757261991500854,0.8078998327255249,0.7914861440658569,Incorrect
3809,ما هو المبدأ الأساسي للتشتت؟,ANSWER: قانون نيوتن الأول للحركة.,الانتشار,قانون نيوتن الأول للحركة.,الانتشار,0.7134841084480286,0.698378324508667,0.7058504223823547,Incorrect
3810,ما هو العامل الذي يسرع العامل السابع تشكله؟,ANSWER: التمارين الرياضية المنتظمة,الثالث,التمارين الرياضية المنتظمة,الثالث,0.5463391542434692,0.6215943694114685,0.5815422534942627,Incorrect
3813,ما هو السائل الموجود داخل الخلايا؟,ANSWER: السيتوبلازم,السيتوبلازما.,السيتوبلازم,السيتوبلازما.,0.9248560667037964,0.9136515855789183,0.9192196726799012,Correct
3816,ما هي مقدرة شخص على إدراك منبهين لمسيين مطبقين على منطقة من سطح الجسم على أنهما منفصلان؟,ANSWER: التمييز المكاني اللمسي,تمييز حس النقطتين,التمييز المكاني اللمسي,تمييز حس النقطتين,0.7478377819061279,0.7443212866783142,0.7460753321647644,Correct
3817,ما هو سبب عدم قدرة ألياف الجهاز العصبي المركزي على التجدد؟,انعدام الخلايا الجذعية الناضجة.,غياب غمد شوان,انعدام الخلايا الجذعية الناضجة.,غياب غمد شوان,0.6245397329330444,0.6192004680633545,0.6218586564064026,Incorrect
3820,ما هو المجال الذي تكون فيه النسخ السيتولوجية شفافة نسبياً؟,ANSWER: في النخاع النووي.,تحت الأحمر القريب,في النخاع النووي.,تحت الأحمر القريب,0.7324227690696716,0.7315027713775635,0.7319624423980713,Incorrect
3823,ما هو العامل الرئيسي الذي يحدد ارتباط الأكسجين بخضاب الدم؟,ANSWER: تركيز هيم الغلوبين,الضغط الجزئي للأوكسجين في الدم PO2.,تركيز هيم الغلوبين,الضغط الجزئي للأوكسجين في الدم PO2.,0.6990222930908203,0.6957796216011047,0.6973972320556641,Incorrect
3828,ما الذي يؤدي إليه العامل ٣ مع الكالسيوم؟,ANSWER: تكوين النسيج العظمي,تلقيم راجع إيجابي للثرومبين.,تكوين النسيج العظمي,تلقيم راجع إيجابي للثرومبين.,0.7070591449737549,0.6998313665390015,0.703426718711853,Incorrect
3831,متى يزداد الانحلال في التلاسيميا؟,ANSWER: أثناء الطفولة المتأخرة أو البلوغ.,التعرض للشدة والحمى.,أثناء الطفولة المتأخرة أو البلوغ.,التعرض للشدة والحمى.,0.7353057861328125,0.7772279977798462,0.7556859254837036,Incorrect
3832,ما هو الفيتامين الأساسي في عملية تشكيل عوامل التخثر؟,ANSWER: فيتامين ك,K,فيتامين ك,K,0.6119229793548584,0.7214912176132202,0.6622053980827332,Correct
3838,ما هو المستوى من الفيزيولوجيا الذي تنتمي إليه دراسة آلية وتوليد ونقل كوامن الفعل في القلب؟,ANSWER: فيزيولوجيا القلب,النسيجي,فيزيولوجيا القلب,النسيجي,0.683550238609314,0.6858817934989929,0.6847140789031982,Incorrect
3839,أين توجد المستقبلات النيكوتينية؟,ANSWER: في الأعصاب الشوكية والعضلات,العقدة الجيبية الأذينية في القلب,في الأعصاب الشوكية والعضلات,العقدة الجيبية الأذينية في القلب,0.7565197944641113,0.7768160700798035,0.7665335536003113,Incorrect
3848,ما الذي تعتمد عليه سرعة انتشار الأوكسجين عبر غشاء الخلية؟,ANSWER: تدفق الدم و تخلل الأوكسجين,مقدار ذوبانه في الشحوم,تدفق الدم و تخلل الأوكسجين,مقدار ذوبانه في الشحوم,0.6978118419647217,0.7215060591697693,0.7094611525535583,Incorrect
3852,ماذا يحدث عندما يصل التيروكسين إلى المستوى الدوراني المطلوب؟,ANSWER: ينظم التمثيل الأيضي.,تتوقف الغدة النخامية عن افراز THS,ينظم التمثيل الأيضي.,تتوقف الغدة النخامية عن افراز THS,0.7103288173675537,0.6775115728378296,0.6935322284698486,Incorrect
3853,ما هي الوظيفة الرئيسية للعقدة الأذينية البطينية في الحالات السوية؟,ANSWER: تنظيم إيقاع القلب,توليد إشارات تجعلها ناظمة للقلب,تنظيم إيقاع القلب,توليد إشارات تجعلها ناظمة للقلب,0.72841477394104,0.6734053492546082,0.6998307108879089,Correct
3855,ما هي العوامل التي تحرض إفراز عصارة بنكرياسية غنية بالإنزيمات؟,ANSWER: تحفيز عصبي و هرموني.,الأستيل كولين والكوليسيستوكينين,تحفيز عصبي و هرموني.,الأستيل كولين والكوليسيستوكينين,0.668400764465332,0.6165511608123779,0.6414298415184021,Incorrect
3857,أين يتم إعادة امتصاص القسم الأعظم من الماء المرتشح؟,ANSWER: في الأمعاء الدقيقة,النبيبات الدانية,في الأمعاء الدقيقة,النبيبات الدانية,0.7508943676948547,0.7548096179962158,0.7528469562530518,Incorrect
3861,ما هو سبب الصوت الأول للقلب؟,ANSWER: تدفق الدم المؤكسج.,انغلاق الصمامات الأذينية البطينية,تدفق الدم المؤكسج.,انغلاق الصمامات الأذينية البطينية,0.7319481372833252,0.7002594470977783,0.7157531976699829,Incorrect
3866,ما هي الخلايا التي تمتلك أسرع معدل لزوال الاستقطاب؟,ANSWER: خلايا عصبية حسية,العقدة الجيبية الأذينية.,خلايا عصبية حسية,العقدة الجيبية الأذينية.,0.7156538367271423,0.7128314971923828,0.7142398357391357,Incorrect
3868,ما هو الذي وظيفته تسريع عملية تشكل الترومبوبلاستين الصفيحي؟,ANSWER: هرمون الأنجيوتنسين II,العامل السابع,هرمون الأنجيوتنسين II,العامل السابع,0.6224367618560791,0.6956437826156616,0.6570073366165161,Incorrect
3869,ما الذي يعمل على تسهيل الانتقال بين الشهيق والزفير؟,ANSWER: عضلات بين ضلعية صدرية,مركز التنفس الجسري,عضلات بين ضلعية صدرية,مركز التنفس الجسري,0.7016458511352539,0.6788034439086914,0.6900356411933899,Incorrect
3871,ما الذي يزداد في الأسناخ الرئوية؟,ANSWER: السائل أو الدم,بتضيق فوهة القصيبات,السائل أو الدم,بتضيق فوهة القصيبات,0.6966791749000549,0.6490122675895691,0.6720014810562134,Incorrect
3872,ما يعرف بالموجهة الجسدية؟,ANSWER: التوجيه اللمسي,هرمون النمو,التوجيه اللمسي,هرمون النمو,0.7399522066116333,0.7534083724021912,0.746619701385498,Incorrect
3874,ما هي العقدة الرأسية للجهاز العصبي المستقل؟,ANSWER: العقد القاعدية (Submucosa),الوطاء,العقد القاعدية (Submucosa),الوطاء,0.6728492379188538,0.7642795443534851,0.7156559824943542,Incorrect
3876,ما هي المحطة الرئيسية الدماغية التي تتكامل فيها وظائف الجهاز العصبي المستقل مع وظائف البنى العصبية الأخرى؟,ANSWER: المهاد (Thalamus),الوطاء,المهاد (Thalamus),الوطاء,0.7312262058258057,0.8193516731262207,0.7727846503257751,Incorrect
3880,ما هو الناقل العصبي المحرر من طرفيات الألياف بعد العقدية في القسم الودي؟,ANSWER: النورإبينفرين,الاستيل كولين أو النور أدرينالين,النورإبينفرين,الاستيل كولين أو النور أدرينالين,0.753516435623169,0.7278732657432556,0.7404729127883911,Incorrect
3891,ما هو الدور المهم الذي تؤديه خلايا سيرتولي في الخصية؟,ANSWER: إنتاج السبيرمين,تغذية النطاف,إنتاج السبيرمين,تغذية النطاف,0.746452271938324,0.7459280490875244,0.746190071105957,Incorrect
3897,ما هو الذي يروي النسيج الضام للرئة؟,ANSWER: الشُعيرات الدموية الرئوية,الفروع القصبية للأبهر.,الشُعيرات الدموية الرئوية,الفروع القصبية للأبهر.,0.722427487373352,0.7472134232521057,0.7346113920211792,Incorrect
3902,ما هي البوابات التي تتحكم بنفوذية القنوات للشوارد التي تسهم في تشكيل كامن الفعل؟,ANSWER: قنوات الصوديوم والبوتاسيوم,القنوات المبوبة بالفولطاج,قنوات الصوديوم والبوتاسيوم,القنوات المبوبة بالفولطاج,0.6944484710693359,0.717231810092926,0.7056562900543213,Incorrect
3909,ما هي أجهزة التحكم والضبط والمراقبة في الجسم؟,ANSWER: الجهاز العصبي اللاإرادي,العصبى الصماوى,الجهاز العصبي اللاإرادي,العصبى الصماوى,0.7688727378845215,0.7841562032699585,0.7764392495155334,Incorrect
3914,ما هي المواد التي تحررها نهايات المحاوير العصبية في المشابك والموصلات المشبكية؟,ANSWER: نواقل عصبية (ناقلات عصبية),النواقل عصبية,نواقل عصبية (ناقلات عصبية),النواقل عصبية,0.8175984621047974,0.8457299470901489,0.8314263224601746,Correct
3916,ماذا ينقل الترانسفيرين؟,ANSWER: ينقل الحديد.,الحديدي,ينقل الحديد.,الحديدي,0.7526340484619141,0.7897330522537231,0.77073734998703,Correct
3918,ما هو الإحساس الذي يمكن أن يُدرك كلياً في المهاد؟,ANSWER: الإحساس اللمسي والحراري,حس الألم,الإحساس اللمسي والحراري,حس الألم,0.7254909873008728,0.7641149759292603,0.7443022727966309,Incorrect
3919,أين توجد المستقبلات المسكارينية؟,ANSWER: في الجهاز العصبي الذاتي,الخلايا المستجيبة للتنبيه بالعصبونات الكولينية الفعل بعد العقدية,في الجهاز العصبي الذاتي,الخلايا المستجيبة للتنبيه بالعصبونات الكولينية الفعل بعد العقدية,0.7670973539352417,0.7025769948959351,0.7334209084510803,Incorrect
3930,ما هي الزمرة الدموية إذا كانت الكرية الحمراء لا تحوي مولد ارتصاص؟,ANSWER: زمرة دم غير محددة (O),O,زمرة دم غير محددة (O),O,0.6298315525054932,0.7487605214118958,0.6841661334037781,Correct
3935,ما هو ناظم القلب؟,ANSWER: جهاز تنظيم ضربات القلب,العقدة الجيبية.,جهاز تنظيم ضربات القلب,العقدة الجيبية.,0.6661398410797119,0.6739447116851807,0.6700195074081421,Incorrect
3941,ما الذي يشكله الجهاز الانزيمي في الخلايا البطانية السليمة اعتباراً من حمض الاراشيدونيك؟,ANSWER: مسار تحويل أحماض أوميغا-6 الدهنية,الترومبوكسان A2,مسار تحويل أحماض أوميغا-6 الدهنية,الترومبوكسان A2,0.688359260559082,0.6986541152000427,0.693468451499939,Incorrect
3948,ما الذي تتناسب معه سرعة النقل في الألياف العصبية اللانخاعينية؟,ANSWER: عالية جدًا,الجذر التربيعي ل قطر الليف,عالية جدًا,الجذر التربيعي ل قطر الليف,0.7029660940170288,0.6754374504089355,0.6889268755912781,Incorrect
3958,أين تقع أجسام عصبونات المرتبة الثانية للإحساسات المنقولة بمسلك العمود الظهري؟,ANSWER: في الحبل الشوكي,المهاد,في الحبل الشوكي,المهاد,0.7541043758392334,0.7801179885864258,0.7668906450271606,Incorrect
3960,ما هي العوامل التي تتناسب معها سرعة الانتشار البسيط؟,ANSWER: السرعة = المسافة / الزمن,طردا مع مدروج تركيز المادة المنتشرة,السرعة = المسافة / الزمن,طردا مع مدروج تركيز المادة المنتشرة,0.6485121250152588,0.6310089230537415,0.6396408677101135,Incorrect
3962,ما هي آلية تحرر شوارد الكالسيوم من الشبكة الهيولية في العضلات الهيكلية؟,ANSWER: انحلال الارتباط بالترابطات (فوسفاتية),الانتشار,انحلال الارتباط بالترابطات (فوسفاتية),الانتشار,0.6978228092193604,0.7445688843727112,0.7204383611679077,Incorrect
3964,ما الذي يؤكد الدور الأهم للمراكز الشوكية والبصلية في وظيفة الجهاز العصبي المستقل؟,ANSWER: تنسيق الاستجابات اللاإرادية,عدم حدوث تبدلت مهمة في وظائف الجهاز العصبي المستقبل عند قطع جذع الدماغ فوق مستوى البصلة,تنسيق الاستجابات اللاإرادية,عدم حدوث تبدلت مهمة في وظائف الجهاز العصبي المستقبل عند قطع جذع الدماغ فوق مستوى البصلة,0.7170872688293457,0.6998420357704163,0.7083597183227539,Incorrect
3965,ما هو الهدف الأساسي للنقل الفاعل عبر الغشاء؟,ANSWER: نقل الجزيئات عبر الغشاء الخلوي.,الحفاظ على مدروج تركيز مرتفع للمادة عبر الغشاء,نقل الجزيئات عبر الغشاء الخلوي.,الحفاظ على مدروج تركيز مرتفع للمادة عبر الغشاء,0.8253052234649658,0.7381552457809448,0.7793012857437134,Incorrect
3968,ما الذي يتأثر بتغير كمية الأوكسجين في الأسناخ؟,ANSWER: وظيفة الأنسجة والأعضاء,الأوعية الدموية للسنخ,وظيفة الأنسجة والأعضاء,الأوعية الدموية للسنخ,0.7736910581588745,0.7654758095741272,0.7695614695549011,Incorrect
3975,ما هي أقصى مدة لحفظ الدم؟,ANSWER: 42 أيام (في حالة التبرع بالدم الكامل),20 يوم,42 أيام (في حالة التبرع بالدم الكامل),20 يوم,0.6454533338546753,0.7964557409286499,0.7130478024482727,Incorrect
3978,ماذا يحدث عندما تكون تهوية السنخ أعلى من ترويته الدموية؟,ANSWER: نقص الأكسجة (Hypoxia),حيز ميت فيزيولوجي,نقص الأكسجة (Hypoxia),حيز ميت فيزيولوجي,0.6495782136917114,0.646239697933197,0.6479046940803528,Incorrect
4000,ما هي الحالات التي تزداد فيها كمية الماء الموجودة في الأحياز الخاصة؟,ANSWER: زيادة الضغط داخل الأوعية الدموية,الجنب وانصباب الجنب,زيادة الضغط داخل الأوعية الدموية,الجنب وانصباب الجنب,0.6376219391822815,0.6356469392776489,0.6366328597068787,Incorrect
4001,ما هو الهرمون المطلق للموجهة القشرية؟,ANSWER: هرمون الكورتيكوتروبين (ACTH),CRH,هرمون الكورتيكوتروبين (ACTH),CRH,0.5802936553955078,0.6884782314300537,0.6297736763954163,Incorrect
4004,ما هي الشاردة الإيجابية الأساسية في السائل داخل الخلوي؟,ANSWER: أيون الهيدروجين (H+),بوتاسيوم,أيون الهيدروجين (H+),بوتاسيوم,0.6644079089164734,0.6725307703018188,0.6684446930885315,Incorrect
4013,ما هو نوع المصل الذي يحمله شخص من الزمرة الدموية B؟,ANSWER: مصل مضاد للـ A و B,يحوي الراصة Anti A,مصل مضاد للـ A و B,يحوي الراصة Anti A,0.6557866334915161,0.6728023886680603,0.6641855835914612,Incorrect
4016,ما هي الحالة التي يكون فيها انقلاب الصيغة أكثر شيوعاً؟,ANSWER: في الأطفال الرضع.,الأطفال.,في الأطفال الرضع.,الأطفال.,0.7258777618408203,0.8104859590530396,0.7658522129058838,Correct
4026,ما هو حجم الضربة (Stroke Volume)؟,ANSWER: حجم الدم المضخّم في نبضة واحدة.,كمّية الدم التي يضخها البطين الأيمن في ضربة واحدة,حجم الدم المضخّم في نبضة واحدة.,كمّية الدم التي يضخها البطين الأيمن في ضربة واحدة,0.8134407997131348,0.7844914793968201,0.7987039089202881,Correct
4034,ما هي أقصى كمية هواء يمكن استنشاقها زيادة على كمية الحجم الجاري السوية؟,ANSWER: حجم هواء زائد (Hyperventilation),حجم الشهيق المخر,حجم هواء زائد (Hyperventilation),حجم الشهيق المخر,0.673622727394104,0.6816484928131104,0.6776118278503418,Incorrect
4040,ما هي الآلية التي يتم من خلالها التنظيم المديد للجريان الموضعي؟,ANSWER: تنظيم ذاتي (أوتونومي),إفراز الأنجيوجنين وعامل النمو البطاني.,تنظيم ذاتي (أوتونومي),إفراز الأنجيوجنين وعامل النمو البطاني.,0.7003277540206909,0.670724630355835,0.6852065920829773,Incorrect
4045,ما هي الشوارد التي تسبب قوى الجذب بين خيوط الاكتين والميوزين مما يؤدي إلى انزلاق بعضها على بعض؟,ANSWER: أيونات الكالسيوم,الكالسيوم,أيونات الكالسيوم,الكالسيوم,0.8505568504333496,0.9057756662368774,0.8772982358932495,Correct
4060,ما هو الهدف من آلية المزلاج في العضلات الملساء؟,ANSWER: تنظيم تدفق الأيونات وتوليد الإثارة العصبية.,تحافظ على تقلّص مقوٍمديد فى العضلات الملمس باستخدام كمية قليلة جداً من الطاقه,تنظيم تدفق الأيونات وتوليد الإثارة العصبية.,تحافظ على تقلّص مقوٍمديد فى العضلات الملمس باستخدام كمية قليلة جداً من الطاقه,0.7633306980133057,0.6908788681030273,0.7252998948097229,Incorrect
4062,ما هي الخلايا الدبقية التي تشكل جزء من الحاجز الوعائي الدموي؟,ANSWER: خلايا بطانية وعائية,الخلايا النجمية,خلايا بطانية وعائية,الخلايا النجمية,0.7457947731018066,0.7704377770423889,0.7579160332679749,Incorrect
4065,ما هي الآلية التي يتم من خلالها التنظيم المديد للضغط الشرياني؟,ANSWER: تنظيم الجهاز العصبي الذاتي,افراز الانجيوجينين وعامل النمو البطاني,تنظيم الجهاز العصبي الذاتي,افراز الانجيوجينين وعامل النمو البطاني,0.7711808085441589,0.720226526260376,0.7448331713676453,Incorrect
4069,ما هي المستقبلة الأسرع تلاؤماً؟,ANSWER: مستقبلات الألم الحسية,باشيني.,مستقبلات الألم الحسية,باشيني.,0.6579959392547607,0.7142234444618225,0.68495774269104,Incorrect
4074,لماذا لا تتمكن الألياف العصبية المركزية من التجديد؟,ANSWER: عدم وجود خلايا جذعية بالغة في النخاع الشوكي.,عدم وجود غمد شوان,عدم وجود خلايا جذعية بالغة في النخاع الشوكي.,عدم وجود غمد شوان,0.6631826162338257,0.7226483821868896,0.6916396617889404,Incorrect
4083,ما هي كمية الهواء الموجودة في الرئتين في نهاية شهيق سوي؟,ANSWER: حجم وظيفي 6 لتر,السعة الوظيفية المدخرة + الحجم الجاري,حجم وظيفي 6 لتر,السعة الوظيفية المدخرة + الحجم الجاري,0.701151967048645,0.6876052021980286,0.6943125128746033,Incorrect
4086,ما هي الفائدة الوظيفية من التأخير الزمني لكامن الفعل لمدة 0.1 ثانية عند مروره في العقدة الأذينية البطينية؟,ANSWER: تنظيم إيقاع القلب,إنهاء تقلص الأذينات قبل تقلص البطينات,تنظيم إيقاع القلب,إنهاء تقلص الأذينات قبل تقلص البطينات,0.7092229127883911,0.6771679520606995,0.6928248405456543,Incorrect
4093,ما هي المواد التي يقتصر عليها الامتصاص المعدي؟,ANSWER: الدهون والسكريات والأحماض الأمينية.,الماء والشوارد,الدهون والسكريات والأحماض الأمينية.,الماء والشوارد,0.7095751762390137,0.7313697338104248,0.7203075885772705,Incorrect
4094,ما هو المركب الذي يتشكل من تفاعل الهيموغلوبين مع حمض أو قلوي؟,ANSWER: مركب الهيموغلوبين الحر (Methemoglobin),هيماتين.,مركب الهيموغلوبين الحر (Methemoglobin),هيماتين.,0.5821895599365234,0.7062917947769165,0.6382641196250916,Incorrect
4095,ما الذي يتناسب إفراغه عكسياً مع إفراغ الهيدروجين؟,ANSWER: تدفق الإلكترونات,البوتاسيوم,تدفق الإلكترونات,البوتاسيوم,0.721389889717102,0.7500135898590088,0.7354233264923096,Incorrect
4096,ما هو الغشاء الكبيبي نفوذ له؟,ANSWER: الغشاء الباطن للكلية,الالبومين.,الغشاء الباطن للكلية,الالبومين.,0.6877217292785645,0.7385282516479492,0.7122200131416321,Incorrect
4097,ما هو المسؤول عن إرسال السيالات في العصبونات؟,ANSWER: الناقلات العصبية,المحوار,الناقلات العصبية,المحوار,0.7509032487869263,0.7697563171386719,0.7602128982543945,Incorrect
4098,ما هو المستوى الذي يعتبر ضخ الدم مثالاً على دراسته؟,ANSWER: مستوى الجهاز الدوري,الأعضاء,مستوى الجهاز الدوري,الأعضاء,0.7124298810958862,0.7153502702713013,0.7138870358467102,Incorrect
4101,ما هي العملية التي يتم بها تحويل النورادرينالين إلى أدرينالين؟,ANSWER: تحويل فيزيولوجي في الغدة الكظرية,ميتلة,تحويل فيزيولوجي في الغدة الكظرية,ميتلة,0.6182622909545898,0.6974554657936096,0.6554756164550781,Incorrect
4103,ما الذي يشكل جسراً بين ألياف الكولاجين والصفيحات الدموية؟,ANSWER: خلايا النسيج الضام,الترومبوكسان A2,خلايا النسيج الضام,الترومبوكسان A2,0.7122334241867065,0.6983186602592468,0.7052074670791626,Incorrect
4108,ما هي الفائدة الوظيفية من وجود الكليونات المجاورة للّب؟,ANSWER: توفير الحماية والدعم للّب.,زيادة القدرة على تكثيف البول,توفير الحماية والدعم للّب.,زيادة القدرة على تكثيف البول,0.7133675813674927,0.7016056776046753,0.7074377536773682,Incorrect
4121,ما هو السبب الذي يحمي العضلة القلبية من التكزز؟,ANSWER: تدفق الدم الغني بالأكسجين.,طول فترة كامن فعل الليف العضلي القلبي,تدفق الدم الغني بالأكسجين.,طول فترة كامن فعل الليف العضلي القلبي,0.7110397815704346,0.7155474424362183,0.7132864594459534,Incorrect
4122,ما هو الهرمون الذي يخضع لتأثير مزدوج منبه ومثبط من الوطاء؟,ANSWER: هرمون النمو (GH),GH,هرمون النمو (GH),GH,0.6932235956192017,0.7904579639434814,0.738654613494873,Correct
4127,أين تقع المساحة الصغرى في ساحة الحس الأولية عند الإنسان؟,ANSWER: أسفل التلفيف الجبهي السفلي,الجذع,أسفل التلفيف الجبهي السفلي,الجذع,0.6902822852134705,0.7157708406448364,0.7027955651283264,Incorrect
4131,ما هو مصدر الATP الذي تحتاجه الليفات العضلية بشدة؟,ANSWER: الجليكوليز الغليكوليتيك,المتقدرات الغزيرة الموازية للبيفات,الجليكوليز الغليكوليتيك,المتقدرات الغزيرة الموازية للبيفات,0.6829029321670532,0.6867130398750305,0.6848026514053345,Incorrect
4134,ما هو الذي يفعل السبيل الخارجي للتخثر؟,ANSWER: يُحفز تكوين الخثرة.,رض الأنسجة,يُحفز تكوين الخثرة.,رض الأنسجة,0.7139996886253357,0.7513222098350525,0.7321856617927551,Incorrect
4137,ما الذي تتناسب معه سرعة انتشار الغاز عبر الغشاء التنفسي عكسياً؟,ANSWER: ضغط الغاز وسمك الغشاء,ثخانة الغشاء,ضغط الغاز وسمك الغشاء,ثخانة الغشاء,0.8270988464355469,0.8516123294830322,0.839176595211029,Incorrect
4147,ما هي القيمة العظمى لضغط الأوكسجين في الأسناخ عند زيادة التهوية السنخية في الحالات السوية؟,ANSWER: 100 ملم زئبق,149 ملم زئبقي,100 ملم زئبق,149 ملم زئبقي,0.8941135406494141,0.8941135406494141,0.8941135406494141,Incorrect
4148,أين يحدث الامتصاص بشكل أساسي؟,ANSWER: الأمعاء الدقيقة,الامعاء الدقيقة,الأمعاء الدقيقة,الامعاء الدقيقة,0.9601823091506958,0.9601823091506958,0.9601823091506958,Correct
4149,ما هو الهرمون الذي يتم إفرازه نتيجة الشدة (الكروب)؟,ANSWER: هرمون الكورتيزول,الكورتيزول,هرمون الكورتيزول,الكورتيزول,0.8770245313644409,0.935872197151184,0.9054932594299316,Correct
4152,ما هي آلية تحرر شوارد الكالسيوم من الشبكة الهيولية في العضلات الهيكلية؟,ANSWER: انحلال الارتباط بالترابطات (فوسفاتية),الانتشار,انحلال الارتباط بالترابطات (فوسفاتية),الانتشار,0.6978228092193604,0.7445688843727112,0.7204383611679077,Incorrect
4157,ماذا يسبب التنبيه اللاودي على القلب؟,ANSWER: زيادة معدل ضربات القلب,تباطؤ ضربات القلب.,زيادة معدل ضربات القلب,تباطؤ ضربات القلب.,0.8790828585624695,0.8530706763267517,0.8658815026283264,Incorrect
4159,ما هو المسؤول عن زوال الاستقطاب؟,ANSWER: تدهور الغشاء الخلوي.,دخول شوارد الصوديوم,تدهور الغشاء الخلوي.,دخول شوارد الصوديوم,0.7567575573921204,0.7534016966819763,0.7550759315490723,Incorrect
4164,ما هو الرقم الهيدروجيني الطبيعي للبول؟,ANSWER: 4.5 - 8.0,بين 4.7 و 8,4.5 - 8.0,بين 4.7 و 8,0.8043928146362305,0.8027359247207642,0.8035634756088257,Correct
4172,ماذا يحدث عند وصول كمية كبيرة من NaCl إلى اللطخة الكثيفة؟,ANSWER: تمدد الخلايا وتلفها,تقبيض الشرين الوارد,تمدد الخلايا وتلفها,تقبيض الشرين الوارد,0.7276989817619324,0.7136770486831665,0.7206198573112488,Incorrect
4175,ما هي كمية الدم التي تمر في نقطة معينة من الدوران خلال فترة محددة من الزمن؟,ANSWER: تدفق الدم (Flow),تدفق الدم,تدفق الدم (Flow),تدفق الدم,0.8509761095046997,0.9271761775016784,0.887443482875824,Correct
4179,ما هو الانزيم المعوي الذي يقوم بهضم الدسم في الأمعاء؟,ANSWER: ليباز البنكرياس,الليباز,ليباز البنكرياس,الليباز,0.7512742877006531,0.7986453771591187,0.7742359638214111,Correct
4193,ماذا يسبب نقص فيتامين B12 وحمض الفوليك؟,ANSWER: فقر الدم الانحلالي الضخم الأروماتي,فقر دم زائد الصباغ زائد الحجم,فقر الدم الانحلالي الضخم الأروماتي,فقر دم زائد الصباغ زائد الحجم,0.7076547145843506,0.7218684554100037,0.7146909236907959,Incorrect
4195,ما هي وظيفة الصمامات القلبية؟,ANSWER: تنظيم تدفق الدم.,توجيه مجرى الدم باتجاه واحد,تنظيم تدفق الدم.,توجيه مجرى الدم باتجاه واحد,0.8096041679382324,0.7506431341171265,0.7790096402168274,Correct
4196,ما هو المستوى الذي يعد عليه تنظيم الضغط الشرياني؟,ANSWER: مستوى الجهاز العصبي الذاتي,الأجهزه,مستوى الجهاز العصبي الذاتي,الأجهزه,0.6559689044952393,0.680785059928894,0.6681466102600098,Incorrect
4202,ما هو نوع العضلات الذي يمتاز بخاصية الارتخاء بعد الكرب؟,ANSWER: عضلات استرخائية (مخططة),العضلات وحيدة الوحدة الحشوية,عضلات استرخائية (مخططة),العضلات وحيدة الوحدة الحشوية,0.7730989456176758,0.7676535844802856,0.7703666687011719,Incorrect
4209,ما هو أسرع أجزاء الجهاز الناقل في القلب في توصيل السيالة؟,ANSWER: عقدة أذينية بطينية (AV node),ألياف بوركنج.,عقدة أذينية بطينية (AV node),ألياف بوركنج.,0.6407488584518433,0.6519497632980347,0.6463007926940918,Incorrect
4219,ما هو اسم الأسناخ التي يصلها دم ولا يصلها هواء؟,ANSWER: الأسناخ الرئوية,التحويلة الفيزيولوجية,الأسناخ الرئوية,التحويلة الفيزيولوجية,0.7543702721595764,0.7224889993667603,0.7380855083465576,Incorrect
4221,ما هي الطريقة التي يمكن بها تحرير النص الفعال حيوياً بتقنية الأسر الصوتي؟,ANSWER: تحرير النص الصوتي في الوقت الفعلي,تفعيله بالامتصاص مستدعي الفوتونه,تحرير النص الصوتي في الوقت الفعلي,تفعيله بالامتصاص مستدعي الفوتونه,0.6917300224304199,0.6851153373718262,0.6884068250656128,Incorrect
4222,ما هي الشاردة ذات التركيز الأكبر داخل العصبون؟,ANSWER: السيتوبلازم,البوتاسيوم,السيتوبلازم,البوتاسيوم,0.8107718229293823,0.8258647322654724,0.8182486891746521,Incorrect
4223,ما هو العظم الذي يتمفصل معه الغضروف الطرجهالي؟,ANSWER: عظم الوتدة (Hyoid bone),الغضروف الحلقي,عظم الوتدة (Hyoid bone),الغضروف الحلقي,0.6918919086456299,0.7058984041213989,0.6988250017166138,Incorrect
4226,ماذا يحدث في طور الانقباض الأذيني؟,ANSWER: انقباض عضلات الأذينين.,الصمامات الأذينية البطينية مفتوحة و السينية مغلقة,انقباض عضلات الأذينين.,الصمامات الأذينية البطينية مفتوحة و السينية مغلقة,0.7305034399032593,0.6989473104476929,0.7143770456314087,Incorrect
4231,ما هو الحجم الرئوي الذي يزداد مع التقدم بالعمر؟,ANSWER: حجم الرئتين يتناقص مع التقدم بالعمر.,الحجم المتبقي.,حجم الرئتين يتناقص مع التقدم بالعمر.,الحجم المتبقي.,0.7080668807029724,0.7607475519180298,0.7334625720977783,Incorrect
4237,ما الذي يحرض إفراز عصارة غنية بالإنزيمات الهاضمة من البنكرياس؟,ANSWER: إشارات عصبية هرمونية.,CCK,إشارات عصبية هرمونية.,CCK,0.6455202698707581,0.6787586808204651,0.6617223620414734,Incorrect
4243,ما الذي يتمثل به زوال استقطاب البطينات على مخطط القلب؟,ANSWER: عدم انتظام نظم القلب,الموجة QRS.,عدم انتظام نظم القلب,الموجة QRS.,0.6683329939842224,0.6969181299209595,0.6823263168334961,Incorrect
4245,ما هو العامل المحرض على زيادة إفراز الألدوستيرون؟,ANSWER: نقص بوتاسيوم الدم,زيادة تركيز البوتاسيوم في السائل خارج الخلوي,نقص بوتاسيوم الدم,زيادة تركيز البوتاسيوم في السائل خارج الخلوي,0.8312844038009644,0.746733546257019,0.7867438197135925,Incorrect
4246,ما هي الطريقة المستخدمة لحل الخثرة إذا تشكلت في أوعية القلب والرئتين؟,ANSWER: تخثر الدماء الموجه بالدواء (THROMBOLYSIS),البلازمين,تخثر الدماء الموجه بالدواء (THROMBOLYSIS),البلازمين,0.6543289422988892,0.7040473818778992,0.6782783269882202,Incorrect
4247,ما الذي تسمح به خاصية الارتخاء بعد الكرب للأعضاء الجوفاء التي تحوي عضلات ملساء؟,ANSWER: زيادة تدفق الدم,المحافظة على مقدار الضغط نفسه على الرغم من تغير الحجم ضمن حدود معينة,زيادة تدفق الدم,المحافظة على مقدار الضغط نفسه على الرغم من تغير الحجم ضمن حدود معينة,0.7321195602416992,0.6874805688858032,0.709098219871521,Incorrect
4249,ما هو معدل التهوية السنخية؟,ANSWER: تدفق الهواء في الثنايا السنخية.,كمية الهواء الذي يصل للمناطق التنفسية مضروب,تدفق الهواء في الثنايا السنخية.,كمية الهواء الذي يصل للمناطق التنفسية مضروب,0.7735878229141235,0.7609248161315918,0.7672041058540344,Incorrect
4255,متى يتوقف التقلص العضلي؟,ANSWER: عند الوصول إلى الأقصى جهد.,ارتباط الكالسيوم بالتربونين,عند الوصول إلى الأقصى جهد.,ارتباط الكالسيوم بالتربونين,0.6995533108711243,0.6466830968856812,0.6720799803733826,Incorrect
4258,ما هي عصبونات المرتبة الثانية في المسلك الظهري؟,ANSWER: عصبونات داعمة (Interneurons),النواتين الناحلة واإلسفينية,عصبونات داعمة (Interneurons),النواتين الناحلة واإلسفينية,0.661549985408783,0.6270954608917236,0.6438621282577515,Incorrect
4265,ما هو القشراني المعدني الرئيسي؟,ANSWER: الكولاجين النوع الثاني,الالدوسترون (معدني),الكولاجين النوع الثاني,الالدوسترون (معدني),0.7513011693954468,0.7241462469100952,0.7374738454818726,Incorrect
4266,ما هي أقل أنسجة الجسم البشري احتواءً على الماء؟,ANSWER: الشحوم,الدهنى,الشحوم,الدهنى,0.8317285776138306,0.8693119287490845,0.8501050472259521,Correct
4270,ما هو طليعة الانزيم الذي يتحول إلى شكله الفعال تحت تأثير الخنثرين؟,ANSWER: بروتين بروميلين,العامل الحادي عشر,بروتين بروميلين,العامل الحادي عشر,0.6601387858390808,0.6719655990600586,0.6659996509552002,Incorrect
4277,ما هي الآلية التي يستطيع من خلالها الجهاز التنفسي تأمين كميات كبيرة من الأكسجين أثناء التمارين المجهدة؟,ANSWER: زيادة تدفق الهواء وتوسع الأكياس الهوائية,يحصل كامل التبادل الغازي للأكسجين خلال قطع الدم ثلث المسافة عبر الوعاء الشعري.,زيادة تدفق الهواء وتوسع الأكياس الهوائية,يحصل كامل التبادل الغازي للأكسجين خلال قطع الدم ثلث المسافة عبر الوعاء الشعري.,0.7075828313827515,0.6915911436080933,0.6994955539703369,Incorrect
4278,ما الذي يحول الببسين إلى مولد ببسين؟,ANSWER: التحفيز الهضمي والهرمونات.,حمض كلور الماء,التحفيز الهضمي والهرمونات.,حمض كلور الماء,0.6528007984161377,0.6595817804336548,0.6561737656593323,Incorrect
4280,ما هي الوظائف التي يتآزر فيها الجهازان الودي واللاودي؟,ANSWER: تنظيم ضغط الدم ونبض القلب,تنظيم افراز اللعاب,تنظيم ضغط الدم ونبض القلب,تنظيم افراز اللعاب,0.7323952913284302,0.7546842098236084,0.7433727383613586,Incorrect
4281,من أين يتم إفراز الإريثروبويتين؟,ANSWER: خلايا النخاع العظمي,الكلية,خلايا النخاع العظمي,الكلية,0.6079171895980835,0.7201694846153259,0.6592994928359985,Incorrect
4282,ما الجزء من الأجسام الضدية من IgG التي يتم قطعها وأخذها في المراكز الحديثة؟,ANSWER: الفراغات الهيدروفوبية,الجزء المفرط التغير,الفراغات الهيدروفوبية,الجزء المفرط التغير,0.7136623859405518,0.735593318939209,0.7244619131088257,Incorrect
4284,ما الذي يؤدي إلى نقصان حجم الدفقة بزيادته؟,ANSWER: تضيق الأوعية الدموية,معدل دقات القلب.,تضيق الأوعية الدموية,معدل دقات القلب.,0.7420239448547363,0.7767747640609741,0.7590018510818481,Incorrect
4285,ما تدعى الترنجات العشوائية لشدة الإشعاع المترابط المنتشرة انتشاراً متعدداً؟,ANSWER: تلوث إشعاعي متعدد المصادر,البقع,تلوث إشعاعي متعدد المصادر,البقع,0.6765139102935791,0.7187134623527527,0.6969754695892334,Incorrect
4286,ما هو المسؤول عن إعادة الاستقطاب؟,ANSWER: الخلايا الشوكية (دوبامين),دخول شوارد الصوديوم,الخلايا الشوكية (دوبامين),دخول شوارد الصوديوم,0.7225160598754883,0.7003684639930725,0.7112699151039124,Incorrect
4287,ما هي المادة التي تشتق منها الهرمونات الأمينية؟,ANSWER: الأحماض الأمينية,التيروزين,الأحماض الأمينية,التيروزين,0.5896618962287903,0.6189623475074768,0.6039569973945618,Incorrect
4296,كيف يؤدي التأثير الحاصر غير المباشر تأثيره على الجهاز العصبي المستقل؟,ANSWER: بتعديل نشاط الغدد الصماء.,إنقاص فعالية العصبون قبل المشبكي,بتعديل نشاط الغدد الصماء.,إنقاص فعالية العصبون قبل المشبكي,0.7783890962600708,0.7502762079238892,0.7640742063522339,Incorrect
4297,ما هو الطريق الهندسي الذي يمكن للضوء أن يقطعه في الخلاء مضروبا بقرينة انكسار الوسط؟,ANSWER: مسار مستقيم,المسار الضوئي,مسار مستقيم,المسار الضوئي,0.780925989151001,0.7701609134674072,0.7755061388015747,Incorrect
4298,ما هي الألياف العصبية التي تتميز بالنقل القفزي؟,ANSWER: الألياف اللامنتشرة,الألياف المغمدة بالنخاعين,الألياف اللامنتشرة,الألياف المغمدة بالنخاعين,0.8739142417907715,0.8019793629646301,0.8364030122756958,Incorrect
4299,ما هو الكمون تقريباً عندما يتكون الليف نفوذ لشوارد البوتاسيوم فقط؟,ANSWER: قنوات البوتاسيوم الممررة,سالب 94 ميلي فولط,قنوات البوتاسيوم الممررة,سالب 94 ميلي فولط,0.6255166530609131,0.6169873476028442,0.621222734451294,Incorrect
4302,ماذا ينقص في حال نقص المتناول من الماء؟,ANSWER: الجفاف,حجم البول,الجفاف,حجم البول,0.7498772144317627,0.7580348253250122,0.7539339661598206,Incorrect
4307,ما هو الجزء الذي يملك فعالية ATPase؟,ANSWER: المُنْتَظِمُاتُ الخلوية,رأس الميوزين,المُنْتَظِمُاتُ الخلوية,رأس الميوزين,0.6006631851196289,0.7096116542816162,0.6506078839302063,Incorrect
4308,أين يوجد مركز العطش؟,ANSWER: الهيبوثلاموس,الوطاء,الهيبوثلاموس,الوطاء,0.7460631132125854,0.7887187004089355,0.7667981386184692,Correct
4310,أين يحدث الامتصاص بشكل رئيسي؟,ANSWER: الأمعاء الدقيقة,أمعاء دقيقة,الأمعاء الدقيقة,أمعاء دقيقة,0.767510712146759,0.8150711059570312,0.7905762791633606,Correct
4311,ما هو الناقل العصبي الذي تحرره الألياف قبل العقدية في القسمين الودي ونظير الودي؟,ANSWER: النورإبينفرين,الأستيل كولين,النورإبينفرين,الأستيل كولين,0.7538270950317383,0.7521709203720093,0.7529981136322021,Incorrect
4315,ما هو الصوت الذي يسمع عند بدء الانبساط البطيني؟,ANSWER: صوت الانقباض (Snoring),الثاني,صوت الانقباض (Snoring),الثاني,0.5898001194000244,0.6650669574737549,0.6251762509346008,Incorrect
4317,ما الذي يُنقص الإفراز المعدي؟,ANSWER: نقص الهضم أو الامتصاص,السكرتين,نقص الهضم أو الامتصاص,السكرتين,0.6975041031837463,0.7272999882698059,0.7120904922485352,Incorrect
4321,كيف يتم إلغاء التأثير التثبيطي للتروبونين؟,ANSWER: بزيادة مستويات الكالسيوم داخل الخلية.,الكالسيوم,بزيادة مستويات الكالسيوم داخل الخلية.,الكالسيوم,0.6707437038421631,0.7927807569503784,0.7266741394996643,Correct
4322,ما هي الوظائف التي يتآزر فيها القسمين الودّي ونظير الودّي للجهاز العصبي المستقل؟,ANSWER: تنظيم الوظائف الأيضية والتوازن الداخلي,تنظيم إفراز اللعاب,تنظيم الوظائف الأيضية والتوازن الداخلي,تنظيم إفراز اللعاب,0.7069427967071533,0.7653077840805054,0.734968364238739,Incorrect
4332,ماذا يؤدي نقص تركيز الأوكسجين في الأسناخ؟,ANSWER: فشل تنفسي,تقبض الأوعية الدموية لهذه الأسناخ.,فشل تنفسي,تقبض الأوعية الدموية لهذه الأسناخ.,0.7058655023574829,0.6778997182846069,0.6916000247001648,Incorrect
4335,ما هي الظاهرة التي تحدث عندما تتجمع المراكز المثارة ويستطيع الإشعاع أن ينتشر مرات كثيرة؟,ANSWER: تعدد الانتشار (تكرار الإثارة),الانتثار المتعدد,تعدد الانتشار (تكرار الإثارة),الانتثار المتعدد,0.7463697791099548,0.7567723393440247,0.7515351176261902,Correct
4341,ما هو المسؤول عن تحفيز تحرر الكالسيوم من الشبكة الهيولية؟,ANSWER: جهاز جابونيك (Inositol trisphosphate),كامن الفعل,جهاز جابونيك (Inositol trisphosphate),كامن الفعل,0.552820086479187,0.6497678756713867,0.5973862409591675,Incorrect
4343,ما هي آلية عمل الحاصرات الغير مباشرة في الجهاز العصبي المستقل؟,ANSWER: تعديل نشاط النقل العصبي دون التأثير المباشر على الخلايا العصبية.,تنقص فعالية العصبون قبل المشبكي,تعديل نشاط النقل العصبي دون التأثير المباشر على الخلايا العصبية.,تنقص فعالية العصبون قبل المشبكي,0.7727762460708618,0.7677466869354248,0.7702532410621643,Incorrect
4349,ما هو نمط المستقبلات الموجودة في العضو؟,ANSWER: مستقبلات حسية خلوية,إرخاء مصرة المثانة,مستقبلات حسية خلوية,إرخاء مصرة المثانة,0.6990668773651123,0.6988677978515625,0.6989673376083374,Incorrect
4352,ما الذي يؤدي إلى انخفاض ضغط الدم عند زيادته؟,ANSWER: توسع الأوعية الدموية,قطر الاوعية الدموية,توسع الأوعية الدموية,قطر الاوعية الدموية,0.8453874588012695,0.8559439778327942,0.8506330251693726,Correct
4353,ما هي الحالات التي تنقص فيها سرعة موجة النبض؟,ANSWER: ضعف القلب أو انسداد الشريان الأورطي.,بازدياد المرونة.,ضعف القلب أو انسداد الشريان الأورطي.,بازدياد المرونة.,0.7417050004005432,0.7855868935585022,0.7630155682563782,Incorrect
4356,ما هي الخلايا التي تستجيب للعصبونات بعد العقد اللاودية؟,ANSWER: خلايا بينية عصبية,الأستيل كولين,خلايا بينية عصبية,الأستيل كولين,0.69810551404953,0.6806493997573853,0.6892669796943665,Incorrect
4360,ما هو الجزء من النفرون الكتيم تماماً للماء؟,ANSWER: أنبوب الجمع,الجزء الصاعد من عروة هانله,أنبوب الجمع,الجزء الصاعد من عروة هانله,0.7470105886459351,0.7077107429504395,0.7268297672271729,Incorrect
4361,أين يتم تخرب الكريات الحمر بشكل رئيسي؟,في النخاع العظمي.,الطحال,في النخاع العظمي.,الطحال,0.6974335312843323,0.7188749313354492,0.7079920172691345,Incorrect
4367,ما هو العامل الأساسي الذي يحدد ارتباط الخضاب بالأوكسجين؟,ANSWER: تفاعل الهيموغلوبين مع الأوكسجين.,ضغط الأوكسجين في الدم.,تفاعل الهيموغلوبين مع الأوكسجين.,ضغط الأوكسجين في الدم.,0.8381365537643433,0.8682962656021118,0.852949857711792,Incorrect
4369,ما هو العامل الذي تفرزه الكلية ويؤثر في تشكيل الكريات الحمر؟,ANSWER: إريتروبويتين (EPO),التروميو موديولين,إريتروبويتين (EPO),التروميو موديولين,0.7153338193893433,0.7296059727668762,0.7223993539810181,Incorrect
4371,إلام يؤدي زيحان منحنى تفارق الأكسجين الخضاب نحو اليمين؟,ANSWER: انخفاض تدفق الدم إلى الأطراف,نقص النسبة المئوية لإشباع الخضاب بالأكسجين,انخفاض تدفق الدم إلى الأطراف,نقص النسبة المئوية لإشباع الخضاب بالأكسجين,0.751706063747406,0.7324994802474976,0.7419785261154175,Incorrect
4373,ما الذي يشكل غمد النخاعين في الجهاز العصبي المركزي؟,ANSWER: المحاور العصبية,الخلايا الدبقية قليلة التغصنات,المحاور العصبية,الخلايا الدبقية قليلة التغصنات,0.748992919921875,0.7342313528060913,0.7415387034416199,Incorrect
4378,ما الذي يثبط إفراز الـ FSH؟,ANSWER: انخفاض هرمون التستوستيرون.,البروجسترون,انخفاض هرمون التستوستيرون.,البروجسترون,0.7018368244171143,0.7514424324035645,0.7257930040359497,Incorrect
4385,ماذا تمثل الموجة QRS؟,ANSWER: موجة انقباض القلب,زوال استقطاب البطينين,موجة انقباض القلب,زوال استقطاب البطينين,0.7785890102386475,0.7560495138168335,0.7671537399291992,Incorrect
4402,ما الذي يعتمد عليه هرمون النمو في تأثيره على الخلية الهدف؟,ANSWER: على مستقبلات هرمون النمو,السوماتوميدين,على مستقبلات هرمون النمو,السوماتوميدين,0.6716415286064148,0.6888391971588135,0.6801316142082214,Incorrect
4405,ما الذي يضمن سرعة توصيل كامن الفعل إلى جميع أنحاء الليف العضلي؟,ANSWER: نظام النقل النشط (العضلي),انابيب المستعرضة,نظام النقل النشط (العضلي),انابيب المستعرضة,0.7224782705307007,0.7180688381195068,0.7202667593955994,Incorrect
4406,ما الذي يسمع بوضوح في الحالة الطبيعية للإنسان؟,ANSWER: الصوت الطبيعي للكلام,الصوتان الأول و الثاني,الصوت الطبيعي للكلام,الصوتان الأول و الثاني,0.7451920509338379,0.6980386972427368,0.720845103263855,Incorrect
4410,ماذا يحدث لمعدل الترشيح الكبيبي عندما يصبح ضغط الدم 100 ممز؟,ANSWER: ينخفض معدل الترشيح الكبيبي.,يبقي ثابتا,ينخفض معدل الترشيح الكبيبي.,يبقي ثابتا,0.6906114220619202,0.725773811340332,0.7077561616897583,Incorrect
4414,ما هو المستوى الذي يعد عليه تنظيم الضغط الشرياني؟,ANSWER: مستوى الجهاز العصبي الذاتي,الأجهزة,مستوى الجهاز العصبي الذاتي,الأجهزة,0.6629838943481445,0.7230398058891296,0.6917107105255127,Incorrect
4424,ما الذي يثبط فعالية جهاز الهضم؟,ANSWER: التوتر والتوتر النفسي,التنبيه اللاودي.,التوتر والتوتر النفسي,التنبيه اللاودي.,0.7711805105209351,0.7765936255455017,0.7738776206970215,Incorrect
4437,ما هي الأسباب التي تُعزى إليها ظاهرة الانتشار الخلفي المترابط؟,ANSWER: اضطرابات في الألياف العصبية اللفيفية,تموضع ضعيف,اضطرابات في الألياف العصبية اللفيفية,تموضع ضعيف,0.6447813510894775,0.674548327922821,0.6593289971351624,Incorrect
4441,ما الذي يحدث مباشرة قبل صوت القلب الثاني؟,ANSWER: انقباض البطين الأيمن,الموجة T.,انقباض البطين الأيمن,الموجة T.,0.6888186931610107,0.7051883339881897,0.6969074606895447,Incorrect
4444,ما هو الأنزيم المعوي الذي يحول مولد التربسين إلى تربسين؟,ANSWER: التربسينوجين (Trypsinogen),الإنتيروكيناز,التربسينوجين (Trypsinogen),الإنتيروكيناز,0.6793146133422852,0.7155987024307251,0.6969847679138184,Incorrect
4448,ما هي أهمية التأخير الذي يحدث أثناء مرور كامن الفعل في العقدة الأذينية البطينية؟,ANSWER: تنسيق انقباض القلب,كل ما سبق صحيح.,تنسيق انقباض القلب,كل ما سبق صحيح.,0.6676689386367798,0.6981056928634644,0.6825481653213501,Incorrect
4449,ما هو سبب ظهور طور الهضبة في كامن فعل العضلة القلبية؟,ANSWER: زيادة طول الفاصل بين الألياف العضلية.,دخول شوارد الكالسيوم.,زيادة طول الفاصل بين الألياف العضلية.,دخول شوارد الكالسيوم.,0.728140115737915,0.737460732460022,0.7327707409858704,Incorrect
4452,ما الأقنية التي يسبب انتفاحها بطور الهضبة في كمون عمل الليف العضلي القلبي؟,ANSWER: أقنية كيسية قلبية,الكالسيوم,أقنية كيسية قلبية,الكالسيوم,0.6676415205001831,0.6688435077667236,0.6682419776916504,Incorrect
4471,ما هو المخطط الذي عبارة عن صندوق ذو قرنين ممتدين بشكل موازي للمحور الشاقولي الذي تتوزع عليه القياسات؟,ANSWER: مخطط بياني ثنائي الأبعاد,المخطط الصندوقي,مخطط بياني ثنائي الأبعاد,المخطط الصندوقي,0.7751184701919556,0.8018859028816223,0.7882750034332275,Incorrect
4474,ما هو المقياس الذي يسمح بترتيب السمات دون اعتبار لتساوي الفروق بين أي رتبتين؟,ANSWER: مقياس رتب غير متساوي.,الرتبي,مقياس رتب غير متساوي.,الرتبي,0.6746411323547363,0.6981672644615173,0.6862025856971741,Correct
4475,ماذا يعني أن تكون قيمة معامل الارتباط تساوي −0.92؟,ANSWER: ارتباط قوي سلبي,وجود علاقة عكسية قوية,ارتباط قوي سلبي,وجود علاقة عكسية قوية,0.8400681018829346,0.8353760838508606,0.8377155661582947,Correct
4477,ما هي مصادر البيانات السكانية؟,ANSWER: المسوحات والتقارير الحكومية والإحصائيات الوطنية.,التعداد ومسوح العينة والسجلات السكانية,المسوحات والتقارير الحكومية والإحصائيات الوطنية.,التعداد ومسوح العينة والسجلات السكانية,0.7579741477966309,0.7775904536247253,0.7676569223403931,Incorrect
4478,ماذا نحصل عليه بعد تحديد مجتمع الدراسة والعينة وقياس قيم المتغير على أفراد العينة؟,ANSWER: تحليل البيانات و الاستنتاجات,البيانات الخام,تحليل البيانات و الاستنتاجات,البيانات الخام,0.7250950932502747,0.7381144762039185,0.7315468192100525,Incorrect
4480,ما هو نوع المتغير الذي يمثله عدد الكريات الحمر؟,ANSWER: حجم الكريات الحمراء (RBC),عشوائي منفصل,حجم الكريات الحمراء (RBC),عشوائي منفصل,0.6499519944190979,0.656852662563324,0.6533841490745544,Incorrect
4481,ما هو المقياس الذي تكون فيه قيمة الصفر نسبية وليست مطلقة؟,ANSWER: مقياس الألم النسبي,المقياس الفتروي,مقياس الألم النسبي,المقياس الفتروي,0.7920399904251099,0.805279552936554,0.7986049056053162,Incorrect
4482,ما هو مخطط تنظيم البيانات الذي يشبه أسلوب الجداول التكرارية والأعمدة؟,ANSWER: مخطط تكراري عمودي,مخطط الساق والورقة,مخطط تكراري عمودي,مخطط الساق والورقة,0.790005087852478,0.7662339210510254,0.7779379487037659,Incorrect
4484,ما هو التوقع الرياضي للعدد الثابت؟,ANSWER: توقع احتمالي قائم على البيانات السابقة.,العدد الثابت ذاته,توقع احتمالي قائم على البيانات السابقة.,العدد الثابت ذاته,0.7081488370895386,0.65975022315979,0.6830933094024658,Incorrect
4491,ما هو التوزيع المستخدم من أجل اختبار الفروض حول معامل الارتباط الخطي؟,ANSWER: اختبار ت-كاي (Chi-square test),ستيودنت بدرجة حرية n-2,اختبار ت-كاي (Chi-square test),ستيودنت بدرجة حرية n-2,0.6337870955467224,0.6664258241653442,0.6496968269348145,Incorrect
4494,ما هو الإحصاء الذي يسعى لعرض وتوضيح سلوك الظاهرة؟,ANSWER: الإحصاء الوصفي,إحصاء وصفي,الإحصاء الوصفي,إحصاء وصفي,0.8102317452430725,0.8525623679161072,0.8308582305908203,Correct
4495,ما هو الغرض الرئيسي من حساب معامل الارتباط الخطي؟,ANSWER: قياس العلاقة الخطية بين متغيرين.,قياس قوة العلاقة الخطية بين متغيرين,قياس العلاقة الخطية بين متغيرين.,قياس قوة العلاقة الخطية بين متغيرين,0.9513698816299438,0.9419783353805542,0.9466508626937866,Correct
4497,ما هو الخط المنكسر الذي يصل النقاط التي فواصلها مراكز الفئات وترتيبها تكرارات الفئات؟,ANSWER: خط توزيع تكرارات الفئات,المضلع التكراري,خط توزيع تكرارات الفئات,المضلع التكراري,0.7643870115280151,0.7650802135467529,0.7647334337234497,Incorrect
4498,من أين نحصل على المصادر الداخلية لجمع البيانات؟,ANSWER: الملاحظة السريرية والدراسات الاستقصائية.,داخل الشركة أو المؤسسة,الملاحظة السريرية والدراسات الاستقصائية.,داخل الشركة أو المؤسسة,0.6587424278259277,0.6666485071182251,0.6626718640327454,Incorrect
4502,ما هو الإحصاء؟,ANSWER: علم جمع البيانات وتحليلها.,أي دالة في العينة لا تتبع وسيط مجهول,علم جمع البيانات وتحليلها.,أي دالة في العينة لا تتبع وسيط مجهول,0.6240156292915344,0.6011557579040527,0.6123724579811096,Incorrect
4505,ماذا يحتسب اليوم إذا قُبل المريض في يوم وتخرج في نفس اليوم؟,ANSWER: يوم واحد من العمر.,مدة استشفاء,يوم واحد من العمر.,مدة استشفاء,0.7163773775100708,0.6870619058609009,0.7014134526252747,Incorrect
4508,ما هي طريقة جمع البيانات التي تتناسب مع الأطفال؟,ANSWER: المقابلات مع أولياء الأمور,الملاحظة,المقابلات مع أولياء الأمور,الملاحظة,0.5644568204879761,0.5829223394393921,0.573540985584259,Incorrect
4522,ما هي الدراسات التي بحكم الميدان تنفيذ العمل وجمع البيانات؟,ANSWER: الدراسات الميدانية,الدراسات الكيفية,الدراسات الميدانية,الدراسات الكيفية,0.8650386929512024,0.8884273767471313,0.8765770196914673,Incorrect
4527,ما هو الغرض من استخدام الجداول التكرارية؟,ANSWER: تحليل البيانات وتنظيمها.,البيانات الوصفية والكمية,تحليل البيانات وتنظيمها.,البيانات الوصفية والكمية,0.7573423385620117,0.7284718155860901,0.7426266074180603,Incorrect
4528,ما هما نوعا البيانات الموجودان؟,ANSWER: بيانات كمية ونوعية,كمية ووصفية,بيانات كمية ونوعية,كمية ووصفية,0.8595746755599976,0.85035240650177,0.8549386858940125,Correct
4531,ما الذي تعطينا إياه دالة التوزيع الاحتمالي المتجمع؟,ANSWER: نظرة شاملة على توزيع القيم المحتملة لمتغير ما.,احتمال ان ياخد المتغير العشوائى x قيمه اقل او تساوى قيمه محددة,نظرة شاملة على توزيع القيم المحتملة لمتغير ما.,احتمال ان ياخد المتغير العشوائى x قيمه اقل او تساوى قيمه محددة,0.7204073071479797,0.6766588687896729,0.6978481411933899,Incorrect
4541,كل متى يتكرر التعداد السكاني عادة؟,ANSWER: كل 10 سنوات,عشرة أعوام,كل 10 سنوات,عشرة أعوام,0.7695015668869019,0.7594084143638611,0.7644217014312744,Correct
4546,ما هو الفارق في عدد السكان بين تعدادين متعاقبين تفصلهما فترة معينة كعشر سنوات؟,ANSWER: التغير الديموغرافي,التغير المطلق,التغير الديموغرافي,التغير المطلق,0.7875669002532959,0.8731206059455872,0.8281400799751282,Incorrect
4551,ما هو المسجل الذي يهدف إلى تجميع المعلومات عن المرضى؟,ANSWER: ملف المريض,السجلات الطبية,ملف المريض,السجلات الطبية,0.7534540891647339,0.7629965543746948,0.7581952810287476,Correct
4563,ما هي من أقدم الطرق المستخدمة لجمع البيانات لمراقبة الكثير من الظواهر لا سيما التي يصعب السؤال عنها؟,ANSWER: الملاحظة المباشرة,الملاحظة أو المشاهدة,الملاحظة المباشرة,الملاحظة أو المشاهدة,0.7590190172195435,0.7546489238739014,0.7568276524543762,Correct
4564,ما هو المقياس المستخدم لوصف حالة التدخين (مدخن - غير مدخن)؟,ANSWER: مقياس فم توك (FUM),الاسمي,مقياس فم توك (FUM),الاسمي,0.6466056704521179,0.7045040130615234,0.6743142604827881,Incorrect
4566,ما هي الطريقة التي يتم بها الحصول على بيانات تتعلق بضغط الدم وسرعة نبضات القلب ونسبة الكوليسترول في الدم لعينة من المرضى خلال فترة أسبوع؟,ANSWER: فحص دوري شامل,التسجيل,فحص دوري شامل,التسجيل,0.6966043710708618,0.7117558717727661,0.7040985822677612,Incorrect
4567,ما هي وظائف السجلات الطبية؟,ANSWER: توثيق، مراقبة، اتخاذ القرارات، البحث، التعليم.,ترميز الامراض والعمليات .,توثيق، مراقبة، اتخاذ القرارات، البحث، التعليم.,ترميز الامراض والعمليات .,0.747639536857605,0.7831500768661499,0.7649829387664795,Incorrect
4568,ما هو المقياس الذي يمكن استخدام الطرق الإحصائية الوسيطية فيه؟,ANSWER: البيانات غير الطبيعية أو غير المتساوية.,النسبي,البيانات غير الطبيعية أو غير المتساوية.,النسبي,0.6742846965789795,0.6984475255012512,0.6861534714698792,Incorrect
4572,ما هو التوزيع الذي يتبعه مربع المتغير العشوائي Z² إذا كان للمتغير العشوائي Z توزيع طبيعي معياري؟,ANSWER: توزيع تشبيهي بمعنى التوزيع الطبيعي.,توزيع كاي مربع بدرجة حرية واحدة,توزيع تشبيهي بمعنى التوزيع الطبيعي.,توزيع كاي مربع بدرجة حرية واحدة,0.6965201497077942,0.7167378664016724,0.7064843773841858,Incorrect
4574,ما هي المنظمة التي وضعت التصنيف الدولي للأمراض؟,ANSWER: المنظمة العالمية للصحة (WHO),منظمة الصحة العالمية .,المنظمة العالمية للصحة (WHO),منظمة الصحة العالمية .,0.7005541324615479,0.7651453018188477,0.731426477432251,Correct
4580,ما هي الجهة المسؤولة عن السجلات الطبية؟,ANSWER: قسم السجلات الطبية,قسم السجلات الطبية في المشفى,قسم السجلات الطبية,قسم السجلات الطبية في المشفى,0.9471405744552612,0.8477606773376465,0.8946993947029114,Correct
4586,ما هو التوقع الرياضي لمتحول عشوائي يخضع لتوزيع برنولي؟,ANSWER: متوسط = p,P,متوسط = p,P,0.6859350204467773,0.7614773511886597,0.7217348217964172,Correct
4588,ما هو التصنيف الدولي للأمراض؟,ANSWER: ICD-11,ثلاثة أجزاء .,ICD-11,ثلاثة أجزاء .,0.6117594242095947,0.653767466545105,0.6320662498474121,Incorrect
4589,ما هو المستقيم الذي يكون منحنى التوزيع الطبيعي المعياري مناظراً حوله؟,ANSWER: متوسط (معدل) التوزيع,x=0,متوسط (معدل) التوزيع,x=0,0.6447986364364624,0.6393325924873352,0.6420539617538452,Correct
4594,ما هي أيام الخدمة الإجمالية للمرضى الداخليين؟,ANSWER: أيام المستشفى (Discharge Days),مجموع خدمة جميع المرضى الداخليين خلال مدة معينة,أيام المستشفى (Discharge Days),مجموع خدمة جميع المرضى الداخليين خلال مدة معينة,0.6351897716522217,0.6374000310897827,0.6362929940223694,Incorrect
4595,ما هي قيمة معامل التجديد؟,ANSWER: معامل التجديد (R2),مربع معامل الارتباط الخطي,معامل التجديد (R2),مربع معامل الارتباط الخطي,0.774775505065918,0.781098484992981,0.777924120426178,Correct
4596,ما هي وحدة المعاينة؟,ANSWER: فحص سريري سريع لتقييم الحالة الصحية.,عنصر من العينة,فحص سريري سريع لتقييم الحالة الصحية.,عنصر من العينة,0.6666553020477295,0.6712712645530701,0.6689552664756775,Incorrect
4597,ما هو الجدول التكراري الذي يضم عدد البيانات في فئة معينة وكل الفئات التي تسبقها؟,ANSWER: جدول تكراري تصاعدي (Heap Table),تكرار المجتمع الصاعد,جدول تكراري تصاعدي (Heap Table),تكرار المجتمع الصاعد,0.7241424322128296,0.7618662118911743,0.7425254583358765,Correct
4598,ما هو معدل الوفيات في المشفى؟,ANSWER: معدل الوفيات بالمستشفى (MOR),عدد الوفيات خلال فترة زمنية محددة على عدد المتخرجين والوفيات في نفس الفترة مضروب بـ 100,معدل الوفيات بالمستشفى (MOR),عدد الوفيات خلال فترة زمنية محددة على عدد المتخرجين والوفيات في نفس الفترة مضروب بـ 100,0.7391886711120605,0.702530026435852,0.7203933000564575,Incorrect
4601,ما هو متوسط التوزيع الاحتمالي في تجربة رمي قطعة نقود 3 مرات متتالية حيث x تدل على عدد ظهور H؟,ANSWER: توزيع بين 0 و 3 مع متوسط 1.5,1.5,توزيع بين 0 و 3 مع متوسط 1.5,1.5,0.6822618246078491,0.7806291580200195,0.7281383275985718,Correct
4604,ما هو المجتمع الإحصائي (الجمهرة)؟,ANSWER: مجموعة من الأفراد ذوي صفات أو خصائص مشتركة.,التي تشترك فيما بينها ببعض الخواص والمميزات,مجموعة من الأفراد ذوي صفات أو خصائص مشتركة.,التي تشترك فيما بينها ببعض الخواص والمميزات,0.6881546974182129,0.681328535079956,0.6847246289253235,Correct
4618,ما هو الرسم البياني الذي يتكون من مجموعة من الأعمدة المتجاورة المقامة على المحور الأفقي الذي تمثل عليه حالات الصفة المدروسة عندما تكون البيانات وصفية وفترات الفئات عندما تكون البيانات كمية ويساوي ارتفاع كل عمود تكرارات الفئة المقام عليها؟,ANSWER: مخطط الأعمدة (Bar Chart),المدرج التكراري,مخطط الأعمدة (Bar Chart),المدرج التكراري,0.6726056337356567,0.7041106820106506,0.6879976391792297,Incorrect
4622,ما هي طريقة جمع البيانات التي من أمثلتها قياس شدة تأثير نوع من الهرمونات في مجموعة من الفئران؟,ANSWER: التجربة المخبرية (In vitro),التجربة,التجربة المخبرية (In vitro),التجربة,0.7374831438064575,0.8689727783203125,0.7978466749191284,Incorrect
4623,ما نوع المتغير الذي يمثله طول شخص بالغ وقياس السكر في الدم؟,ANSWER: متغيرات فسيولوجية,عشوائي مستمر,متغيرات فسيولوجية,عشوائي مستمر,0.7229816913604736,0.7369577288627625,0.7299027442932129,Incorrect
4628,متى يكون المجتمع غير متجانس في العينة غير العشوائية؟,ANSWER: عندما يكون الاختيار متحيزًا.,الحصصية,عندما يكون الاختيار متحيزًا.,الحصصية,0.6479302048683167,0.6622748374938965,0.6550240516662598,Incorrect
4629,ما الذي يعتمد عليه توزيع ستيودنت؟,ANSWER: توزيع العينات العشوائية,درجة الحرية,توزيع العينات العشوائية,درجة الحرية,0.6822338700294495,0.7752095460891724,0.725756049156189,Incorrect
4630,ما هي محتويات السجل الطبي؟,ANSWER: التاريخ الطبي، الأعراض، التشخيص، العلاج.,صفحة الموافقة على العلاج,التاريخ الطبي، الأعراض، التشخيص، العلاج.,صفحة الموافقة على العلاج,0.7146034240722656,0.7122024297714233,0.7134009003639221,Incorrect
4631,ما هو التصنيف الدولي للأمراض وما الغرض من الرموز والأرقام المستخدمة فيه؟,ANSWER: التصنيف الدولي للأمراض (ICD) - تحديد الأمراض وإصابات السكان لأغراض الإحصائيات الصحية.,عن الامراض .,التصنيف الدولي للأمراض (ICD) - تحديد الأمراض وإصابات السكان لأغراض الإحصائيات الصحية.,عن الامراض .,0.6453535556793213,0.7688552737236023,0.7017117142677307,Correct
4634,ما نوع العينة التي نسحبها إذا كنا أمام مجتمع غير متجانس؟,ANSWER: عينة عشوائية متعدد المراحل,طبقية,عينة عشوائية متعدد المراحل,طبقية,0.6661831140518188,0.762004554271698,0.710879385471344,Incorrect
4636,ما هو الغرض من استخدام الجداول التكرارية في عرض البيانات؟,ANSWER: تنظيم وتلخيص البيانات بشكل مرئي.,الكمية والاسمية,تنظيم وتلخيص البيانات بشكل مرئي.,الكمية والاسمية,0.6536799669265747,0.664466142654419,0.6590288877487183,Incorrect
4640,ما هي الطريقة التي يتم بها الحصول على بيانات تتعلق بضغط الدم ونسبة الكوليسترول بالدم لعينة من المرضى خلال فترة زمنية معينة؟,ANSWER: فحص الدم الدوري,الملاحظة أو المشاهدة,فحص الدم الدوري,الملاحظة أو المشاهدة,0.6734774112701416,0.6245126128196716,0.6480714082717896,Incorrect
4644,ما هي أعلى مستويات القياس؟,ANSWER: المستوى الرابع (IV),المقياس الرتبي,المستوى الرابع (IV),المقياس الرتبي,0.6416367888450623,0.5954562425613403,0.6176846027374268,Incorrect
4645,ما هو الهدف من تغيير الطرائق في الدراسات بالنسبة للبيانات؟,ANSWER: تحسين الدقة والموثوقية.,أفضل دقة ممكنة,تحسين الدقة والموثوقية.,أفضل دقة ممكنة,0.7079829573631287,0.7100627422332764,0.709021270275116,Correct
4646,ما هي طريقة جمع البيانات التي تمتاز بالتكلفة العالية؟,ANSWER: المسح الميداني التجريبي,المقابلة الشخصية,المسح الميداني التجريبي,المقابلة الشخصية,0.721435010433197,0.7511563301086426,0.7359957098960876,Incorrect
4647,ما هو الفارق في عدد السكان بين تعدادين متعاقبين تفصلهما فترة معينة كعشر سنوات؟,ANSWER: التغير الديموغرافي,التغير المطلق,التغير الديموغرافي,التغير المطلق,0.7875669002532959,0.8731206059455872,0.8281400799751282,Incorrect
4650,ما هو الجزء من الإحصاء الذي يعنى بوصف طبيعة وسلوك الظاهرة المدروسة وعرضها؟,ANSWER: الوصف الإحصائي,الإحصاء الوصفي,الوصف الإحصائي,الإحصاء الوصفي,0.796612560749054,0.8189136981964111,0.8076092004776001,Correct
4651,ما هي الفئة التي تشكل قاعدة الهرم السكاني؟,ANSWER: الأجيال الأكبر سناً,الأطفال,الأجيال الأكبر سناً,الأطفال,0.698438823223114,0.768316388130188,0.7317131161689758,Incorrect
4655,ما هي فرضية العدم لاختبار الفرضيات حول معامل الارتباط الخطي لبيرسون؟,ANSWER: عدم وجود علاقة خطية بين المتغيرين.,قيمة معامل ارتباط المجتمع تساوي الصفر,عدم وجود علاقة خطية بين المتغيرين.,قيمة معامل ارتباط المجتمع تساوي الصفر,0.7148385047912598,0.7018821835517883,0.7083011269569397,Correct
4657,ما هو التكرار المتجمع الهابط لفئة معينة؟,ANSWER: التكرار المتجمع الهابط (Clustering),عدد البيانات في الفئة والفئات التي تليها,التكرار المتجمع الهابط (Clustering),عدد البيانات في الفئة والفئات التي تليها,0.6098510026931763,0.6131149530410767,0.6114786267280579,Incorrect
4661,ما هو التوزيع الذي تتبعه التجربة الثنائية الوحيدة؟,ANSWER: توزيع طبيعي,البرنولي,توزيع طبيعي,البرنولي,0.6453375816345215,0.6397613286972046,0.6425373554229736,Incorrect
4663,ما هو نتاج العوامل المؤثرة في النمو السكاني من مواليد ووفيات وهجرة؟,ANSWER: معدل النمو السكاني الصافي,التركيب العمري,معدل النمو السكاني الصافي,التركيب العمري,0.7521932125091553,0.7972183227539062,0.7740515470504761,Incorrect
4667,ما هو المقياس المستخدم لقياس خضاب الدم؟,ANSWER: الهيموغلوبين (g/dL),النسبي,الهيموغلوبين (g/dL),النسبي,0.6301907300949097,0.7144383788108826,0.669675350189209,Incorrect
4672,ما هو نوع المصدر الذي تمثله البيانات التي نحصل عليها من الشركة أو المؤسسة من واقع مستنداتها وسجلاتها وفواتيرها وتقاريرها الدورية؟,ANSWER: بيانات مالية محاسبية,داخلي,بيانات مالية محاسبية,داخلي,0.7182973623275757,0.7792743444442749,0.7475444674491882,Incorrect
4679,ما هي الجهة المسؤولة عن السجلات الطبية؟,ANSWER: قسم السجلات الطبية,قسم السجلات الطبيه فى المشفى,قسم السجلات الطبية,قسم السجلات الطبيه فى المشفى,0.9207016229629515,0.7915326356887817,0.8512449264526367,Correct
4680,ما هو نوع الإحصاء الذي يتضمن جمع البيانات وتنظيمها وتوصيفها وتبويبها وتلخيصها؟,ANSWER: الإحصاء الوصفي,الوصفي,الإحصاء الوصفي,الوصفي,0.8409165740013123,0.8629950284957886,0.8518127799034119,Correct
4683,ما نوع العينة التي تمثلها مجموعة من المرضى الذين يراجعون طبيباً معيناً عندما يجري عليهم دراسة؟,ANSWER: عينة عشوائية (Random Sample),مصادفة,عينة عشوائية (Random Sample),مصادفة,0.6396963596343994,0.692528486251831,0.665064811706543,Incorrect
4684,ما نوع العلاقة إذا كانت قيمة بيرسون R=0.92؟,ANSWER: علاقة قوية إيجابية,طردية قوية,علاقة قوية إيجابية,طردية قوية,0.8337510824203491,0.8273985981941223,0.8305626511573792,Correct
4687,ما هي وحدة المعاينة؟,ANSWER: فحص سريري سريع لتقييم الحالة الصحية.,عنصر من العينة,فحص سريري سريع لتقييم الحالة الصحية.,عنصر من العينة,0.6666553020477295,0.6712712645530701,0.6689552664756775,Incorrect
4688,ما هي الطريقة التي يتم بها الحصول على بيانات تتعلق بضغط الدم وسرعة نبضات القلب ونسبة الكولسترول في الدم لعينة من المرضى خلال فترة أسبوع؟,ANSWER: فحص دوري شامل,الملاحظة أو المشاهدة,فحص دوري شامل,الملاحظة أو المشاهدة,0.6653712391853333,0.6152986288070679,0.6393560171127319,Incorrect
4690,ما نوع الارتباط بين المتغير العشوائي X والمتغير التابع Y إذا كان تزايد X يؤدي إلى تزايد Y؟,ANSWER: ارتباط إيجابي,إيجابي,ارتباط إيجابي,إيجابي,0.8971599340438843,0.9203157424926758,0.9085903167724608,Correct
4692,"ماذا تعبر عنه العبارة ""احتمال أي حدث لا يزيد عن الواحد""؟",ANSWER: احتمال 1%,المسلمة الاحتمالية,احتمال 1%,المسلمة الاحتمالية,0.6821404695510864,0.6425482034683228,0.6617526412010193,Incorrect
4693,ما تسمى الظاهرة التي يحدث فيها انحدار معدل أطوال الأبناء من معامل المجتمع؟,ANSWER: الانحدار الطولي (Longitudinal decline),الانحدار نحو المعدل,الانحدار الطولي (Longitudinal decline),الانحدار نحو المعدل,0.7328472137451172,0.7890478372573853,0.7599098086357117,Incorrect
4694,ما هي التقديرات التي تستخدم لتقدير نسبة النجاح لمجتمع؟,ANSWER: معامل كوريل (Correlate Coefficient),التقدير النقطي,معامل كوريل (Correlate Coefficient),التقدير النقطي,0.6258957386016846,0.6568971276283264,0.6410218477249146,Incorrect
4696,ما نوع المتغير العشوائي الذي يدل على عدد القذفات عند قذف قطعة نقود حتى يظهر الوجه H للمرة الأولى؟,ANSWER: توزيع بنيوياً عشوائيًا,متقطع قيمة الاعداد الطبيعية,توزيع بنيوياً عشوائيًا,متقطع قيمة الاعداد الطبيعية,0.6666090488433838,0.6994583606719971,0.6826387047767639,Incorrect
4699,ما هو متوسط عدد الأطفال الذي يمكن أن تنجبهم المرأة أحياء إذا أمضت حياتها منذ ميلادها بما يتماشى مع معدلات الخصوبة العمرية في سنة معينة؟,ANSWER: متوسط 6 أطفال,معدل الخصوبة الكلية,متوسط 6 أطفال,معدل الخصوبة الكلية,0.6812499761581421,0.6676340103149414,0.6743732690811157,Incorrect
4700,ما هي الطريقة التي تمكننا من مراقبة رد الفعل على بعض الأسئلة والحصول على إجابات دقيقة؟,ANSWER: الملاحظة الدقيقة والتحليل الإحصائي,المواجهة,الملاحظة الدقيقة والتحليل الإحصائي,المواجهة,0.7064487934112549,0.7775638103485107,0.7403023838996887,Incorrect
4702,ما هو نوع البيانات المستخدمة لإنشاء الجدول التكراري؟,ANSWER: بيانات تصنيفية,كمية و وصفية,بيانات تصنيفية,كمية و وصفية,0.8149310350418091,0.8016268014907837,0.8082241415977478,Incorrect
4714,ما هي طبيعة الأفراد أو العناصر التي تشكل المجتمع الإحصائي؟,ANSWER: أفراد وبيانات إحصائية.,التي تشترك فيما بينها ببعض الخواص والمميزات,أفراد وبيانات إحصائية.,التي تشترك فيما بينها ببعض الخواص والمميزات,0.6303246021270752,0.5872976183891296,0.6080508828163147,Incorrect
4717,ما هو عدد الكريات الحمر في الجسم؟,ANSWER: مليون إلى مليوني كرية في الميكرولتر.,عشوائي منفصل,مليون إلى مليوني كرية في الميكرولتر.,عشوائي منفصل,0.6475642919540405,0.6613085269927979,0.6543642282485962,Incorrect
4720,ما هو معدل وفيات الأمهات الذي يحسب بقسمة عدد الوفيات لدى النساء الحوامل التي حدثت أثناء الحمل أو الولادة أو النفاس على عدد المواليد الأحياء خلال نفس السنة مضروباً في 100000؟,ANSWER: معدل وفيات الأمومة,معدل وفيات الأمهات,معدل وفيات الأمومة,معدل وفيات الأمهات,0.9210704565048218,0.9417073726654052,0.9312745928764344,Correct
4723,ما هي المعدلات التي يكون تركيزها على معدلات الخصوبة لفئة معينة من العمر لغرض المقارنة على امتداد زمن ما ودراسة الفروق في ظاهرة الخصوبة بمختلف الأعمار؟,ANSWER: معدلات الخصوبة العمريّة,معدل الخصوبة العمري,معدلات الخصوبة العمريّة,معدل الخصوبة العمري,0.9472291469573976,0.9575236439704896,0.9523485898971558,Correct
4724,ما هي العلاقة بين المتغيرين عندما يؤدي تزايد المتغير العشوائي x إلى تناقص المتغير التابع y؟,ANSWER: علاقة تناقضية (عكسية),سلبي,علاقة تناقضية (عكسية),سلبي,0.7191985845565796,0.7456218004226685,0.7321718335151672,Correct
4729,ما هو المقياس المستخدم لوصف حالة التدخين (مدخن / غير مدخن)؟,ANSWER: استبيان التدخين (FAG),مقياس اسمي,استبيان التدخين (FAG),مقياس اسمي,0.6791465282440186,0.7275330424308777,0.7025075554847717,Incorrect
4730,ما هي الشروط التي يجب توفرها في مجموعة من المتغيرات العشوائية لتشكل عينة عشوائية؟,ANSWER: الاستقلالية، التمثيل، العشوائية، الاتساق.,مستقلة ولها قانون التوزيع نفسه,الاستقلالية، التمثيل، العشوائية، الاتساق.,مستقلة ولها قانون التوزيع نفسه,0.6804068088531494,0.6756510734558105,0.6780205965042114,Incorrect
4731,ما هو المستوى الذي يمكن حساب فيه المتوسطات والانحرافات المعيارية ومقاييس العلاقة الخطية؟,ANSWER: المستوى الإحصائي الوصفي.,العنقودي,المستوى الإحصائي الوصفي.,العنقودي,0.7233035564422607,0.7296612858772278,0.7264685034751892,Incorrect
4736,كم يتراوح عدد الفئات غالباً؟,ANSWER: 4-6 فئات,بين 5 و15 فئة,4-6 فئات,بين 5 و15 فئة,0.7692775726318359,0.7567406892776489,0.7629576921463013,Incorrect
4740,ما هي فرضية العدم لاختبار الفرضيات حول معامل الارتباط الخطي لبيرسون؟,ANSWER: عدم وجود علاقة خطية بين المتغيرين.,قيمة معامل ارتباط المجتمع تساوي الصفر,عدم وجود علاقة خطية بين المتغيرين.,قيمة معامل ارتباط المجتمع تساوي الصفر,0.7148385047912598,0.7018821835517883,0.7083011269569397,Correct
4743,ما هو معدل الوفيات الخام؟,ANSWER: معدل الوفيات الإجمالي لكل 1000 شخص,عدد الوفيات لكل الف من السكان في سنة معينة,معدل الوفيات الإجمالي لكل 1000 شخص,عدد الوفيات لكل الف من السكان في سنة معينة,0.8164649605751038,0.7880266904830933,0.8019937872886658,Correct
4744,ما هي الجهة المسؤولة عن السجلات الطبية؟,ANSWER: قسم السجلات الطبية,قسم السجلات الطبية في المستشفى,قسم السجلات الطبية,قسم السجلات الطبية في المستشفى,0.9469475746154784,0.8481652736663818,0.8948385119438171,Correct
4748,ما هو الغرض من استخدام مخطط الانتشار في الدراسة الإحصائية بين خاصتين؟,ANSWER: تحديد العلاقة بين المتغيرات,متغيرين,تحديد العلاقة بين المتغيرات,متغيرين,0.7207381725311279,0.7704833745956421,0.7447810769081116,Correct
4758,ما هو التوقع الرياضي لمجموع متغيرين عشوائيين؟,ANSWER: متوسط الحساب (المتوسط المرجح),مجموع التوقعين الرياضيين للمتغيرين العشوائيين,متوسط الحساب (المتوسط المرجح),مجموع التوقعين الرياضيين للمتغيرين العشوائيين,0.7088824510574341,0.6723273992538452,0.6901211738586426,Incorrect
4761,ما هو التكرار المتجمع الصاعد لفئة معينة؟,ANSWER: التكرار المتجمع الصاعد (Ascending clonality),عدد البيانات المتضمنة في الفئة والفئات التي تسبقها,التكرار المتجمع الصاعد (Ascending clonality),عدد البيانات المتضمنة في الفئة والفئات التي تسبقها,0.6088600158691406,0.604011058807373,0.6064258217811584,Incorrect
4765,ما هي المنطقة التي تتألف من قيم دالة الاختبار قليلة الاحتمال عندما Ho صحيحة؟,ANSWER: منطقة الذروة (Peak region),منطقة الرفض,منطقة الذروة (Peak region),منطقة الرفض,0.7599495649337769,0.8104538917541504,0.7843896150588989,Incorrect
4768,ما هو المجتمع الإحصائي؟,ANSWER: مجموعة من الأفراد ذوي خصائص مشتركة.,التي تشترك فيما بينها ببعض الخواص والميزات,مجموعة من الأفراد ذوي خصائص مشتركة.,التي تشترك فيما بينها ببعض الخواص والميزات,0.6814435720443726,0.6565592288970947,0.6687700152397156,Correct
4770,ما الذي يقوم عليه الإحصاء الاستنتاجي؟,ANSWER: الاستدلال الإحصائي,على اتخاذ القرارات والتنبؤ والاستقرار والاستدلال,الاستدلال الإحصائي,على اتخاذ القرارات والتنبؤ والاستقرار والاستدلال,0.7110540866851807,0.6642200946807861,0.6868396401405334,Incorrect
4772,ما هي الجهة التي تصدر التصنيف الدولي للأمراض؟,ANSWER: منظمة الصحة العالمية (WHO),منظمة الصحة العالمية,منظمة الصحة العالمية (WHO),منظمة الصحة العالمية,0.8531694412231445,0.9242698550224304,0.887297511100769,Correct
4778,ما الذي تختلف تبعاً له دلالات قيم المتغيرات العشوائية؟,ANSWER: توزيعها الإحصائي,نوعية المقياس المستخدم,توزيعها الإحصائي,نوعية المقياس المستخدم,0.7076435685157776,0.7334802746772766,0.7203303575515747,Incorrect
4781,ما هي الطريقة التي تستخدم فيها بعض التقنيات الإلكترونية للمراقبة والعد وتسجيل الملاحظات؟,ANSWER: أنظمة التعرف على الصور (Computer Vision),التسجيل,أنظمة التعرف على الصور (Computer Vision),التسجيل,0.6574709415435791,0.7036435604095459,0.6797741055488586,Incorrect
4782,ما الذي يحدد زمن حفظ السجلات الطبية؟,ANSWER: فترة الاحتفاظ القانونية.,حسب الأسس المتبعة محليا في كل بلد,فترة الاحتفاظ القانونية.,حسب الأسس المتبعة محليا في كل بلد,0.7119206190109253,0.6818730235099792,0.6965729594230652,Incorrect
4783,ما هو التوزيع الذي يتبعه مجموع متغيرات عينة عشوائية حجمها n من توزيع برنولي بالوسيط P؟,ANSWER: توزيع بيني,الثنائي,توزيع بيني,الثنائي,0.7093063592910767,0.7086805105209351,0.7089933156967163,Correct
4787,ما هي مجموعة قيم المتغير العشوائي x الذي يدل على عدد أخوات طالب ما؟,ANSWER: توزيع طبيعي,صحيح موجب,توزيع طبيعي,صحيح موجب,0.7073432207107544,0.7157679200172424,0.7115306258201599,Incorrect
4789,ما هو معدل المواليد الخام؟,ANSWER: معدل الولادات لكل 1000 شخص.,عدد المواليد الاحياء لكل ألف من السكان في سنة معينة,معدل الولادات لكل 1000 شخص.,عدد المواليد الاحياء لكل ألف من السكان في سنة معينة,0.797290027141571,0.749068021774292,0.7724271416664124,Correct
4790,ما هي الفئة العمرية المهمة جداً من الناحية الصحية والتنموية؟,ANSWER: مرحلة الطفولة المبكرة,فئة الأطفال,مرحلة الطفولة المبكرة,فئة الأطفال,0.6927341222763062,0.7846379280090332,0.7358275055885315,Correct
4798,ما هي الطريقة التي تمتاز بوصول الإجابات خلال وقت قصير وتتميز ببساطتها وقلة تكاليفها وسرعتها؟,ANSWER: التشخيص السريع.,استخدام الانترنيت والمواقع الاجتماعية,التشخيص السريع.,استخدام الانترنيت والمواقع الاجتماعية,0.726097822189331,0.6755534410476685,0.699914276599884,Incorrect
4802,ما هو المخطط الذي يساعد بدراسة العلاقة بين متغيرين وطبيعتها؟,ANSWER: مخطط التشتت (Scatter Plot),مخطط الانتشار,مخطط التشتت (Scatter Plot),مخطط الانتشار,0.7292753458023071,0.8057366609573364,0.765601634979248,Correct
4806,ما الذي يحدد زمن حفظ السجلات الطبية في المشفى؟,ANSWER: يحدده القانون والسياسات المؤسسية.,بناء على الأسس المتبعة محلياً في كل بلد,يحدده القانون والسياسات المؤسسية.,بناء على الأسس المتبعة محلياً في كل بلد,0.7140906453132629,0.6898287534713745,0.7017500400543213,Correct
4812,ما هو التوزيع الذي يستخدم في اختبار الفرضيات حول ميل خط الانحدار؟,ANSWER: توزيع t لطلاب ستن (t-distribution),ستيودنت,توزيع t لطلاب ستن (t-distribution),ستيودنت,0.5949829816818237,0.6336814165115356,0.6137227416038513,Correct
4816,ما هي أسباب تفضيل أسلوب العينة على أسلوب الحصر الشامل؟,ANSWER: تقليل التحيز وتحسين الدقة.,صعوبة حصر افراد المجتمع,تقليل التحيز وتحسين الدقة.,صعوبة حصر افراد المجتمع,0.6841987371444702,0.703040361404419,0.6934915781021118,Incorrect
4823,ما هو السجل الذي يهدف إلى تجميع المعلومات عن المريض؟,ANSWER: التاريخ الطبي (Medical Record),السجلات الطبية .,التاريخ الطبي (Medical Record),السجلات الطبية .,0.6908124685287476,0.6911693811416626,0.6909908652305603,Correct
4832,ما هو نوع التوزيع الإحصائي إذا علمت أن احتمال شفاء مريض مصاب بالزكام خلال أسبوع دون اللجوء للطبيب هو 0.6 وكان لدينا 10 مرضى بالزكام ولم يراجعوا الطبيب؟,ANSWER: توزيع باي (Binomial Distribution),حداني,توزيع باي (Binomial Distribution),حداني,0.6572129130363464,0.7167865633964539,0.685708224773407,Correct
4848,ما هو الشريان الذي ينزف غالباً من قرحة اثني عشرية؟,ANSWER: الشريان المساريقي العلوي,المعدي العفجي.,الشريان المساريقي العلوي,المعدي العفجي.,0.775519609451294,0.8011706471443176,0.7881364822387695,Incorrect
4854,ما هي الأورام التي تعالج في القسم البعيد للمعدة؟,ANSWER: أورام الجسم البعيد للمعدة,4. كل ما سبق صحيح.,أورام الجسم البعيد للمعدة,4. كل ما سبق صحيح.,0.6713790893554688,0.6780493259429932,0.674697756767273,Incorrect
4855,ما هو التشخيص للآفة التي قد تسبب فقراً دموياً والنزف الحاد منها غير شائع والتي تم اكتشافها بالتنظير الهضمي العلوي لرجل عمره 55 سنة؟,ANSWER: قرحة معوية مزمنة,سرطانة معدية.,قرحة معوية مزمنة,سرطانة معدية.,0.7527523040771484,0.7840449810028076,0.7680800557136536,Incorrect
4856,ما هي الخطوة الأولى الأهم في تدبير مريض يبلغ من العمر 32 سنة أتى لقسم الطوارئ بقصة إقياء لكميات كبيرة من الدم الأحمر القاني؟,ANSWER: تقييم حالة الصدمة.,إنعاش بالسوائل.,تقييم حالة الصدمة.,إنعاش بالسوائل.,0.7738622426986694,0.7733609676361084,0.7736115455627441,Incorrect
4857,ما هو التشخيص المحتمل لمريضة تبلغ من العمر 45 سنة تشكو من ألم في ثديها الأيسر لمدة أسبوعين مع وجود خيط يشبه الحبل مؤلم وأودة بارزة فوقه بالفحص السريري؟,ANSWER: التهاب الغدد الليمفاوية,داء,التهاب الغدد الليمفاوية,داء,0.6072829961776733,0.7008324861526489,0.6507126688957214,Incorrect
4858,ما هو التشخيص المحتمل لمريضة تبلغ من العمر 40 عاماً من أصول آسيوية وصلت إلى بريطانيا تشكو من كتلة غير مؤلمة في ثديها الأيمن منذ عدة أشهر مع نز الخراج في إبطها الأيمن الذي يشفى ويعاود من جديد؟,ANSWER: سرطان الثدي,سل ثدي.,سرطان الثدي,سل ثدي.,0.7482690811157227,0.7585901618003845,0.7533942461013794,Incorrect
4859,ما هو التشخيص المحتمل لمريضة تبلغ من العمر 25 سنة راجعت بكتلة شاهدتها صدفة منذ 3 أسابيع في ثديها الأيسر ويمكن تحريك الكتلة من قبل المريضة ضمن نسيج الثدي؟,ANSWER: ورم ليفي (ليفيوما),غدوم ليفي.,ورم ليفي (ليفيوما),غدوم ليفي.,0.7372021675109863,0.759684681892395,0.748274564743042,Correct
4860,ما هو التشخيص المحتمل لمريضة تبلغ من العمر 50 عاماً تعاني من ألم واحمرار في الثدي الأيمن منذ شهر وقد عولجت بالصادات لمدة أسبوعين دون تحسن وازدادت الحالة سوءاً؟,ANSWER: التهاب الغدد الثديية المزمن,سرطان التهابي.,التهاب الغدد الثديية المزمن,سرطان التهابي.,0.7078772187232971,0.7973237037658691,0.7499428391456604,Incorrect
4863,ما هو التشخيص المحتمل لمريضة مسنة مشخص لديها سابقاً داء هاشيموتو وتراجع بعقدة قاسية غير منتظمة في الفص الدرقي الأيمن؟,ANSWER: فرط نشاط الغدة الدرقية (هاشيموتو ثانوي),لمفوما.,فرط نشاط الغدة الدرقية (هاشيموتو ثانوي),لمفوما.,0.6018940806388855,0.6583247184753418,0.6288459300994873,Incorrect
4864,ما هو التشخيص المحتمل لطفل يبلغ من العمر 12 سنة يراجع بعقدة درقية مع ضخامة عقد لمفية ناحية؟,ANSWER: التهاب الغدد اللعابية الليمفاوية.,سرطان حليمي.,التهاب الغدد اللعابية الليمفاوية.,سرطان حليمي.,0.6971306800842285,0.7569569945335388,0.7258130311965942,Incorrect
4865,ما هو التشخيص المحتمل لمريضة في منتصف العمر تعاني من سلعة درقية لفترة طويلة مع تضخم الفص الأيمن أكبر من الأيسر وهي سريرياً في حالة سواء درقي؟,ANSWER: فرط نشاط الغدة الدرقية (هاشيموت),سلعة متعددة العقد.,فرط نشاط الغدة الدرقية (هاشيموت),سلعة متعددة العقد.,0.6711094379425049,0.723625898361206,0.6963789463043213,Incorrect
4866,ما هو التشخيص الأكثر احتمالاً لفتاة في الربيع الخامس تشكو من عسرة تنفس مع وجود كتلة في جوف الفم بقطر 3 سم على الخط الناصف وعلى مؤخرة اللسان؟,ANSWER: ورم ليفي حميد (ليوما),درق لسانية.,ورم ليفي حميد (ليوما),درق لسانية.,0.6513699889183044,0.6755927801132202,0.6632603406906128,Incorrect
4867,ما هو العلاج غير المرغوب به في حالة شابة في ربيعها الأربعين تشكو من نقص وزن مع خفقان وجحوظ في العينين مع وجود سلعة درقية متوسطة الحجم منتشرة ومتجانسة وفرط نشاط درق بدني؟,ANSWER: فرط نشاط الغدة الدرقية (هاشيميا),المعالجة الشعاعية باليود I 131,فرط نشاط الغدة الدرقية (هاشيميا),المعالجة الشعاعية باليود I 131,0.6982787251472473,0.7043672800064087,0.7013097405433655,Incorrect
4868,ما هو الإجراء الأول الذي يجب إجراؤه قبل عملية sleeve gastrectomy لمريض البدانة الذي لديه BMI يساوي 40؟,ANSWER: تقييم شامل للصحة العامة.,الحصول على موافقة المريض.,تقييم شامل للصحة العامة.,الحصول على موافقة المريض.,0.7387317419052124,0.7411935329437256,0.7399605512619019,Incorrect
4869,ما هو الإجراء الأول الذي يجب إجراؤه قبل عملية Sleeve gastrectomy لمريض البدانة الذي لديه BMI يساوي 40؟,ANSWER: تقييم التقييم النفسي والغذائي,الحصول على موافقة المريض.,تقييم التقييم النفسي والغذائي,الحصول على موافقة المريض.,0.6695745587348938,0.7186522483825684,0.6932458877563477,Incorrect
4870,ما هو التشخيص المحتمل لمريض عمره 25 سنة يعاني من عدم ارتياح عام ونقصان في الوزن وترفع حروري وبراز ملطخ بالدم على نحو متقطع خلال الست أسابيع الأخيرة بعد عودته من شبه القارة الهندية حيث عمل هناك لمدة ستة أشهر، مع وجود كبدية ومضض في الربع العلوي الأيمن وإيكو يظهر جوفا ناقص الصدى في الفص الكبدي الأيمن ذو حوا,ANSWER: داء الكلب,خراجة كبدية زحارية.,داء الكلب,خراجة كبدية زحارية.,0.7369239330291748,0.7243970632553101,0.7306067943572998,Incorrect
4871,ما هو التشخيص المحتمل لمريض عمره 50 سنة يعاني من أصمية حديثة وألم في الربع العلوي الأيمن لمدة 3-4 أشهر مع فحص سريري سلبي ووظائف كبد طبيعية وتنظير هضمي علوي طبيعي بينما أظهر الإيكو وجود آفة كيسية وحيدة تبلغ 6 سم؟,ANSWER: ورم كيسي كبدي حميد,داء كيسي بسيط,ورم كيسي كبدي حميد,داء كيسي بسيط,0.8043644428253174,0.810279369354248,0.8073110580444336,Incorrect
4872,ما هو التشخيص المحتمل لمريضة تبلغ من العمر 30 سنة تعاني من ألم مستمر في الربع العلوي الأيمن من البطن مع إقياء وارتفاع حرارة وإيجابية علامة مورفي؟,ANSWER: التهاب المرارة الحاد,التهاب مرارة حاد.,التهاب المرارة الحاد,التهاب مرارة حاد.,0.7704263925552368,0.7950826287269592,0.7825603485107422,Correct
4873,ما هو التشخيص المحتمل لمريض يبلغ من العمر 60 سنة لديه سابقة حصيات مرارية يراجع بقصة ألم بطني شديد ومستمر لمدة 6 ساعات وبالفحص السريري كان المريض غير مرتاح ومصدوم مع انتفاخ البطن ومضض راجع معممين؟,ANSWER: التهاب المرارة الحاد,التهاب بريتوان تالي لانثقاب مرارة.,التهاب المرارة الحاد,التهاب بريتوان تالي لانثقاب مرارة.,0.7512216567993164,0.7122251391410828,0.7312037944793701,Incorrect
4874,ما هو التشخيص المحتمل لمريض يبلغ من العمر 56 سنة يعاني من ألم شديد في أعلى البطن منذ أسبوع مع حمى متقطعة وعدم راحة شديدة مع وجود علامات لتخريش بريتواني في الربع العلوي الأيمن مع جس كتلة؟,ANSWER: التهاب المرارة الحاد,تقيح مرارة.,التهاب المرارة الحاد,تقيح مرارة.,0.6910704374313354,0.6893258690834045,0.6901969909667969,Incorrect
4875,ما هو التشخيص المحتمل لمريض يبلغ من العمر 60 سنة يراجع بقصة ألم بطني ويرقان وحرارة مع عروءات؟,ANSWER: التهاب الكبد الوبائي (مثل فيروس A أو B أو C),التهاب طرق صفراوية صاعد.,التهاب الكبد الوبائي (مثل فيروس A أو B أو C),التهاب طرق صفراوية صاعد.,0.7012247443199158,0.7767738103866577,0.7370684146881104,Incorrect
4876,ما هو التشخيص المحتمل لمريضة تبلغ من العمر 40 سنة عولجت لالتهاب مرارة حاد حيث لوحظ وجود مرارة مجسوسة غير ممضة، لم يكن هناك ترفع حروري وكانت المريضة بشكل عام بصحة جيدة؟,ANSWER: التهاب البنكرياس الحاد.,قيلة مخاطية في المرارة.,التهاب البنكرياس الحاد.,قيلة مخاطية في المرارة.,0.7071292400360107,0.6881336569786072,0.697502076625824,Incorrect
4877,ما هو التشخيص المحتمل لمريض عمره 80 سنة لديه تصبغ جلدي ملحوظ ونسيج ندبي ولديه ندبات بطنية لاستئصال كظر ثنائي الجانب؟,ANSWER: متلازمة كوشينغ,متلازمة نيلسون.,متلازمة كوشينغ,متلازمة نيلسون.,0.8576396703720093,0.8754632472991943,0.866459846496582,Incorrect
4878,ما هو التشخيص المحتمل لمريض عمره 48 سنة يعاني من اضطراب رئوي وصداع وارتفاع ضغط؟,ANSWER: مرض ارتفاع ضغط الدم الرئوي,متلازمة كون.,مرض ارتفاع ضغط الدم الرئوي,متلازمة كون.,0.697629451751709,0.7312488555908203,0.7140436172485352,Incorrect
4879,ما هو التشخيص المحتمل لمريض ربو مع تفاقم متكرر لحالته تطور لديه بشكل تدريجي شعرانية مع بدانة جذعية وكدمات؟,ANSWER: مرض الربو مع متلازمة كلوة الأوعية اللمفاوية,متلازمة كوشينغ.,مرض الربو مع متلازمة كلوة الأوعية اللمفاوية,متلازمة كوشينغ.,0.7324644923210144,0.8015086054801941,0.7654327154159546,Incorrect
4881,ما هو التشخيص المحتمل لسيدة حامل تبلغ من العمر 30 سنة تبين أثناء إجراء ايكو بطن لها وجود كتلة متكلسة في الشرسوف يبلغ قطرها 1 سم مع سماع لغط في منطقة الشرسوف دون وجود أي أعراض؟,ANSWER: كيس ولادي في المبيض (كيس دوالي),أم دم شريان طحالي.,كيس ولادي في المبيض (كيس دوالي),أم دم شريان طحالي.,0.6623342037200928,0.6611340045928955,0.6617335677146912,Incorrect
4882,ما هو التشخيص الأكثر احتمالاً لطفل عمره 7 سنوات يعاني من فقر دم منجلي ويشكو منذ ساعتين من ألم بطني حاد في الربع العلوي الأيسر مع ضغط 60/100 ملم زئبقي ونبض 110 ن/د وحرارة 37 درجة ومضض في الربع العلوي الأيسر للبطن بدون إيلام مرتد مع صعوبة جس الطحال وخضاب 6.1 غ/دل؟,ANSWER: فقر دم منجلي حاد,نوبة ألمية بسبب انسداد الأوعية الدموية.,فقر دم منجلي حاد,نوبة ألمية بسبب انسداد الأوعية الدموية.,0.6613706350326538,0.6378382444381714,0.6493913531303406,Incorrect
4883,ما هي نسبة الاستفادة من استئصال الطحال في حالة سيدة عمرها 40 سنة تعاني من فرفرية مناعية مزمنة معندة على العلاج بالستيروئيدات؟,ANSWER: تختلف حسب شدة المرض والاستجابة للعلاج.,أقل من 20%,تختلف حسب شدة المرض والاستجابة للعلاج.,أقل من 20%,0.5381600856781006,0.5855565071105957,0.5608587265014648,Incorrect
4884,ما هي الخطوة التالية في تدبير مريض بعمر 70 سنة دون سوابق جراحية يعاني من ألم بطني متقطع منذ أسبوع وتوسع بطني وإقياء مستمر منذ يوم، مع عدم وجود فتوق بالفحص وتعداد 3000 كرية بيضاء / مم؟,ANSWER: تحويله لتصوير بطني وتقييم أسباب الإقياء,إجراء (CT) التصوير الطبقي المحوسب للبطن.,تحويله لتصوير بطني وتقييم أسباب الإقياء,إجراء (CT) التصوير الطبقي المحوسب للبطن.,0.717555046081543,0.7226945161819458,0.720115602016449,Incorrect
4894,ما هي الخطوة التالية في تدبير مريض بعمر 70 سنة دون سوابق جراحية يعاني من ألم بطني متقطع منذ أسبوع وتوسع بطني وإقياء مستمر منذ يوم، مع عدم وجود فتوق بالفحص وتعداد 3000 كرية بيضاء / مم؟,ANSWER: تحويله لتصوير بطني وتقييم أسباب الإقياء,إجراء (CT) التصوير الطبقي المحوسب للبطن.,تحويله لتصوير بطني وتقييم أسباب الإقياء,إجراء (CT) التصوير الطبقي المحوسب للبطن.,0.717555046081543,0.7226945161819458,0.720115602016449,Incorrect
4896,ما هي الخطوة التالية في تدبير شاب عمره 20 سنة راجع الإسعاف بعد 20 يوماً من استئصال زائدة ملتهبة ويعاني من إقياء مع تمدد بطن وإيلام خفيف، وتعداد WBC كان 14000 كرية/مم3 والكهارل طبيعية؟,ANSWER: تصوير البطن بالأشعة السينية أو التصوير بالموجات فوق الصوتية.,مراقبة 24 ساعة أخرى مع وضع NG.,تصوير البطن بالأشعة السينية أو التصوير بالموجات فوق الصوتية.,مراقبة 24 ساعة أخرى مع وضع NG.,0.6554087996482849,0.7087136507034302,0.6810197830200195,Incorrect
4897,ما هي العلامات الأكثر توافقاً مع بالغ عمره 45 سنة لديه ألم بطني حاد وتم تشخيصه بالتهاب مرارة حاد؟,ANSWER: ارتفاع إنزيمات الكبد ودرجة حرارة مرتفعة.,ألم بطني مستمر ومضض مراق أيمن وارتفاع الكريات البيضاء.,ارتفاع إنزيمات الكبد ودرجة حرارة مرتفعة.,ألم بطني مستمر ومضض مراق أيمن وارتفاع الكريات البيضاء.,0.7328206896781921,0.7218279242515564,0.7272827625274658,Incorrect
4898,ما هي الخطوة الأولى الأهم في تدبير مريض يبلغ من العمر 32 سنة أتى لقسم الطوارئ بقصة إقياء لكميات كبيرة من الدم الأحمر القاني؟,ANSWER: تقييم حالة الصدمة.,الإنعاش بالسوائل.,تقييم حالة الصدمة.,الإنعاش بالسوائل.,0.7624205350875854,0.7530785799026489,0.7577208280563354,Incorrect
4899,ما هو التشخيص المحتمل لمريض عمره 70 سنة تطور لديه بعد 3 أيام من احتشاء قلبي ألم بطني مع تعدد البطن وخفوت في أصوات الأمعاء وتحليل غازات الدم يشير إلى احمضاض استقلابي؟,ANSWER: متلازمة القولون الإقفاري,احتشاء مساريقي.,متلازمة القولون الإقفاري,احتشاء مساريقي.,0.6671665906906128,0.7312284708023071,0.6977301836013794,Incorrect
4902,ما هي القاعدة الجراحية الأصح حالياً في مراقبة المريض أثناء تدبير مريض الانسداد المعوي ووضع القرار الجراحي المناسب في المراكز الجراحية المتطورة؟,"ANSWER: مبدأ ""لا تُعجل، لا تُبطئ""",يجب دائماً عدم إجراء الجراحة حتى يتم استقرا المريض بعد الإنعاش.,"مبدأ ""لا تُعجل، لا تُبطئ""",يجب دائماً عدم إجراء الجراحة حتى يتم استقرا المريض بعد الإنعاش.,0.6240465044975281,0.6142529249191284,0.6191110014915466,Incorrect
4905,ما هو التشخيص المحتمل للمريضة إذا كانت الصورة البسيطة تدل على سويات معوية دقيقة وغياب لارتسام الكولونات وكانت مقاطع التصوير الطبقي المحوري تشير لتوسع عرى المعي؟,ANSWER: متلازمة القولون المقسم (Diverticulosis),التصاقات معوية.,متلازمة القولون المقسم (Diverticulosis),التصاقات معوية.,0.6502012610435486,0.6958116292953491,0.6722337007522583,Incorrect
4907,ما هو التشخيص الأقوى لمريض عمره 65 سنة تطور لديه ألم بطني حاد مفاجئ مستمر في الربع العلوي الأيمن منذ ساعة، تلاه آلام مغصية سرية مع غثيان، والفحص السريري يبدي سحنة سمية مع فحص بطني سوي تقريباً؟,ANSWER: التهاب البنكرياس الحاد,انسداد أمعاء بنقص التروية.,التهاب البنكرياس الحاد,انسداد أمعاء بنقص التروية.,0.7205626964569092,0.706192672252655,0.7133052945137024,Incorrect
4911,ما هو التشخيص المحتمل في المريضة التي تظهر صورتها البسيطة سويات معوية دقيقة وغياب الارتسام الكولوني، وتشير مقاطع التصوير الطبقي المحوري لتوسع عرى المعي الدقيق وزيادة في شحم المساريقا مع عدم ارتسام الكولون بالكامل؟,ANSWER: متلازمة القولون المقيد,التصاقات معوية.,متلازمة القولون المقيد,التصاقات معوية.,0.6698046922683716,0.7240091562271118,0.6958529353141785,Incorrect
4912,ما هو التشخيص لمريض عمره 60 سنة مصاب بداء كرون منذ عشر سنوات راجع المشفى بقصة حمى وعرواءات تلاها خروج هواء ومفرزات معوية عند التبول؟,ANSWER: التهاب القولون المتقرح النشط,ناسور معدي مثاني.,التهاب القولون المتقرح النشط,ناسور معدي مثاني.,0.6367290019989014,0.660495400428772,0.6483944654464722,Incorrect
4926,ما هي الحالة التي لا تدخل في التشخيص التفريقي لطفلة عمرها 10 سنوات تعاني منذ ساعتين من ألم حفرة حرقفية يمنى دون إيلام مرتد؟,ANSWER: لا علاقة له بالقلب.,نزف رتج ميكل.,لا علاقة له بالقلب.,نزف رتج ميكل.,0.704889178276062,0.7145878076553345,0.7097053527832031,Incorrect
4928,ما هو التشخيص المحتمل لمريضة عمرها 50 سنة تعرضت لألم بطني حاد طاعن منذ نصف ساعة في الشرسوف تعمم في أنحاء البطن مع إقياءات بنية اللون وفحص البطن لين؟,ANSWER: التهاب الزائدة الدودية,صمة شريان مساريقي علوي.,التهاب الزائدة الدودية,صمة شريان مساريقي علوي.,0.6414119005203247,0.6534491181373596,0.6473745107650757,Incorrect
4929,ما هو الفحص الذي يجب إجراؤه أولاً لمريض يشتكي من ألم بطني حاد ومفاجئ؟,ANSWER: فحص البطن باللمس والتنفس.,صورة بطن شعاعية.,فحص البطن باللمس والتنفس.,صورة بطن شعاعية.,0.6946066617965698,0.7563028335571289,0.7241430282592773,Incorrect
4930,ما هو التشخيص الأقوى لمريض عمره 65 سنة تطور لديه ألم بطني حاد مفاجئ ومستمر في الربع السفلي الأيمن منذ ساعة، تلاه آلام مغصة سرية مع غثيان، والفحص السريري يبدي سحنة سمية مع فحص بطن سوي تقريباً؟,ANSWER: التهاب الزائدة الدودية,انسداد أمعاء بنقص التروية.,التهاب الزائدة الدودية,انسداد أمعاء بنقص التروية.,0.7597346305847168,0.7242191433906555,0.7415518760681152,Incorrect
4932,ما هي الخطوة الأولى الأهم في تدبير شاب عمره 32 سنة يراجع قسم الطوارئ بقصة إقياء كميات كبيرة من الدم الأحمر القاني؟,ANSWER: تقييم حجم وفقدان الدم.,الإنعاش بالسوائل.,تقييم حجم وفقدان الدم.,الإنعاش بالسوائل.,0.7435392141342163,0.733686625957489,0.7385801076889038,Incorrect
4934,ما هو التشخيص للآفة التي قد تسبب فقراً دموياً والنزف الحاد منها غير شائع والتي تم اكتشافها بالتنظير الهضمي العلوي لرجل عمره 55 سنة؟,ANSWER: قرحة معوية مزمنة,2. سرطانة معدية.,قرحة معوية مزمنة,2. سرطانة معدية.,0.7651807069778442,0.7387927770614624,0.7517552971839905,Incorrect
4935,ما هي الخطوة الأولى الأهم في تدبير مريض يبلغ من العمر 32 سنة أتى لقسم الطوارئ بقصة إقياء لكميات كبيرة من الدم الأحمر القاني؟,ANSWER: تقييم حالة الصدمة.,3. الإنعاش بالسوائل.,تقييم حالة الصدمة.,3. الإنعاش بالسوائل.,0.744316577911377,0.7159156203269958,0.7298398613929749,Incorrect
4936,ما هو العلاج الأمثل لمريض عمره 40 سنة وجد لديه بالتنظير الهضمي العلوي لمفوما معدية؟,ANSWER: العلاج الكيميائي والإشعاعي المستهدف,4. علاج كيماوي.,العلاج الكيميائي والإشعاعي المستهدف,4. علاج كيماوي.,0.674617350101471,0.7078555822372437,0.6908369064331055,Incorrect
4937,ما هو التشخيص المحتمل لطفل يبلغ من العمر 12 سنة يراجع بعقدة درقية مع ضخامة عقد لمفية ناحية؟,ANSWER: التهاب الغدد اللعابية الليمفاوية.,4. سرطان حليمي.,التهاب الغدد اللعابية الليمفاوية.,4. سرطان حليمي.,0.6843412518501282,0.6976678371429443,0.6909403204917908,Incorrect
4938,ما هو التشخيص المحتمل لمريضة في منتصف العمر تعاني من سلعة درقية لفترة طويلة مع تضخم الفص الأيمن أكبر من الأيسر وهي سريرياً في حالة سواء درقي؟,ANSWER: فرط نشاط الغدة الدرقية (هاشيموت),3. سلعة متعددة العقد.,فرط نشاط الغدة الدرقية (هاشيموت),3. سلعة متعددة العقد.,0.6649347543716431,0.6859127879142761,0.6752609014511108,Incorrect
4939,ما هو التشخيص الأكثر احتمالاً لفتاة في الربيع الخامس تشكو من عسرة تنفس مع وجود كتلة في جوف الفم بقطر 3 سم على الخط الناصف وعلى مؤخرة اللسان؟,ANSWER: ورم ليفي حميد (ليوما),2. درق لسانية.,ورم ليفي حميد (ليوما),2. درق لسانية.,0.637236475944519,0.6443238258361816,0.6407605409622192,Incorrect
4940,ما هو العلاج غير المرغوب به في حالة شابة في ربيعها الأربعين تشكو من نقص وزن مع خفقان وجحوظ في العينين مع وجود سلعة درقية متوسطة الحجم منتشرة ومتجانسة وفرط نشاط درق بدني؟,ANSWER: فرط نشاط الغدة الدرقية (هاشيميا),3. المعالجة الشعاعية باليود I 131,فرط نشاط الغدة الدرقية (هاشيميا),3. المعالجة الشعاعية باليود I 131,0.6767842769622803,0.6722164154052734,0.674492597579956,Incorrect
4941,ما هو الإجراء الأول الذي يجب إجراؤه قبل عملية Sleeve gastrectomy لمريض البدانة الذي لديه BMI يساوي 40؟,ANSWER: تقييم التقييم النفسي والغذائي,3. الحصول على موافقة المريض.,تقييم التقييم النفسي والغذائي,3. الحصول على موافقة المريض.,0.6777143478393555,0.6984419226646423,0.6879220008850098,Incorrect
4942,ما هو التشخيص المحتمل لمريض عمره 50 سنة يعاني من أصمية حديثة وألم في الربع العلوي الأيمن لمدة 3-4 أشهر مع فحص سريري سلبي ووظائف كبد طبيعية وتنظير هضمي علوي طبيعي بينما أظهر الإيكو وجود آفة كيسية وحيدة تبلغ 6 سم؟,ANSWER: ورم كيسي كبدي حميد,4. داء كيسي بسيط,ورم كيسي كبدي حميد,4. داء كيسي بسيط,0.7666897773742676,0.7278417348861694,0.7467608451843262,Correct
4943,ما هو التشخيص المحتمل لمريض يبلغ من العمر 60 سنة لديه سابقة حصيات مرارية يراجع بقصة ألم بطني شديد ومستمر لمدة 6 ساعات وبالفحص السريري كان المريض غير مرتاح ومصدوم مع انتفاخ البطن ومضض راجع معممين؟,ANSWER: التهاب المرارة الحاد,4. التهاب بريتوان تالي لانثقاب مرارة.,التهاب المرارة الحاد,4. التهاب بريتوان تالي لانثقاب مرارة.,0.731037974357605,0.679283618927002,0.7042111754417419,Incorrect
4944,ما هو التشخيص المحتمل لمريض يبلغ من العمر 56 سنة يعاني من ألم شديد في أعلى البطن منذ أسبوع مع حمى متقطعة وعدم راحة شديدة مع وجود علامات لتخريش بريتواني في الربع العلوي الأيمن مع جس كتلة؟,ANSWER: التهاب المرارة الحاد,1. تقيح مرارة.,التهاب المرارة الحاد,1. تقيح مرارة.,0.6970093846321106,0.6533534526824951,0.6744757890701294,Incorrect
4945,ما هو التشخيص المحتمل لمريض يبلغ من العمر 60 سنة يعاني من ألم بطني ويرقان وحرارة مع عروءات؟,ANSWER: التهاب الكبد الوبائي (مثل فيروس A أو B أو C),4. التهاب طرق صفراوية صاعد.,التهاب الكبد الوبائي (مثل فيروس A أو B أو C),4. التهاب طرق صفراوية صاعد.,0.693578839302063,0.7253767251968384,0.7091214656829834,Incorrect
4946,ما هو التشخيص المحتمل لمريضة تبلغ من العمر 40 سنة عولجت لالتهاب مرارة حاد حيث لوحظ وجود مرارة مجسوسة غير ممضة، لم يكن هناك ترفع حروري وكانت المريضة بشكل عام بصحة جيدة؟,ANSWER: التهاب البنكرياس الحاد.,3. قيلة مخاطية في المرارة.,التهاب البنكرياس الحاد.,3. قيلة مخاطية في المرارة.,0.7028790712356567,0.6672763824462891,0.6846151947975159,Incorrect
4947,ما هو التشخيص المحتمل لمريض عمره 48 سنة يعاني من اضطراب رئوي وصداع وارتفاع ضغط؟,ANSWER: مرض ارتفاع ضغط الدم الرئوي,3. متلازمة كون.,مرض ارتفاع ضغط الدم الرئوي,3. متلازمة كون.,0.6789683103561401,0.6831280589103699,0.6810418367385864,Incorrect
4948,ما هو التشخيص المحتمل لمريض ربو مع تفاقم متكرر لحالته تطور لديه بشكل تدريجي شعرانية مع بدانة جذعية وكدمات؟,ANSWER: مرض الربو مع متلازمة كلوة الأوعية اللمفاوية,1. متلازمة كوشينغ.,مرض الربو مع متلازمة كلوة الأوعية اللمفاوية,1. متلازمة كوشينغ.,0.723745584487915,0.7495260238647461,0.7364102602005005,Incorrect
4950,ما هو التشخيص المحتمل لسيدة حامل تبلغ من العمر 30 سنة تبين أثناء إجراء ايكو بطن لها وجود كتلة متكلسة في الشرسوف يبلغ قطرها 1 سم مع سماع لغط في منطقة الشرسوف دون وجود أي أعراض؟,ANSWER: كيس ولادي في المبيض (كيس دوالي),3. أم دم شريان طحالي.,كيس ولادي في المبيض (كيس دوالي),3. أم دم شريان طحالي.,0.6896262168884277,0.6817650198936462,0.6856730580329895,Incorrect
4952,ما هي نسبة الاستفادة من استئصال الطحال في حالة سيدة عمرها 40 سنة تعاني من فرفرية مناعية مزمنة معندة على العلاج بالستيروئيدات؟,ANSWER: تختلف حسب شدة المرض والاستجابة للعلاج.,1. أقل من 20%,تختلف حسب شدة المرض والاستجابة للعلاج.,1. أقل من 20%,0.5435333847999573,0.5878816843032837,0.5648383498191833,Incorrect
4953,ما هي الخطوة التالية في تدبير مريض بعمر 70 سنة دون سوابق جراحية يعاني من ألم بطني متقطع منذ أسبوع وتوسع بطني وإقياء مستمر منذ يوم، مع عدم وجود فتوق بالفحص وتعداد 3000 كرية بيضاء / مم؟,ANSWER: تحويله لتصوير بطني وتقييم أسباب الإقياء,4. إجراء (CT) التصوير الطبقي المحوسب للبطن.,تحويله لتصوير بطني وتقييم أسباب الإقياء,4. إجراء (CT) التصوير الطبقي المحوسب للبطن.,0.7048245668411255,0.7012579441070557,0.7030367255210876,Incorrect
4957,ما هي الخطوة التالية في تدبير مريض بعمر 70 سنة دون سوابق جراحية يعاني من ألم بطني متقطع منذ أسبوع وتوسع بطني وإقياء مستمر منذ يوم، مع عدم وجود فتوق بالفحص وتعداد 3000 كرية بيضاء / مم؟,ANSWER: تحويله لتصوير بطني وتقييم أسباب الإقياء,4. إجراء (CT) التصوير الطبقي المحوسب للبطن.,تحويله لتصوير بطني وتقييم أسباب الإقياء,4. إجراء (CT) التصوير الطبقي المحوسب للبطن.,0.7048245668411255,0.7012579441070557,0.7030367255210876,Incorrect
4958,ما هي الخطوة التالية في تدبير شاب عمره 20 سنة راجع الإسعاف بعد 20 يوماً من استئصال زائدة ملتهبة ويعاني من إقياء مع تمدد بطن وإيلام خفيف وتعداد WBC 14000 كرية/مم2 والكهارل طبيعية؟,ANSWER: متابعة سريرية وتصويرية لتقييم الالتهاب البطني.,1. مراقبة 24 ساعة أخرى مع وضع NG.,متابعة سريرية وتصويرية لتقييم الالتهاب البطني.,1. مراقبة 24 ساعة أخرى مع وضع NG.,0.693779706954956,0.7249672412872314,0.7090306282043457,Incorrect
4960,ما هي الخطوة الأولى الأهم في تدبير مريض يبلغ من العمر 32 سنة يعاني من إقياء كميات كبيرة من الدم الأحمر القاني؟,ANSWER: تقييم حالة المريض فوراً وتقييم حجم وفقدان الدم.,3. الإنعاش بالسوائل.,تقييم حالة المريض فوراً وتقييم حجم وفقدان الدم.,3. الإنعاش بالسوائل.,0.6837601065635681,0.6928141117095947,0.6882572770118713,Incorrect
4961,ما هو التشخيص المحتمل لمريض عمره 70 سنة تطور لديه بعد 3 أيام من احتشاء قلبي ألم بطني مع تطبل البطن وخفوت في أصوات الأمعاء وتحليل غازات الدم يشير إلى حماض استقلابي؟,ANSWER: متلازمة القولون العصبي بعد احتشاء عضلة القلب,2. احتشاء مساريقي.,متلازمة القولون العصبي بعد احتشاء عضلة القلب,2. احتشاء مساريقي.,0.6658483743667603,0.7207056879997253,0.6921918988227844,Incorrect
