id,input,prediction,ground_truth,prediction_clean,ground_truth_clean,bert_precision_example,bert_recall_example,bert_f1_example,judge_label
4,ما هو العصب الذي ينقل إحساس الذوق من ثلث اللسان الخلفي؟,ANSWER: العصب المبهم,التاسع,العصب المبهم,التاسع,0.5175554752349854,0.5605175495147705,0.5381804704666138,Incorrect
8,ما هي القوس البيضاء عند حدود جسم الظفر مع جذره؟,ANSWER: اللُّحْمَةُ القُرْصِيَّةُ,هليل الظفر,اللُّحْمَةُ القُرْصِيَّةُ,هليل الظفر,0.5474309921264648,0.6800522804260254,0.6065772175788879,Incorrect
12,أين يقع الخط الالوي السفلي؟,ANSWER: الحافة الإنسية للعظم العجزي,السطح الخارجي للحرقفة,الحافة الإنسية للعظم العجزي,السطح الخارجي للحرقفة,0.7975494265556335,0.8142129182815552,0.8057950139045715,Incorrect
16,ما هي الحافة من الفرع التي تشكل زاوية الفك السفلي؟,ANSWER: الحافة السفلية للفك,الخلفية,الحافة السفلية للفك,الخلفية,0.7403460144996643,0.7924787402153015,0.7655258774757385,Incorrect
17,ما هي البنية التشريحية التي تتعصب بالعصب الشظوي السطحي؟,ANSWER: عضلات الساق الأمامية,العضله الشظويه الطويله,عضلات الساق الأمامية,العضله الشظويه الطويله,0.7777971029281616,0.7467031478881836,0.7619330286979675,Incorrect
19,أين تشاهد الجسور بين الخلوية؟,ANSWER: المجهر الضوئي,الطبقة الشائكة من النسيج الظهاري المطبق,المجهر الضوئي,الطبقة الشائكة من النسيج الظهاري المطبق,0.7863774299621582,0.767838180065155,0.7769972085952759,Incorrect
21,ما الذي يحول الثلمتين الاسكيتين إلى ثقبتين؟,ANSWER: فتق الحجاب الحاجز,الرباط العجزي الشوكي العجزي الحدبي,فتق الحجاب الحاجز,الرباط العجزي الشوكي العجزي الحدبي,0.7393035888671875,0.7438206672668457,0.7415552735328674,Incorrect
28,ما هو الهرمون الذي يفرز PTH؟,ANSWER: الغدة الجاردرقية,الغدد جارات الدرق,الغدة الجاردرقية,الغدد جارات الدرق,0.8012411594390869,0.7931342720985413,0.797167181968689,Correct
35,ما الذي يقع بين جسم الفقرة والقوس الفقرية؟,ANSWER: الثقبة الفقرية,الثقبة الفقرية,الثقبة الفقرية,الثقبة الفقرية,1.0,1.0,1.0,Correct
49,أين تقع المنطقة الشمية؟,ANSWER: تجويف الأنف,سقف الأنف,تجويف الأنف,سقف الأنف,0.8759677410125732,0.9074034094810486,0.8914085030555725,Incorrect
50,ما الذي يتصل به المدورين بالأمام في الفخذ؟,ANSWER: الرباط الحقاني,الخط بين المدورين,الرباط الحقاني,الخط بين المدورين,0.7650420665740967,0.7663956880569458,0.7657182812690735,Incorrect
51,أين يوجد التلم الكعبري في جسم العضد؟,ANSWER: القمة الجراحية,على الوجه الخلفي.,القمة الجراحية,على الوجه الخلفي.,0.6600446701049805,0.6726729869842529,0.6662989854812622,Incorrect
54,ما الذي تتشكل منه ضفيرة راشكوف في لب السن؟,ANSWER: ألياف عصبية,ألياف حسية.,ألياف عصبية,ألياف حسية.,0.8794609904289246,0.8955099582672119,0.8874129056930542,Correct
55,أين يقع المستقيم؟,ANSWER: الحوض والعجان,القولون السيني والقناة الشرجية,الحوض والعجان,القولون السيني والقناة الشرجية,0.7865203619003296,0.753166913986206,0.7694823741912842,Incorrect
56,إلى أي صنف من أصناف الغدد تنتمي حديثات المونتغمري؟,ANSWER: عرقية مُعدَّلة,دهنية,عرقية مُعدَّلة,دهنية,0.6785100698471069,0.7950866222381592,0.7321872115135193,Incorrect
64,ما هو العصب المحرك لعضلات اللسان؟,ANSWER: العصب المبهم,12,العصب المبهم,12,0.5789027214050293,0.6281331777572632,0.6025139689445496,Incorrect
73,ما هي الضفيرة التي يتفرع منها العصب الحجابي؟,ANSWER: الضفيرة العضدية,الرقبية,الضفيرة العضدية,الرقبية,0.7481726408004761,0.7876966595649719,0.767426073551178,Incorrect
74,من أين يفرز الأدرينالين؟,ANSWER: الغدة الكظرية,لب الكظر,الغدة الكظرية,لب الكظر,0.7843896746635437,0.7833676338195801,0.7838782668113708,Incorrect
75,ما هو الوريد الذي يتشكل منه الوريد الأجوف السفلي؟,ANSWER: وريد الحرقفي المشترك,الوريدين الحرقفيين المشتركين الأيمن والأيسر,وريد الحرقفي المشترك,الوريدين الحرقفيين المشتركين الأيمن والأيسر,0.843355119228363,0.7751614451408386,0.8078216314315796,Incorrect
78,ما هي الطبقة الأكثر تمايزاً وكثافة في الشرايين؟,ANSWER: طبقة وسيطة,المتوسطة,طبقة وسيطة,المتوسطة,0.7065182328224182,0.7249894142150879,0.7156347036361694,Correct
79,مما ينتج هرمون T4؟,ANSWER: الغدة الدرقية,الدرق,الغدة الدرقية,الدرق,0.7857080698013306,0.8379274606704712,0.8109780550003052,Correct
85,ما هي العضلة التي ترتكز بشكل أساسي على العظم الزورقي؟,ANSWER: العضلة القصية الترقوية,الظنبوبي الخلفي,العضلة القصية الترقوية,الظنبوبي الخلفي,0.7456214427947998,0.7374396920204163,0.7415080070495605,Incorrect
87,أين تقع المنطقة الشمية؟,ANSWER: تجويف الأنف,سقف الأنف,تجويف الأنف,سقف الأنف,0.8759677410125732,0.9074034094810486,0.8914085030555725,Incorrect
88,ما هو اسم الوسادة من النسيج الدهني فوق الارتفاق العاني؟,ANSWER: وسادة العانة الدهنية,جبل العانة,وسادة العانة الدهنية,جبل العانة,0.777219295501709,0.8411654233932495,0.8079289793968201,Correct
98,أين يتوضع الكولون السيني؟,ANSWER: الحوض الأيسر,الناحية المغبنية اليسرى,الحوض الأيسر,الناحية المغبنية اليسرى,0.791867733001709,0.7726560831069946,0.7821439504623413,Incorrect
103,ما هو القسم من العظم الجبهي الذي يفصل بين القسمين الحجاجيين من الخلف؟,ANSWER: التلفيف الفوقي,الثلمة الغربالية,التلفيف الفوقي,الثلمة الغربالية,0.7592100501060486,0.7899882793426514,0.7742933630943298,Incorrect
105,ما هي الفروع الانتهائية للسبات الظاهر؟,ANSWER: فرع الشريان السباتي الظاهر,الفكي والصدغي والسطحي,فرع الشريان السباتي الظاهر,الفكي والصدغي والسطحي,0.7540245056152344,0.7385871410369873,0.7462259531021118,Incorrect
113,أين يمر عصب الفك العلوي؟,ANSWER: تجويف الفك العلوي,الثقبة المدورة,تجويف الفك العلوي,الثقبة المدورة,0.6884609460830688,0.6998600959777832,0.6941137313842773,Incorrect
114,ما هي النقطة التشريحية على الوجه السفلي لجسم العظم الوتدي؟,ANSWER: النتوء المجنح,المنقار الوتدي,النتوء المجنح,المنقار الوتدي,0.7661819458007812,0.7749097347259521,0.7705211639404297,Incorrect
115,ما اسم العظم الذي يتوضع كيس الدمع عليه؟,ANSWER: العظم الدمعي,الدمعي أنسي الحجاج,العظم الدمعي,الدمعي أنسي الحجاج,0.8005785346031189,0.7591069936752319,0.7792914509773254,Correct
116,من أين ينشأ الشريان السباتي المشترك الأيسر؟,ANSWER: قوس الأبهر,قوس الأبهر مباشرة,قوس الأبهر,قوس الأبهر مباشرة,0.9561218023300172,0.9317100644111632,0.9437580704689026,Correct
120,ما طول الأسهر؟,ANSWER: حوالي 45 سم,45 سم,حوالي 45 سم,45 سم,0.8900630474090576,0.9277249574661256,0.9085038900375366,Correct
128,ما هو المكان الذي يعبر من خلاله الشريان السحائي الأوسط؟,ANSWER: التلم السحائي الوسطي,الثقبة الشوكية,التلم السحائي الوسطي,الثقبة الشوكية,0.7732375860214233,0.7675574421882629,0.7703869938850403,Incorrect
138,ما هي الطية الجلدية التي تغطي رأس القضيب؟,ANSWER: القلفة,القلفة,القلفة,القلفة,1.0,1.0,1.0,Correct
145,ما هي البنية التشريحية التي ترتكز على الحفرة المدورية؟,ANSWER: العضلة الوداجية الدرقية,العضلة السدادية الظاهرة,العضلة الوداجية الدرقية,العضلة السدادية الظاهرة,0.8820992708206177,0.8826363682746887,0.882367730140686,Incorrect
147,أين يتوضع الدرز الأكليلي؟,ANSWER: تاج السن,يتوضع بين العظم الجبهي والجداريين.,تاج السن,يتوضع بين العظم الجبهي والجداريين.,0.7192181348800659,0.66390061378479,0.6904531717300415,Incorrect
152,ماذا يفعل الرباط المتصالب الأمامي؟,ANSWER: تثبيت مفصل الركبة,يمنع انزياح الساق للأمام,تثبيت مفصل الركبة,يمنع انزياح الساق للأمام,0.7650023698806763,0.7527890205383301,0.7588465213775635,Incorrect
157,ما العصب القحفي الذي يعبر الثقبة البيضية؟,ANSWER: العصب مثلث التوائم,الفكي السفلي,العصب مثلث التوائم,الفكي السفلي,0.7208247780799866,0.7210932970046997,0.720958948135376,Incorrect
159,إلى أي قصبات تتفرع القصبات الفصية؟,ANSWER: القصبات الهامشية,قطعية شدفية,القصبات الهامشية,قطعية شدفية,0.7024232149124146,0.7168475389480591,0.7095620632171631,Incorrect
161,أين توجد نوى الأعصاب القحفية من الثالث حتى الثاني عشر؟,ANSWER: جذع الدماغ,جذع الدماغ,جذع الدماغ,جذع الدماغ,1.0,1.0,1.0,Correct
166,على ماذا يحتوي البلعوم الفموي من اللوزتين؟,ANSWER: اللوزتان الحنكية,الحنكيتين,اللوزتان الحنكية,الحنكيتين,0.8503627777099609,0.8793582916259766,0.8646175265312195,Correct
167,على أي من وجوه الكبد يوجد مسكن المرارة؟,ANSWER: السطح السفلي,السفلي,السطح السفلي,السفلي,0.8559778332710266,0.8934211730957031,0.8742988109588623,Correct
168,ما هو العصب القحفي الثاني؟,ANSWER: العصب البصري,البصري - حاسي,العصب البصري,البصري - حاسي,0.8435778617858887,0.8283768892288208,0.8359082341194153,Correct
175,ما وظيفة العضلة تحت الكتفية؟,ANSWER: دوران الكتف,دوران أنسي للكتف.,دوران الكتف,دوران أنسي للكتف.,0.7752166986465454,0.7513006329536438,0.7630712985992432,Incorrect
178,أين تتوضع المشيمة في ارتكاز المشيمة المعيب؟,ANSWER: انخفاض المشيمة,بين الجنين والمهبل.,انخفاض المشيمة,بين الجنين والمهبل.,0.7233428359031677,0.7688082456588745,0.7453829050064087,Incorrect
181,ما اسم الطبقة من السحايا التي تغطي الجيوب الوريدية؟,ANSWER: طبقة الشحمية,الام الجافية,طبقة الشحمية,الام الجافية,0.7466856241226196,0.7618832588195801,0.7542079091072083,Incorrect
184,ما هي الألياف التي تربط المراكز القشرية بالمحيط؟,ANSWER: عصبونات حركية علوية,إسقاطية,عصبونات حركية علوية,إسقاطية,0.7363981604576111,0.8048030734062195,0.7690825462341309,Incorrect
185,ما الذي تشكله البصلة عندما تتمادى في الأمام في جسم القضيب؟,ANSWER: قُرحة القضيب,الجسم الاسفنجي,قُرحة القضيب,الجسم الاسفنجي,0.672576367855072,0.7140784859657288,0.6927063465118408,Incorrect
193,ما هي أكبر غدد الجسم؟,ANSWER: الغدة الدرقية,الكبد,الغدة الدرقية,الكبد,0.8030538558959961,0.8335038423538208,0.817995548248291,Incorrect
194,ما هي الشرايين الخمسة التي يتفرع إليها الشريان الكلوي؟,ANSWER: شريان كببي، شريان بينوي، شريان قطني، شريان غدي، شريان فوق كببي,قطعية,شريان كببي، شريان بينوي، شريان قطني، شريان غدي، شريان فوق كببي,قطعية,0.584053099155426,0.7083086371421814,0.6402075290679932,Incorrect
196,بماذا ينتهي الشريان الوجهي؟,ANSWER: الشريان الصدغي السطحي,الشريان الزاوي,الشريان الصدغي السطحي,الشريان الزاوي,0.8650490045547485,0.9060677886009216,0.8850834369659424,Incorrect
201,ما هي طبقة لب السن الأكثر عمقا والأقرب لجوهر اللب؟,ANSWER: قرن اللب,المنطقة الغنية بالخلايا.,قرن اللب,المنطقة الغنية بالخلايا.,0.730509340763092,0.7160850763320923,0.7232252359390259,Incorrect
202,أين تقع فوهة مصب الجيب الأكليلي؟,ANSWER: الحافة الأنفية للأسنان العليا,أمام وأسفل مصب الأجوف السفلي,الحافة الأنفية للأسنان العليا,أمام وأسفل مصب الأجوف السفلي,0.7416256070137024,0.6997758150100708,0.7200931906700134,Incorrect
203,ما هي الزاوية الأمامية السفلية للعظم الجداري؟,ANSWER: الزاوية الوتدية الجدارية,وتدية,الزاوية الوتدية الجدارية,وتدية,0.7056012153625488,0.736602783203125,0.7207687497138977,Correct
206,أي عصب هو المحرك لعضلات اللسان؟,ANSWER: العصب تحت اللسان,12,العصب تحت اللسان,12,0.5723255276679993,0.617723822593689,0.5941587090492249,Correct
208,ما هو البروز العظمي الذي يحتوي عليه الوجه الداخلي لفرع الفك السفلي؟,ANSWER: قناة الفك السفلي,اللسين,قناة الفك السفلي,اللسين,0.7202413082122803,0.746281623840332,0.7330302596092224,Incorrect
209,ما هي المواد التي تفرزها الغدد استجابة للتنبيه وترحل عبر الدم؟,ANSWER: هرمونات,الهرمونات,هرمونات,الهرمونات,0.9113665819168092,0.8789139986038208,0.8948462009429932,Correct
210,ما هي الزاوية بين قبضة وجسم القص؟,ANSWER: زاوية القص,لويس,زاوية القص,لويس,0.7133814096450806,0.7499459981918335,0.7312068939208984,Correct
215,من أين يخرج العصب الفكي العلوي من الجمجمة؟,ANSWER: الثقبة الوتدية البيضاوية,الثقبة المدورة,الثقبة الوتدية البيضاوية,الثقبة المدورة,0.8618382215499878,0.899514377117157,0.8802734017372131,Incorrect
217,ما الذي يحدد المنصف العلوي جانبياً؟,ANSWER: العضلة القصية الترقوية,الجنية المنصفية.,العضلة القصية الترقوية,الجنية المنصفية.,0.7829697728157043,0.7986348867416382,0.7907246947288513,Incorrect
219,ما هما الممران اللذان يمر عبرهما الهواء إلى جوف الأنف؟,ANSWER: الممرين الأنفيان,المنخرين,الممرين الأنفيان,المنخرين,0.8134312033653259,0.8288841247558594,0.8210849761962891,Correct
223,أين ترتكز العضلة العريضة الظهرية؟,ANSWER: النتوء المستعرض والفقرات القطنية,قاع أخدود ذات الرأسين.,النتوء المستعرض والفقرات القطنية,قاع أخدود ذات الرأسين.,0.649994969367981,0.645095705986023,0.647536039352417,Incorrect
225,ما هو القولون الذي يمتد بشكل أفقي؟,ANSWER: القولون المستعرض,الكولون المعترض,القولون المستعرض,الكولون المعترض,0.8423518538475037,0.8047235012054443,0.8231078386306763,Correct
228,كم عدد القطع العصعصية في النخاع الشوكي؟,ANSWER: خمس قطع عصعصية,1,خمس قطع عصعصية,1,0.6357333660125732,0.7301669120788574,0.6796857118606567,Incorrect
230,ما الطبقة التي تمثلها العضلة الدافعة في المثانة؟,ANSWER: طبقة العضلية الملساء,العضلية,طبقة العضلية الملساء,العضلية,0.7963704466819763,0.8577996492385864,0.8259444236755371,Correct
231,ما هي الخلايا التي توجد في الجلد وتعمل كمستقبلات آلية حسية؟,ANSWER: مستقبلات ميكانيكية جلدية,خلايا ميركل.,مستقبلات ميكانيكية جلدية,خلايا ميركل.,0.7407689094543457,0.7648602724075317,0.7526218295097351,Incorrect
235,ما اسم الكرة الصغيرة فوق قمة الغضروف؟,ANSWER: درقة الحنجرة,القريني,درقة الحنجرة,القريني,0.7812732458114624,0.8111401796340942,0.7959266304969788,Incorrect
236,أين لا توجد الغدد الزهمية؟,ANSWER: باطن القدمين والكفّين,راحة اليد وأخمص القدم,باطن القدمين والكفّين,راحة اليد وأخمص القدم,0.7655031681060791,0.7799484133720398,0.7726582884788513,Correct
240,ما هو العصب المسؤول عن حركات عضلات الوجه التعبيرية؟,ANSWER: العصب الوجهي,السابع,العصب الوجهي,السابع,0.6263851523399353,0.6801069974899292,0.6521416306495667,Correct
241,ما هي الزاوية الخلفية السفلية في العظم الجداري؟,ANSWER: الزاوية الجدارية التذيلية,خشانية,الزاوية الجدارية التذيلية,خشانية,0.6947596073150635,0.730633556842804,0.7122451663017273,Incorrect
245,ما هو الاسم الآخر لفرع الفك السفلي؟,ANSWER: العصب مثلث التوائم,الرأد.,العصب مثلث التوائم,الرأد.,0.7072598934173584,0.7352727651596069,0.7209943532943726,Incorrect
253,ماذا يفعل الرباط المتصالب الأمامي؟,ANSWER: تثبيت مفصل الركبة,يمنع ازياح الساق للأمام,تثبيت مفصل الركبة,يمنع ازياح الساق للأمام,0.7478445768356323,0.7332472801208496,0.7404739856719971,Incorrect
255,ما هي الثقبة التي يعبر من خلالها العصب الوجهي؟,ANSWER: الثقبة الوعائية الفكية,الثقبة الإبرية الخشانية,الثقبة الوعائية الفكية,الثقبة الإبرية الخشانية,0.8735148906707764,0.8403889536857605,0.8566317558288574,Incorrect
262,ماذا تفرز خلايا بيتا في البنكرياس؟,ANSWER: الأنسولين,الأنسولين,الأنسولين,الأنسولين,0.9999998807907104,0.9999998807907104,0.9999998807907104,Correct
267,ما هو التامور الخارجي الذي لا يرتبط بالقلب؟,ANSWER: التامور الجداري,التامور الليفي,التامور الجداري,التامور الليفي,0.9253454804420472,0.9253454804420472,0.9253454804420472,Incorrect
269,ما هو القسم من الضلع الواقع بين الرأس والحديبة؟,ANSWER: جسم الضلع,العنق,جسم الضلع,العنق,0.7892442941665649,0.7818878889083862,0.7855488657951355,Incorrect
273,مع أي عظم يتمفصل الظنبوب في الأسفل؟,ANSWER: عظم الكاحل,القعب,عظم الكاحل,القعب,0.7826716899871826,0.7923723459243774,0.7874920964241028,Correct
277,أي من العضلات العميقة التالية للمثلث الخلفي للعنق ترتبط بحدبة الأطلس الخلفية؟,ANSWER: العضلة القصية الترقوية الخشائية,المستقيمه الرأسيه الخلفيه الصغيرة,العضلة القصية الترقوية الخشائية,المستقيمه الرأسيه الخلفيه الصغيرة,0.7425836324691772,0.7418643832206726,0.742223858833313,Incorrect
279,ما هو التركيب الذي يتصل بالخلف مع البلعوم الفموي عبر برزخ الحلق؟,ANSWER: اللوزة الحنكية,جوف الفم المخصوص,اللوزة الحنكية,جوف الفم المخصوص,0.7742061614990234,0.7609851360321045,0.7675387263298035,Incorrect
281,ما هي البنية التي تغطي السطوح الأمامي والإنسي والوحشي للخصية؟,ANSWER: الغلالة الكيسية,الغلالة الغمدية,الغلالة الكيسية,الغلالة الغمدية,0.9238729476928712,0.9238729476928712,0.9238728880882264,Incorrect
282,أين يقع موقع الغدة الدرقية؟,ANSWER: أمام القصبة الهوائية,تحت الحنجرة وعلى جانبي الرغامي وأمامها,أمام القصبة الهوائية,تحت الحنجرة وعلى جانبي الرغامي وأمامها,0.76409512758255,0.73902827501297,0.7513526678085327,Incorrect
283,أين تتوضع مستقبلات الشم؟,ANSWER: الظهارة الشمية,سقف الأنف.,الظهارة الشمية,سقف الأنف.,0.7264050841331482,0.7373956441879272,0.7318590879440308,Correct
284,ما هي طبيعة هرمونات الغدة النخامية؟,ANSWER: ببتيدات وبروتينات ستيرويدية,بيتيدية,ببتيدات وبروتينات ستيرويدية,بيتيدية,0.6888853907585144,0.7668964266777039,0.7258006930351257,Incorrect
285,ما هو مفصل المرفق؟,ANSWER: مفصل زنكي كعبري,نموذج رزى,مفصل زنكي كعبري,نموذج رزى,0.7294708490371704,0.7280136942863464,0.7287415266036987,Incorrect
286,ما هو المكان الذي تنشأ منه العضلة المدورة الكبيرة بشكل أساسي؟,ANSWER: الفقرات الصدرية السفلى,أسفل الحافة الوحشية لعظم لوح الكتف.,الفقرات الصدرية السفلى,أسفل الحافة الوحشية لعظم لوح الكتف.,0.7511239051818848,0.709723711013794,0.72983717918396,Incorrect
287,أين يتوضع الأبهر النازل البطني؟,ANSWER: أمام العمود الفقري,أيسر الأجوف السفلي,أمام العمود الفقري,أيسر الأجوف السفلي,0.7885617613792419,0.7482854723930359,0.7678958177566528,Incorrect
288,ما الذي يجاور السطح العلوي لمثانة الرجل؟,ANSWER: المستقيم والبروستاتا,عرى اللفائفي والكولون السيني,المستقيم والبروستاتا,عرى اللفائفي والكولون السيني,0.7471945285797119,0.7413867115974426,0.7442793250083923,Incorrect
289,ما هي عضلة الشهيق الرئيسية؟,ANSWER: الحجاب الحاجز,الحجاب الحاجز.,الحجاب الحاجز,الحجاب الحاجز.,0.9133280515670776,0.9054649472236632,0.9093794822692872,Correct
290,ما هو ترتيب دخول التراكيب إلى سرة الكلية من الخلف للأمام؟,ANSWER: الوريد، الشريان، الحالب,حويضة – شريان – وريد,الوريد، الشريان، الحالب,حويضة – شريان – وريد,0.6636465191841125,0.655083954334259,0.6593374013900757,Incorrect
302,أين تشاهد التلمة الكعبرية للزند؟,ANSWER: العظم الكعبري,الوجه الوحشي للناتئ المنقاري.,العظم الكعبري,الوجه الوحشي للناتئ المنقاري.,0.8355572819709778,0.7821193933486938,0.8079556822776794,Incorrect
308,أين تتوضع الثقبة العوراء في اللسان؟,ANSWER: خلف الحليمات الورقية,خلف الكلم الإنتهائي,خلف الحليمات الورقية,خلف الكلم الإنتهائي,0.846005916595459,0.8256402611732483,0.8356990218162537,Incorrect
313,ما هو أطول أجزاء الأنبوب الهضمي؟,ANSWER: الأمعاء الدقيقة,المعي الدقيق,الأمعاء الدقيقة,المعي الدقيق,0.841406524181366,0.8495179414749146,0.8454427719116211,Correct
315,ما هو ترتيب العضلات من الأعلى للأسفل على الناحية الخلفية للألية؟,ANSWER: الغلُوتيّ، الألوِيّ، الإليوي.,كمثرية - توأمية علوية - سادة باطنة - توأمية سفلية,الغلُوتيّ، الألوِيّ، الإليوي.,كمثرية - توأمية علوية - سادة باطنة - توأمية سفلية,0.6696813106536865,0.6475522518157959,0.6584309339523315,Incorrect
325,ما هي الطبقة المبطنة للتامور الليفي؟,ANSWER: بطانة المتوسطة,التامور المصلي الجداري,بطانة المتوسطة,التامور المصلي الجداري,0.7089771032333374,0.691431999206543,0.7000946402549744,Incorrect
330,ما هو أطول أجزاء أنبوب الهضم؟,ANSWER: الأمعاء الدقيقة,المعي الدقيق,الأمعاء الدقيقة,المعي الدقيق,0.841406524181366,0.8495179414749146,0.8454427719116211,Correct
331,ما هو الهرمون الذي يسرع عملية تصنيع الأحماض الدهنية من الغلوكوز في الخلايا الشحمية؟,ANSWER: الأنسولين,الانسولين,الأنسولين,الانسولين,0.90400367975235,0.9264123439788818,0.91507089138031,Correct
338,ما هو الرباط الذي يربط الرحم بجدران الحوض الجانبية؟,ANSWER: الرباط العريض,العريض,الرباط العريض,العريض,0.8798039555549622,0.9271823167800904,0.9028719663619996,Correct
339,ما هو لون لب الكظر؟,ANSWER: أصفر شاحب,بني غامق,أصفر شاحب,بني غامق,0.6948462724685669,0.7509495615959167,0.7218093872070312,Incorrect
347,ما الذي يشكل معظم الكتلة العضلية للسان؟,ANSWER: عضلة اللسان,ذقنية لسانية,عضلة اللسان,ذقنية لسانية,0.7025716304779053,0.6958174705505371,0.6991782188415527,Incorrect
349,ما هي أصغر الحليمات الذوقية وأكثرها عدداً؟,ANSWER: الحليمات الفطرية,الخيطية,الحليمات الفطرية,الخيطية,0.8197232484817505,0.8438568115234375,0.8316150307655334,Incorrect
354,ما هي العضلات الطويلة التي تربط الفقرات مع بعضها؟,ANSWER: أربطة صفراء طويلة,عضلات العمود الفقري,أربطة صفراء طويلة,عضلات العمود الفقري,0.7069141864776611,0.6893759369850159,0.698034942150116,Incorrect
355,ما هو أضيق قسم في جذع الدماغ؟,ANSWER: جسر فارول,مستوى الدماغ المتوسط,جسر فارول,مستوى الدماغ المتوسط,0.6710550785064697,0.7132822871208191,0.6915246248245239,Incorrect
358,أين يقع التلفيف خلف المركزي؟,ANSWER: الفص الجداري,الفص الجداري.,الفص الجداري,الفص الجداري.,0.9360901117324828,0.9241122603416444,0.9300626516342164,Correct
361,ما هي الباحة التي يحويها التلفيف خلف المركزي؟,ANSWER: منطقة فيرنيكه,الحس الجسدي الأولية,منطقة فيرنيكه,الحس الجسدي الأولية,0.6611756086349487,0.6308704614639282,0.6456676125526428,Incorrect
367,ما هي أصغر الحليمات الذوقية وأكثرها عدداً؟,ANSWER: الحليمات الفطرية,الخيطية,الحليمات الفطرية,الخيطية,0.8197232484817505,0.8438568115234375,0.8316150307655334,Incorrect
368,ما هي المجموعة العضلية التي تنتمي إليها العضلة الحرقفية؟,ANSWER: عضلات الحوض,عضلات الزنار الحوضي الأمامية,عضلات الحوض,عضلات الزنار الحوضي الأمامية,0.9051859974861144,0.8231500387191772,0.8622210621833801,Incorrect
372,ما هو القسم المسؤول عن تنظيم الفعالية الحياتية الذاتية؟,ANSWER: الجهاز العصبي اللاإرادي,جذع الدماغ,الجهاز العصبي اللاإرادي,جذع الدماغ,0.6946682929992676,0.7041743993759155,0.6993890404701233,Incorrect
373,ما هي المادة شبيهة بالهلام التي تشغل أربعة أخماس المقلة؟,ANSWER: الجسم الزجاجي,الخلط الزجاجي,الجسم الزجاجي,الخلط الزجاجي,0.923525333404541,0.87944495677948,0.900946319103241,Correct
374,أين تقع أجسام العصبونات التي تفرز الهرمون المضاد للإدرار ADH؟,ANSWER: نواة فوق المهاد,الأنوية فوق البصرية,نواة فوق المهاد,الأنوية فوق البصرية,0.7784519195556641,0.7586201429367065,0.7684080600738525,Incorrect
377,ما هي العضلات التي لها منشأ عظمي وترتكز على باطن جلد الوجه؟,ANSWER: عضلات تعبير الوجه,عضلات الوجه التعبيرية,عضلات تعبير الوجه,عضلات الوجه التعبيرية,0.917512595653534,0.8946832418441772,0.9059541821479796,Correct
378,ما هو مصدر التروية الرئيسية للمعدة؟,ANSWER: الشريان المعدي,فروع الجذع الزلاقي,الشريان المعدي,فروع الجذع الزلاقي,0.8091325759887695,0.7413551807403564,0.7737625241279602,Incorrect
380,ما هي أطول أجزاء أنبوب الهضم؟,ANSWER: الأمعاء الدقيقة,المعي الدقيق,الأمعاء الدقيقة,المعي الدقيق,0.841406524181366,0.8495179414749146,0.8454427719116211,Correct
382,من أين ينشأ الجذع الرئوي؟,ANSWER: البطين الأيمن,البطين الأيمن,البطين الأيمن,البطين الأيمن,1.0,1.0,1.0,Correct
383,ما هو اسم المنعكس الذي يحدث عند رفع الخصية والصفن للأعلى؟,ANSWER: منعكس رفع الخصية,المشمري,منعكس رفع الخصية,المشمري,0.7562508583068848,0.7589558362960815,0.7576009631156921,Incorrect
389,ما هو العظم الذي يحتوي على تلم في وجهه السفلي لمرور وتر الشظية الطويلة؟,ANSWER: عظم زند,النردي,عظم زند,النردي,0.7841482162475586,0.7916874885559082,0.7878997921943665,Incorrect
392,ما هي المنطقة المتوسطة من نواحي البطن؟,ANSWER: منطقة حول السرة,السرية,منطقة حول السرة,السرية,0.8223584890365601,0.8625290989875793,0.8419649004936218,Correct
394,ما الذي يصل بين الأذينة اليسرى والبطين الأيسر؟,ANSWER: الصمام المترالي,فوهة التاجي,الصمام المترالي,فوهة التاجي,0.7588727474212646,0.7462930679321289,0.7525303363800049,Correct
395,ما الذي يعطي الرباط الحرقفي القطني منشأ له؟,ANSWER: العجز والفقرات القطنية,العضلة المربعة القطنية.,العجز والفقرات القطنية,العضلة المربعة القطنية.,0.7882969379425049,0.8135070204734802,0.8007035851478577,Incorrect
399,ماذا يحفز ACTH إفرازه؟,ANSWER: CRH,الكورتيزول,CRH,الكورتيزول,0.6864825487136841,0.6470887660980225,0.6662037968635559,Incorrect
401,ما هو أكثر أقسام الإحليل قابلية للتمدد وأعرضها؟,ANSWER: الجزء الغشائي الإحليلي,الموثي,الجزء الغشائي الإحليلي,الموثي,0.7283807992935181,0.7496832013130188,0.7388784289360046,Incorrect
402,مما يتكون الزنار الحوضي؟,ANSWER: عظام الحوض والأربطة,من العظمين الوركيين و العجز.,عظام الحوض والأربطة,من العظمين الوركيين و العجز.,0.7506684064865112,0.7459844350814819,0.7483190894126892,Incorrect
403,أين تقع الباحة الحركية الأولية؟,ANSWER: الفص الجبهي,في التلفيف أمام المركزي .,الفص الجبهي,في التلفيف أمام المركزي .,0.7093523740768433,0.7147617340087891,0.71204674243927,Incorrect
412,ما هي العضلة المسؤولة عن قبض الفخذ وقبض الساق؟,ANSWER: العضلة ذات الرأسين الفخذية,الخياطية,العضلة ذات الرأسين الفخذية,الخياطية,0.7089569568634033,0.7568010687828064,0.7320981025695801,Incorrect
420,أين تتوضع الغدة تحت الطية اللسانية؟,ANSWER: تحت اللسان,تحت اللسان,تحت اللسان,تحت اللسان,1.0,1.0,1.0,Correct
424,أين يتوضع السرج التركي؟,ANSWER: عظم إسفنجي,على الوجه العلوي لجسم العظم الوتدي.,عظم إسفنجي,على الوجه العلوي لجسم العظم الوتدي.,0.6984606981277466,0.6658010482788086,0.6817399263381958,Incorrect
426,ما هو القسم مع الضلع الواقع بين الرأس والحدبية؟,ANSWER: الإبط,العنق,الإبط,العنق,0.8590168952941895,0.8278379440307617,0.8431392908096313,Incorrect
443,كم عدد شدف النخاع الشوكي؟,ANSWER: اثنا عشر شدفًا,31,اثنا عشر شدفًا,31,0.5716429948806763,0.6404327154159546,0.6040858030319214,Incorrect
450,ما هي العضلة الموسعة المسؤولة عن فتح الحنجرة؟,ANSWER: عضلات حنجريّة خارجية,الحلقية الطرجهالية الخلفية,عضلات حنجريّة خارجية,الحلقية الطرجهالية الخلفية,0.706737756729126,0.7058959007263184,0.7063165903091431,Incorrect
453,ما يُدعى القسم العلوي المتسع من الحالب؟,ANSWER: الحوض الكلوي,الحويضة,الحوض الكلوي,الحويضة,0.8286387920379639,0.8456708192825317,0.8370682001113892,Correct
468,أين توجد نقطة التعظم البدئية في لوح الكتف؟,ANSWER: الرّقبة الغرابية,الحفرة تحت الشوك,الرّقبة الغرابية,الحفرة تحت الشوك,0.747527539730072,0.77707839012146,0.7620165348052979,Incorrect
469,ما هو الشريان الذي يستمر به الشريان تحت الترقوة؟,ANSWER: الشريان السباتي العام,الابطي,الشريان السباتي العام,الابطي,0.7647370100021362,0.7906339168548584,0.7774698734283447,Incorrect
474,ما هو الشريان الذي يمكن الشعور بنبضه عند الحافة السفلية للفك السفلي أمام العضلة الماضغة؟,ANSWER: الشريان الفكي السفلي,الوجهي.,الشريان الفكي السفلي,الوجهي.,0.7622097730636597,0.8253453373908997,0.7925220727920532,Incorrect
489,ما هو الشريان الذي يعتبر الشريان المخي الخلفي فرعاً منه؟,ANSWER: الشريان القاعدي,القاعدي,الشريان القاعدي,القاعدي,0.8101135492324829,0.8699780106544495,0.8389792442321777,Correct
501,ما هو أكبر أعضاء الجسم وزناً ومساحة؟,ANSWER: الكبد,الجلد,الكبد,الجلد,0.8720850944519043,0.902523398399353,0.8870431780815125,Incorrect
505,ما الذي يشكله نصفا الكرة المخية مع الدماغ البيني؟,ANSWER: الدماغ الأمامي,المخ,الدماغ الأمامي,المخ,0.7453891038894653,0.7416534423828125,0.7435165643692017,Correct
510,ما هو اسم الحافة اليسرى للمعدة التي تمتد من الفؤاد إلى البواب؟,ANSWER: المنحنى الأصغر,الانحناء الكبير,المنحنى الأصغر,الانحناء الكبير,0.8330267071723938,0.8524267077445984,0.8426150679588318,Incorrect
515,ما هو مصدر نشأة الشريان الشوكي الأمامي؟,ANSWER: الشريان الفقري,الفقري,الشريان الفقري,الفقري,0.8650782704353333,0.9151993989944458,0.8894332647323608,Correct
517,أين يقع الثرب الصغير؟,ANSWER: الحفرة السنعية,المعدة والكبد,الحفرة السنعية,المعدة والكبد,0.7641937732696533,0.7334429025650024,0.7485026717185974,Incorrect
526,أين تقع صفيحة الأكيمات؟,ANSWER: قاعدة الجمجمة,الدماغ المتوسط .,قاعدة الجمجمة,الدماغ المتوسط .,0.7118352651596069,0.7514795064926147,0.7311204075813293,Incorrect
529,ما هي الباحة التي يحويها التلفيف خلف المركزي؟,ANSWER: منطقة فيرنيكه,الحس الجسدي الأولية,منطقة فيرنيكه,الحس الجسدي الأولية,0.6611756086349487,0.6308704614639282,0.6456676125526428,Incorrect
530,ما هي الألياف التي تربط المراكز القشرية بالمحيط؟,ANSWER: عصبونات حركية علوية,إسقاطية,عصبونات حركية علوية,إسقاطية,0.7363981604576111,0.8048030734062195,0.7690825462341309,Incorrect
531,ما نوع المفصل الحلقي الطرجهالي؟,ANSWER: مفصل زلالي محوري,الزليلي,مفصل زلالي محوري,الزليلي,0.6795880794525146,0.6922400593757629,0.6858557462692261,Correct
533,ما هو رقم العصب الحركي للعضلات الماضغة؟,ANSWER: العصب الخامس,الخامس,العصب الخامس,الخامس,0.7090829610824585,0.8073187470436096,0.7550188302993774,Correct
541,كم عدد فصيصات الخصية؟,ANSWER: فصيصان خصويان,250,فصيصان خصويان,250,0.5611180663108826,0.624502420425415,0.5911158919334412,Incorrect
548,أين ترتكز العضلة الأخمعية الخلفية بوتر رقيق؟,ANSWER: الخط القذالي العلوي,الضلع الثاني.,الخط القذالي العلوي,الضلع الثاني.,0.7237895131111145,0.7684584856033325,0.7454553842544556,Incorrect
554,أين يتوضع الثلم المهمازي؟,ANSWER: بين الفصين الرئويين,الأنسي,بين الفصين الرئويين,الأنسي,0.7178085446357727,0.7396737337112427,0.7285770773887634,Incorrect
557,ما هي المنطقة التي يقع بينها القسيم العضلي (sarcomere)؟,ANSWER: خطوط Z,الخطين -Z-,خطوط Z,الخطين -Z-,0.7956399321556091,0.7497895359992981,0.7720345854759216,Correct
562,ما الذي تنتجه الخلايا المجاورة للجريبات في الدرق؟,ANSWER: الكالسيتونين,كاليستونين,الكالسيتونين,كاليستونين,0.7439055442810059,0.7449618577957153,0.7444333434104919,Correct
563,ما الذي تتحول إليه الوحيدات Monocytes بعد مغادرتها الدوران؟,ANSWER: خلايا بلعمية نسيجية,بالعات,خلايا بلعمية نسيجية,بالعات,0.6991235017776489,0.7381166219711304,0.7180910706520081,Correct
568,ما هو الشريان الذي ينتهي به الشريان الوجهي؟,ANSWER: الشريان الصدغي السطحي,الزاوي,الشريان الصدغي السطحي,الزاوي,0.715965986251831,0.7606823444366455,0.7376470565795898,Incorrect
571,أين يتوضع الثلم المهمازي؟,ANSWER: بين الفصين الرئويين,الانسي,بين الفصين الرئويين,الانسي,0.6843617558479309,0.7310023307800293,0.7069135308265686,Incorrect
573,ما هو العصب القحفي الذي يحمل التعصيب نظير الودي للقلب؟,ANSWER: العصب المبهم,10,العصب المبهم,10,0.5892887115478516,0.631963849067688,0.6098806858062744,Correct
575,ما هي العضلة التي يمر العصب تحت اللساني في الناحية تحت الفك عميقاً منها؟,ANSWER: العضلة الشدقية السفلى,لامية لسانية.,العضلة الشدقية السفلى,لامية لسانية.,0.6439430117607117,0.6806265711784363,0.6617768406867981,Incorrect
576,تحت أي قسم من أقسام التشريح يندرج التنبيب الرغامي؟,ANSWER: جراحة الصدر,التشريح التقني .,جراحة الصدر,التشريح التقني .,0.6717029809951782,0.6725378632545471,0.6721201539039612,Incorrect
578,ما هي العظام التي يتشكل منها مفصل الركبة؟,ANSWER: عظم الفخذ، الظنبوب، الرضفة,المفصل بين عظمي الفخذ والظنبوب والمفصل بين عظمي الفخذ والرضفة.,عظم الفخذ، الظنبوب، الرضفة,المفصل بين عظمي الفخذ والظنبوب والمفصل بين عظمي الفخذ والرضفة.,0.8558968305587769,0.8047752976417542,0.8295491933822632,Correct
579,ما هي الحركة الخاصة بالساعد؟,ANSWER: ضم و بسط,الكب,ضم و بسط,الكب,0.68794184923172,0.7241357564926147,0.7055749297142029,Incorrect
582,ما الذي يحويه القسم الأمامي للثلم الأمامي الخلفي الأيسر للكبد؟,ANSWER: الوريد البابي,تلم الرباط الوريدي,الوريد البابي,تلم الرباط الوريدي,0.816502571105957,0.7793481349945068,0.7974928617477417,Incorrect
586,ماذا تشكل الصفيحتان السفليتان للشفرين الصغيرين عند اتحادهما؟,ANSWER: عقام المهبل,لجيم البظر,عقام المهبل,لجيم البظر,0.8232651948928833,0.8033074140548706,0.8131638765335083,Incorrect
591,ما هي الانطباعات التي توجد على العظم الجداري؟,ANSWER: التلفيفات الدماغية,السحائي الأوسط,التلفيفات الدماغية,السحائي الأوسط,0.7332696318626404,0.7533295750617981,0.7431642413139343,Incorrect
592,ما هو العصب الحركي للعضلات الماضغة؟,ANSWER: العصب ثلاثي التوائم,الخامس,العصب ثلاثي التوائم,الخامس,0.5701215267181396,0.6383651494979858,0.6023164987564087,Correct
593,أين يقع الشق الحجاجي السفلي؟,ANSWER: تجويف الفم,الجناح البير والفكي العلوي,تجويف الفم,الجناح البير والفكي العلوي,0.7335184216499329,0.7217925786972046,0.7276082038879395,Incorrect
597,ما هو العضو المتخصص بتشكيل الصوت والتدخل بالدور في الكلام؟,ANSWER: الحنجرة,الحنجرة,الحنجرة,الحنجرة,1.0,1.0,1.0,Correct
601,ما هي حركة الركبة للخلف بمستوى سهمي؟,ANSWER: انثناء خلفي,عطف,انثناء خلفي,عطف,0.7674112319946289,0.7782669067382812,0.7728009223937988,Correct
603,ما هو العصب القحفي المتواسط بإفراز الغدد الدمعية واللعابية؟,ANSWER: العصب الوجهي,السابع,العصب الوجهي,السابع,0.6263851523399353,0.6801069974899292,0.6521416306495667,Correct
609,أين تتوضع الصفيحة الأفقية للعظم الغربالي؟,ANSWER: بين تجويفي الأنف والعين,الثلمة الغربالية في العظم الدمعي.,بين تجويفي الأنف والعين,الثلمة الغربالية في العظم الدمعي.,0.7320764064788818,0.7390259504318237,0.7355347275733948,Incorrect
612,ما هو لون لب الكظر؟,ANSWER: أصفر شاحب,بني غامق,أصفر شاحب,بني غامق,0.6948462724685669,0.7509495615959167,0.7218093872070312,Incorrect
616,ما هو وجه العظم الجبهي الذي ينتمي للقحف العصبي؟,ANSWER: العظم الصدغي,الداخلى,العظم الصدغي,الداخلى,0.7677706480026245,0.7579001784324646,0.7628034949302673,Incorrect
618,ما هو لون لب الكظر؟,ANSWER: أصفر شاحب,بني غامق,أصفر شاحب,بني غامق,0.6948462724685669,0.7509495615959167,0.7218093872070312,Incorrect
627,ما هي اللفافة التي تحيط بجسم القضيب؟,ANSWER: اللفافة العميقة,بوك,اللفافة العميقة,بوك,0.715816855430603,0.752373456954956,0.7336400151252747,Incorrect
632,ما هي العضلة التي تعد من العضلات الوحشية للساق وقد تعد من العضلات الأمامية للساق؟,ANSWER: النعلية الطويلة,العضلة الشظويةالثالثة,النعلية الطويلة,العضلة الشظويةالثالثة,0.7755935788154602,0.7474573850631714,0.7612655162811279,Incorrect
635,ما هو أول ما يتأثر من الخلايا الكبدية في حالة الإصابة بنقص الأكسجة؟,ANSWER: خلايا الكبد المركزية,الخلايا الكبدية المركزية,خلايا الكبد المركزية,الخلايا الكبدية المركزية,0.855331301689148,0.884858250617981,0.8698442578315735,Correct
636,ما هي العضلات الطويلة التي تربط الفقرات مع بعضها؟,ANSWER: أربطة صفراء طويلة,عضلات العمود الفقري,أربطة صفراء طويلة,عضلات العمود الفقري,0.7069141864776611,0.6893759369850159,0.698034942150116,Incorrect
640,ما هي الطية الجلدية التي تغطي رأس القضيب؟,ANSWER: القلفة,القلفة,القلفة,القلفة,1.0,1.0,1.0,Correct
644,من أين يتفرع الشريان الأكليلي الأيمن والأيسر؟,ANSWER: الجيب التاجي,الأبهر الصاعد,الجيب التاجي,الأبهر الصاعد,0.8231357336044312,0.8074785470962524,0.81523197889328,Incorrect
645,متى ينشأ برزخ الأبهر؟,ANSWER: المرحلة الجنينية,بعد منشأ الشريان تحت الترقوة الأيسر,المرحلة الجنينية,بعد منشأ الشريان تحت الترقوة الأيسر,0.7711547017097473,0.7162885069847107,0.7427096962928772,Incorrect
647,ما هو أصغر الفروع الأمامية للأبهر البطني؟,ANSWER: الشرايين الكلوية,المساريقي السفلي,الشرايين الكلوية,المساريقي السفلي,0.7365944385528564,0.7250926494598389,0.7307983040809631,Incorrect
655,ما هي الألياف التي تربط التلافيف والفصوص في نصف كرة مخية واحد؟,ANSWER: حزم الشوكي,ترابطية,حزم الشوكي,ترابطية,0.726850688457489,0.7639017701148987,0.744915783405304,Incorrect
656,ما هي ميزابة النبض بين أوتار العضلات؟,ANSWER: فجوة وترية,العضدية الكعبرية قابضة الرسغ الكعبرية,فجوة وترية,العضدية الكعبرية قابضة الرسغ الكعبرية,0.7036628127098083,0.6567513942718506,0.679398238658905,Incorrect
657,ما هو الوريد السطحي الذي يشكل الابطي؟,ANSWER: وريد بازيليك,القاعدي,وريد بازيليك,القاعدي,0.7153672575950623,0.7180156707763672,0.7166889309883118,Correct
660,ماذا تفرز الخلايا ألفا في البنكرياس؟,ANSWER: جلوكاغون,الفلوكاغون,جلوكاغون,الفلوكاغون,0.7632055282592773,0.7630690336227417,0.7631372809410095,Correct
664,ما هو اسم أعمق الانخفاضات في الصيوان؟,ANSWER: الحفرة الصدغية,المحار,الحفرة الصدغية,المحار,0.7611526250839233,0.7619640827178955,0.7615581154823303,Incorrect
665,ما هي وظيفة هرمون الغدة جار الدرقية PTH؟,ANSWER: تنظيم الكالسيوم,يرفع كالسيوم الدم,تنظيم الكالسيوم,يرفع كالسيوم الدم,0.74607914686203,0.7381392121315002,0.7420879006385803,Correct
669,ما الذي يمتد من المنخر حتى المنعر؟,ANSWER: البلعوم الأنفي,جوف الأنف,البلعوم الأنفي,جوف الأنف,0.8118738532066345,0.8320801854133606,0.8218528628349304,Incorrect
671,ما الذي يقع بين جسم الفقرة والقوس الفقرية؟,ANSWER: الثقبة الفقرية,الثقبة الفقرية,الثقبة الفقرية,الثقبة الفقرية,1.0,1.0,1.0,Correct
676,أين تتوضع الطية المخملة؟,ANSWER: الحنك الرخو,الوجه السفلي للسان,الحنك الرخو,الوجه السفلي للسان,0.768460214138031,0.715227484703064,0.7408888936042786,Incorrect
680,ما هو الهرمون الذي يفرز PTH؟,ANSWER: الغدة الجاردرقية,الغدد جارات الدرق.,الغدة الجاردرقية,الغدد جارات الدرق.,0.808713436126709,0.805785059928894,0.8072465658187866,Correct
683,ما هو الهرمون الذي يسرع عملية تصنيع الأحماض الدهنية من الغلوكوز في الخلايا الشحمية؟,ANSWER: الأنسولين,الأنسولين,الأنسولين,الأنسولين,0.9999998807907104,0.9999998807907104,0.9999998807907104,Correct
688,ما هي العضلات التي تعمل على توازن الرأس على الجذع؟,ANSWER: عضلات الرقبة العميقة,عضلات العنق.,عضلات الرقبة العميقة,عضلات العنق.,0.8221132755279541,0.8372566103935242,0.8296158313751221,Correct
693,من أين يخرج العصب الوجهي من الجمجمة؟,ANSWER: الثقبة الوتدية,الثقبة الأبرية الخشائية,الثقبة الوتدية,الثقبة الأبرية الخشائية,0.8993676900863647,0.8419224619865417,0.8696975708007812,Incorrect
696,ما الذي يتصل به المدورين بالخلف في الفخذ؟,ANSWER: العضلة المقربة الكبيرة,العرف بين المدورين,العضلة المقربة الكبيرة,العرف بين المدورين,0.7162764072418213,0.7364411354064941,0.7262187600135803,Incorrect
698,أين يدخل الحالبان المثانة؟,ANSWER: الجدار الخلفي للمثانة,الخلفي,الجدار الخلفي للمثانة,الخلفي,0.7411494851112366,0.8296034336090088,0.7828859686851501,Correct
700,ما هي الباحة المسؤولة عن حركات العين؟,ANSWER: الفص الجبهي,8,الفص الجبهي,8,0.5848026275634766,0.658029317855835,0.6192587614059448,Incorrect
709,ما هو الشريان الذي ينشأ منه الجذع المشترك للشريان بين العظمين؟,ANSWER: الشريان السباتي الظاهر,الزندي,الشريان السباتي الظاهر,الزندي,0.7753508687019348,0.7922120094299316,0.7836907505989075,Incorrect
710,ما هو وجه عظم الترقوة الذي عليه ميزابة طولانية؟,ANSWER: السطح السفلي,الوجه السفلي,السطح السفلي,الوجه السفلي,0.8998634219169617,0.91702002286911,0.9083606600761414,Correct
713,من أين يفرز الغلوكاغون؟,ANSWER: خلايا ألف البنكرياس,خلايا الفا في المعثكلة,خلايا ألف البنكرياس,خلايا الفا في المعثكلة,0.7914674282073975,0.7653788328170776,0.7782045602798462,Correct
715,ما هي الطبقة المبطنة للتامور الليفي؟,ANSWER: بطانة المتوسطة,التامور المصلي الجداري,بطانة المتوسطة,التامور المصلي الجداري,0.7089771032333374,0.691431999206543,0.7000946402549744,Incorrect
718,ما هو معنى التوسع في نهاية الأسهر؟,ANSWER: تضيق الأبهر,مجل الأسهر,تضيق الأبهر,مجل الأسهر,0.8020327091217041,0.8434044718742371,0.8221984505653381,Incorrect
720,كم عدد فقرات الجزء الصدري من العمود الفقري؟,ANSWER: اثنتا عشرة فقرة,12,اثنتا عشرة فقرة,12,0.5836907625198364,0.6686418652534485,0.6232849359512329,Correct
722,من أين ينتج هرمون الأستروجين؟,ANSWER: المبيض والخصية,المبيض,المبيض والخصية,المبيض,0.8389918208122253,0.9244394302368164,0.8796453475952148,Incorrect
739,ما هي الفروع الانتهائية للسباني الخارجي؟,ANSWER: الشرايين الغشائية الجنبية,حنكي وصدغي سطحي,الشرايين الغشائية الجنبية,حنكي وصدغي سطحي,0.657588005065918,0.6672617793083191,0.6623895764350891,Incorrect
743,ما هو مصدر التعصيب الحركي لعضلات الظهر العميقة؟,ANSWER: الأعصاب الشوكية القطنية,الشعب الاوليه الظهريه,الأعصاب الشوكية القطنية,الشعب الاوليه الظهريه,0.7271133661270142,0.7573865652084351,0.7419413328170776,Incorrect
748,ما هو الجيب الوريدي الذي يصب في الوريد الوداجي الباطن؟,ANSWER: الجيب السهمي العلوي,الجيب السيني,الجيب السهمي العلوي,الجيب السيني,0.878776490688324,0.9034591913223268,0.8909469246864319,Incorrect
752,أين يتوضع العظم الكتفي؟,ANSWER: تجويف الصدر,الاضلاع الثانية حتى السابعة,تجويف الصدر,الاضلاع الثانية حتى السابعة,0.7132536768913269,0.6550313234329224,0.6829038262367249,Incorrect
753,ما هي المنطقة الأعمق في الغدة الكظرية؟,ANSWER: نخاع الكظر,اللب,نخاع الكظر,اللب,0.7130240201950073,0.7559831142425537,0.7338754534721375,Correct
756,ما الذي يقع بين النواة العدسية من جهة والنواة والمهاد من الجهة الأخرى؟,ANSWER: الجسم الثفني,المحفظة الداخلية.,الجسم الثفني,المحفظة الداخلية.,0.7153687477111816,0.7297746539115906,0.7224998474121094,Incorrect
760,ما الذي ينفتح على القرين الأنفي العلوي؟,ANSWER: الحُجْرَة الفكية العُلْيَا,الجيب الوتدي,الحُجْرَة الفكية العُلْيَا,الجيب الوتدي,0.6429515480995178,0.7626944780349731,0.6977227330207825,Incorrect
761,أين يمكن إجراء الحقن العضلي في القسم العلوي؟,ANSWER: العضلة الدالية,الدالية,العضلة الدالية,الدالية,0.7566300630569458,0.8325039148330688,0.792755663394928,Correct
763,أين تتوضع الاحدوبة الدالية في العضد؟,ANSWER: العقدة اللمفاوية الإبطية,الوحشي,العقدة اللمفاوية الإبطية,الوحشي,0.734765887260437,0.7964760661125183,0.7643775343894958,Incorrect
768,ما هو أكبر الجيوب جانب الأنف؟,ANSWER: الجيب الفكي,الفكي,الجيب الفكي,الفكي,0.8858343958854675,0.9477075338363647,0.9157270193099976,Correct
775,ما هو العصب المحرك لعضلات اللسان؟,ANSWER: العصب المبهم,12,العصب المبهم,12,0.5789027214050293,0.6281331777572632,0.6025139689445496,Incorrect
777,ما الذي يتوضع تحت الخط الضرسي اللامي؟,ANSWER: الغضروف الحلقي,حفرة الغدة تحت الفك السفلي,الغضروف الحلقي,حفرة الغدة تحت الفك السفلي,0.7325096130371094,0.706668496131897,0.7193570733070374,Incorrect
791,ما هي الطبقة المحيطة بالقلب والمرتبطة به؟,ANSWER: التامور,التامور المصلي الحشوي,التامور,التامور المصلي الحشوي,0.913875937461853,0.7831767797470093,0.8434934616088867,Incorrect
793,ما هو الشريان الذي ينشأ منه الشريان الزاوي؟,ANSWER: الشريان السباتي الظاهر,الشريان الوجهي,الشريان السباتي الظاهر,الشريان الوجهي,0.8033323884010315,0.8298352956771851,0.8163687586784363,Incorrect
796,ما هو تشكل الوريد المأبضي؟,ANSWER: تجلط الوريد العميق,الوريد الظنبوبي الامامي والوريد الظنبوبي الخلفي,تجلط الوريد العميق,الوريد الظنبوبي الامامي والوريد الظنبوبي الخلفي,0.762399435043335,0.7019227743148804,0.7309122681617737,Incorrect
799,ما هي المنطقة الأعمق في قشر الكظر؟,ANSWER: النخاع الكضري,الشبكية,النخاع الكضري,الشبكية,0.7671805620193481,0.7894017696380615,0.7781325578689575,Incorrect
802,أين يقع التلم الوحشي؟,ANSWER: العظم الصدغي,فص الجزيرة,العظم الصدغي,فص الجزيرة,0.6769881248474121,0.6876281499862671,0.6822666525840759,Incorrect
803,أين يصب الوريد الكلوي؟,ANSWER: الوريد الأجوف السفلي,الأجوف السفلي,الوريد الأجوف السفلي,الأجوف السفلي,0.8801085948944092,0.9156649112701416,0.8975347280502319,Correct
808,أين ترتكز العضلة المدورة الصغيرة؟,ANSWER: الحُدبة الإبهامية,حديبة العضد الكبرى.,الحُدبة الإبهامية,حديبة العضد الكبرى.,0.7405017018318176,0.7720696926116943,0.7559562921524048,Incorrect
811,ما هو الجزء من البلعوم الذي يتبعه الردب الكمثري؟,ANSWER: البلعوم الأنفي,الحنجري,البلعوم الأنفي,الحنجري,0.7978718280792236,0.8475910425186157,0.8219802379608154,Incorrect
815,كم عدد الأعصاب القحفية؟,ANSWER: اثنا عشر عصب قحفي,12 شفعًا,اثنا عشر عصب قحفي,12 شفعًا,0.7008517384529114,0.7498617768287659,0.7245288491249084,Correct
816,أين تتوضع نواة العصب العاشر؟,ANSWER: النخاع المستطيل,البصلة,النخاع المستطيل,البصلة,0.7509893774986267,0.8257383108139038,0.7865920662879944,Correct
817,ما هو العنصر الذي يجاور الرغامي من الخلف؟,ANSWER: المريء,المري,المريء,المري,0.8957459926605225,0.9164760112762452,0.9059924483299256,Correct
818,ما هو العصب القحفي الذي يجتاز النفق الصدري؟,ANSWER: العصب المبهم,2,العصب المبهم,2,0.5834091901779175,0.6840112805366516,0.6297175288200378,Incorrect
819,ما هو العظم الأضخم في هيكل القدم؟,ANSWER: عظم العقبول,العقب,عظم العقبول,العقب,0.8315191864967346,0.855334997177124,0.8432590365409851,Incorrect
822,أين يوجد النفير البلعومي السمعي؟,ANSWER: البلعوم الأنفي,البلعوم الانفي,البلعوم الأنفي,البلعوم الانفي,0.9109575748443604,0.9350061416625975,0.9228252172470092,Correct
826,ما الذي يحد فتحة وينسلو من الأسفل؟,ANSWER: العضلة المستعرضة للبلعوم,الإثني عشر.,العضلة المستعرضة للبلعوم,الإثني عشر.,0.6351405382156372,0.6743537187576294,0.6541600227355957,Incorrect
830,ما يُسمى الوجه الأمامي للوح الكتف؟,ANSWER: السطح الأمامي للكتف,الحفرة تحت الكتفية,السطح الأمامي للكتف,الحفرة تحت الكتفية,0.7643465399742126,0.7905840873718262,0.777243971824646,Incorrect
832,ما هو الشريان الذي يروي القولون الصاعد؟,ANSWER: الشريان المساريقي العلوي,المساريقي العلوي,الشريان المساريقي العلوي,المساريقي العلوي,0.9070357084274292,0.9485923647880554,0.927348792552948,Correct
834,ما هي الطية الجلدية التي تغطي رأس القضيب؟,ANSWER: القلفة,القلفة,القلفة,القلفة,1.0,1.0,1.0,Correct
835,ما يُدعى القسم العلوي المتسع من الحالب؟,ANSWER: الحوض الكلوي,الحويضة,الحوض الكلوي,الحويضة,0.8286387920379639,0.8456708192825317,0.8370682001113892,Correct
839,ما هي المنطقة الفاصلة بين الطيتين الصوتيين؟,ANSWER: حيز المزمار,مشق المزمار,حيز المزمار,مشق المزمار,0.8866651058197021,0.8482810854911804,0.867048442363739,Correct
840,ما هي الطبقة من الكظر التي تتألف من حبال مقوسة من خلايا عمودية متقاربة؟,ANSWER: القشرة الكظرية الشبكية,الطبقة الكبيبة,القشرة الكظرية الشبكية,الطبقة الكبيبة,0.7467732429504395,0.7784751653671265,0.7622947692871094,Incorrect
841,ما هي الخلايا التي تتوضع في اللحمة بين النبيبات؟,ANSWER: خلايا كبيبية بينية,لايديغ,خلايا كبيبية بينية,لايديغ,0.6448682546615601,0.6729609370231628,0.6586151719093323,Incorrect
860,ما هو السطح الخلفي للفخذ تحت المدور الكبير؟,ANSWER: العضلة المأبضية,الأحدوبة الأولوية,العضلة المأبضية,الأحدوبة الأولوية,0.7300424575805664,0.7622619867324829,0.7458044290542603,Incorrect
861,ما الذي يحويه القسم الأمامي للثلم الأمامي الخلفي الأيسر للكبد؟,ANSWER: الوريد البابي,ثلم الرباط المدور,الوريد البابي,ثلم الرباط المدور,0.7696280479431152,0.7564045190811157,0.7629590034484863,Incorrect
864,ما هو الشريان الذي يروي معظم الوجه الوحشي للمخ؟,ANSWER: الشريان السباتي الأوسط,المخى الأوسط.,الشريان السباتي الأوسط,المخى الأوسط.,0.8112539052963257,0.827354907989502,0.8192253112792969,Incorrect
870,ما هي المنطقة الفاصلة بين الطيتين الصوتيين؟,ANSWER: حيز المزمار,مشق المزمار,حيز المزمار,مشق المزمار,0.8866651058197021,0.8482810854911804,0.867048442363739,Correct
872,ما هو العصب القحفي الذي يعبر الثقبة البيضية؟,ANSWER: العصب مثلث التوائم,الفكي السفلي,العصب مثلث التوائم,الفكي السفلي,0.7208247780799866,0.7210932970046997,0.720958948135376,Incorrect
873,ما هو الهرمون الذي يسبب دفقه الشديد حدوث عملية الإباضة؟,ANSWER: هرمون اللوتين,LH,هرمون اللوتين,LH,0.6627203226089478,0.6832678318023682,0.6728372573852539,Correct
876,ما هو الهرمون الذي يستهدف الدرق ويحفز إفراز الهرمون الدرقي؟,ANSWER: الهرمون المنبه للغدة الدرقية,TSH,الهرمون المنبه للغدة الدرقية,TSH,0.5992303490638733,0.6752300262451172,0.6349641680717468,Correct
882,ما هي أكبر عقدة مفردة من النسيج اللمفاوي؟,ANSWER: عقدة أورتا,الطحال,عقدة أورتا,الطحال,0.7189121246337891,0.7330065369606018,0.7258909344673157,Incorrect
884,ما هي العضلة الرئيسية المسؤولة عن قبض المرفق؟,ANSWER: العضلة ذات الرأسين العضدية,العضدية,العضلة ذات الرأسين العضدية,العضدية,0.7761952877044678,0.8901378512382507,0.8292708992958069,Incorrect
887,ما هي التراكيب التي توجد على حافتي اللسان وتحوي براعم ذوقية كثيرة؟,ANSWER: حليمات التذوق,الورقية,حليمات التذوق,الورقية,0.7236413955688477,0.7565847635269165,0.7397465109825134,Incorrect
888,ما هي الشعيرات الدموية التي تغلفها محفظة بومان؟,ANSWER: شبكة شعيرات كبيبية,الكبيبة الكلوية,شبكة شعيرات كبيبية,الكبيبة الكلوية,0.7261605858802795,0.7319009900093079,0.7290194630622864,Correct
891,ما هي الحافة من الفرع التي تشكل زاوية الفك السفلي؟,ANSWER: الحافة السفلية للفك,الخلفية,الحافة السفلية للفك,الخلفية,0.7403460144996643,0.7924787402153015,0.7655258774757385,Incorrect
904,ما الذي تغلفه العضلة البصلية الإسفنجية؟,ANSWER: الجسم الكهفي,بصلة القضيب,الجسم الكهفي,بصلة القضيب,0.7910383343696594,0.7786208391189575,0.7847804427146912,Incorrect
909,من أين يخرج العصب الشوكي؟,ANSWER: الثقوب الفقرية,الثقبة بين الفقرية,الثقوب الفقرية,الثقبة بين الفقرية,0.8885647058486938,0.8540065288543701,0.8709429502487183,Correct
911,ما هي الألياف التي تعصب العضلة مصرة الحدقة؟,ANSWER: عصب وجهي,نظيرة ودية,عصب وجهي,نظيرة ودية,0.7992962598800659,0.7816980481147766,0.7903991341590881,Incorrect
915,ما هو البطين الذي يحويه الدماغ البيني داخله؟,ANSWER: البطين الثالث,الثالث,البطين الثالث,الثالث,0.6836788058280945,0.7817954421043396,0.7294525504112244,Correct
919,ما الذي يشغل الجزء العلوي من قبة القحف؟,ANSWER: الفص الجبهي,العظم الجداري,الفص الجبهي,العظم الجداري,0.7695835828781128,0.7991737127304077,0.7840995788574219,Incorrect
920,ما هو العصب الذي يعصب الغدة النكفية؟,ANSWER: العصب الوجهي,تحت اللساني,العصب الوجهي,تحت اللساني,0.7501879930496216,0.7583745718002319,0.7542590498924255,Incorrect
921,من أين يخرج العصب تحت اللساني؟,ANSWER: تحت اللسان,النفق تحت اللساني,تحت اللسان,النفق تحت اللساني,0.919197678565979,0.862118661403656,0.8897436857223511,Incorrect
922,ما هي الخلايا البالعة الكبدية؟,ANSWER: خلايا كوبر,خلايا كوبفر.,خلايا كوبر,خلايا كوبفر.,0.8934342861175537,0.8827335238456726,0.8880516290664673,Correct
932,أين يصب الوريد الصافن الكبير (الأنسي)؟,ANSWER: الوريد تحت الترقوة,الوريد الفخذي,الوريد تحت الترقوة,الوريد الفخذي,0.8110593557357788,0.8308035135269165,0.8208127617835999,Incorrect
948,ما هو الشريان الذي يستمر به الريان تحت الترقوة؟,ANSWER: الشريان تحت الترقوة,الإبطي,الشريان تحت الترقوة,الإبطي,0.7751827239990234,0.7920403480529785,0.7835208773612976,Incorrect
950,ما تُدعى الردب بين عنق الرحم والمهبل؟,ANSWER: فضاء خلفي مهبلي,قبو المهبل,فضاء خلفي مهبلي,قبو المهبل,0.721417248249054,0.7410160303115845,0.7310852408409119,Incorrect
954,في أي مستوى من الفقرات الصدرية يتم التمفصل بين قبضة وجسم القص؟,ANSWER: الفقرات الصدرية T10-T12,الرابعة.,الفقرات الصدرية T10-T12,الرابعة.,0.5373755097389221,0.6283308267593384,0.5793046951293945,Incorrect
958,ما هو الرباط الذي يربط الرحم بجدران الحوض الجانبية؟,ANSWER: الرباط العريض,العريض,الرباط العريض,العريض,0.8798039555549622,0.9271823167800904,0.9028719663619996,Correct
959,ما هي العضلة التي تنشأ من الشوكة الحرقفية الأمامية العلوية وترتكز انسي الظنبوب؟,ANSWER: العضلة الالية,الخياطية,العضلة الالية,الخياطية,0.7791150808334351,0.7894582748413086,0.7842525839805603,Incorrect
964,ما هي الطبقة البطانية الرحمية التي تتعرض إلى تغيرات ملحوظة أثناء الدورة الشهرية؟,ANSWER: بطانة الرحم,الطبقة الوظيفية.,بطانة الرحم,الطبقة الوظيفية.,0.7010012865066528,0.7110869288444519,0.7060080766677856,Incorrect
982,ما هو موقع مستقبلات الضغط المسؤولة عن المنعكس القلبي التثبيطي؟,ANSWER: العقدة السينية الأبهريّة,الجيب السباتي.,العقدة السينية الأبهريّة,الجيب السباتي.,0.7265218496322632,0.7529152631759644,0.7394831776618958,Incorrect
985,ما هو أكبر أعضاء الجسم وزناً ومساحة؟,ANSWER: الكبد,الجلد,الكبد,الجلد,0.8720850944519043,0.902523398399353,0.8870431780815125,Incorrect
988,ما هي البنية الأكثر علواً في جذر الرئة اليسرى؟,ANSWER: العقدة الرئوية القصبية,الشريان الرئوي,العقدة الرئوية القصبية,الشريان الرئوي,0.8621859550476074,0.8804929256439209,0.8712432980537415,Incorrect
994,ما هو المكان الذي يعبر من خلاله الشريان السحاني الأوسط؟,ANSWER: الثقبة الوجنية,الثقبة الشوكية,الثقبة الوجنية,الثقبة الشوكية,0.9379557371139526,0.917659878730774,0.9276968240737916,Incorrect
995,ما هو الجوف الهوائي الذي يحوي عظيمات السمع؟,ANSWER: تجويف الطبلة,الأذن الوسطى,تجويف الطبلة,الأذن الوسطى,0.7066390514373779,0.695351243019104,0.7009496688842773,Correct
1008,ما هي وظيفة النهايات العصبية الحرة الواردة ضمن ألياف العضلة القلبية؟,ANSWER: إدراك الألم,الإحساس بالألم.,إدراك الألم,الإحساس بالألم.,0.8091467022895813,0.8219066858291626,0.8154767155647278,Correct
1015,ما هي الخلايا التي تخزن فيتامين A في الكبد؟,ANSWER: خلايا كوبر,خلايا إيتو,خلايا كوبر,خلايا إيتو,0.8934136629104614,0.8958021402359009,0.8946062922477722,Incorrect
1021,من أين يحمل الشريان الرئوي الدم غير المؤكسج؟,ANSWER: البطين الأيمن,البطين الأيمن,البطين الأيمن,البطين الأيمن,1.0,1.0,1.0,Correct
1022,ما هو العصب القحفي الثاني؟,ANSWER: العصب البصري,البصري - حاسي,العصب البصري,البصري - حاسي,0.8435778617858887,0.8283768892288208,0.8359082341194153,Correct
1023,ما هو العظم الذي تنتمي إليه الثلمة الاسكية الصغيرة؟,ANSWER: عظم الحوض,الاسك,عظم الحوض,الاسك,0.7631011009216309,0.772491455078125,0.767767608165741,Incorrect
1028,ما هو الغضروف المرتبط مع الحلقة الرغامية الأولى؟,ANSWER: غضروف حلقي,الحلقي,غضروف حلقي,الحلقي,0.7930574417114258,0.8451513648033142,0.8182761073112488,Correct
1035,ما هو المفصل الذي يتألف من سطحين كل منهما محدب في اتجاه ومقعر في اتجاه آخر؟,ANSWER: مفصل بيضوي,سرجي saddle,مفصل بيضوي,سرجي saddle,0.6480890512466431,0.6512714624404907,0.6496763825416565,Incorrect
1039,ما هو أكبر أعصاب الجسم؟,ANSWER: العصب الوركي,الوركي,العصب الوركي,الوركي,0.8381856679916382,0.8937414884567261,0.8650725483894348,Correct
1041,كم عدد العضلات بين العظمية الأخمصية؟,ANSWER: ثلاثة عشر عضلة,3,ثلاثة عشر عضلة,3,0.6531425714492798,0.69875568151474,0.675179660320282,Incorrect
1052,أين ينتهي الأبهر النازل؟,ANSWER: الشريان الأبهر البطني,L4,الشريان الأبهر البطني,L4,0.6032410264015198,0.656735897064209,0.628852903842926,Incorrect
1062,ما هي المراكز المسؤولة عن تنسيق الفعالية الحركية وضمان الثباتية؟,ANSWER: العقد القاعدية والتشنج الدماغي,النوى القاعدية,العقد القاعدية والتشنج الدماغي,النوى القاعدية,0.7537842392921448,0.8243845701217651,0.7875052094459534,Incorrect
1066,ما هو وجه العظم الجبهي الذي ينتمي للقحف العصبي؟,ANSWER: العظم الصدغي,الداخلي,العظم الصدغي,الداخلي,0.7771517038345337,0.7657514810562134,0.7714094519615173,Incorrect
1070,أين ينفتح الجيب الفكي؟,ANSWER: التلم الحنكي الخلفي,الصماخ المتوسط,التلم الحنكي الخلفي,الصماخ المتوسط,0.7389225959777832,0.7340712547302246,0.736488938331604,Incorrect
1071,ما هو أكبر أقسام المعثكلة؟,ANSWER: الرأس,الرأس,الرأس,الرأس,1.0,1.0,1.0,Correct
1077,ما هي الحدود التشريحية للحجرة الخلفية للعين؟,ANSWER: العدسة، الشبكية، العصب البصري,القزحية في الأمام والعدسة في الخلف,العدسة، الشبكية، العصب البصري,القزحية في الأمام والعدسة في الخلف,0.7356894612312317,0.7445803880691528,0.7401081323623657,Incorrect
1079,أين ترتكز العضلة الشظوية القصيرة؟,ANSWER: عظم الشظية,قاعدة المشط الخامس,عظم الشظية,قاعدة المشط الخامس,0.7577823996543884,0.7549328207969666,0.7563549876213074,Incorrect
1083,ما هي المنطقة في الحنجرة التي تشمل الطيتين الصوتيتين والمسافة بينهما؟,ANSWER: حيز الدهليز الحنجري,المزمار,حيز الدهليز الحنجري,المزمار,0.7310997247695923,0.801986813545227,0.7649043798446655,Incorrect
1085,أين تقع الوهدة في البلعوم؟,ANSWER: بين اللوزتين,الفموي,بين اللوزتين,الفموي,0.761861264705658,0.7667735815048218,0.7643095850944519,Incorrect
1086,ما هي الغدة التي تتوضع تحت الطية اللسانية؟,ANSWER: غدة ساليفا تحت اللسان,اللسان,غدة ساليفا تحت اللسان,اللسان,0.7475847601890564,0.8613879680633545,0.8004617094993591,Incorrect
1102,ما هو العصب الذي ينتقل عبره الحس غير العام (حس الذوق) من الثلث الأمامي للسان؟,ANSWER: العصب الوجهي,العصب الوجهي.,العصب الوجهي,العصب الوجهي.,0.9615318775177002,0.9499471187591552,0.9557044506072998,Correct
1106,ماذا يروي المساريقي العلوي؟,ANSWER: الوريد الأجوف العلوي,الأمعاء الدقيقة,الوريد الأجوف العلوي,الأمعاء الدقيقة,0.7736110687255859,0.8027803897857666,0.7879258990287781,Incorrect
1123,ما هي المنطقة الأعمق من قشر الكظر؟,ANSWER: النخاع الكضري,المنطقة الشبكية,النخاع الكضري,المنطقة الشبكية,0.7603929042816162,0.7684196829795837,0.7643852233886719,Incorrect
1126,ما هي الفقرة التي تحتوي على ثقبة فقرية كبيرة ومثلثية الشكل؟,ANSWER: الفقرة العجزية الأولى,الفقرة الرقبية,الفقرة العجزية الأولى,الفقرة الرقبية,0.8406040668487549,0.8868638277053833,0.8631145358085632,Incorrect
1127,ما هو لون قشر الكظر؟,ANSWER: أصفر مائل للبني,مائل للصفرة,أصفر مائل للبني,مائل للصفرة,0.8295677900314331,0.8423255085945129,0.8358979225158691,Correct
1130,ما هو النسيج الضام الليفي الذي يرتكز حول السطوح المفصلية؟,ANSWER: رباط مفصلي,المحفظة المفصلية,رباط مفصلي,المحفظة المفصلية,0.8052533268928528,0.7712966203689575,0.7879092693328857,Incorrect
1137,كم عدد شدف النخاع الشوكي؟,ANSWER: اثنا عشر شدفًا,31,اثنا عشر شدفًا,31,0.5716429948806763,0.6404327154159546,0.6040858030319214,Incorrect
1151,ما هو التصريف اللمفاوي للثلث الخلفي للسان؟,ANSWER: العقد الليمفاوية الرقبية العميقة,العقد الرقبيه العميقه,العقد الليمفاوية الرقبية العميقة,العقد الرقبيه العميقه,0.8256622552871704,0.8408598899841309,0.8331917524337769,Correct
1153,ما هي الغدة التي تقوم بإفراز الميلاتونين؟,ANSWER: الغدة الصنوبرية,الخاليا الصنوبرية.,الغدة الصنوبرية,الخاليا الصنوبرية.,0.8497648239135742,0.8471615314483643,0.8484612107276917,Correct
1156,ما هو الشريان الذي له انطباعات على الوجه الداخلي للعظم الصدغي وهو فرع من أي شريان؟,ANSWER: الشريان الصدغي السطحي,الفكي,الشريان الصدغي السطحي,الفكي,0.7224388122558594,0.7714072465896606,0.7461204528808594,Incorrect
1160,ما هو التصنيف الذي يمكننا من معرفة العضلات التي تشارك في كل مرحلة مفصلية وتطبيق ذلك أثناء الفحص؟,ANSWER: حركية المفصل,وظيفي.,حركية المفصل,وظيفي.,0.6070461273193359,0.6489802598953247,0.6273131966590881,Incorrect
1162,ما هي الشرايين التي تسير بين الفصوص بإتجاه القشرة على كل جانب من جانبي الهرم الكلوي؟,ANSWER: شرايين فصية,الشرايين بين الفصوص,شرايين فصية,الشرايين بين الفصوص,0.7375478744506836,0.7247089147567749,0.7310720086097717,Incorrect
1200,ما هو الدواء الأمثل لبدء التخدير لمريض مصاب بنزف حاد؟,ANSWER: سلفات المغنيسيوم,كيتامين,سلفات المغنيسيوم,كيتامين,0.7222817540168762,0.758136510848999,0.7397750020027161,Incorrect
1205,ما هو المخدر الذي يتميز بالمباشرة والصحو السريعين؟,ANSWER: بروبوفول,الديسفلوران,بروبوفول,الديسفلوران,0.7691061496734619,0.7548953890800476,0.7619344592094421,Incorrect
1211,ما هو الدواء الأمثل لبدء التخدير لمريض مصاب بنزف رضي حاد؟,ANSWER: سلفات المغنيسيوم,كيتامين,سلفات المغنيسيوم,كيتامين,0.7222817540168762,0.758136510848999,0.7397750020027161,Incorrect
1219,ما هو المرخي العضلي الأمثل لتسهيل تنبيب مريض ذي خطورة عالية للاستنشاق؟,ANSWER: سوكسينيل كولين,السوكسنيل كولين,سوكسينيل كولين,السوكسنيل كولين,0.824968695640564,0.8222929239273071,0.8236286640167236,Correct
1222,ما هو الترياق المناسب للتسمم بالمورفين؟,ANSWER: نالوكسون,A. النالوكسون,نالوكسون,A. النالوكسون,0.846794843673706,0.7775354981422424,0.8106886148452759,Correct
1270,ما الذي يشير إليه بقاء عيني المريض مفتوحتين مع رأرأة خفيفة وحركات غير هادفة بعد إعطائه جرعة من الكيتامين؟,ANSWER: حالة التحديق,أن الجرعة السابقة مركنة ومخدرة,حالة التحديق,أن الجرعة السابقة مركنة ومخدرة,0.7162414789199829,0.6796747446060181,0.6974791884422302,Incorrect
1273,ما هو الدواء المنتخب للإرخاء العضلي والتنبيب لمريض يعاني من قصور كلوي ويحتاج لعملية إسعافية؟,ANSWER: سوكسينيل كولين,اتراكوريوم,سوكسينيل كولين,اتراكوريوم,0.7251993417739868,0.7242807745933533,0.7247397899627686,Incorrect
1275,ما هو المرخي العضلي المفضل استعماله لمريض سيخضع لجراحة إسعافية ويعاني من قصور كلوي؟,ANSWER: سوكسينيل كولين,B. أتراكوريوم,سوكسينيل كولين,B. أتراكوريوم,0.6994611620903015,0.676169753074646,0.6876183152198792,Incorrect
1296,ماذا يفكك الببسين؟,ANSWER: البروتينات,البروتين,البروتينات,البروتين,0.9260917901992798,0.9484413862228394,0.9371333122253418,Correct
1309,ما التعبير الصحيح لوصف جزيئات الإيثين في تفاعل تشكيل البولي إيثين؟,ANSWER: مونومرات الإيثين,مونوميرات (موحودات),مونومرات الإيثين,مونوميرات (موحودات),0.7055536508560181,0.7070925235748291,0.7063222527503967,Correct
1351,ماذا يسبب عوز إنزيم البيروفات كيناز؟,ANSWER: فقر دم انحلالي,فقر دم انحلالي,فقر دم انحلالي,فقر دم انحلالي,1.0,1.0,1.0,Correct
1354,ماذا ندعو آلية تفاعل الكلور مع البروبان في ضوء الشمس لإنتاج 1-كلورو بروبان؟,ANSWER: استبدال جذري حر,استبدال الجذور الحرة,استبدال جذري حر,استبدال الجذور الحرة,0.7875961065292358,0.775459885597229,0.7814809083938599,Correct
1356,ما هي الاسطوانات المنحنية التي تكون سهلة التمييز لمحتواها الكاسر للضوء؟,ANSWER: الأجسام البلورية,شمعية,الأجسام البلورية,شمعية,0.7000899314880371,0.7391876578330994,0.7191077470779419,Incorrect
1359,ما هي الحموض الأمينية المشحونة سلبياً؟,ANSWER: الأحماض الأمينية الحمضية,اسباريتك,الأحماض الأمينية الحمضية,اسباريتك,0.5803062319755554,0.6348825097084045,0.6063687801361084,Incorrect
1362,ما هي أعراض عوز فيتامين البيوتين؟,ANSWER: تساقط الشعر,من أعراضه التخلف العقلي.,تساقط الشعر,من أعراضه التخلف العقلي.,0.7161798477172852,0.6881654262542725,0.7018932104110718,Incorrect
1363,ما هي مفرزات الصفراء؟,ANSWER: بيليروبين و بيليروبينوجين,الأملاح الصفراوية.,بيليروبين و بيليروبينوجين,الأملاح الصفراوية.,0.6079418659210205,0.6513076424598694,0.6288780570030212,Incorrect
1366,ما هي خصائص الشجرة الوراثية لخلة متنحية جسدية فيها الأبوين مصابين؟,ANSWER: وراثية جسمية متنحية,كل الأبناء مصابين,وراثية جسمية متنحية,كل الأبناء مصابين,0.6882412433624268,0.6852623224258423,0.6867485642433167,Incorrect
1369,ما هي النواتج المتشكلة عند تفاعل معدن الصوديوم مع الإيثانول؟,ANSWER: إيثوكسيد الصوديوم,اوكسيد الصوديوم وهيدروجين,إيثوكسيد الصوديوم,اوكسيد الصوديوم وهيدروجين,0.844483494758606,0.8208606243133545,0.8325045108795166,Incorrect
1370,ما هي خصائص أنزيم RNA Polymerase؟,ANSWER: بوليميراز الحمض النووي الريبوزي,يشكل الروابط التكافؤية الإستيرية.,بوليميراز الحمض النووي الريبوزي,يشكل الروابط التكافؤية الإستيرية.,0.6774610280990601,0.6751965284347534,0.6763268709182739,Incorrect
1372,ما هو النكليوتيد في جزيء DNA؟,ANSWER: أدينين، جوانين، سيتوزين، ثايمين,يمكن أنيرتبط به أكثر من مجموعة فوسفات واحدة.,أدينين، جوانين، سيتوزين، ثايمين,يمكن أنيرتبط به أكثر من مجموعة فوسفات واحدة.,0.6450116038322449,0.6272144913673401,0.6359885931015015,Incorrect
1374,ما هو فيتامين البيوتين؟,ANSWER: فيتامين ب٧,يصنع من قبل الجراثيم المعوية,فيتامين ب٧,يصنع من قبل الجراثيم المعوية,0.643029510974884,0.6342639327049255,0.6386166214942932,Incorrect
1375,ما هي حالة عدم تحمل اللاكتوز؟,ANSWER: نقص اللاكتيز,من أسبابها الإسهالات الشديدة,نقص اللاكتيز,من أسبابها الإسهالات الشديدة,0.6919558048248291,0.657638430595398,0.6743608117103577,Incorrect
1403,ما هو اسم الاستر المتشكل عندما يتفاعل الميتانول مع حمض البوتانوئيك بوجود بضع قطرات من حمض الكبريت المركز؟,ANSWER: بوتيل ميثيل إيثر,بوتانوات الميتيل,بوتيل ميثيل إيثر,بوتانوات الميتيل,0.7784115076065063,0.7788163423538208,0.7786138653755188,Incorrect
1437,ما هو سبب الوفاة لدى مرض التلاسيميا؟,ANSWER: فشل القلب,تراكم الحديد,فشل القلب,تراكم الحديد,0.8136230707168579,0.7917261719703674,0.8025252819061279,Incorrect
1454,ما هي الصبغيات التي يوجد فيها الكروماتين المغاير؟,ANSWER: الصبغيات X و Y,1,الصبغيات X و Y,1,0.6011030673980713,0.6674770712852478,0.6325536370277405,Incorrect
1460,ما المركب الذي ينقص منه نتيجة التأخر في فصل البلازما أو المصل من الكريات في الدم؟,ANSWER: عوامل التخثر,الغلوكوز.,عوامل التخثر,الغلوكوز.,0.7033380270004272,0.7215116024017334,0.712308943271637,Incorrect
1503,ما هو المركب الذي يستخدم كزمرة ملحقة لجميع الإنزيمات الناقلة الزمرة الأمين؟,ANSWER: بيريدوكسال فوسفات,البيرودوكسال فوسفات,بيريدوكسال فوسفات,البيرودوكسال فوسفات,0.8470929861068726,0.8338505029678345,0.840419590473175,Correct
1508,ما هو العلاج الثاني لمرض الثلاسيميا بيتا؟,ANSWER: زراعة نخاع العظم,زرع نقي عظام,زراعة نخاع العظم,زرع نقي عظام,0.774476170539856,0.7888544797897339,0.7815991640090942,Correct
1554,ما هو الاضطراب الذي يتميز بفرط شديد في بيليروبين المصل غير المرتبط وعوز جزئي في UDPGT؟,ANSWER: متلازمة جيلبرت,كريجلر نجار,متلازمة جيلبرت,كريجلر نجار,0.6623687744140625,0.7023448944091797,0.6817713379859924,Incorrect
1577,ما هو سبب الوفاة لدى مرضى التلاسيميا؟,ANSWER: فشل القلب,تراكم الحديد,فشل القلب,تراكم الحديد,0.8136229515075684,0.7917261123657227,0.8025251626968384,Incorrect
1581,ماذا يسبب عوز الثيامين الشديد؟,ANSWER: اعتلال الأعصاب والقلب,البري بري,اعتلال الأعصاب والقلب,البري بري,0.6399520039558411,0.6923227310180664,0.6651080250740051,Correct
1591,كم يبلغ عدد الجينات التي تشفر لجزيئات الرنا الأصغري miRNAs في مجين الإنسان؟,ANSWER: حوالي ألف جين,125,حوالي ألف جين,125,0.6603180170059204,0.6702444553375244,0.6652442216873169,Incorrect
1600,أين يتم اصطناع الدقائق الكيلوسية؟,ANSWER: الغدد الليمفاوية,الأمعاء,الغدد الليمفاوية,الأمعاء,0.7674723863601685,0.8081827163696289,0.7873015999794006,Incorrect
1616,ما هو الإنزيم الذي يتم بوساطته ربط شدف أوكازاكي؟,ANSWER: ليغاز الحمض النووي,أنزيم الليغاز,ليغاز الحمض النووي,أنزيم الليغاز,0.7786710858345032,0.8243223428726196,0.8008466362953186,Correct
1617,ما هو أكثر الأنزيمات فعالية تحفيزية في جسم الإنسان؟,ANSWER: الأميلاز اللعابي,كاربونيك انهيدراز.,الأميلاز اللعابي,كاربونيك انهيدراز.,0.7124237418174744,0.7228756546974182,0.7176116704940796,Incorrect
1619,ما هو الشكل الفعال لفيتامين B6؟,ANSWER: بيريدوكسال فوسفات,البيريدوكسال فوسفات,بيريدوكسال فوسفات,البيريدوكسال فوسفات,0.9493963718414308,0.924046754837036,0.9365500211715698,Correct
1669,ما هو الموقع الطبيعي للجين الورمي ABL؟,ANSWER: كروموسوم 9q34,9q34,كروموسوم 9q34,9q34,0.7358591556549072,0.8999029397964478,0.8096554279327393,Correct
1694,كم عدد طبقات الفوسفولبيد في المذيلة؟,ANSWER: طبقة مزدوجة الفوسفوليبيد,3,طبقة مزدوجة الفوسفوليبيد,3,0.5480713844299316,0.6334092617034912,0.5876583456993103,Incorrect
1695,ما هو التركيب الذي يدخل فيه الكولاجين 4؟,ANSWER: الغشاء القاعدي,الغشاء القاعدي .,الغشاء القاعدي,الغشاء القاعدي .,0.9635989665985109,0.9522415399551392,0.9578865766525269,Correct
1696,ما الذي تؤدي إليه استلة الهيستونات؟,ANSWER: تنشيط النسخ,تفعيل الانتساخ.,تنشيط النسخ,تفعيل الانتساخ.,0.8268057107925415,0.8140706419944763,0.8203887939453125,Correct
1707,ما هي الخصائص التي تتميز بها شجرة النسب الحاوية على حالة وراثة متعلقة بالمتقدرات والأم فقط فيها مصابة؟,ANSWER: وراثة ميتوكوندرية أمومية,كل الأولاد مصابون.,وراثة ميتوكوندرية أمومية,كل الأولاد مصابون.,0.6399742364883423,0.6699681878089905,0.654627799987793,Incorrect
1715,ما هو الحمض الأميني الذي تتم أستلة الهستونات له؟,ANSWER: أسيتيل الكويين,اللوسين,أسيتيل الكويين,اللوسين,0.7807584404945374,0.8355498313903809,0.8072254657745361,Incorrect
1740,ما هي المكونات التي تتألف منها الفوسفولبيدات بالإضافة إلى حمضين دسمين والفوسفات؟,ANSWER: الجليسرول,الغليسرول .,الجليسرول,الغليسرول .,0.91806823015213,0.9062740206718444,0.9121330380439758,Correct
1741,ما هي الوظيفة الوحيدة لسيغما في إنزيم بوليمراز RNA البكتيري؟,ANSWER: التعرف على المروج,التعرف على المحضض.,التعرف على المروج,التعرف على المحضض.,0.9103621244430542,0.864534318447113,0.8868566155433655,Correct
1746,ما هي الأجزاء التي تتبادل بينها الإشارات الجزيئية التي يعتمد عليها ضبط النظام الخلوي الجذعي؟,ANSWER: مستقبلات عامل النمو,الخلايا الجذعية وذريتها والنسج المحيطة .,مستقبلات عامل النمو,الخلايا الجذعية وذريتها والنسج المحيطة .,0.7261905670166016,0.7132759690284729,0.7196753621101379,Incorrect
1755,ما تدعى البروتينات المشكلة لمعقدات الثقوب النووية؟,ANSWER: بروتينات البورين,النكليوبورين .,بروتينات البورين,النكليوبورين .,0.7483099102973938,0.7692723274230957,0.7586463689804077,Incorrect
1756,كيف تتم إزالة المتقدرات الحاوية على طفرات بالية؟,ANSWER: الالتهام الذاتي,الجيني الاختناق.,الالتهام الذاتي,الجيني الاختناق.,0.7415677905082703,0.7382278442382812,0.7398940324783325,Incorrect
1760,ما هو عامل الإطلاق في حقيقيات النوى؟,ANSWER: عامل النسخ,RF2,عامل النسخ,RF2,0.6927192807197571,0.7252718210220337,0.7086218595504761,Incorrect
1818,ما هي الروابط التي تربط سلسلتي عديدي النكليوتيد مع بعضهما البعض؟,ANSWER: روابط فوسفاتية ثنائية استر,هيدروجينية.,روابط فوسفاتية ثنائية استر,هيدروجينية.,0.6772128343582153,0.7140241861343384,0.6951315402984619,Incorrect
1823,ما هي خصائص الشجرة الوراثية لخلة متنحية فيها الأبوين مصابين؟,ANSWER: وراثية متنحية متماثلة الزيجوت,كل الأبناء مصابين.,وراثية متنحية متماثلة الزيجوت,كل الأبناء مصابين.,0.6536808013916016,0.6872569918632507,0.6700485348701477,Incorrect
1851,ما هو أكبر مستوى من المستويات التراتبية للحياة؟,ANSWER: حيز بيوسفيري (biosphere),المنظومة البيئية .,حيز بيوسفيري (biosphere),المنظومة البيئية .,0.6261316537857056,0.6727707982063293,0.6486138701438904,Incorrect
1861,ما هو الحمض الأميني الذي تبدأ به جميع عديدات الببتيد في بدائيات النوى؟,ANSWER: فورميل ميثيونين,المعدل الميثيونين.,فورميل ميثيونين,المعدل الميثيونين.,0.712873101234436,0.7215037941932678,0.7171624302864075,Correct
1862,ما الذي يدل عليه تقدير نسبة تنوع النمط الظاهري لخلة ما بسبب الاختلافات الجينية؟,ANSWER: التباين الجيني,قابلية الانتقال بالوراثة.,التباين الجيني,قابلية الانتقال بالوراثة.,0.7055863738059998,0.7010830640792847,0.7033275365829468,Incorrect
1866,ما هي الآلية التي تضمن للخلية الجذعية استمرارها إلى ما لا نهاية؟,ANSWER: تيلوميراز,التجديد الذاتي,تيلوميراز,التجديد الذاتي,0.6560666561126709,0.6297943592071533,0.6426621079444885,Incorrect
1868,ما هو الحمض الأميني الذي نتج عن ترجمة أول جزيء رنا مرسال صنعي؟,ANSWER: ميثيونين,الهستيدين,ميثيونين,الهستيدين,0.8086237907409668,0.7989672422409058,0.8037664890289307,Incorrect
1869,ما هي الإنزيمات التي تقوم القلنسوة بحماية سلسلة الرنا من التدرك بها؟,ANSWER: النسخ العكسي,الليغاز,النسخ العكسي,الليغاز,0.7322080731391907,0.7533321380615234,0.7426199316978455,Incorrect
1871,ما هو مقدار المادة الوراثية التي يتشاركها أقرباء من الدرجة الثانية مع المستلفت؟,ANSWER: خمسون بالمئة,سدس مادتهم الوراثية,خمسون بالمئة,سدس مادتهم الوراثية,0.649388313293457,0.6507251858711243,0.6500560641288757,Incorrect
1881,أين يلتحم الغشاءان النوويان؟,ANSWER: الصفائح القاعدية,معدات الثقوب النووية .,الصفائح القاعدية,معدات الثقوب النووية .,0.6987816691398621,0.7406720519065857,0.7191173434257507,Incorrect
1903,ما هي النتائج المتوقعة في حال إصابة أب بصفة تخضع لوراثة متنحية مرتبطة بالصبغي X؟,ANSWER: مرض وراثي متنحي,ينقل الصفة فقط لبناته,مرض وراثي متنحي,ينقل الصفة فقط لبناته,0.647386908531189,0.6456752419471741,0.6465299129486084,Incorrect
1923,ما هي النظرية التي تفسر ظهور المتقدرات والصانعات بإدخال جراثيم داخل الخلايا تقوم بالفسفرة والتركيب الضوئي؟,ANSWER: نظرية التكافل الداخلي,فرضية التعايش الداخلي,نظرية التكافل الداخلي,فرضية التعايش الداخلي,0.9245008230209352,0.917355179786682,0.920914113521576,Correct
1933,ماذا يسبب وجود الألائل السائد في الأنماط الجينية المختلفة التالية RRYY و RrYy و RRYy و RrYY؟,ANSWER: تعدد الأليلية,نمط ظاهري جديد,تعدد الأليلية,نمط ظاهري جديد,0.7199125289916992,0.7304635047912598,0.7251496911048889,Incorrect
1950,ما هو المكان الذي توجد فيه أكبر نسبة للبروتينات في أغشية خلايا الجسم؟,ANSWER: الغشاء البلازمي,الغشاء الخلوي للصانعات الخضراء .,الغشاء البلازمي,الغشاء الخلوي للصانعات الخضراء .,0.8370528817176819,0.7771481871604919,0.8059889674186707,Incorrect
1951,ما هو المسؤول عن إزالة مشراع الرنا قرب انتهاء تنسخ الدنا واستبدالها بنكليوتيدات الدنا؟,ANSWER: إنزيم بوليميراز الدنا,بوليميراز الدنا من النمط الأول,إنزيم بوليميراز الدنا,بوليميراز الدنا من النمط الأول,0.8651692271232605,0.8108750581741333,0.8371427655220032,Incorrect
1953,ما الذي ترتبط به الصبيغيات الشقيقة على أنيبيبات مغزل الانقسام؟,ANSWER: الكينيتوكورات,الجسيم الحركي .,الكينيتوكورات,الجسيم الحركي .,0.6927422881126404,0.7039608955383301,0.6983065009117126,Correct
1985,ما المميز بشجرة النسب الحاوية على حالة وراثة متعلقة بالمتقدرات والتي تكون فيها الأم فقط مصابة؟,ANSWER: وراثة ميتوكوندرية أمومية,الاولاد كلهم مصابون.,وراثة ميتوكوندرية أمومية,الاولاد كلهم مصابون.,0.6343837976455688,0.6447666883468628,0.6395331025123596,Incorrect
1989,ما هو الاختلاف بين الانترونات والاكسونات؟,ANSWER: تسلسل ترميزي وغير ترميزي,لا تترجم إلى بروتين.,تسلسل ترميزي وغير ترميزي,لا تترجم إلى بروتين.,0.6525524854660034,0.6991288661956787,0.67503821849823,Correct
1991,ما الذي تمثله الخطوط الأفقية التي ترسم أعلى الدوائر والمربعات في شجرة النسب؟,ANSWER: أجيال,التواءم,أجيال,التواءم,0.7950766086578369,0.7943375110626221,0.7947069406509399,Incorrect
1998,علام تحتوي الخلايا التي يعبر عنها مصطلح الهيولي المتغايرة؟,ANSWER: نوى متعددة,متقدرات سليمة وطافرة,نوى متعددة,متقدرات سليمة وطافرة,0.7862582206726074,0.7067757844924927,0.7444013953208923,Incorrect
2001,ما هي الطرق التي يمكن من خلالها تمييز الصبغيات بعضها عن بعض؟,ANSWER: تلوين النطاقات,النمط الجيني,تلوين النطاقات,النمط الجيني,0.7216192483901978,0.7345634698867798,0.7280338406562805,Incorrect
2006,ما هو التعبير الذي يُستخدم للطاقة الكامنة المختزنة في مدروج للشحنات الكهربائية؟,ANSWER: جهد كهربائي,بالكمون الكهربائي.,جهد كهربائي,بالكمون الكهربائي.,0.8219910860061646,0.7962286472320557,0.8089048266410828,Correct
2010,ما الذي تتشكل منه الأرجل الصفائحية؟,ANSWER: خلايا مسطحة حرشفية,الأكتين.,خلايا مسطحة حرشفية,الأكتين.,0.6684213876724243,0.7050869464874268,0.6862648129463196,Incorrect
2022,ما هي الرابطة في البنية الثانوية للحمض النووي؟,ANSWER: روابط هيدروجينية,هيدروجينية,روابط هيدروجينية,هيدروجينية,0.8898953795433044,0.9145172238349916,0.9020383358001708,Correct
2025,ما نوع الجينات التي تعد جينات الرنا الريباسي منها؟,ANSWER: جينات غير مشفرة,الخدمية.,جينات غير مشفرة,الخدمية.,0.683967649936676,0.7261576652526855,0.7044315338134766,Incorrect
2039,ما هو عدد الصبغيات المأشوبة إذا حدث تأشيب في 80 انقسام؟,ANSWER: 40 كروموسومًا,320,40 كروموسومًا,320,0.6144837141036987,0.6905452013015747,0.6502978801727295,Incorrect
2045,ما هي العملية التي يتم بها تكوين متعضية تشبه الأبوين من بيضة مخصبة؟,ANSWER: انشقاق الأرومة,التنامي الجنيني,انشقاق الأرومة,التنامي الجنيني,0.6686698198318481,0.7220287322998047,0.6943256258964539,Incorrect
2055,على من يظهر الاحلال الوراثي في الوراثة الجنسية المناحية؟,ANSWER: الذكور فقط,على الذكور والإناث من الأبناء,الذكور فقط,على الذكور والإناث من الأبناء,0.7681822180747986,0.6919628381729126,0.7280832529067993,Incorrect
2058,ما هو المجهر الذي يدرس السطح الطبوغرافي؟,ANSWER: مجهر القوة الذرية,مجهر القوة الذرية .,مجهر القوة الذرية,مجهر القوة الذرية .,0.9502152800559998,0.9411835670471193,0.9456778168678284,Correct
2068,ما هي البنى السيتوبلازمية المغلفة بغشاء واحد على الأقل؟,ANSWER: عضيات خلوية,العضبيات,عضيات خلوية,العضبيات,0.7645647525787354,0.7641057968139648,0.7643352150917053,Correct
2078,ما هي خصائص شجرة النسب الحاوية على حالة وراثة متعلقة بالمتقدرات والوالدين فيها مصابين؟,ANSWER: وراثة أبوية,الأولاد كلهم مصابون.,وراثة أبوية,الأولاد كلهم مصابون.,0.6830767393112183,0.6943680047988892,0.688676118850708,Incorrect
2088,ما الذي تختلف به الأحماض الأمينية عن بعضها؟,ANSWER: سلاسلها الجانبية,المجموعة الكربوكسيلية,سلاسلها الجانبية,المجموعة الكربوكسيلية,0.6941800117492676,0.6953284740447998,0.6947537660598755,Incorrect
2090,ما الذي يشير إليه المربع الصغير المملوء في شجرة الوراثة؟,ANSWER: متماثل الزيجوت,طفل مصاب,متماثل الزيجوت,طفل مصاب,0.6947467923164368,0.7583115100860596,0.7251388430595398,Incorrect
2103,ما هو سبب حدوث التلاسيميا بيتا؟,ANSWER: طفرة جينية,خلة جسدية متنحية.,طفرة جينية,خلة جسدية متنحية.,0.7850145697593689,0.7901653051376343,0.7875815629959106,Incorrect
2105,ماذا يؤدي وجود التربتوفان في مشغل التيربتوفان؟,ANSWER: تثبيط المناعة,تثبيط انتساخ الجينات,تثبيط المناعة,تثبيط انتساخ الجينات,0.8760614395141602,0.8383752703666687,0.8568040728569031,Incorrect
2115,ما الذي تساعد عليه حلقة الأكتين المتقلصة؟,ANSWER: انقباض العضلات,انقسام النواة,انقباض العضلات,انقسام النواة,0.8026098608970642,0.8329452276229858,0.8174962401390076,Incorrect
2121,ما الذي يدل عليه المعين في شجرة النسب؟,ANSWER: وراثي متنحي,الفرد مات في مرحلة مبكرة,وراثي متنحي,الفرد مات في مرحلة مبكرة,0.6960475444793701,0.694800853729248,0.6954236030578613,Incorrect
2123,كم عدد الجينات المسؤولة عن الاصطناع الحيوي للحمض الأميني التربتوفان في جينوم بكتيريا E.Coli؟,ANSWER: خمسة جينات,6,خمسة جينات,6,0.6858640909194946,0.7272996306419373,0.7059744596481323,Incorrect
2125,ما هي وظيفة حويصلات كوب ٢؟,ANSWER: إعادة الامتصاص الكلوية,النقل التقدمى من الشبكة البلازمية الى مدخل غولجي فقط .,إعادة الامتصاص الكلوية,النقل التقدمى من الشبكة البلازمية الى مدخل غولجي فقط .,0.7282878756523132,0.6923203468322754,0.7098487615585327,Incorrect
2138,ما هو معدل الحاملين في مجتمع إذا كان انتشار مرض التالاسيميا معروفاً في ذلك المجتمع؟,ANSWER: تردد الجينات,50M,تردد الجينات,50M,0.6542673110961914,0.6791472434997559,0.6664751768112183,Incorrect
2139,أين تجري عملية التمثيل الضوئي؟,ANSWER: البلاستيدات الخضراء,الصائعات الخضراء,البلاستيدات الخضراء,الصائعات الخضراء,0.8804376125335693,0.879749059677124,0.8800931572914124,Correct
2154,ماذا يحدث عند انخفاض نسبة الكوليسترول في الغشاء الخلوي؟,ANSWER: نفاذية غشائية متزايدة,تزداد مرونة الغشاء.,نفاذية غشائية متزايدة,تزداد مرونة الغشاء.,0.6591348052024841,0.6777567863464355,0.6683160662651062,Incorrect
2166,أين يتحد الغشاءان النوويان الداخلي والخارجي؟,ANSWER: المسام النووية,معقدات الثقوب النووية,المسام النووية,معقدات الثقوب النووية,0.8712297677993774,0.8247787952423096,0.8473681807518005,Correct
2167,كم عدد القواعد الآزوتية اللازمة لإنتاج بروتين الأنسولين المكوّن من 51 حمض أميني إنتاجاً كاملاً؟,ANSWER: 153 قاعدة نيتروجينية,153,153 قاعدة نيتروجينية,153,0.5926969647407532,0.685759961605072,0.6358413100242615,Correct
2170,ما هي الترسبات الصباغية التي تحوي بروتين الفيرتين؟,ANSWER: ترسبات الحديد,حبيبات هيمرسيدرين,ترسبات الحديد,حبيبات هيمرسيدرين,0.7930680513381958,0.72452312707901,0.7572476267814636,Correct
2179,ما هو أول عنصر من عناصر الدراسة العلمية المنهجية؟,ANSWER: الملاحظة,الاختبار والنتائج .,الملاحظة,الاختبار والنتائج .,0.6091583967208862,0.5817006826400757,0.5951129794120789,Incorrect
2181,ماذا تشير النجمة بعد رمز الجين؟,ANSWER: كودون توقف,لترميز الجينات,كودون توقف,لترميز الجينات,0.703264594078064,0.6656396389007568,0.6839350461959839,Incorrect
2191,ما يُعرف بامتصاص بعض المواد الضوء بطول موجة ومن ثم إصداره بطول موجة أطول؟,ANSWER: التألق الضوئي,التألق,التألق الضوئي,التألق,0.8236719369888306,0.9103657603263856,0.864851713180542,Correct
2200,ما يُدعى نوع وترتيب الأحماض الأمينية في البروتين؟,ANSWER: تسلسل الأحماض الأمينية,البنية الأولية,تسلسل الأحماض الأمينية,البنية الأولية,0.7069440484046936,0.7510418891906738,0.7283260822296143,Correct
2202,ماذا ينتج عند حدوث خلل في تنظيم السبيل الإشاري WNT؟,ANSWER: سرطان القولون والمستقيم,سرطان أمعاء,سرطان القولون والمستقيم,سرطان أمعاء,0.7630053162574768,0.8272289037704468,0.7938202023506165,Correct
2204,ما هي الشعبة التي ينتمي إليها الإنسان؟,ANSWER: شعبة الحبليات,الثدييات .,شعبة الحبليات,الثدييات .,0.6766313314437866,0.6994971036911011,0.6878742575645447,Incorrect
2216,ما هي نتيجة التطور التي تؤدي إلى التكيف؟,ANSWER: الانتقاء الطبيعي,الاصطفاء الطبيعي .,الانتقاء الطبيعي,الاصطفاء الطبيعي .,0.8355286121368408,0.8160933256149292,0.8256966471672058,Correct
2218,أين تكثر جزر CpG؟,ANSWER: مناطق المحفزات الجينية,المحضضات.,مناطق المحفزات الجينية,المحضضات.,0.7455978393554688,0.7543864250183105,0.7499663829803467,Correct
2222,ما هو الأساس الأزوتي المتمم للتايمين في الرنا؟,ANSWER: يوراسيل,اليوراسيل,يوراسيل,اليوراسيل,0.865399956703186,0.8445979356765747,0.8548724055290222,Correct
2224,ما هو الموقع الذي يبدأ فيه انتساخ الجينات المرمزة للبروتينات بارتباط انزيم الرنا بوليميراز؟,ANSWER: مُحفِّز النسخ,المطلق القريب .,مُحفِّز النسخ,المطلق القريب .,0.6788438558578491,0.7702955007553101,0.7216840386390686,Correct
2228,أين تقع الجينات المسؤولة عن الزمر الدموية عند البشر؟,ANSWER: كروموسومات صبغية,الصيغي 9,كروموسومات صبغية,الصيغي 9,0.7018876075744629,0.7532877922058105,0.7266799211502075,Incorrect
2232,ما هو الدور الرئيسي في تعرف جسيم التضفير مواقع التضفير؟,ANSWER: تسلسل الحمض النووي,snRNPs.,تسلسل الحمض النووي,snRNPs.,0.634345293045044,0.6718822717666626,0.6525744199752808,Incorrect
2236,ما هي الصبغيات التي يحدث بينها إزفاء متبادل في حالة ابيضاض الدم النقوي المزمن CML؟,ANSWER: صبغيات 9 و 22,9 و 11,صبغيات 9 و 22,9 و 11,0.7522866129875183,0.8631789684295654,0.8039267063140869,Incorrect
2249,ما هو عدد الأنماط الظاهرية المختلفة في الجيل الثاني في حال التفارز المستقل بين المورثتين A و B؟,ANSWER: أربعة أنماط ظاهرية,8,أربعة أنماط ظاهرية,8,0.6066527962684631,0.6654779314994812,0.6347053050994873,Incorrect
2250,ما هو عدد الأنماط الجينية في أعراس فرد متغاير الأليلات AB/ab إذا كان الارتباط بين المورثتين A و B كاملاً؟,ANSWER: أربعة أنماط جينية,2,أربعة أنماط جينية,2,0.618935227394104,0.7144735455513,0.6632817387580872,Incorrect
2273,ما نوع الوراثة التي يكون فيها والدا الطفل المصاب حاملين متغايري الألائل عديمين الأمراض؟,ANSWER: متنحية صبغية,الجسدية المتنحية,متنحية صبغية,الجسدية المتنحية,0.7589163780212402,0.7447853088378906,0.7517844438552856,Correct
2274,ما هو نمط هذا المرض إذا عانى فرد متخالف الألائل من أعراض مرض وكان موضع الجين على الصبغي 5؟,ANSWER: وراثي متنحي,صبغي جسدي سائد,وراثي متنحي,صبغي جسدي سائد,0.7266371846199036,0.7236645817756653,0.7251478433609009,Incorrect
2281,ما هو خطر إصابة الطفل بالورم التليفي العصبي في الحمل التالي لأم مصابة أنجبت ذكرًا مصابًا بالمرض علمًا أن زوجها سليم؟,ANSWER: خطر متزايد,0.5,خطر متزايد,0.5,0.6427786350250244,0.6774690747261047,0.6596681475639343,Incorrect
2282,ما هو الاحتمال الأول لطراز انتقال هذا المرض الوراثي عندما ينجب أبوان سليمان طفلين (ذكر وأنثى) مصابين بمرض استقلابي بدأت تظاهراته مبكراً؟,ANSWER: متنقّص صبغي X,صبغي جسدي سائد,متنقّص صبغي X,صبغي جسدي سائد,0.7697826623916626,0.8042476177215576,0.7866377830505371,Incorrect
2285,ما هو القانون الذي ينص على أن زاوية الورود تساوي زاوية الانعكاس؟,ANSWER: قانون سنيل,للانعكاس,قانون سنيل,للانعكاس,0.742106020450592,0.6919801831245422,0.7161670923233032,Incorrect
2289,ما هي الصيغة التي تعطينا التفاصيل الأقل والنسبة الأبسط للذرات الموجودة في الجزيء؟,ANSWER: صيغة تجريبية,الصيغة التجريبية,صيغة تجريبية,الصيغة التجريبية,0.8469125032424927,0.8198541402816772,0.8331636786460876,Correct
2290,ما هو الذي يعطي لأشعة جاما مصدرا آخر للأشعة السينية التي يمكن أن تكون مفيدة وطاقتها قريبة من طاقة أشعة جاما الأصلية بحيث يمكن عدهما أشعة واحدة؟,ANSWER: تبديد كومبتون,التحول الداخلي,تبديد كومبتون,التحول الداخلي,0.706179678440094,0.7256512641906738,0.7157831192016602,Incorrect
2295,ما هو التواتر المناسب للأمواج التي يمكن استخدامها للكشف عن المواد غير المرئية بالنسبة للتواتر 500GHz؟,ANSWER: الأشعة تحت الحمراء,الأعلى,الأشعة تحت الحمراء,الأعلى,0.6441929936408997,0.7363889217376709,0.6872125267982483,Incorrect
2296,ما هو المجال الذي تكون فيه الأمواج تحت الصوتية أصغر منه؟,ANSWER: الموجات فوق الصوتية,20 Hz,الموجات فوق الصوتية,20 Hz,0.6698391437530518,0.7084392309188843,0.6885986924171448,Incorrect
2299,ما هو المقدار الذي يتزايد لدى انتثار فوتون عن الكترون بمفعول كومتون؟,ANSWER: طاقة الفوتون المنتشر,طوله الموجي,طاقة الفوتون المنتشر,طوله الموجي,0.7448704242706299,0.7886028289794922,0.7661130428314209,Incorrect
2305,ما الذي يعبر عن شدة الموجة الصوتية؟,ANSWER: ديسيبل,بالواط على المتر المربع .,ديسيبل,بالواط على المتر المربع .,0.6871862411499023,0.6598005890846252,0.6732150316238403,Incorrect
2306,ما هي خصائص الأشعة السينية؟,ANSWER: إشعاع مؤين,اشعاعات كهرطيسية وبأطوال موجية أقصر بكثير منها في حالة الضوء المرئي.,إشعاع مؤين,اشعاعات كهرطيسية وبأطوال موجية أقصر بكثير منها في حالة الضوء المرئي.,0.7324370741844177,0.6597165465354919,0.694177508354187,Incorrect
2309,ما هي القوة التي تحدث تشوهاً في الجسم وتكون مطبقة على وحدة السطح؟,ANSWER: إجهاد ميكانيكي,الاجهاد,إجهاد ميكانيكي,الاجهاد,0.7170528769493103,0.7416810989379883,0.7291591167449951,Correct
2311,ماذا تعتبر درجة حرارة النواة والغلاف في جسم الإنسان؟,ANSWER: ٣٧ درجة مئوية,ثابتة - متغيرة,٣٧ درجة مئوية,ثابتة - متغيرة,0.6729256510734558,0.6712467670440674,0.6720851063728333,Incorrect
2312,ما هو ثابت التناسب بين تدرج السرعة؟,ANSWER: مقاومة الأوعية الدموية,معامل لزوجه المائع,مقاومة الأوعية الدموية,معامل لزوجه المائع,0.681137204170227,0.7053440809249878,0.6930292844772339,Incorrect
2319,ما هو الناتج عندما تتفاعل الألدهيدات مع NaBH5؟,ANSWER: كحول أولي/ثانوي,أغوال أولية,كحول أولي/ثانوي,أغوال أولية,0.7687568664550781,0.7883602380752563,0.7784351706504822,Incorrect
2320,ما هي الطريقة التي يجري بها التبادل الحراري بين الجسم والوسط المحيط؟,ANSWER: إشعاع وحرارة,الأوعية الدموية,إشعاع وحرارة,الأوعية الدموية,0.6740385890007019,0.6696544289588928,0.6718393564224243,Incorrect
2322,ما هو المعيار الذي يستخدمه العلماء لحساب الكتل الذرية النسبية؟,ANSWER: كتلة الكربون-12,نظير الكربون 12,كتلة الكربون-12,نظير الكربون 12,0.8701990842819214,0.8642966151237488,0.8672378659248352,Correct
2324,ما هي الوحدة التي يقاس بها الضغط في إطار السيارة في الولايات المتحدة؟,ANSWER: رطل لكل بوصة مربعة,الباوند لكل موجه مربعه,رطل لكل بوصة مربعة,الباوند لكل موجه مربعه,0.7641769647598267,0.75014328956604,0.7570951581001282,Correct
2325,ما هو القانون الذي ينص على أن تغير الحقل المغنطيسي يولد حقلا كهربائيا؟,ANSWER: قانون فاراداي للحث الكهرومغناطيسي,فارادي,قانون فاراداي للحث الكهرومغناطيسي,فارادي,0.6212772727012634,0.7870259284973145,0.6943977475166321,Correct
2328,ما هو وصف جريان المائع المستقر من ناحية سرعته في أي نقطة منه مع الزمن؟,ANSWER: تدفق صفائحي,ثابتة .,تدفق صفائحي,ثابتة .,0.6340816020965576,0.7151997089385986,0.6722022294998169,Incorrect
2332,ما هي المادة التي تتخذ شكل أسفل الوعاء الذي يحتويها ولها حجم خاص بها؟,ANSWER: حجم السائل,سائلة,حجم السائل,سائلة,0.7223235368728638,0.7257317900657654,0.7240236401557922,Incorrect
2338,ما تسمى القوى عندما يكون عمر الحالة المثارة طويلا؟,ANSWER: إثارة مستدامة,شبه مستقرة,إثارة مستدامة,شبه مستقرة,0.8440871238708496,0.8600788116455078,0.8520079851150513,Incorrect
2340,ما هو الذي يعطى لأشعة غاما مصدراً آخر للأشعة السينية التي يمكن أن تكون مفيدة وطاقتها قريبة من طاقة أشعة غاما الأصلية بحيث يمكن الحصول على أشعة واحدة؟,ANSWER: مُحوِّل التألق الضوئي,التحول الداخلي,مُحوِّل التألق الضوئي,التحول الداخلي,0.7439560294151306,0.8328998684883118,0.7859194874763489,Incorrect
2341,ما نوع الكثافة التي تعتبر منها العظام ومستحضرات التباين العائمة مثل اليود والباريوم؟,ANSWER: كثافة سلبية,الكلسية.,كثافة سلبية,الكلسية.,0.7082327604293823,0.7263431549072266,0.7171736359596252,Incorrect
2342,ما هي طبيعة الأشعة السينية؟,ANSWER: إشعاع مؤين,اشعاعات كهر طيسية,إشعاع مؤين,اشعاعات كهر طيسية,0.7712599635124207,0.7631264925003052,0.7671717405319214,Incorrect
2346,ما هو مجموع الكتل الذرية النسبية في مركب أيوني؟,ANSWER: الكتلة المولية,الكتلة الصيغية النسبية,الكتلة المولية,الكتلة الصيغية النسبية,0.8960157632827759,0.8365198969841003,0.8652462959289551,Incorrect
2347,أين يقع مجال التيراهرتز؟,ANSWER: بين الأشعة تحت الحمراء والميكروويف,الأشعة تحت الحمراء والأمواج المكروية .,بين الأشعة تحت الحمراء والميكروويف,الأشعة تحت الحمراء والأمواج المكروية .,0.8430099487304688,0.8443853855133057,0.8436970710754395,Correct
2349,لماذا يُستخدم الماء في درجة معينة كمادة مرجعية للوزن النوعي؟,ANSWER: كثافة الماء,قيمتها العظمى,كثافة الماء,قيمتها العظمى,0.7712127566337585,0.7159255743026733,0.742541491985321,Incorrect
2352,ما هي مكونات صمام الأشعة السينية؟,ANSWER: أنبوب الأشعة السينية,المسدد,أنبوب الأشعة السينية,المسدد,0.7065554857254028,0.7586464881896973,0.7316749691963196,Incorrect
2361,ما الذي تتعلق به الطاقة التي يصدرها الجسم الأسود وفقاً لدراسة تغير تابع إشعاع الجسم الأسود؟,ANSWER: درجة الحرارة,درجة حرارته المطلقة,درجة الحرارة,درجة حرارته المطلقة,0.8241466283798218,0.7146103382110596,0.7654798626899719,Correct
2363,ما هي قوة اللزوجة بالنسبة لاتجاه جريان المائع؟,ANSWER: مقاومة التدفق,تعاكسه .,مقاومة التدفق,تعاكسه .,0.7366437315940857,0.7614039182662964,0.7488192319869995,Correct
2364,ما هي الطاقة التي يمكن بها تفكيك رابطة في خلايا النسج؟,ANSWER: طاقة حرارية,فوتون أشعة سينينة.,طاقة حرارية,فوتون أشعة سينينة.,0.7703112363815308,0.7681450843811035,0.7692266702651978,Incorrect
2369,ما يجب أن يكون عليه ضغط الهواء داخل القاعة في حالة الثوران بالنسبة لضغط الماء خارجها حيث تتوازن قوة الضغط نحو الخارج مع قوة التوتر السطحي نحو الداخل؟,ANSWER: ضغط هيدروستاتيكي,اکبر,ضغط هيدروستاتيكي,اکبر,0.653662919998169,0.7006300091743469,0.6763321161270142,Incorrect
2372,ما هو المجال الموجي لأشعة UVC؟,ANSWER: 200-280 نانومتر,100-280nm,200-280 نانومتر,100-280nm,0.798012375831604,0.8460128307342529,0.8213118314743042,Incorrect
2373,ما هي طبيعة الارتباط بين قرينة الانكسار لوسط مادي معين وسرعة الأمواج في ذلك الوسط؟,ANSWER: علاقة عكسية,عكسيا - سرعة,علاقة عكسية,عكسيا - سرعة,0.835628092288971,0.8191389441490173,0.8273013830184937,Correct
2381,ما هي الخاصية التي يميزها التواتر والطول الموجي؟,ANSWER: طاقة الفوتون,الموجة,طاقة الفوتون,الموجة,0.7282512187957764,0.770805835723877,0.7489244937896729,Incorrect
2384,ما هي الطاقة التي تحملها الموجة في وحدة الزمن؟,ANSWER: كثافة القدرة,استطاعة الموجة الضوئية,كثافة القدرة,استطاعة الموجة الضوئية,0.7489190697669983,0.677306056022644,0.7113146781921387,Incorrect
2387,ما هي قابلية العين التي تسمح بالمطابقة لكل أبعاد الجسم عن العين مع الاستمرار بتشكيل خيال على بعد ثابت من العدسة يتحدد بالفاصل بين العدسة والشبكية؟,ANSWER: قوة التكيف,تعديل شكل العدسة,قوة التكيف,تعديل شكل العدسة,0.7767937183380127,0.8003003597259521,0.7883718609809875,Correct
2388,كيف يؤثر الضغط على توازن التفاعلات التي تكون متفاعلاتها ومنتجاتها؟,ANSWER: مبدأ لوشاتيليه,غازات,مبدأ لوشاتيليه,غازات,0.698000967502594,0.7412548065185547,0.7189779877662659,Incorrect
2389,ما هو التواتر في حالة الأمواج الصوتية؟,ANSWER: تردد الصوت,عدد الإنضغاطات الاي تمر في نقطة معينة في الثانية,تردد الصوت,عدد الإنضغاطات الاي تمر في نقطة معينة في الثانية,0.708656370639801,0.6615481376647949,0.6842924356460571,Incorrect
2391,ما هو شكل الطاقة التي تصدرها أجسامنا حتى في درجات الحرارة العادية؟,ANSWER: الأشعة تحت الحمراء,إشعاع كهرطيسي,الأشعة تحت الحمراء,إشعاع كهرطيسي,0.689507782459259,0.6821607351303101,0.6858145594596863,Correct
2400,ما هي التحولات التي تحافظ على العدد الكتلي؟,ANSWER: تحولات نظائرية مشعة,الايزوبارية,تحولات نظائرية مشعة,الايزوبارية,0.69012451171875,0.6994408965110779,0.6947514414787292,Incorrect
2410,ما هو القانون الذي يربط بين معدل الجريان الحجمي في وعاء دموي من جهة وفارق الضغط بين طرفي الوعاء ونصف قطره الداخلي وطوله ولزوجة الدم؟,ANSWER: قانون هاجن-بوازويْ,قانون بورواري,قانون هاجن-بوازويْ,قانون بورواري,0.7608643770217896,0.7881678342819214,0.7742754817008972,Correct
2412,ما نوع الجريان عندما تكون سرعة المائع في أي نقطة منه ثابتة مع مرور الزمن؟,ANSWER: جريان ثابت,مستقر,جريان ثابت,مستقر,0.7159659266471863,0.725643515586853,0.7207722663879395,Correct
2413,ما هي آلية انتقال الحرارة في الموائع؟,ANSWER: الحمل الحراري,الحمل,الحمل الحراري,الحمل,0.7909578084945679,0.8567993640899658,0.8225631713867188,Correct
2417,ما هي صفات الخيال في المصورات ذات الثقب؟,ANSWER: انعكاس مقلوب,خیال حقيقي مقلوب.,انعكاس مقلوب,خیال حقيقي مقلوب.,0.8076497316360474,0.8468602895736694,0.8267903327941895,Incorrect
2419,ما هي العلاقة التناسبية لقرينة الانكسار لأي وسط معين؟,ANSWER: معامل الانكسار,عكسيا مع سرعة الأمواج في ذلك الوسط,معامل الانكسار,عكسيا مع سرعة الأمواج في ذلك الوسط,0.7427129745483398,0.7232692241668701,0.7328621745109558,Incorrect
2422,ما هي الأشعة التي حققت حلم الإنسان القديم في رؤية داخل الجسم من دون بضع؟,ANSWER: الأشعة السينية,الاشعة السينية,الأشعة السينية,الاشعة السينية,0.8679710030555725,0.8679710030555725,0.8679710030555725,Correct
2427,ما هو المركب الذي يتشكل من تفاعل حمض الآزوت المركز بوجود حمض الكبريت المركز مع نترو البنزين؟,ANSWER: ثلاثي نيترو تولوين,ميتا ثنائي نترو البنزن,ثلاثي نيترو تولوين,ميتا ثنائي نترو البنزن,0.7711859345436096,0.7664453983306885,0.7688083648681641,Incorrect
2429,ما هي التبادلات التي تجري بين الجسم الصلب والمانع المتحرك الذي يختلف عنه في درجة الحرارة؟,ANSWER: انتقال الحرارة,الحمل,انتقال الحرارة,الحمل,0.7453778982162476,0.7453778982162476,0.7453778386116028,Incorrect
2430,ما هي وظيفة الحقل الكهربائي في الأفران الكروية؟,ANSWER: تسريع الأيونات,يجعل جزيئات الماء تقوم بحركة دورانية,تسريع الأيونات,يجعل جزيئات الماء تقوم بحركة دورانية,0.717235267162323,0.6997358798980713,0.7083774209022522,Incorrect
2435,ما هي طبيعة الإشعاعات الكهرومغناطيسية؟,ANSWER: فوتونات ذات طول موجي,مثنوية .,فوتونات ذات طول موجي,مثنوية .,0.7021162509918213,0.7221213579177856,0.7119783163070679,Incorrect
2438,ما هو التفاعل الذي تخضع له هالوجينات الألكانات بالقلويات؟,ANSWER: تفاعل الاستبدال النيوكليوفيلي,استبدال نكليوفيلي,تفاعل الاستبدال النيوكليوفيلي,استبدال نكليوفيلي,0.725163459777832,0.737029492855072,0.7310482859611511,Correct
2443,ما هي استخدامات الليزر الصباغي؟,ANSWER: آفات الأوعية الدموية,معالجة الوحمات الوعائية .,آفات الأوعية الدموية,معالجة الوحمات الوعائية .,0.7529940009117126,0.7755181789398193,0.7640901207923889,Correct
2462,ماذا تصدر النظائر المشعة في التصوير بالأصدر البوزتروني؟,ANSWER: أشعة جاما,بوزترونات,أشعة جاما,بوزترونات,0.7538100481033325,0.7528905272483826,0.7533500790596008,Incorrect
2473,ما هي الأشعة التي ساهمت في تقدم علم البلورات؟,ANSWER: حيود الأشعة السينية,X-RAY,حيود الأشعة السينية,X-RAY,0.6566845178604126,0.6806150674819946,0.6684356331825256,Correct
2482,ما الذي يتم التحكم في ارتفاع النهاية المدببة للحفاظ عليه عندما نمسح سطح المعدن في مجهر STM؟,ANSWER: تيار النفق,ثبات التيار النفقي,تيار النفق,ثبات التيار النفقي,0.8838750720024109,0.8711239099502563,0.8774532079696655,Correct
2483,ما هو معدل الإشعاع من سطح إلى معدل الإشعاع من مساحة مساوية من سطح مشع مثالي في درجة الحرارة نفسها؟,ANSWER: انبعاثية السطح,الإصدارية,انبعاثية السطح,الإصدارية,0.6945759057998657,0.7253299951553345,0.70961993932724,Correct
2485,ما هي الجزئيات التي يمكن الاستفادة من تفاعلها في التصوير؟,ANSWER: عوامل التباين الإشعاعية,فوتونات الفلورة السينية .,عوامل التباين الإشعاعية,فوتونات الفلورة السينية .,0.7269129753112793,0.7694980502128601,0.7475995421409607,Incorrect
2501,ما هو الوسط الذي تكون فيه كثافة الأيونات الموجبة والسالبة أكبر من كثافة الأيونات المعتدلة؟,ANSWER: محلول كهربائي,بلازما,محلول كهربائي,بلازما,0.5896792411804199,0.6009813547134399,0.5952766537666321,Incorrect
2503,ما هو الإجراء المستخدم للاطمئنان على صحة الجنين عند المرأة الحامل؟,ANSWER: تخطيط قلب الجنين,الإيكو غرافي .,تخطيط قلب الجنين,الإيكو غرافي .,0.6905776858329773,0.6863319277763367,0.6884482502937317,Incorrect
2505,ما يُدعى الضغط الذي يسببه عمود من الزئبق ارتفاعه 1 مم؟,ANSWER: ملم زئبقي,التور .,ملم زئبقي,التور .,0.5594052076339722,0.5811775922775269,0.5700836181640625,Incorrect
2543,ما هي الظاهرة التي تنقسم فيها نواة ذات عدد كتلي كبير إلى نواتين أو أكثر لكل منهما عدد كتلي متوسط؟,ANSWER: انشطار نووي,ظاهرة الإنشطار النووي,انشطار نووي,ظاهرة الإنشطار النووي,0.8380498886108398,0.7748985886573792,0.8052380084991455,Correct
2555,ما هو مجال الأشعة الذي يشع فيه جسم الإنسان بشكل قريب جداً من إشعاع الجسم الأسود؟,ANSWER: الأشعة تحت الحمراء,تحت الحمراء,الأشعة تحت الحمراء,تحت الحمراء,0.8018882274627686,0.8496116399765015,0.8250603675842285,Correct
2557,ما هي الأشعة التي اشتهرت بانتزاع جزيئات الماء لدى تفاعلها مع النسج؟,ANSWER: أشعة جاما,الأشعة تحت الحمراء.,أشعة جاما,الأشعة تحت الحمراء.,0.7785163521766663,0.7629647254943848,0.7706620693206787,Incorrect
2563,ما هي الظاهرة التي تنقسم فيها نواة ذات عدد كتلي كبير إلى نواتين أو أكثر لكل منهما عدد كتلي متوسط؟,ANSWER: انشطار نووي,ظاهرة الانشطار النووي.,انشطار نووي,ظاهرة الانشطار النووي.,0.8164730072021484,0.7652305364608765,0.7900217175483704,Correct
2575,ما هي طريقة العلاج الفيزيائي التي تستعمل فيها تيارات كهربائية عالية التردد لإحداث الحرارة في الأنسجة العميقة؟,ANSWER: موجات قصيرة,تسخين موضعي في الانسجة الحية,موجات قصيرة,تسخين موضعي في الانسجة الحية,0.7611509561538696,0.7240646481513977,0.7421447038650513,Correct
2577,كيف تتولد الأشعة السينية؟,ANSWER: أنبوب أشعة سينية,تسرع الالكترونات بكمون مرتفع في أنبوب الفراغ ويسمح لها بالسقوط على سطح داخل الانبوب .,أنبوب أشعة سينية,تسرع الالكترونات بكمون مرتفع في أنبوب الفراغ ويسمح لها بالسقوط على سطح داخل الانبوب .,0.7355772256851196,0.6513193845748901,0.6908888220787048,Incorrect
2579,ما هو الأساس الذي تترتب وفقه العناصر في الجدول الدوري حالياً؟,ANSWER: العدد الذري,إعدادها الذرية,العدد الذري,إعدادها الذرية,0.8682783842086792,0.8220758438110352,0.8445457220077515,Correct
2590,ما هو الشرط الذي يجب أن تحققه النقطتان لتطبيق معادلة برنولي على جريان أي مائع مثالي؟,ANSWER: تدفق ثابت غير لزج,خط الانحناء نفسه,تدفق ثابت غير لزج,خط الانحناء نفسه,0.7338846921920776,0.7479565143585205,0.7408537864685059,Incorrect
2601,ما هي الأمواج التي تستخدم في تفتيت الحصى؟,ANSWER: موجات الصدمة,الأمواج فوق الصوتية,موجات الصدمة,الأمواج فوق الصوتية,0.7608740329742432,0.7605526447296143,0.7607132792472839,Incorrect
2611,ما هو المجهر الذي يمسح العينة نقطة فنقطة ولكنه يكشف عن الالكترونات النافذة؟,ANSWER: مجهر الإلكترونات النافذ,STEM,مجهر الإلكترونات النافذ,STEM,0.6269264221191406,0.6987043023109436,0.6608721017837524,Incorrect
2615,من أين تشتق قوة المقاومة من اللزوجة عندما تكون السرعة النسبية بين الجسم والمائع كافية لأن يكون الجريان حول الجسم رقائقياً؟,ANSWER: السحب اللزج,منخفضة,السحب اللزج,منخفضة,0.7052141427993774,0.7471094131469727,0.7255574464797974,Incorrect
2620,ما هي الرابطة التي تبقى صلبة دائماً؟,ANSWER: الرباط المستقيم,الأيونية,الرباط المستقيم,الأيونية,0.7495464086532593,0.758070170879364,0.7537841796875,Incorrect
2636,كم عدد العدسات في مجهر SEM؟,ANSWER: عدسة كهرومغناطيسية,اثنتان,عدسة كهرومغناطيسية,اثنتان,0.6081817150115967,0.6607304811477661,0.6333680152893066,Incorrect
2637,ما هي الحالة التي تتولد فيها الأمواج الصادمة بالنسبة لسرعة منبع الأمواج الصوتية؟,ANSWER: فوق صوتي,تتجاوز سرعة الموجة الصوتية .,فوق صوتي,تتجاوز سرعة الموجة الصوتية .,0.7420992851257324,0.6515557765960693,0.6938862800598145,Correct
2641,ما هو العدد النيوكلوني في نواة ذرة ما؟,ANSWER: عدد النيوترونات,مجموع البروتونات والنترونات,عدد النيوترونات,مجموع البروتونات والنترونات,0.8851073980331421,0.8197185397148132,0.8511590361595154,Incorrect
2645,ما هو سبب تخامد الأشعة السينية في الجسم المدروس؟,ANSWER: امتصاص الإشعاع,امتصاص الجسم لها,امتصاص الإشعاع,امتصاص الجسم لها,0.775394082069397,0.8414084315299988,0.8070536255836487,Correct
2648,ما يُستخدم لقياس درجة التشوه؟,ANSWER: مقياس غلاسكو,انفعال,مقياس غلاسكو,انفعال,0.6839988231658936,0.7142939567565918,0.6988182067871094,Incorrect
2653,ما هي الوحدة التي يقيسها الروتنجن؟,ANSWER: غراي,التعرض للإشعاع .,غراي,التعرض للإشعاع .,0.6846945285797119,0.6541488766670227,0.6690732836723328,Incorrect
2661,ما تتألف منه الحلقة البنزنية؟,ANSWER: حلقة هيكسان ديين,ستة كربونات,حلقة هيكسان ديين,ستة كربونات,0.6849870681762695,0.6857378482818604,0.6853622198104858,Incorrect
2670,ماذا يشير انزياح الضوء من المجرات البعيدة نحو الترددات الأخفض؟,ANSWER: انزياح نحو الأحمر,ابتعاد المجرات عنا,انزياح نحو الأحمر,ابتعاد المجرات عنا,0.7532540559768677,0.720785915851593,0.7366623282432556,Correct
2674,ما هي الوحدة التي يقيسها الرونتجن؟,ANSWER: غراي,التعرض للإشعاع.,غراي,التعرض للإشعاع.,0.6846945285797119,0.6541488766670227,0.6690732836723328,Incorrect
2687,ما هي النظائر؟,ANSWER: الأجسام المضادة,لها نفس عدد البروتونات وتختلف بعدد النترونات,الأجسام المضادة,لها نفس عدد البروتونات وتختلف بعدد النترونات,0.684269905090332,0.6501554250717163,0.6667765974998474,Incorrect
2702,ما هي زاوية الورود التي يكون الضوء المنعكس عندها مستقطبا كليا؟,ANSWER: زاوية بروستر,زاوية بروستو,زاوية بروستر,زاوية بروستو,0.9405571222305298,0.9405571222305298,0.9405571222305298,Correct
2719,كيف يمكن توليد الأمواج فوق الصوتية؟,ANSWER: تأثير كهرضغطية,بلورات كهر ضغطية,تأثير كهرضغطية,بلورات كهر ضغطية,0.8825358748435974,0.8638746738433838,0.873105525970459,Correct
2731,أين تشكل العين مديدة البصر (العين الطامسة) خيال الجسم القريب؟,ANSWER: أمام الشبكية,وراء الشبكية.,أمام الشبكية,وراء الشبكية.,0.9028751254081726,0.8746495246887207,0.8885382413864136,Incorrect
2734,ما هو الاضطراب الذي يمثل هذه الحالة؟,ANSWER: متلازمة مارفان,الحدية للجريان المستقر,متلازمة مارفان,الحدية للجريان المستقر,0.6736318469047546,0.6593957543373108,0.6664377450942993,Incorrect
2740,متى يأخذ احتمال وجود الالكترون قيمة عظمى في الحالة الأساسية في ذرة هيدروجين؟,ANSWER: عند النواة,بعده عن النواة أصغر من نصف قطر بور,عند النواة,بعده عن النواة أصغر من نصف قطر بور,0.8347692489624023,0.7433429956436157,0.7864077687263489,Incorrect
2741,ما ينص عليه قانون الانعكاس الأول؟,ANSWER: زاوية السقوط = زاوية الانعكاس,زاوية الورود تساوي زاوية الانعكاس.,زاوية السقوط = زاوية الانعكاس,زاوية الورود تساوي زاوية الانعكاس.,0.8754706382751465,0.8590075969696045,0.867160975933075,Correct
2742,ما هو الانفعال في حالة التشوه التحددي أو الانضغاطي؟,ANSWER: ضمور العضلات,التغير النسبي في الطول زيادة أو نقصانا,ضمور العضلات,التغير النسبي في الطول زيادة أو نقصانا,0.6989827752113342,0.6806992292404175,0.6897197961807251,Incorrect
2750,ما هو وزن الحجم المنغمس من الجسم عندما يكون الجسم مغموساً وليس مغموراً كلياً نتيجة كون كثافة المائع أكبر من كثافة الجسم؟,ANSWER: قوة الطفو,وزن الجسم,قوة الطفو,وزن الجسم,0.723895788192749,0.8218269944190979,0.7697591781616211,Incorrect
2769,ما اسم الجهاز الذي يصور مقاطع في الجسم البشري بالأشعة السينية والاستعانة بالحاسب؟,ANSWER: التصوير المقطعي المحوسب,الماسح .,التصوير المقطعي المحوسب,الماسح .,0.6876630783081055,0.7152222394943237,0.7011719942092896,Correct
2774,ما هو العنصر الأكثر استخداماً في التصوير بالتجاوب المغناطيسي؟,ANSWER: غادولينيوم,الهيدروجين,غادولينيوم,الهيدروجين,0.6685089468955994,0.6709773540496826,0.6697408556938171,Incorrect
2779,ما هو سبب تخامد الأشعة السينية في الجسم المدروس؟,ANSWER: امتصاص الإشعاع,امتصاص الجسم لها,امتصاص الإشعاع,امتصاص الجسم لها,0.775394082069397,0.8414084315299988,0.8070536255836487,Correct
2792,ما هي الخطوة الأولى في التفاعلات؟,ANSWER: إزالة الاستقطاب,المبادرة,إزالة الاستقطاب,المبادرة,0.7280937433242798,0.7486876249313354,0.7382470369338989,Incorrect
2800,ماذا يزداد عندما ترتد الفوتونات التي تعبر الثقب في الحجرة عن الجدران مرات عديدة قبل أن تغادر؟,ANSWER: مسار الفوتون,احتمال امتصاتصها,مسار الفوتون,احتمال امتصاتصها,0.704837441444397,0.6917491555213928,0.6982319355010986,Incorrect
2805,كيف تعمل الحزم الإلكترونية على معالجة الأورام؟,ANSWER: العلاج الإشعاعي الحزمي,القريبة من الجلد,العلاج الإشعاعي الحزمي,القريبة من الجلد,0.6917288303375244,0.7175445556640625,0.7044002413749695,Incorrect
2806,ما هو السبب وراء تكرار الطراز (الدورية في الجدول الدوري) الناجم عن ترتيب العناصر؟,ANSWER: تناظر التكوين الإلكتروني,ازدياد أعدادها البروتونية,تناظر التكوين الإلكتروني,ازدياد أعدادها البروتونية,0.7703394889831543,0.7720494270324707,0.7711935043334961,Incorrect
2810,ما هو المركب الذي يتشكل عند أكسدة الكيلات البنزن (مثل ميتيل البنزن) ببرمنغنات البوتاسيوم (VII) القلوية أو بأي مؤكسد قوي آخر؟,ANSWER: حمض البنزويك,حمض البنزويك,حمض البنزويك,حمض البنزويك,1.0,1.0,1.0,Correct
2822,ما هي النوى التي لها عدد N ثابت حيث تحوي العدد نفسه من النترونات؟,ANSWER: نظائر مستقرة,ايزوتونات,نظائر مستقرة,ايزوتونات,0.693901777267456,0.6953034400939941,0.6946018934249878,Incorrect
2823,ماذا يحدث إذا كانت الحقول الكهربائية لمنبع الأمواج الكهرطيسية لها اتجاهات عشوائية عند انتشاره؟,ANSWER: تداخل هدّام,غير مستقطب,تداخل هدّام,غير مستقطب,0.7142726182937622,0.7342636585235596,0.7241302132606506,Incorrect
2830,ما هو التفاعل الذي تخضع له الألكانات مع الهالوجينات في ضوء الشمس؟,ANSWER: استبدال جذري ضوئي,استبدال,استبدال جذري ضوئي,استبدال,0.7789628505706787,0.8790249228477478,0.8259744644165039,Correct
2854,ما هو الشيء الذي تهتز حوله الذرتان في الجزيء ثنائي الذرة؟,ANSWER: رابطة تساهمية,مركز كتلتيهما,رابطة تساهمية,مركز كتلتيهما,0.7505521774291992,0.7490425109863281,0.7497965693473816,Incorrect
2855,ما هي البنية لأكسيد المغنزيوم؟,ANSWER: شبكة بلورية مكعبة,ايونية عملاقة,شبكة بلورية مكعبة,ايونية عملاقة,0.7535969018936157,0.7500352263450623,0.7518118619918823,Incorrect
2868,ماذا يزداد عندما ترتد الفوتونات التي تعبر الثقب في الحجرة عن الجدران مرات عديدة قبل أن تغادر؟,ANSWER: مسار الفوتون,احتمال امتصاتصها,مسار الفوتون,احتمال امتصاتصها,0.704837441444397,0.6917491555213928,0.6982319355010986,Incorrect
2877,ما هي وحدة قياس الجرعة المكافئة للإشعاع؟,ANSWER: سيفرت,بالسفرت .,سيفرت,بالسفرت .,0.7704058885574341,0.7449424266815186,0.7574602365493774,Correct
2883,ما هي طريقة التصوير التي يمكن اعتبارها الأقل ضرراً على الجسم؟,ANSWER: تصوير بالرنين المغناطيسي,التصوير الحراري.,تصوير بالرنين المغناطيسي,التصوير الحراري.,0.7255715131759644,0.8013103008270264,0.7615624070167542,Incorrect
2891,ما هي أعمار النصف للنظائر المشعة المستخدمة في تقنية الـ PET؟,ANSWER: دقائق إلى ساعات,قصيرة نسبيا,دقائق إلى ساعات,قصيرة نسبيا,0.6766794919967651,0.7143975496292114,0.6950271725654602,Correct
2898,ما هي المماكبات (الإيزوميرات)؟,ANSWER: متماكبات فراغية,تختلف في طاقتها الداخلية فقط .,متماكبات فراغية,تختلف في طاقتها الداخلية فقط .,0.6389520168304443,0.6537214517593384,0.6462523937225342,Incorrect
2913,ما هو القانون الذي تمثل معادلة برنولي المطبقة على جريان المائع أحد أشكال انحفاظه؟,ANSWER: حفظ الطاقة,الطاقة .,حفظ الطاقة,الطاقة .,0.7575976848602295,0.7719194889068604,0.7646915316581726,Correct
2926,ماذا يستخدم قانون ستوكس لقياسه؟,ANSWER: ضغط الدم,مقاومة اللزوجة .,ضغط الدم,مقاومة اللزوجة .,0.7557761073112488,0.7400599718093872,0.7478354573249817,Incorrect
2949,ما هو العلم الذي يقوم بحساب البعد بين الذرات عند معرفة الطول الموجي للأشعة السينية وقياس الزاوية؟,ANSWER: حيود الأشعة السينية,علم البلورات,حيود الأشعة السينية,علم البلورات,0.7733616828918457,0.8072371482849121,0.7899364233016968,Incorrect
2975,ما هي الأوساط التي تنتشر فيها الأمواج العرضانية؟,ANSWER: الأوساط الصلبة والسائلة والغازية,الجسم الصلب,الأوساط الصلبة والسائلة والغازية,الجسم الصلب,0.7333948612213135,0.8202086687088013,0.7743762135505676,Incorrect
2981,ما هي الخصائص التي تتمتع بها حزمة الفوتونات من أشعة X عالية الطاقة والتي تجعلها تستخدم في الطب النووي عند المعالجة عن بعد؟,ANSWER: اختراق عالٍ,قدرة اختراق عالية تسمح بتدمير الأورام السطحية والعميقة .,اختراق عالٍ,قدرة اختراق عالية تسمح بتدمير الأورام السطحية والعميقة .,0.7011072635650635,0.6520522832870483,0.6756905913352966,Correct
2986,ما هو القانون الذي ينص على أن تشوه مادة يتناسب طرديا مع القوى التي تحدث التشوه؟,ANSWER: قانون هوك,قانون هوك,قانون هوك,قانون هوك,0.9999995827674866,0.9999995827674866,0.9999995827674866,Correct
2987,علام نعتمد لتفسير لثنائية الإصدار في طيف بخار الصوديوم؟,ANSWER: تأثير زيمان,النظرية الذرية,تأثير زيمان,النظرية الذرية,0.7475826740264893,0.7492207288742065,0.7484008073806763,Incorrect
2989,ما هي المعادلة التي تعبر عن انخفاض الطاقة في الموائع؟,ANSWER: معادلة برنولي,معادلة بيرنولي,معادلة برنولي,معادلة بيرنولي,0.9251685738563538,0.9251685738563538,0.9251685738563538,Correct
3001,متى يحدث تفاعل اشعاع الليزر مع النسج؟,ANSWER: امتصاص فوتوني,تمتصه النسج .,امتصاص فوتوني,تمتصه النسج .,0.7090033888816833,0.7217737436294556,0.7153316140174866,Correct
3003,ما هي البنية التي تأخذها الشبكات الأيونية لكلوريد الصوديوم وأكسيد المغنزيوم؟,ANSWER: شبكة بلورية مكعبة,مكعبية,شبكة بلورية مكعبة,مكعبية,0.7932308912277222,0.8245252370834351,0.8085753917694092,Correct
3013,ما هو العمل الذي يقوم به المائع على المائع الذي يتقدمه في وحدة الجريان؟,ANSWER: ضغط هيدروستاتيكي,الضغط,ضغط هيدروستاتيكي,الضغط,0.6519653797149658,0.7551460266113281,0.6997726559638977,Correct
3024,ما هي الكمية الوسطية للأوزون في الغلاف الجوي؟,ANSWER: أجزاء في المليون,300 DU,أجزاء في المليون,300 DU,0.6885446310043335,0.7182658910751343,0.7030913233757019,Incorrect
3027,ما هو النكليد الإشعاعي المماكب الذي يشيع استخدامه في التشخيص الطبي؟,ANSWER: تكنيتيوم-99m,التكنسيوم - 99,تكنيتيوم-99m,التكنسيوم - 99,0.8039409518241882,0.7752659320831299,0.7893430590629578,Correct
3041,كيف يتغير نصف القطر الذري عبر الدور الثالث من اليسار إلى اليمين؟,ANSWER: تناقص نصف القطر,يتناقص,تناقص نصف القطر,يتناقص,0.7436269521713257,0.8011535406112671,0.7713191509246826,Correct
3054,إذا كان الإشعاع وحيد الطول الموجي فمن أي نوع من الفوتونات يكون مؤلفاً؟,ANSWER: أشعة جاما,المتساوية الطاقات,أشعة جاما,المتساوية الطاقات,0.7171149253845215,0.7093284130096436,0.7132003903388977,Incorrect
3056,ما هي الأمواج الميكانيكية التي تنشأ عن الوحدات المحركة في الألياف ولا تدركها الأذن؟,ANSWER: تموجات عضلية,الأمواج تحت الصوتية,تموجات عضلية,الأمواج تحت الصوتية,0.7774272561073303,0.7650226354598999,0.7711750268936157,Incorrect
3064,ما هو مصدر العنصر المشع الذي يعطى للمريض عند استخدام تقنية التصوير SPECT؟,ANSWER: نظير التكنيشيوم 99m,لأشعة غاما .,نظير التكنيشيوم 99m,لأشعة غاما .,0.6466325521469116,0.6961665749549866,0.6704859137535095,Incorrect
3065,ما نوع الصورة التي نحصل عليها في التصوير الومضاني للجزء المصور من جسم المريض؟,ANSWER: صورة مقطعية,ثنائية البعد .,صورة مقطعية,ثنائية البعد .,0.7436436414718628,0.7448724508285522,0.7442575693130493,Incorrect
3066,إذا تضيق قطر الشريان إلى ثلث قيمته الأصلية عند مريض مصاب بمرض وعائي وقلبي وبقي هبوط الضغط فيه على حاله، إلى كم ينخفض معدل جريان الدم؟,ANSWER: انخفاض تدفق الدم,81/1 من قيمته الأصلية .,انخفاض تدفق الدم,81/1 من قيمته الأصلية .,0.641775369644165,0.659135103225708,0.6503394246101379,Incorrect
3096,ما هي السكريات التي لا تحتاج أثناء امتصاصها من الأمعاء الدقيقة لوجود الصوديوم؟,ANSWER: الفركتوز والجلوكوز,الفركتوز.,الفركتوز والجلوكوز,الفركتوز.,0.8145767450332642,0.8949166536331177,0.85285884141922,Incorrect
3099,ما هو الأنزيم المعوي الذي يحول مولد التربسين إلى تربسين؟,ANSWER: بروتياز السيرين,الإنتيروكيناز.,بروتياز السيرين,الإنتيروكيناز.,0.6988722085952759,0.7231068015098572,0.7107830047607422,Incorrect
3100,ما هو العامل الهرموني الذي يحرض إفراز عصارة بنكرياسية غنية بالإنزيمات الهاضمة؟,ANSWER: سكّريتين,الكوليسيستوكينين CCK,سكّريتين,الكوليسيستوكينين CCK,0.651079535484314,0.658199667930603,0.6546202301979065,Incorrect
3101,ما هو الإنزيم الذي يفكك سكر اللبن (اللاكتوز) إلى غلوكوز وغالاكتوز؟,ANSWER: لاكتاز,اللاكتاز.,لاكتاز,اللاكتاز.,0.8675299882888794,0.8367377519607544,0.8518556952476501,Correct
3109,ما هو مستودع الصفراء خارج أوقات الهضم والذي يعمل على تكثيفها؟,ANSWER: المرارة,المرارة.,المرارة,المرارة.,0.9525473713874816,0.9319031238555908,0.942112147808075,Correct
3115,ما هي الشوارد التي يكون تركيزها أقل في اللعاب منه في البلازما؟,ANSWER: أيونات الكالسيوم,صوديوم وكلور.,أيونات الكالسيوم,صوديوم وكلور.,0.7372639179229736,0.7477735280990601,0.742481529712677,Incorrect
3117,ما هو الهرمون الذي يحفز إفراز عصارة بنكرياسية غنية بالأنزيمات الهاضمة؟,ANSWER: السكرين (Secretin),الكوليسيستوكينين CCK,السكرين (Secretin),الكوليسيستوكينين CCK,0.7221211194992065,0.6712762117385864,0.6957709789276123,Incorrect
3118,ما هو السكر الذي لا يحتاج للصوديوم من أجل عملية امتصاصه؟,ANSWER: الفركتوز,الفركتوز.,الفركتوز,الفركتوز.,0.9406127333641052,0.924095094203949,0.9322807788848876,Correct
3120,ما هو الناقل العصبي الذي يتحرر من العصبونات بعد العقدة في القسم الودي؟,ANSWER: أسيتيل كولين,النورابينفرين أو الأستيل كولين.,أسيتيل كولين,النورابينفرين أو الأستيل كولين.,0.8044155836105347,0.7379345893859863,0.7697422504425049,Correct
3121,ما الذي يحدد نمط استجابة العضو المعصب بواسطة الجهاز العصبي المستقل (استثارة أو تثبيط)؟,ANSWER: مستقبلات عصبية,نمط المستقبلات الموجودة في العضو.,مستقبلات عصبية,نمط المستقبلات الموجودة في العضو.,0.8147264122962952,0.7779284715652466,0.7959023118019104,Incorrect
3127,ما هو الناقل الكيميائي الذي تحرره جميع العصبونات قبل العقدة؟,ANSWER: أسيتيل كولين,الأستيل كولين.,أسيتيل كولين,الأستيل كولين.,0.8304667472839355,0.8287818431854248,0.8296234607696533,Correct
3130,ما هو الناقل العصبي الذي يتحرر من طرفيات جميع الألياف اللاودية بعد العقدية؟,ANSWER: أسيتيل كولين,أستيل كولين.,أسيتيل كولين,أستيل كولين.,0.841353714466095,0.855340838432312,0.8482896089553833,Correct
3140,ما هي الميزة التي تتمتع بها قنوات IF في النسيج العقدي القلبي التي تمكنها من توليد التنبيه عفوياً؟,ANSWER: عدم الثبات النسبي,عندما تنفتح يتجاوز التيار الداخل من الصوديوم التيار الخارج من البوتاسيوم,عدم الثبات النسبي,عندما تنفتح يتجاوز التيار الداخل من الصوديوم التيار الخارج من البوتاسيوم,0.6774969100952148,0.5995044112205505,0.6361189484596252,Incorrect
3141,ما هي الفائدة الوظيفية من التأخير الزمني في كمون الفعل لمدة 0.1 ثانية عند مروره في العقدة الأذينية البطينية؟,ANSWER: تأخير التوصيل,إنهاء تقلص الأذينات قبل بدء تقلص البطينات.,تأخير التوصيل,إنهاء تقلص الأذينات قبل بدء تقلص البطينات.,0.7558201551437378,0.7263809442520142,0.7408081889152527,Incorrect
3147,ماذا يحدث للبطينات في حال توقف العقدة الجيبية الأذينية عن العمل؟,ANSWER: انقباض بطيني بديل,تتباطأ انقباضاتها,انقباض بطيني بديل,تتباطأ انقباضاتها,0.7269923090934753,0.7458070516586304,0.7362794876098633,Incorrect
3149,ما هو سبب ظهور طور الهضبة في كامن فعل العضلة القلبية؟,ANSWER: دخول الكالسيوم,دخول شوارد الكالسيوم.,دخول الكالسيوم,دخول شوارد الكالسيوم.,0.9417730569839478,0.8722682595252991,0.9056890606880188,Correct
3152,ما هو سبب طور الهضبة في كمون عمل الليف العضلي القلبي؟,ANSWER: تدفق الكالسيوم,الكالسيوم.,تدفق الكالسيوم,الكالسيوم.,0.8033548593521118,0.8784292936325073,0.839216411113739,Correct
3175,ما هي المناطق التي تطبق عليها المعالجة الإشعاعية في علاج أورام الخصية من النمط المنوي؟,ANSWER: العقد اللمفاوية الورطية,سلسلة العقد اللمفاوية الحرقفية والأبهرية,العقد اللمفاوية الورطية,سلسلة العقد اللمفاوية الحرقفية والأبهرية,0.9032027721405028,0.8218063712120056,0.8605841398239136,Incorrect
3180,ما هي الأورام التي لا تعتبر المعالجة الشعاعية معالجة شافية لها إذا استخدمت لوحدها في المراحل المبكرة؟,ANSWER: سرطان النخاع العظمي,الثدي,سرطان النخاع العظمي,الثدي,0.6764819025993347,0.7093517184257507,0.6925269961357117,Incorrect
3186,ما هي الجرعة الكلية الموصى بها في حال تقرر إجراء تشعيع وقائي للقحف بجرعة ٢ غري في كل جلسة؟,ANSWER: عشر جلسات,٣٠ غري,عشر جلسات,٣٠ غري,0.7348217964172363,0.7276656627655029,0.7312262058258057,Correct
3187,ما هو الزمن الأقل الفاصل بين كل جلستين عند إجراء المعالجة الشعاعية بطريق التجزئة المفرطة؟,ANSWER: تجزئة مفرطة,٦ ساعات,تجزئة مفرطة,٦ ساعات,0.6837476491928101,0.7355927228927612,0.7087233066558838,Incorrect
3191,ما الذي يحول مولد الببسين إلى ببسين؟,ANSWER: حمض الهيدروكلوريك,حمض كلور الماء الموجود في المعدة.,حمض الهيدروكلوريك,حمض كلور الماء الموجود في المعدة.,0.7960696220397949,0.7636760473251343,0.7795364260673523,Correct
3202,ما هو سبب حدوث عمى ربعي علوي أيمن مماثل؟,ANSWER: سكتة دماغية يسرية,الفصل الصدغي,سكتة دماغية يسرية,الفصل الصدغي,0.7084554433822632,0.7222118377685547,0.715267539024353,Incorrect
3207,ما هي المدة الزمنية التي يتطور خلالها الصداع المزمن؟,ANSWER: أكثر من ١٥ يومًا,4أسابيع,أكثر من ١٥ يومًا,4أسابيع,0.6754122972488403,0.6941487789154053,0.6846523880958557,Incorrect
3209,ما هو نوع الصداع غير النابض ثنائي الجانب الذي قد يرتبط بتشنج عضلات الرقبة؟,ANSWER: صداع التوتر,صداع التوتر,صداع التوتر,صداع التوتر,1.0,1.0,1.0,Correct
3284,أين يحدث التكيس للجيارديا اللمبلية؟,ANSWER: الأمعاء الدقيقة,أثناء التغوط,الأمعاء الدقيقة,أثناء التغوط,0.7547953724861145,0.7383660674095154,0.7464903593063354,Incorrect
3288,ما هي الذبابة ذهبية العيون Chrysop ثوي ناقل له؟,ANSWER: لِيشمانيَا الجلدية,اللوا لوا,لِيشمانيَا الجلدية,اللوا لوا,0.6877347230911255,0.726430356502533,0.7065531611442566,Incorrect
3293,ما هي الفترة الزمنية الذي تظهر فيها إيجابية اختبار سابين فيلدمان بعد العدوى به؟,ANSWER: بعد أسبوعين,1-2 أسبوع,بعد أسبوعين,1-2 أسبوع,0.8049681186676025,0.7399380207061768,0.7710844278335571,Correct
3315,ما الذي تنتهي به المرحلة الخارج خلوية للمتصورات؟,ANSWER: تكوين الكيسة الأولية,الأقاسيم المتحركة,تكوين الكيسة الأولية,الأقاسيم المتحركة,0.7176604270935059,0.7040623426437378,0.7107963562011719,Incorrect
3335,أين تتكاثر خبيطيات الفخرية البنكروفتية؟,ANSWER: داخل الخلايا المضيفة,الأوعية اللمفاوية للانسان,داخل الخلايا المضيفة,الأوعية اللمفاوية للانسان,0.7598176002502441,0.7485668063163757,0.7541502118110657,Incorrect
3336,ما هو المرض الذي يستخدم عقار melarsporol في علاجه؟,ANSWER: داء الملاريا,المثقبية الغامبية,داء الملاريا,المثقبية الغامبية,0.7551002502441406,0.726581871509552,0.7405666708946228,Incorrect
3338,ما هو الخمج الطفيلي الذي يمكن أن ينتقل من شخص لآخر؟,ANSWER: الجيارديا,المرمية الدودية,الجيارديا,المرمية الدودية,0.7833670973777771,0.7906873226165771,0.787010133266449,Incorrect
3341,ما هي أفضل أماكن الخزع التشخيصية القندية في جسم الإنسان؟,ANSWER: الحوض، الضلوع، الفقرات,الطحال,الحوض، الضلوع، الفقرات,الطحال,0.7535241842269897,0.8012858629226685,0.7766714096069336,Incorrect
3365,ما هو المسبب لداء هجرة اليرقات الجلدي؟,ANSWER: ديدان خيطية,الديدان القوسية,ديدان خيطية,الديدان القوسية,0.7855753898620605,0.7798633575439453,0.7827089428901672,Incorrect
3371,ما هو العلاج المناسب للمتحولة العصبية naegleria fowleri؟,ANSWER: أمفوتريسين ب,الأمفوتريسين,أمفوتريسين ب,الأمفوتريسين,0.8526883125305176,0.8514091968536377,0.8520482778549194,Correct
3386,أين تتوضع يرقات الأسطوانية الوعائية عند الإنسان؟,ANSWER: الأمعاء الدقيقة,الجهاز العصبي المركزي,الأمعاء الدقيقة,الجهاز العصبي المركزي,0.720834493637085,0.7092528939247131,0.7149968147277832,Incorrect
3408,ما هو الشكل المعدي للإنسان من متفرعة الخصية الصينية؟,ANSWER: داء البَوِيْشِيْرَات,خليفة المذنبة,داء البَوِيْشِيْرَات,خليفة المذنبة,0.6679288148880005,0.7248284816741943,0.6952163577079773,Incorrect
3410,أين تتوضع الأسطوانية البرازية عند الإنسان؟,ANSWER: القولون السيني,الجزء الأمامي من الصائم,القولون السيني,الجزء الأمامي من الصائم,0.758411169052124,0.7349755167961121,0.7465094327926636,Incorrect
3472,ما هو العصب الذي يصاب في متلازمة قاع الحجاج؟,ANSWER: العصب البصري,العصب الفكي العلوي,العصب البصري,العصب الفكي العلوي,0.8897589445114136,0.8813042044639587,0.8855113983154297,Incorrect
3499,ما هو تعريف الحول المتقارب؟,ANSWER: قصر النظر المتقارب,يتلاقي فيها محورا الرؤية في نقطة تقع أمام الجسم المنظور,قصر النظر المتقارب,يتلاقي فيها محورا الرؤية في نقطة تقع أمام الجسم المنظور,0.7337108850479126,0.6423196792602539,0.6849803328514099,Incorrect
3514,ما هي أسباب حدوث فيض الدمع Epiphora؟,ANSWER: انسداد القناة الدمعية,نقص في التصريف,انسداد القناة الدمعية,نقص في التصريف,0.7363246083259583,0.7419848442077637,0.739143967628479,Correct
3527,أين تقع حفيرة البكرة في الجدار العلوي للحجاج؟,ANSWER: حفرة البكرة العلوية,الأمامي الأنسي,حفرة البكرة العلوية,الأمامي الأنسي,0.7658675312995911,0.7769907712936401,0.7713890671730042,Incorrect
3542,ما هي النسبة التي تشكلها القرنية من سطح غلاف كرة العين الليفي؟,ANSWER: سدس العين,السدس الأمامي,سدس العين,السدس الأمامي,0.7900569438934326,0.7954749464988708,0.7927566170692444,Correct
3554,ما هو أكثر تنكسات القرنية شيوعاً؟,ANSWER: القرنية المخروطية,القوس الشيخية,القرنية المخروطية,القوس الشيخية,0.7876017093658447,0.8066574335098267,0.7970156669616699,Incorrect
3580,ما هي الحالات التي تشاهد فيها الرؤية المزدوجة الأحادية الجانب؟,ANSWER: شلل الأعصاب القحفية,تحت خلع العدسة,شلل الأعصاب القحفية,تحت خلع العدسة,0.7412770390510559,0.7467929124832153,0.7440247535705566,Incorrect
3601,ما هو المرض الذي يشاهد فيه حلقة كاي زر- فليشر عند المرضى؟,ANSWER: اعتلال القرنية الحلقي,داء ويلسون,اعتلال القرنية الحلقي,داء ويلسون,0.7265745997428894,0.7301648855209351,0.7283653020858765,Incorrect
3607,ما الذي يجب فعله في الحالات المعندة وغير المستجيبة للعلاج في الورم الكاذب للحجاج؟,ANSWER: استئصال جراحي,يجب اخذ خزعة من الورم,استئصال جراحي,يجب اخذ خزعة من الورم,0.7073678374290466,0.6922761797904968,0.6997406482696533,Incorrect
3609,ما هي النتائج التي تؤدي إليها إصابة الشعبة العينية من العصب الخامس في متلازمة الشق الحجاجي العلوي؟,ANSWER: شلل عضلة الجفن العلوي,فقد حس الملتحمة والقرنية,شلل عضلة الجفن العلوي,فقد حس الملتحمة والقرنية,0.6888147592544556,0.6790703535079956,0.6839078664779663,Incorrect
3620,ما هو التشخيص الأقرب لمريض عمره 65 سنة لديه فقد رؤية في النصف العلوي من الساحة البصرية مع بدء مفاجئ؟,ANSWER: سكتة دماغية قشرية يمنى,التهاب العصب البصري الاقفاري,سكتة دماغية قشرية يمنى,التهاب العصب البصري الاقفاري,0.702414333820343,0.6886667013168335,0.6954725384712219,Incorrect
3667,ما الذي يدل عليه ظهور تقبب على شكل حويصل أسود في قعر القرحة القرنية الجرثومية؟,ANSWER: علامة فيتز-هالوب,تقبب غشاء ديسميه وخطر انثقابه,علامة فيتز-هالوب,تقبب غشاء ديسميه وخطر انثقابه,0.6829921007156372,0.6599935293197632,0.6712958812713623,Incorrect
3680,ما هي الطريقة التالية لتقدير حدة البصر لدى المريض إذا لم يتمكن من قراءة أكبر أحرف اللوحة؟,ANSWER: عدّ الأصابع,بعد أصابع الفاحص,عدّ الأصابع,بعد أصابع الفاحص,0.7918633222579956,0.8085517287254333,0.8001205921173096,Correct
3683,ما الذي يشكو منه المريض في الحول الشللي عند البالغين؟,ANSWER: ازدواج الرؤية,رؤية مزدوجة,ازدواج الرؤية,رؤية مزدوجة,0.7897583246231079,0.7816467881202698,0.7856816053390503,Correct
3700,متى ينعدم يوروبيلينوجين البول؟,ANSWER: فشل الكبد الحاد,اليرقان الانسدادي,فشل الكبد الحاد,اليرقان الانسدادي,0.7157818078994751,0.7083983421325684,0.712070882320404,Incorrect
3702,في الاحتباس الصفراوي ما هو الانزيم الأفضل للوصول للتشخيص؟,ANSWER: فوسفاتاز القلوي,ALT,فوسفاتاز القلوي,ALT,0.5162875056266785,0.6174729466438293,0.562364935874939,Incorrect
3713,ما هي نتيجة رحلان البروتينات في الالتهابات الحادة؟,ANSWER: زيادة بروتينات الطور الحاد,ترتفع الموجة a_2غلوبيولين وترتفع الموجة a_1غلوبيولين,زيادة بروتينات الطور الحاد,ترتفع الموجة a_2غلوبيولين وترتفع الموجة a_1غلوبيولين,0.7035513520240784,0.6453312635421753,0.673184871673584,Incorrect
3720,ما هو المركب الذي يتم اصطناعه بدءا من الحموض الأمينية؟,ANSWER: بروتينات,أمونيا,بروتينات,أمونيا,0.7395658493041992,0.7395658493041992,0.739565908908844,Incorrect
3730,ما هي أعراض فقر الدم بعوز الحديد عند المريض؟,ANSWER: شحوب، تعب، ضيق تنفس,الشحوب,شحوب، تعب، ضيق تنفس,الشحوب,0.7069224119186401,0.7911896705627441,0.7466861009597778,Correct
3731,ما هي الحالة التي تعاني منها مريضة عمرها 44 سنة تشكو من تعب عام وكانت قيمة البولة الدموية 140 ملغ/دل وقيمة الكرياتنين 6 ملغ/دل وحمض البول 4 ملغ/دل؟,ANSWER: الفشل الكلوي,اليوريميا,الفشل الكلوي,اليوريميا,0.7239364385604858,0.7270964980125427,0.7255130410194397,Correct
3733,ما هو سبب تشمع الكبد عند مريض عمره 12 سنة؟,ANSWER: تليف كبدي وراثي,داء ويلسون,تليف كبدي وراثي,داء ويلسون,0.7165719270706177,0.7465918064117432,0.731273889541626,Incorrect
3734,ما هو الاحتمال الأكثر ترجيحاً لسبب تشمع الكبد عند مريض عمره 12 سنة؟,ANSWER: تليف كيسي,داء ويلسون,تليف كيسي,داء ويلسون,0.7870875597000122,0.7864925861358643,0.7867899537086487,Incorrect
3736,ما هو تصنيف مريض عنده الغلوكوز 210 ملغ / دل؟,ANSWER: سكري غير مُسيطر عليه,مريض سكري,سكري غير مُسيطر عليه,مريض سكري,0.7820531725883484,0.823710024356842,0.8023412823677063,Correct
3737,ما هو تصنيف مريض تم تحليل الغلوكوز الصيامي له فكانت النتيجة 128 ملغ/دل؟,ANSWER: مقدم السكري,مريض سكري,مقدم السكري,مريض سكري,0.8281024694442749,0.8178174495697021,0.8229278326034546,Incorrect
3738,ما هو المركب الذي يعتبر ايتلين ديامين تترا استات مركباً لاقطاً له؟,ANSWER: أيونات الحديد,الكالسيوم,أيونات الحديد,الكالسيوم,0.775129497051239,0.7521642446517944,0.7634742259979248,Incorrect
3739,ما هو المركب الذي يستخدم في تدبير حمى البحر الأبيض المتوسط؟,ANSWER: كولشيسين,الكولشيمين,كولشيسين,الكولشيمين,0.8532333970069885,0.8387956619262695,0.8459529280662537,Correct
3742,ما هو النمط التحسسي الذي يعود إليه داء الفقاع المحرض دوائياً؟,ANSWER: فرط الحساسية من النوع الثالث,الثاني.,فرط الحساسية من النوع الثالث,الثاني.,0.5931599140167236,0.6962522864341736,0.6405848264694214,Incorrect
3743,ما هي آلية تأثير المركب دابيريدامول؟,ANSWER: مُثَبِّطُ فُسْفُودِايِسْتِراز,تثبيط PDE,مُثَبِّطُ فُسْفُودِايِسْتِراز,تثبيط PDE,0.5837804079055786,0.7117077112197876,0.641427755355835,Correct
3774,"ما هي جرعة الدواء عند طفل وزنه 17,5 كغ إذا كانت جرعة البالغ 100 ملغ؟",ANSWER: تعديل الجرعة حسب الوزن,25 ملغ.,تعديل الجرعة حسب الوزن,25 ملغ.,0.5709725022315979,0.6187092065811157,0.5938830971717834,Incorrect
3792,ما هو معدل التصفية الكلوية للكرياتينين عند رجل عمره 40 سنة ومستوى كرياتينين الدم 1 ملغ/دل ووزنه 72 كغ؟,ANSWER: معدل الترشيح الكبيبي,100,معدل الترشيح الكبيبي,100,0.6134927272796631,0.6927649974822998,0.6507235169410706,Incorrect
3804,ما هي الخلايا التي تقوم بإفراز بروتين برفورين الذي يفتح ثقوب في غشاء الخلية الهدف؟,ANSWER: الخلايا التائية السامة,الخلايا القاتلة.,الخلايا التائية السامة,الخلايا القاتلة.,0.8607842922210693,0.8794506192207336,0.8700173497200012,Correct
3807,كيف يتأثر الغاز كلما زاد وزنه الجزيئي؟,ANSWER: انخفاض معدل الانتشار,انخفض معدل الانتشار.,انخفاض معدل الانتشار,انخفض معدل الانتشار.,0.8588244915008545,0.8920689821243286,0.8751311302185059,Correct
3809,ما هو المبدأ الأساسي للتشتت؟,ANSWER: انتشار الجزيئات,الانتشار,انتشار الجزيئات,الانتشار,0.7391829490661621,0.7476301193237305,0.7433825135231018,Correct
3810,ما هو العامل الذي يسرع العامل السابع تشكله؟,ANSWER: فيتامين ك,الثالث,فيتامين ك,الثالث,0.547534704208374,0.6138219833374023,0.5787866115570068,Incorrect
3813,ما هو السائل الموجود داخل الخلايا؟,ANSWER: سائل خلوي,السيتوبلازما.,سائل خلوي,السيتوبلازما.,0.7025586366653442,0.7031989097595215,0.7028785943984985,Incorrect
3816,ما هي مقدرة شخص على إدراك منبهين لمسيين مطبقين على منطقة من سطح الجسم على أنهما منفصلان؟,ANSWER: التمييز الثنائي,تمييز حس النقطتين,التمييز الثنائي,تمييز حس النقطتين,0.775037944316864,0.7474825382232666,0.7610108852386475,Correct
3817,ما هو سبب عدم قدرة ألياف الجهاز العصبي المركزي على التجدد؟,ANSWER: تثبيط نمو المحور العصبي,غياب غمد شوان,تثبيط نمو المحور العصبي,غياب غمد شوان,0.6280555725097656,0.6407824754714966,0.6343551874160767,Incorrect
3820,ما هو المجال الذي تكون فيه النسخ السيتولوجية شفافة نسبياً؟,ANSWER: الهالة حول النواة,تحت الأحمر القريب,الهالة حول النواة,تحت الأحمر القريب,0.7748305201530457,0.7785297632217407,0.7766757607460022,Incorrect
3823,ما هو العامل الرئيسي الذي يحدد ارتباط الأكسجين بخضاب الدم؟,ANSWER: ضغط الأكسجين الجزئي,الضغط الجزئي للأوكسجين في الدم PO2.,ضغط الأكسجين الجزئي,الضغط الجزئي للأوكسجين في الدم PO2.,0.8373397588729858,0.7868976593017578,0.8113354444503784,Correct
3828,ما الذي يؤدي إليه العامل ٣ مع الكالسيوم؟,ANSWER: تخثر الفيبرين,تلقيم راجع إيجابي للثرومبين.,تخثر الفيبرين,تلقيم راجع إيجابي للثرومبين.,0.7326087355613708,0.7119067311286926,0.7221094369888306,Incorrect
3831,متى يزداد الانحلال في التلاسيميا؟,ANSWER: فقر الدم الانحلالي,التعرض للشدة والحمى.,فقر الدم الانحلالي,التعرض للشدة والحمى.,0.6933289766311646,0.7057169675827026,0.6994681358337402,Incorrect
3832,ما هو الفيتامين الأساسي في عملية تشكيل عوامل التخثر؟,ANSWER: فيتامين ك,K,فيتامين ك,K,0.6119230389595032,0.721491277217865,0.6622055172920227,Correct
3838,ما هو المستوى من الفيزيولوجيا الذي تنتمي إليه دراسة آلية وتوليد ونقل كوامن الفعل في القلب؟,ANSWER: الفيزيولوجيا الكهربية,النسيجي,الفيزيولوجيا الكهربية,النسيجي,0.6909719109535217,0.7434543371200562,0.7162530422210693,Incorrect
3839,أين توجد المستقبلات النيكوتينية؟,ANSWER: العقد العصبية العضلية,العقدة الجيبية الأذينية في القلب,العقد العصبية العضلية,العقدة الجيبية الأذينية في القلب,0.8275356292724609,0.8080031871795654,0.8176527619361877,Incorrect
3848,ما الذي تعتمد عليه سرعة انتشار الأوكسجين عبر غشاء الخلية؟,ANSWER: قانون فيك,مقدار ذوبانه في الشحوم,قانون فيك,مقدار ذوبانه في الشحوم,0.7216569781303406,0.6749306917190552,0.6975122094154358,Incorrect
3852,ماذا يحدث عندما يصل التيروكسين إلى المستوى الدوراني المطلوب؟,ANSWER: تثبيط إفراز هرمون TRH,تتوقف الغدة النخامية عن افراز THS,تثبيط إفراز هرمون TRH,تتوقف الغدة النخامية عن افراز THS,0.7611430287361145,0.7256070971488953,0.7429503798484802,Incorrect
3853,ما هي الوظيفة الرئيسية للعقدة الأذينية البطينية في الحالات السوية؟,ANSWER: تأخير النبض,توليد إشارات تجعلها ناظمة للقلب,تأخير النبض,توليد إشارات تجعلها ناظمة للقلب,0.6828227639198303,0.6749885082244873,0.6788830161094666,Incorrect
3855,ما هي العوامل التي تحرض إفراز عصارة بنكرياسية غنية بالإنزيمات؟,ANSWER: سكّريات، حموضة,الأستيل كولين والكوليسيستوكينين,سكّريات، حموضة,الأستيل كولين والكوليسيستوكينين,0.6522738933563232,0.6254385709762573,0.6385744214057922,Incorrect
3857,أين يتم إعادة امتصاص القسم الأعظم من الماء المرتشح؟,ANSWER: الأنبوبة الملتوية القريبة,النبيبات الدانية,الأنبوبة الملتوية القريبة,النبيبات الدانية,0.7624965906143188,0.7947731614112854,0.7783003449440002,Correct
3861,ما هو سبب الصوت الأول للقلب؟,ANSWER: انغلاق الصمامات الأذينية البطينية,انغلاق الصمامات الأذينية البطينية,انغلاق الصمامات الأذينية البطينية,انغلاق الصمامات الأذينية البطينية,1.0,1.0,1.0,Correct
3866,ما هي الخلايا التي تمتلك أسرع معدل لزوال الاستقطاب؟,ANSWER: خلايا بوركينجي,العقدة الجيبية الأذينية.,خلايا بوركينجي,العقدة الجيبية الأذينية.,0.6878411173820496,0.6898216605186462,0.6888299584388733,Incorrect
3868,ما هو الذي وظيفته تسريع عملية تشكل الترومبوبلاستين الصفيحي؟,ANSWER: عامل فون ويلبراند,العامل السابع,عامل فون ويلبراند,العامل السابع,0.687842607498169,0.7276759147644043,0.7071987986564636,Incorrect
3869,ما الذي يعمل على تسهيل الانتقال بين الشهيق والزفير؟,ANSWER: قصبات هوائية,مركز التنفس الجسري,قصبات هوائية,مركز التنفس الجسري,0.702754020690918,0.6577608585357666,0.6795134544372559,Incorrect
3871,ما الذي يزداد في الأسناخ الرئوية؟,ANSWER: ضغط الدم الشرياني,بتضيق فوهة القصيبات,ضغط الدم الشرياني,بتضيق فوهة القصيبات,0.6999784708023071,0.6772339344024658,0.6884183883666992,Incorrect
3872,ما يعرف بالموجهة الجسدية؟,ANSWER: هرمون LH,هرمون النمو,هرمون LH,هرمون النمو,0.7741291522979736,0.786984384059906,0.7805038094520569,Incorrect
3874,ما هي العقدة الرأسية للجهاز العصبي المستقل؟,ANSWER: العقدة العنقية الودية,الوطاء,العقدة العنقية الودية,الوطاء,0.7404053807258606,0.803661584854126,0.7707378268241882,Incorrect
3876,ما هي المحطة الرئيسية الدماغية التي تتكامل فيها وظائف الجهاز العصبي المستقل مع وظائف البنى العصبية الأخرى؟,ANSWER: المهاد السفلي,الوطاء,المهاد السفلي,الوطاء,0.7579209804534912,0.7938165664672852,0.7754536271095276,Correct
3880,ما هو الناقل العصبي المحرر من طرفيات الألياف بعد العقدية في القسم الودي؟,ANSWER: أسيتيل كولين,الاستيل كولين أو النور أدرينالين,أسيتيل كولين,الاستيل كولين أو النور أدرينالين,0.7785537242889404,0.7233899831771851,0.7499588131904602,Incorrect
3891,ما هو الدور المهم الذي تؤديه خلايا سيرتولي في الخصية؟,ANSWER: دعم الحيوانات المنوية,تغذية النطاف,دعم الحيوانات المنوية,تغذية النطاف,0.7995076179504395,0.7742348909378052,0.7866683006286621,Correct
3897,ما هو الذي يروي النسيج الضام للرئة؟,ANSWER: الشريان الرئوي,الفروع القصبية للأبهر.,الشريان الرئوي,الفروع القصبية للأبهر.,0.764828622341156,0.7475701570510864,0.7561009526252747,Incorrect
3902,ما هي البوابات التي تتحكم بنفوذية القنوات للشوارد التي تسهم في تشكيل كامن الفعل؟,ANSWER: قنوات أيونية ذات جهد كهربائي,القنوات المبوبة بالفولطاج,قنوات أيونية ذات جهد كهربائي,القنوات المبوبة بالفولطاج,0.7244310975074768,0.710382342338562,0.7173379063606262,Correct
3909,ما هي أجهزة التحكم والضبط والمراقبة في الجسم؟,ANSWER: أنظمة التحكم العصبية والغدد الصماء,العصبى الصماوى,أنظمة التحكم العصبية والغدد الصماء,العصبى الصماوى,0.7106480598449707,0.7496435642242432,0.7296251058578491,Correct
3914,ما هي المواد التي تحررها نهايات المحاوير العصبية في المشابك والموصلات المشبكية؟,ANSWER: ناقلات عصبية,النواقل عصبية,ناقلات عصبية,النواقل عصبية,0.8789865374565125,0.8702857494354248,0.8746144771575928,Correct
3916,ماذا ينقل الترانسفيرين؟,ANSWER: الحديد,الحديدي,الحديد,الحديدي,0.9020482897758484,0.8813177347183228,0.8915625214576721,Correct
3918,ما هو الإحساس الذي يمكن أن يُدرك كلياً في المهاد؟,ANSWER: الإدراك الحسي,حس الألم,الإدراك الحسي,حس الألم,0.7628495097160339,0.7786141037940979,0.7706512212753296,Incorrect
3919,أين توجد المستقبلات المسكارينية؟,ANSWER: الأعضاء المستهدفة بالكولين,الخلايا المستجيبة للتنبيه بالعصبونات الكولينية الفعل بعد العقدية,الأعضاء المستهدفة بالكولين,الخلايا المستجيبة للتنبيه بالعصبونات الكولينية الفعل بعد العقدية,0.7812513113021851,0.7254706621170044,0.7523284554481506,Correct
3930,ما هي الزمرة الدموية إذا كانت الكرية الحمراء لا تحوي مولد ارتصاص؟,ANSWER: فئة O,O,فئة O,O,0.7690790891647339,0.8243027925491333,0.7957339882850647,Correct
3935,ما هو ناظم القلب؟,ANSWER: جهاز تنظيم ضربات القلب,العقدة الجيبية.,جهاز تنظيم ضربات القلب,العقدة الجيبية.,0.6661399006843567,0.6739447116851807,0.6700196266174316,Incorrect
3941,ما الذي يشكله الجهاز الانزيمي في الخلايا البطانية السليمة اعتباراً من حمض الاراشيدونيك؟,ANSWER: بروستاسيكلينات و ثرومبوكسانات,الترومبوكسان A2,بروستاسيكلينات و ثرومبوكسانات,الترومبوكسان A2,0.7480041980743408,0.7830289602279663,0.7651159763336182,Incorrect
3948,ما الذي تتناسب معه سرعة النقل في الألياف العصبية اللانخاعينية؟,ANSWER: قطر الألياف العصبية,الجذر التربيعي ل قطر الليف,قطر الألياف العصبية,الجذر التربيعي ل قطر الليف,0.7540452480316162,0.7661033868789673,0.7600264549255371,Incorrect
3958,أين تقع أجسام عصبونات المرتبة الثانية للإحساسات المنقولة بمسلك العمود الظهري؟,ANSWER: النخاع الشوكي,المهاد,النخاع الشوكي,المهاد,0.7744542360305786,0.8160314559936523,0.7946993708610535,Incorrect
3960,ما هي العوامل التي تتناسب معها سرعة الانتشار البسيط؟,ANSWER: مساحة السطح و تدرج التركيز,طردا مع مدروج تركيز المادة المنتشرة,مساحة السطح و تدرج التركيز,طردا مع مدروج تركيز المادة المنتشرة,0.7388648986816406,0.7025909423828125,0.7202715277671814,Incorrect
3962,ما هي آلية تحرر شوارد الكالسيوم من الشبكة الهيولية في العضلات الهيكلية؟,ANSWER: ريانودين,الانتشار,ريانودين,الانتشار,0.7072126865386963,0.706578254699707,0.7068953514099121,Incorrect
3964,ما الذي يؤكد الدور الأهم للمراكز الشوكية والبصلية في وظيفة الجهاز العصبي المستقل؟,ANSWER: تنظيم وظائف حيوية,عدم حدوث تبدلت مهمة في وظائف الجهاز العصبي المستقبل عند قطع جذع الدماغ فوق مستوى البصلة,تنظيم وظائف حيوية,عدم حدوث تبدلت مهمة في وظائف الجهاز العصبي المستقبل عند قطع جذع الدماغ فوق مستوى البصلة,0.7793290615081787,0.6943064332008362,0.7343650460243225,Incorrect
3965,ما هو الهدف الأساسي للنقل الفاعل عبر الغشاء؟,ANSWER: نقل المواد,الحفاظ على مدروج تركيز مرتفع للمادة عبر الغشاء,نقل المواد,الحفاظ على مدروج تركيز مرتفع للمادة عبر الغشاء,0.7199826836585999,0.6412296295166016,0.6783280968666077,Incorrect
3968,ما الذي يتأثر بتغير كمية الأوكسجين في الأسناخ؟,ANSWER: تبادل الغازات,الأوعية الدموية للسنخ,تبادل الغازات,الأوعية الدموية للسنخ,0.7445381879806519,0.7171496748924255,0.730587363243103,Incorrect
3975,ما هي أقصى مدة لحفظ الدم؟,ANSWER: 35-42 يومًا,20 يوم,35-42 يومًا,20 يوم,0.7375397682189941,0.7867128849029541,0.7613331079483032,Incorrect
3978,ماذا يحدث عندما تكون تهوية السنخ أعلى من ترويته الدموية؟,ANSWER: نقص التأكسج الرئوي,حيز ميت فيزيولوجي,نقص التأكسج الرئوي,حيز ميت فيزيولوجي,0.6605390310287476,0.6813198328018188,0.6707684993743896,Incorrect
4000,ما هي الحالات التي تزداد فيها كمية الماء الموجودة في الأحياز الخاصة؟,ANSWER: وذمة,الجنب وانصباب الجنب,وذمة,الجنب وانصباب الجنب,0.7410020232200623,0.6977381706237793,0.7187196016311646,Incorrect
4001,ما هو الهرمون المطلق للموجهة القشرية؟,ANSWER: هرمون إفراز الغونادوتروبين,CRH,هرمون إفراز الغونادوتروبين,CRH,0.6180540919303894,0.7004694938659668,0.656686007976532,Incorrect
4004,ما هي الشاردة الإيجابية الأساسية في السائل داخل الخلوي؟,ANSWER: البوتاسيوم,بوتاسيوم,البوتاسيوم,بوتاسيوم,0.8868635296821594,0.9140251874923706,0.9002394676208496,Correct
4013,ما هو نوع المصل الذي يحمله شخص من الزمرة الدموية B؟,ANSWER: مضادات أ,يحوي الراصة Anti A,مضادات أ,يحوي الراصة Anti A,0.7011048793792725,0.6937971711158752,0.6974319219589233,Correct
4016,ما هي الحالة التي يكون فيها انقلاب الصيغة أكثر شيوعاً؟,ANSWER: الحمل,الأطفال.,الحمل,الأطفال.,0.6903623342514038,0.7256581783294678,0.7075703740119934,Incorrect
4026,ما هو حجم الضربة (Stroke Volume)؟,ANSWER: حجم النبضة,كمّية الدم التي يضخها البطين الأيمن في ضربة واحدة,حجم النبضة,كمّية الدم التي يضخها البطين الأيمن في ضربة واحدة,0.6976486444473267,0.6623821258544922,0.6795581579208374,Incorrect
4034,ما هي أقصى كمية هواء يمكن استنشاقها زيادة على كمية الحجم الجاري السوية؟,ANSWER: حجم الاحتياطي الإلهامي,حجم الشهيق المخر,حجم الاحتياطي الإلهامي,حجم الشهيق المخر,0.8073853254318237,0.8075066804885864,0.8074459433555603,Correct
4040,ما هي الآلية التي يتم من خلالها التنظيم المديد للجريان الموضعي؟,ANSWER: توسع الأوعية الدموية,إفراز الأنجيوجنين وعامل النمو البطاني.,توسع الأوعية الدموية,إفراز الأنجيوجنين وعامل النمو البطاني.,0.7776511907577515,0.7524192333221436,0.7648271918296814,Incorrect
4045,ما هي الشوارد التي تسبب قوى الجذب بين خيوط الاكتين والميوزين مما يؤدي إلى انزلاق بعضها على بعض؟,ANSWER: أيونات الكالسيوم,الكالسيوم,أيونات الكالسيوم,الكالسيوم,0.8505567312240601,0.905775547027588,0.87729811668396,Correct
4060,ما هو الهدف من آلية المزلاج في العضلات الملساء؟,ANSWER: إقفال اللولبي,تحافظ على تقلّص مقوٍمديد فى العضلات الملمس باستخدام كمية قليلة جداً من الطاقه,إقفال اللولبي,تحافظ على تقلّص مقوٍمديد فى العضلات الملمس باستخدام كمية قليلة جداً من الطاقه,0.7076438069343567,0.6360810399055481,0.6699568033218384,Incorrect
4062,ما هي الخلايا الدبقية التي تشكل جزء من الحاجز الوعائي الدموي؟,ANSWER: الخلايا النجمية,الخلايا النجمية,الخلايا النجمية,الخلايا النجمية,0.999999463558197,0.999999463558197,0.999999463558197,Correct
4065,ما هي الآلية التي يتم من خلالها التنظيم المديد للضغط الشرياني؟,ANSWER: نظام رينين-أنجيوتنسين-ألدوستيرون,افراز الانجيوجينين وعامل النمو البطاني,نظام رينين-أنجيوتنسين-ألدوستيرون,افراز الانجيوجينين وعامل النمو البطاني,0.7111465930938721,0.6890369057655334,0.699917197227478,Incorrect
4069,ما هي المستقبلة الأسرع تلاؤماً؟,ANSWER: مستقبلات الألم الحرارية,باشيني.,مستقبلات الألم الحرارية,باشيني.,0.6511259078979492,0.6917719841003418,0.6708338260650635,Incorrect
4074,لماذا لا تتمكن الألياف العصبية المركزية من التجديد؟,ANSWER: تثبيط نمو المحور العصبي,عدم وجود غمد شوان,تثبيط نمو المحور العصبي,عدم وجود غمد شوان,0.6482030153274536,0.6874035000801086,0.6672279834747314,Incorrect
4083,ما هي كمية الهواء الموجودة في الرئتين في نهاية شهيق سوي؟,ANSWER: حجم المد والجزر,السعة الوظيفية المدخرة + الحجم الجاري,حجم المد والجزر,السعة الوظيفية المدخرة + الحجم الجاري,0.7223986387252808,0.7149378061294556,0.7186488509178162,Incorrect
4086,ما هي الفائدة الوظيفية من التأخير الزمني لكامن الفعل لمدة 0.1 ثانية عند مروره في العقدة الأذينية البطينية؟,ANSWER: إحداث إيقاع القلب,إنهاء تقلص الأذينات قبل تقلص البطينات,إحداث إيقاع القلب,إنهاء تقلص الأذينات قبل تقلص البطينات,0.754209041595459,0.7021490335464478,0.72724848985672,Incorrect
4093,ما هي المواد التي يقتصر عليها الامتصاص المعدي؟,ANSWER: الكربوهيدرات والأحماض الأمينية,الماء والشوارد,الكربوهيدرات والأحماض الأمينية,الماء والشوارد,0.6685710549354553,0.7303000688552856,0.6980735659599304,Incorrect
4094,ما هو المركب الذي يتشكل من تفاعل الهيموغلوبين مع حمض أو قلوي؟,ANSWER: ميتهموغلوبين,هيماتين.,ميتهموغلوبين,هيماتين.,0.7272879481315613,0.7804447412490845,0.7529293298721313,Incorrect
4095,ما الذي يتناسب إفراغه عكسياً مع إفراغ الهيدروجين؟,ANSWER: حمضية دموية,البوتاسيوم,حمضية دموية,البوتاسيوم,0.6731423735618591,0.6757951974868774,0.6744661927223206,Incorrect
4096,ما هو الغشاء الكبيبي نفوذ له؟,ANSWER: نفاذية انتقائية,الالبومين.,نفاذية انتقائية,الالبومين.,0.649043619632721,0.6938169598579407,0.6706838607788086,Incorrect
4097,ما هو المسؤول عن إرسال السيالات في العصبونات؟,ANSWER: جهد الفعل,المحوار,جهد الفعل,المحوار,0.7590491771697998,0.7482806444168091,0.7536264061927795,Incorrect
4098,ما هو المستوى الذي يعتبر ضخ الدم مثالاً على دراسته؟,ANSWER: وظيفة القلب والأوعية الدموية,الأعضاء,وظيفة القلب والأوعية الدموية,الأعضاء,0.685382604598999,0.7294386625289917,0.7067247033119202,Incorrect
4101,ما هي العملية التي يتم بها تحويل النورادرينالين إلى أدرينالين؟,ANSWER: ميثلة النورأدرينالين,ميتلة,ميثلة النورأدرينالين,ميتلة,0.6575208902359009,0.7500587701797485,0.7007480263710022,Correct
4103,ما الذي يشكل جسراً بين ألياف الكولاجين والصفيحات الدموية؟,ANSWER: الفيبرينوجين,الترومبوكسان A2,الفيبرينوجين,الترومبوكسان A2,0.7771333456039429,0.7646569013595581,0.7708446383476257,Incorrect
4108,ما هي الفائدة الوظيفية من وجود الكليونات المجاورة للّب؟,ANSWER: حماية اللب,زيادة القدرة على تكثيف البول,حماية اللب,زيادة القدرة على تكثيف البول,0.807560920715332,0.7445891499519348,0.7747976183891296,Incorrect
4121,ما هو السبب الذي يحمي العضلة القلبية من التكزز؟,ANSWER: فترة الاستقطاب المطلق,طول فترة كامن فعل الليف العضلي القلبي,فترة الاستقطاب المطلق,طول فترة كامن فعل الليف العضلي القلبي,0.7320827841758728,0.7255254983901978,0.7287894487380981,Correct
4122,ما هو الهرمون الذي يخضع لتأثير مزدوج منبه ومثبط من الوطاء؟,ANSWER: الهرمون الملوتن,GH,الهرمون الملوتن,GH,0.6310635805130005,0.6863638758659363,0.6575530767440796,Incorrect
4127,أين تقع المساحة الصغرى في ساحة الحس الأولية عند الإنسان؟,ANSWER: التلفيف بعد المركزي,الجذع,التلفيف بعد المركزي,الجذع,0.7418421506881714,0.7461571097373962,0.7439934015274048,Incorrect
4131,ما هو مصدر الATP الذي تحتاجه الليفات العضلية بشدة؟,ANSWER: فسفرة الأكسدة,المتقدرات الغزيرة الموازية للبيفات,فسفرة الأكسدة,المتقدرات الغزيرة الموازية للبيفات,0.7501065731048584,0.748630166053772,0.7493676543235779,Incorrect
4134,ما هو الذي يفعل السبيل الخارجي للتخثر؟,ANSWER: مسار خارجي للتخثر,رض الأنسجة,مسار خارجي للتخثر,رض الأنسجة,0.7146883010864258,0.7250156998634338,0.7198149561882019,Incorrect
4137,ما الذي تتناسب معه سرعة انتشار الغاز عبر الغشاء التنفسي عكسياً؟,ANSWER: سمك الغشاء,ثخانة الغشاء,سمك الغشاء,ثخانة الغشاء,0.8883863687515259,0.8891844153404236,0.888785183429718,Correct
4147,ما هي القيمة العظمى لضغط الأوكسجين في الأسناخ عند زيادة التهوية السنخية في الحالات السوية؟,ANSWER: ضغط جزئي للأكسجين,149 ملم زئبقي,ضغط جزئي للأكسجين,149 ملم زئبقي,0.6867430806159973,0.7015580534934998,0.6940714716911316,Incorrect
4148,أين يحدث الامتصاص بشكل أساسي؟,ANSWER: الأمعاء الدقيقة,الامعاء الدقيقة,الأمعاء الدقيقة,الامعاء الدقيقة,0.9601825475692748,0.9601825475692748,0.9601825475692748,Correct
4149,ما هو الهرمون الذي يتم إفرازه نتيجة الشدة (الكروب)؟,ANSWER: كورتيزول,الكورتيزول,كورتيزول,الكورتيزول,0.7153106927871704,0.7063368558883667,0.710795521736145,Correct
4152,ما هي آلية تحرر شوارد الكالسيوم من الشبكة الهيولية في العضلات الهيكلية؟,ANSWER: ريانودين,الانتشار,ريانودين,الانتشار,0.7072126865386963,0.706578254699707,0.7068953514099121,Incorrect
4157,ماذا يسبب التنبيه اللاودي على القلب؟,ANSWER: بطء القلب,تباطؤ ضربات القلب.,بطء القلب,تباطؤ ضربات القلب.,0.8211899995803833,0.8064993619918823,0.8137784004211426,Correct
4159,ما هو المسؤول عن زوال الاستقطاب؟,ANSWER: تدفق الصوديوم,دخول شوارد الصوديوم,تدفق الصوديوم,دخول شوارد الصوديوم,0.912320613861084,0.8853124380111694,0.8986136317253113,Correct
4164,ما هو الرقم الهيدروجيني الطبيعي للبول؟,ANSWER: ٤.٥-٨,بين 4.7 و 8,٤.٥-٨,بين 4.7 و 8,0.7228302955627441,0.7149453163146973,0.7188661694526672,Incorrect
4172,ماذا يحدث عند وصول كمية كبيرة من NaCl إلى اللطخة الكثيفة؟,ANSWER: تثبيط عصبي,تقبيض الشرين الوارد,تثبيط عصبي,تقبيض الشرين الوارد,0.7472660541534424,0.7303218841552734,0.7386968731880188,Incorrect
4175,ما هي كمية الدم التي تمر في نقطة معينة من الدوران خلال فترة محددة من الزمن؟,ANSWER: التدفق الدموي,تدفق الدم,التدفق الدموي,تدفق الدم,0.8688080310821533,0.8885558247566223,0.8785710334777832,Correct
4179,ما هو الانزيم المعوي الذي يقوم بهضم الدسم في الأمعاء؟,ANSWER: ليباز البنكرياس,الليباز,ليباز البنكرياس,الليباز,0.7512743473052979,0.7986454963684082,0.7742360234260559,Correct
4193,ماذا يسبب نقص فيتامين B12 وحمض الفوليك؟,ANSWER: فقر الدم الخبيث,فقر دم زائد الصباغ زائد الحجم,فقر الدم الخبيث,فقر دم زائد الصباغ زائد الحجم,0.7336834669113159,0.7192187309265137,0.7263790965080261,Incorrect
4195,ما هي وظيفة الصمامات القلبية؟,ANSWER: تنظيم تدفق الدم,توجيه مجرى الدم باتجاه واحد,تنظيم تدفق الدم,توجيه مجرى الدم باتجاه واحد,0.8186682462692261,0.7551378607749939,0.7856208086013794,Incorrect
4196,ما هو المستوى الذي يعد عليه تنظيم الضغط الشرياني؟,ANSWER: الجهاز العصبي اللاإرادي,الأجهزه,الجهاز العصبي اللاإرادي,الأجهزه,0.7098022699356079,0.7634865641593933,0.7356663346290588,Incorrect
4202,ما هو نوع العضلات الذي يمتاز بخاصية الارتخاء بعد الكرب؟,ANSWER: عضلات مرنة,العضلات وحيدة الوحدة الحشوية,عضلات مرنة,العضلات وحيدة الوحدة الحشوية,0.8318885564804077,0.7733739614486694,0.8015648126602173,Incorrect
4209,ما هو أسرع أجزاء الجهاز الناقل في القلب في توصيل السيالة؟,ANSWER: حزمة هيس,ألياف بوركنج.,حزمة هيس,ألياف بوركنج.,0.7323378324508667,0.7086238861083984,0.7202857136726379,Incorrect
4219,ما هو اسم الأسناخ التي يصلها دم ولا يصلها هواء؟,ANSWER: الأسناخ الرئوية الكيسية,التحويلة الفيزيولوجية,الأسناخ الرئوية الكيسية,التحويلة الفيزيولوجية,0.755585789680481,0.7269243001937866,0.740977942943573,Incorrect
4221,ما هي الطريقة التي يمكن بها تحرير النص الفعال حيوياً بتقنية الأسر الصوتي؟,ANSWER: تحرير جيني,تفعيله بالامتصاص مستدعي الفوتونه,تحرير جيني,تفعيله بالامتصاص مستدعي الفوتونه,0.730597734451294,0.6638422012329102,0.6956220865249634,Incorrect
4222,ما هي الشاردة ذات التركيز الأكبر داخل العصبون؟,ANSWER: أيونات الصوديوم,البوتاسيوم,أيونات الصوديوم,البوتاسيوم,0.7530254125595093,0.7525686025619507,0.7527968883514404,Incorrect
4223,ما هو العظم الذي يتمفصل معه الغضروف الطرجهالي؟,ANSWER: عظم القص,الغضروف الحلقي,عظم القص,الغضروف الحلقي,0.763049840927124,0.7463272213935852,0.754595935344696,Incorrect
4226,ماذا يحدث في طور الانقباض الأذيني؟,ANSWER: زيادة الضغط الأذيني,الصمامات الأذينية البطينية مفتوحة و السينية مغلقة,زيادة الضغط الأذيني,الصمامات الأذينية البطينية مفتوحة و السينية مغلقة,0.7920673489570618,0.7166207432746887,0.7524575591087341,Incorrect
4231,ما هو الحجم الرئوي الذي يزداد مع التقدم بالعمر؟,ANSWER: الحجم المتبقي,الحجم المتبقي.,الحجم المتبقي,الحجم المتبقي.,0.9603725671768188,0.9452612400054932,0.952756941318512,Correct
4237,ما الذي يحرض إفراز عصارة غنية بالإنزيمات الهاضمة من البنكرياس؟,ANSWER: سكّريتِنين وكوليسيستوكينين,CCK,سكّريتِنين وكوليسيستوكينين,CCK,0.5815563201904297,0.7027381658554077,0.6364300847053528,Incorrect
4243,ما الذي يتمثل به زوال استقطاب البطينات على مخطط القلب؟,ANSWER: مركب كيو آر إس,الموجة QRS.,مركب كيو آر إس,الموجة QRS.,0.6966673135757446,0.726264476776123,0.711158037185669,Correct
4245,ما هو العامل المحرض على زيادة إفراز الألدوستيرون؟,ANSWER: انخفاض حجم الدم,زيادة تركيز البوتاسيوم في السائل خارج الخلوي,انخفاض حجم الدم,زيادة تركيز البوتاسيوم في السائل خارج الخلوي,0.7577738761901855,0.7053267359733582,0.7306102514266968,Incorrect
4246,ما هي الطريقة المستخدمة لحل الخثرة إذا تشكلت في أوعية القلب والرئتين؟,ANSWER: إذابة الخثرة,البلازمين,إذابة الخثرة,البلازمين,0.7097737789154053,0.7379950284957886,0.7236093282699585,Incorrect
4247,ما الذي تسمح به خاصية الارتخاء بعد الكرب للأعضاء الجوفاء التي تحوي عضلات ملساء؟,ANSWER: تمدد مرن,المحافظة على مقدار الضغط نفسه على الرغم من تغير الحجم ضمن حدود معينة,تمدد مرن,المحافظة على مقدار الضغط نفسه على الرغم من تغير الحجم ضمن حدود معينة,0.6788834929466248,0.6658763885498047,0.6723169684410095,Incorrect
4249,ما هو معدل التهوية السنخية؟,ANSWER: ٦-١٢ نفسًا في الدقيقة,كمية الهواء الذي يصل للمناطق التنفسية مضروب,٦-١٢ نفسًا في الدقيقة,كمية الهواء الذي يصل للمناطق التنفسية مضروب,0.6730604767799377,0.6839995384216309,0.6784859299659729,Incorrect
4255,متى يتوقف التقلص العضلي؟,ANSWER: ارتخاء العضلات,ارتباط الكالسيوم بالتربونين,ارتخاء العضلات,ارتباط الكالسيوم بالتربونين,0.717303454875946,0.7039616107940674,0.7105698585510254,Incorrect
4258,ما هي عصبونات المرتبة الثانية في المسلك الظهري؟,ANSWER: العصبونات الحسية الثانية,النواتين الناحلة واإلسفينية,العصبونات الحسية الثانية,النواتين الناحلة واإلسفينية,0.7228675484657288,0.687720775604248,0.7048563361167908,Incorrect
4265,ما هو القشراني المعدني الرئيسي؟,ANSWER: الكورتيزول,الالدوسترون (معدني),الكورتيزول,الالدوسترون (معدني),0.7873450517654419,0.7438523769378662,0.7649810314178467,Incorrect
4266,ما هي أقل أنسجة الجسم البشري احتواءً على الماء؟,ANSWER: مينا الأسنان,الدهنى,مينا الأسنان,الدهنى,0.7561984062194824,0.7769136428833008,0.766416072845459,Incorrect
4270,ما هو طليعة الانزيم الذي يتحول إلى شكله الفعال تحت تأثير الخنثرين؟,ANSWER: بروتrombin,العامل الحادي عشر,بروتrombin,العامل الحادي عشر,0.5758222937583923,0.6312198638916016,0.602249801158905,Incorrect
4277,ما هي الآلية التي يستطيع من خلالها الجهاز التنفسي تأمين كميات كبيرة من الأكسجين أثناء التمارين المجهدة؟,ANSWER: زيادة التهوية الرئوية,يحصل كامل التبادل الغازي للأكسجين خلال قطع الدم ثلث المسافة عبر الوعاء الشعري.,زيادة التهوية الرئوية,يحصل كامل التبادل الغازي للأكسجين خلال قطع الدم ثلث المسافة عبر الوعاء الشعري.,0.7298837900161743,0.6733230352401733,0.7004634737968445,Incorrect
4278,ما الذي يحول الببسين إلى مولد ببسين؟,ANSWER: حمض الهيدروكلوريك,حمض كلور الماء,حمض الهيدروكلوريك,حمض كلور الماء,0.7538824081420898,0.8183774948120117,0.7848071455955505,Correct
4280,ما هي الوظائف التي يتآزر فيها الجهازان الودي واللاودي؟,ANSWER: تنظيم الجهاز العصبي اللاإرادي,تنظيم افراز اللعاب,تنظيم الجهاز العصبي اللاإرادي,تنظيم افراز اللعاب,0.7194469571113586,0.7437431216239929,0.7313932776451111,Incorrect
4281,من أين يتم إفراز الإريثروبويتين؟,ANSWER: الكلى,الكلية,الكلى,الكلية,0.7307485938072205,0.7507181167602539,0.740598738193512,Correct
4282,ما الجزء من الأجسام الضدية من IgG التي يتم قطعها وأخذها في المراكز الحديثة؟,ANSWER: جزء Fc,الجزء المفرط التغير,جزء Fc,الجزء المفرط التغير,0.7287114858627319,0.6810827851295471,0.7040925621986389,Incorrect
4284,ما الذي يؤدي إلى نقصان حجم الدفقة بزيادته؟,ANSWER: تضيق الأبهر,معدل دقات القلب.,تضيق الأبهر,معدل دقات القلب.,0.680338978767395,0.7296798229217529,0.7041460871696472,Incorrect
4285,ما تدعى الترنجات العشوائية لشدة الإشعاع المترابط المنتشرة انتشاراً متعدداً؟,ANSWER: تشتت كومبتون,البقع,تشتت كومبتون,البقع,0.7058594226837158,0.7398423552513123,0.7224515080451965,Incorrect
4286,ما هو المسؤول عن إعادة الاستقطاب؟,ANSWER: مضخة صوديوم بوتاسيوم,دخول شوارد الصوديوم,مضخة صوديوم بوتاسيوم,دخول شوارد الصوديوم,0.7817715406417847,0.7788958549499512,0.780331015586853,Incorrect
4287,ما هي المادة التي تشتق منها الهرمونات الأمينية؟,ANSWER: التربتوفان والتيروزين,التيروزين,التربتوفان والتيروزين,التيروزين,0.8082280158996582,0.9144766330718994,0.8580758571624756,Incorrect
4296,كيف يؤدي التأثير الحاصر غير المباشر تأثيره على الجهاز العصبي المستقل؟,ANSWER: خلل التوتر اللاإرادي,إنقاص فعالية العصبون قبل المشبكي,خلل التوتر اللاإرادي,إنقاص فعالية العصبون قبل المشبكي,0.7469226121902466,0.7211012840270996,0.7337849140167236,Incorrect
4297,ما هو الطريق الهندسي الذي يمكن للضوء أن يقطعه في الخلاء مضروبا بقرينة انكسار الوسط؟,ANSWER: طول الموجة,المسار الضوئي,طول الموجة,المسار الضوئي,0.7770529985427856,0.762070894241333,0.7694889903068542,Incorrect
4298,ما هي الألياف العصبية التي تتميز بالنقل القفزي؟,ANSWER: ألياف مايلينية,الألياف المغمدة بالنخاعين,ألياف مايلينية,الألياف المغمدة بالنخاعين,0.7444301843643188,0.6815065741539001,0.7115800380706787,Correct
4299,ما هو الكمون تقريباً عندما يتكون الليف نفوذ لشوارد البوتاسيوم فقط؟,ANSWER: الجهد الغشائي الراحة,سالب 94 ميلي فولط,الجهد الغشائي الراحة,سالب 94 ميلي فولط,0.5940558910369873,0.6076869964599609,0.6007941365242004,Incorrect
4302,ماذا ينقص في حال نقص المتناول من الماء؟,ANSWER: الجفاف,حجم البول,الجفاف,حجم البول,0.7498769760131836,0.7580347061157227,0.7539337277412415,Incorrect
4307,ما هو الجزء الذي يملك فعالية ATPase؟,ANSWER: رأس الميوزين,رأس الميوزين,رأس الميوزين,رأس الميوزين,1.0,1.0,1.0,Correct
4308,أين يوجد مركز العطش؟,ANSWER: منطقة تحت المهاد,الوطاء,منطقة تحت المهاد,الوطاء,0.7751122713088989,0.7970280051231384,0.7859174013137817,Correct
4310,أين يحدث الامتصاص بشكل رئيسي؟,ANSWER: الأمعاء الدقيقة,أمعاء دقيقة,الأمعاء الدقيقة,أمعاء دقيقة,0.7675105333328247,0.8150707483291626,0.7905759811401367,Correct
4311,ما هو الناقل العصبي الذي تحرره الألياف قبل العقدية في القسمين الودي ونظير الودي؟,ANSWER: أسيتيل كولين,الأستيل كولين,أسيتيل كولين,الأستيل كولين,0.8964624404907227,0.8964624404907227,0.8964624404907227,Correct
4315,ما هو الصوت الذي يسمع عند بدء الانبساط البطيني؟,ANSWER: صوت S2,الثاني,صوت S2,الثاني,0.7301037311553955,0.7411739230155945,0.7355971336364746,Correct
4317,ما الذي يُنقص الإفراز المعدي؟,ANSWER: نقص حمض المعدة,السكرتين,نقص حمض المعدة,السكرتين,0.6960657238960266,0.7407591342926025,0.7177174091339111,Incorrect
4321,كيف يتم إلغاء التأثير التثبيطي للتروبونين؟,ANSWER: الكالسيوم المرتفع,الكالسيوم,الكالسيوم المرتفع,الكالسيوم,0.8456405401229858,0.9193556904792786,0.8809586763381958,Correct
4322,ما هي الوظائف التي يتآزر فيها القسمين الودّي ونظير الودّي للجهاز العصبي المستقل؟,ANSWER: تنظيم التوازن الذاتي,تنظيم إفراز اللعاب,تنظيم التوازن الذاتي,تنظيم إفراز اللعاب,0.7676150798797607,0.7861289978027344,0.7767617106437683,Incorrect
4332,ماذا يؤدي نقص تركيز الأوكسجين في الأسناخ؟,ANSWER: نقص التأكسج الرئوي,تقبض الأوعية الدموية لهذه الأسناخ.,نقص التأكسج الرئوي,تقبض الأوعية الدموية لهذه الأسناخ.,0.7245521545410156,0.7125657200813293,0.7185089588165283,Incorrect
4335,ما هي الظاهرة التي تحدث عندما تتجمع المراكز المثارة ويستطيع الإشعاع أن ينتشر مرات كثيرة؟,ANSWER: تضخيم ضوئي,الانتثار المتعدد,تضخيم ضوئي,الانتثار المتعدد,0.7446101307868958,0.7449617981910706,0.7447859048843384,Incorrect
4341,ما هو المسؤول عن تحفيز تحرر الكالسيوم من الشبكة الهيولية؟,ANSWER: ريانودين,كامن الفعل,ريانودين,كامن الفعل,0.7191597819328308,0.6839706897735596,0.7011239528656006,Incorrect
4343,ما هي آلية عمل الحاصرات الغير مباشرة في الجهاز العصبي المستقل؟,ANSWER: حصر مستقبلات ألفا,تنقص فعالية العصبون قبل المشبكي,حصر مستقبلات ألفا,تنقص فعالية العصبون قبل المشبكي,0.7336071729660034,0.7061387300491333,0.7196109294891357,Incorrect
4349,ما هو نمط المستقبلات الموجودة في العضو؟,ANSWER: مستقبلات لمس وضغط,إرخاء مصرة المثانة,مستقبلات لمس وضغط,إرخاء مصرة المثانة,0.7086178064346313,0.7169305086135864,0.7127498984336853,Incorrect
4352,ما الذي يؤدي إلى انخفاض ضغط الدم عند زيادته؟,ANSWER: توسع الأوعية الدموية,قطر الاوعية الدموية,توسع الأوعية الدموية,قطر الاوعية الدموية,0.8453874588012695,0.8559439182281494,0.8506329655647278,Correct
4353,ما هي الحالات التي تنقص فيها سرعة موجة النبض؟,ANSWER: بطء القلب,بازدياد المرونة.,بطء القلب,بازدياد المرونة.,0.7313735485076904,0.7356020212173462,0.7334817051887512,Incorrect
4356,ما هي الخلايا التي تستجيب للعصبونات بعد العقد اللاودية؟,ANSWER: خلايا الهدف,الأستيل كولين,خلايا الهدف,الأستيل كولين,0.7267531156539917,0.7112443447113037,0.7189151048660278,Incorrect
4360,ما هو الجزء من النفرون الكتيم تماماً للماء؟,ANSWER: القناة الجامعة,الجزء الصاعد من عروة هانله,القناة الجامعة,الجزء الصاعد من عروة هانله,0.7244827747344971,0.6705679893493652,0.6964835524559021,Incorrect
4361,أين يتم تخرب الكريات الحمر بشكل رئيسي؟,ANSWER: الطحال,الطحال,الطحال,الطحال,0.9999999403953552,0.9999999403953552,0.9999999403953552,Correct
4367,ما هو العامل الأساسي الذي يحدد ارتباط الخضاب بالأوكسجين؟,ANSWER: ضغط الأكسجين الجزئي,ضغط الأوكسجين في الدم.,ضغط الأكسجين الجزئي,ضغط الأوكسجين في الدم.,0.8279147148132324,0.8553557395935059,0.8414115309715271,Correct
4369,ما هو العامل الذي تفرزه الكلية ويؤثر في تشكيل الكريات الحمر؟,ANSWER: إريثروبويتين,التروميو موديولين,إريثروبويتين,التروميو موديولين,0.7493065595626831,0.7524428963661194,0.7508714199066162,Incorrect
4371,إلام يؤدي زيحان منحنى تفارق الأكسجين الخضاب نحو اليمين؟,ANSWER: نقص الأكسجين النسبي,نقص النسبة المئوية لإشباع الخضاب بالأكسجين,نقص الأكسجين النسبي,نقص النسبة المئوية لإشباع الخضاب بالأكسجين,0.8637974262237549,0.756698489189148,0.806708812713623,Incorrect
4373,ما الذي يشكل غمد النخاعين في الجهاز العصبي المركزي؟,ANSWER: الخلايا الدبقية قليلة التغصن,الخلايا الدبقية قليلة التغصنات,الخلايا الدبقية قليلة التغصن,الخلايا الدبقية قليلة التغصنات,0.9823756217956544,0.9823756217956544,0.9823756217956544,Correct
4378,ما الذي يثبط إفراز الـ FSH؟,ANSWER: هرمون الاستروجين,البروجسترون,هرمون الاستروجين,البروجسترون,0.730955958366394,0.7412855625152588,0.736084520816803,Incorrect
4385,ماذا تمثل الموجة QRS؟,ANSWER: إزالة الاستقطاب البطيني,زوال استقطاب البطينين,إزالة الاستقطاب البطيني,زوال استقطاب البطينين,0.8494999408721924,0.8550513982772827,0.8522666096687317,Correct
4402,ما الذي يعتمد عليه هرمون النمو في تأثيره على الخلية الهدف؟,ANSWER: مستقبلات خاصة,السوماتوميدين,مستقبلات خاصة,السوماتوميدين,0.7070337533950806,0.708183765411377,0.7076082825660706,Incorrect
4405,ما الذي يضمن سرعة توصيل كامن الفعل إلى جميع أنحاء الليف العضلي؟,ANSWER: الشبكة الساركوتبلازمية,انابيب المستعرضة,الشبكة الساركوتبلازمية,انابيب المستعرضة,0.7302297949790955,0.7348029017448425,0.732509195804596,Incorrect
4406,ما الذي يسمع بوضوح في الحالة الطبيعية للإنسان؟,ANSWER: نبضات قلبية طبيعية,الصوتان الأول و الثاني,نبضات قلبية طبيعية,الصوتان الأول و الثاني,0.6471360325813293,0.6209490299224854,0.6337721347808838,Incorrect
4410,ماذا يحدث لمعدل الترشيح الكبيبي عندما يصبح ضغط الدم 100 ممز؟,ANSWER: انخفاض الترشيح الكبيبي,يبقي ثابتا,انخفاض الترشيح الكبيبي,يبقي ثابتا,0.6608481407165527,0.7049089670181274,0.6821678280830383,Incorrect
4414,ما هو المستوى الذي يعد عليه تنظيم الضغط الشرياني؟,ANSWER: الجهاز العصبي اللاإرادي,الأجهزة,الجهاز العصبي اللاإرادي,الأجهزة,0.6866773366928101,0.7501158714294434,0.7169960737228394,Incorrect
4424,ما الذي يثبط فعالية جهاز الهضم؟,ANSWER: عسر الهضم,التنبيه اللاودي.,عسر الهضم,التنبيه اللاودي.,0.725010871887207,0.7360014915466309,0.7304648756980896,Incorrect
4437,ما هي الأسباب التي تُعزى إليها ظاهرة الانتشار الخلفي المترابط؟,ANSWER: تسرطن الخلايا الكبيرة,تموضع ضعيف,تسرطن الخلايا الكبيرة,تموضع ضعيف,0.7140015959739685,0.7128097414970398,0.713405191898346,Incorrect
4441,ما الذي يحدث مباشرة قبل صوت القلب الثاني؟,ANSWER: انقباض البطينين,الموجة T.,انقباض البطينين,الموجة T.,0.7173185348510742,0.7294250726699829,0.7233211398124695,Incorrect
4444,ما هو الأنزيم المعوي الذي يحول مولد التربسين إلى تربسين؟,ANSWER: بروتياز السيرين,الإنتيروكيناز,بروتياز السيرين,الإنتيروكيناز,0.7058529257774353,0.7099905014038086,0.7079156637191772,Incorrect
4448,ما هي أهمية التأخير الذي يحدث أثناء مرور كامن الفعل في العقدة الأذينية البطينية؟,ANSWER: تأخير التوصيل,كل ما سبق صحيح.,تأخير التوصيل,كل ما سبق صحيح.,0.6533808708190918,0.6884467601776123,0.6704556345939636,Incorrect
4449,ما هو سبب ظهور طور الهضبة في كامن فعل العضلة القلبية؟,ANSWER: دخول الكالسيوم,دخول شوارد الكالسيوم.,دخول الكالسيوم,دخول شوارد الكالسيوم.,0.9417730569839478,0.8722683191299438,0.9056891202926636,Correct
4452,ما الأقنية التي يسبب انتفاحها بطور الهضبة في كمون عمل الليف العضلي القلبي؟,ANSWER: قنوات الكالسيوم,الكالسيوم,قنوات الكالسيوم,الكالسيوم,0.8194326758384705,0.9099692702293396,0.8623311519622803,Correct
4471,ما هو المخطط الذي عبارة عن صندوق ذو قرنين ممتدين بشكل موازي للمحور الشاقولي الذي تتوزع عليه القياسات؟,ANSWER: مخطط صندوقي,المخطط الصندوقي,مخطط صندوقي,المخطط الصندوقي,0.9247894883155824,0.8827170729637146,0.9032636284828186,Correct
4474,ما هو المقياس الذي يسمح بترتيب السمات دون اعتبار لتساوي الفروق بين أي رتبتين؟,ANSWER: مقياس ترتيبي,الرتبي,مقياس ترتيبي,الرتبي,0.7214514017105103,0.7353396415710449,0.7283293008804321,Correct
4475,ماذا يعني أن تكون قيمة معامل الارتباط تساوي −0.92؟,ANSWER: ارتباط سلبي قوي,وجود علاقة عكسية قوية,ارتباط سلبي قوي,وجود علاقة عكسية قوية,0.8626586198806763,0.8555102348327637,0.8590695261955261,Correct
4477,ما هي مصادر البيانات السكانية؟,ANSWER: سجلات مدنية وإحصاءات,التعداد ومسوح العينة والسجلات السكانية,سجلات مدنية وإحصاءات,التعداد ومسوح العينة والسجلات السكانية,0.7139014601707458,0.7256442308425903,0.7197249531745911,Incorrect
4478,ماذا نحصل عليه بعد تحديد مجتمع الدراسة والعينة وقياس قيم المتغير على أفراد العينة؟,ANSWER: إحصاء وصفي,البيانات الخام,إحصاء وصفي,البيانات الخام,0.7814737558364868,0.7460327744483948,0.7633420825004578,Incorrect
4480,ما هو نوع المتغير الذي يمثله عدد الكريات الحمر؟,ANSWER: حجم الدم,عشوائي منفصل,حجم الدم,عشوائي منفصل,0.7018017768859863,0.6542818546295166,0.6772092580795288,Incorrect
4481,ما هو المقياس الذي تكون فيه قيمة الصفر نسبية وليست مطلقة؟,ANSWER: مقياس ريختر,المقياس الفتروي,مقياس ريختر,المقياس الفتروي,0.7814746499061584,0.7776089906692505,0.7795369625091553,Incorrect
4482,ما هو مخطط تنظيم البيانات الذي يشبه أسلوب الجداول التكرارية والأعمدة؟,ANSWER: شجرة القرارات,مخطط الساق والورقة,شجرة القرارات,مخطط الساق والورقة,0.8300907015800476,0.7800394296646118,0.8042871952056885,Incorrect
4484,ما هو التوقع الرياضي للعدد الثابت؟,ANSWER: متوسط ​​العدد الثابت,العدد الثابت ذاته,متوسط ​​العدد الثابت,العدد الثابت ذاته,0.8799013495445251,0.8625071048736572,0.871117353439331,Correct
4491,ما هو التوزيع المستخدم من أجل اختبار الفروض حول معامل الارتباط الخطي؟,ANSWER: توزيع تي,ستيودنت بدرجة حرية n-2,توزيع تي,ستيودنت بدرجة حرية n-2,0.6933192014694214,0.6649023294448853,0.6788135170936584,Correct
4494,ما هو الإحصاء الذي يسعى لعرض وتوضيح سلوك الظاهرة؟,ANSWER: علم الأوبئة الوصفي,إحصاء وصفي,علم الأوبئة الوصفي,إحصاء وصفي,0.7395183444023132,0.823413610458374,0.7792142629623413,Incorrect
4495,ما هو الغرض الرئيسي من حساب معامل الارتباط الخطي؟,ANSWER: تقدير قوة العلاقة,قياس قوة العلاقة الخطية بين متغيرين,تقدير قوة العلاقة,قياس قوة العلاقة الخطية بين متغيرين,0.865552544593811,0.7932494282722473,0.8278251886367798,Incorrect
4497,ما هو الخط المنكسر الذي يصل النقاط التي فواصلها مراكز الفئات وترتيبها تكرارات الفئات؟,ANSWER: متعدد الحدود,المضلع التكراري,متعدد الحدود,المضلع التكراري,0.771012544631958,0.678695797920227,0.7219147682189941,Incorrect
4498,من أين نحصل على المصادر الداخلية لجمع البيانات؟,ANSWER: السجلات الطبية الإلكترونية,داخل الشركة أو المؤسسة,السجلات الطبية الإلكترونية,داخل الشركة أو المؤسسة,0.6909264326095581,0.6813436150550842,0.6861015558242798,Incorrect
4502,ما هو الإحصاء؟,ANSWER: تعداد السكان,أي دالة في العينة لا تتبع وسيط مجهول,تعداد السكان,أي دالة في العينة لا تتبع وسيط مجهول,0.652589738368988,0.5844709873199463,0.6166548728942871,Incorrect
4505,ماذا يحتسب اليوم إذا قُبل المريض في يوم وتخرج في نفس اليوم؟,ANSWER: إقامة ليوم واحد,مدة استشفاء,إقامة ليوم واحد,مدة استشفاء,0.7494142055511475,0.7557331323623657,0.7525603771209717,Incorrect
4508,ما هي طريقة جمع البيانات التي تتناسب مع الأطفال؟,ANSWER: اللعب العلاجي,الملاحظة,اللعب العلاجي,الملاحظة,0.5859512686729431,0.5508378744125366,0.5678523182868958,Incorrect
4522,ما هي الدراسات التي بحكم الميدان تنفيذ العمل وجمع البيانات؟,ANSWER: دراسات ميدانية,الدراسات الكيفية,دراسات ميدانية,الدراسات الكيفية,0.79731285572052,0.7959003448486328,0.7966059446334839,Incorrect
4527,ما هو الغرض من استخدام الجداول التكرارية؟,ANSWER: مراقبة الأعراض,البيانات الوصفية والكمية,مراقبة الأعراض,البيانات الوصفية والكمية,0.724411129951477,0.7171286940574646,0.7207515835762024,Incorrect
4528,ما هما نوعا البيانات الموجودان؟,ANSWER: بيانات نوعية وكمية,كمية ووصفية,بيانات نوعية وكمية,كمية ووصفية,0.8538686633110046,0.8401376008987427,0.8469474911689758,Correct
4531,ما الذي تعطينا إياه دالة التوزيع الاحتمالي المتجمع؟,ANSWER: احتمالية تراكمية,احتمال ان ياخد المتغير العشوائى x قيمه اقل او تساوى قيمه محددة,احتمالية تراكمية,احتمال ان ياخد المتغير العشوائى x قيمه اقل او تساوى قيمه محددة,0.7240725755691528,0.6234022974967957,0.6699768900871277,Incorrect
4541,كل متى يتكرر التعداد السكاني عادة؟,ANSWER: كل عشر سنوات,عشرة أعوام,كل عشر سنوات,عشرة أعوام,0.8102678656578064,0.7879729270935059,0.7989648580551147,Correct
4546,ما هو الفارق في عدد السكان بين تعدادين متعاقبين تفصلهما فترة معينة كعشر سنوات؟,ANSWER: معدل النمو السكاني,التغير المطلق,معدل النمو السكاني,التغير المطلق,0.7166633605957031,0.7203142642974854,0.7184841632843018,Incorrect
4551,ما هو المسجل الذي يهدف إلى تجميع المعلومات عن المرضى؟,ANSWER: سجل طبي,السجلات الطبية,سجل طبي,السجلات الطبية,0.7328790426254272,0.7054312825202942,0.7188932299613953,Correct
4563,ما هي من أقدم الطرق المستخدمة لجمع البيانات لمراقبة الكثير من الظواهر لا سيما التي يصعب السؤال عنها؟,ANSWER: الملاحظة المباشرة,الملاحظة أو المشاهدة,الملاحظة المباشرة,الملاحظة أو المشاهدة,0.759019136428833,0.7546489834785461,0.7568277716636658,Correct
4564,ما هو المقياس المستخدم لوصف حالة التدخين (مدخن - غير مدخن)؟,ANSWER: تاريخ التدخين,الاسمي,تاريخ التدخين,الاسمي,0.6624324321746826,0.735988974571228,0.6972761750221252,Incorrect
4566,ما هي الطريقة التي يتم بها الحصول على بيانات تتعلق بضغط الدم وسرعة نبضات القلب ونسبة الكوليسترول في الدم لعينة من المرضى خلال فترة أسبوع؟,ANSWER: مراقبة صحية دورية,التسجيل,مراقبة صحية دورية,التسجيل,0.7230401039123535,0.7415165901184082,0.7321617603302002,Incorrect
4567,ما هي وظائف السجلات الطبية؟,ANSWER: توثيق الرعاية الصحية,ترميز الامراض والعمليات .,توثيق الرعاية الصحية,ترميز الامراض والعمليات .,0.7671419382095337,0.7532975673675537,0.7601567506790161,Incorrect
4568,ما هو المقياس الذي يمكن استخدام الطرق الإحصائية الوسيطية فيه؟,ANSWER: بيانات ترتيبية,النسبي,بيانات ترتيبية,النسبي,0.7515447735786438,0.7529496550559998,0.7522464990615845,Incorrect
4572,ما هو التوزيع الذي يتبعه مربع المتغير العشوائي Z² إذا كان للمتغير العشوائي Z توزيع طبيعي معياري؟,ANSWER: كاي تربيع,توزيع كاي مربع بدرجة حرية واحدة,كاي تربيع,توزيع كاي مربع بدرجة حرية واحدة,0.7922037243843079,0.711349606513977,0.7496026158332825,Incorrect
4574,ما هي المنظمة التي وضعت التصنيف الدولي للأمراض؟,ANSWER: منظمة الصحة العالمية,منظمة الصحة العالمية .,منظمة الصحة العالمية,منظمة الصحة العالمية .,0.844113826751709,0.8316519260406494,0.8378365635871887,Correct
4580,ما هي الجهة المسؤولة عن السجلات الطبية؟,ANSWER: إدارة السجلات الصحية,قسم السجلات الطبية في المشفى,إدارة السجلات الصحية,قسم السجلات الطبية في المشفى,0.8692580461502075,0.8060353994369507,0.8364537954330444,Correct
4586,ما هو التوقع الرياضي لمتحول عشوائي يخضع لتوزيع برنولي؟,ANSWER: متوسط التباين,P,متوسط التباين,P,0.5853974223136902,0.693595826625824,0.6349200010299683,Incorrect
4588,ما هو التصنيف الدولي للأمراض؟,ANSWER: ICD-10,ثلاثة أجزاء .,ICD-10,ثلاثة أجزاء .,0.6171940565109253,0.6587327718734741,0.6372872591018677,Incorrect
4589,ما هو المستقيم الذي يكون منحنى التوزيع الطبيعي المعياري مناظراً حوله؟,ANSWER: محور الصفر,x=0,محور الصفر,x=0,0.6400537490844727,0.6468379497528076,0.6434279680252075,Correct
4594,ما هي أيام الخدمة الإجمالية للمرضى الداخليين؟,ANSWER: متوسط طول الإقامة,مجموع خدمة جميع المرضى الداخليين خلال مدة معينة,متوسط طول الإقامة,مجموع خدمة جميع المرضى الداخليين خلال مدة معينة,0.761345624923706,0.7060946226119995,0.7326799631118774,Incorrect
4595,ما هي قيمة معامل التجديد؟,ANSWER: معدل التجديد النخاعي,مربع معامل الارتباط الخطي,معدل التجديد النخاعي,مربع معامل الارتباط الخطي,0.7717721462249756,0.7925394773483276,0.7820179462432861,Incorrect
4596,ما هي وحدة المعاينة؟,ANSWER: النُّخَاعِيَّةُ,عنصر من العينة,النُّخَاعِيَّةُ,عنصر من العينة,0.6041228771209717,0.6957700252532959,0.6467157006263733,Incorrect
4597,ما هو الجدول التكراري الذي يضم عدد البيانات في فئة معينة وكل الفئات التي تسبقها؟,ANSWER: التوزيع التراكمي,تكرار المجتمع الصاعد,التوزيع التراكمي,تكرار المجتمع الصاعد,0.7801116704940796,0.7669994235038757,0.7735000252723694,Correct
4598,ما هو معدل الوفيات في المشفى؟,ANSWER: معدل الوفيات بالمستشفى,عدد الوفيات خلال فترة زمنية محددة على عدد المتخرجين والوفيات في نفس الفترة مضروب بـ 100,معدل الوفيات بالمستشفى,عدد الوفيات خلال فترة زمنية محددة على عدد المتخرجين والوفيات في نفس الفترة مضروب بـ 100,0.7753121852874756,0.7116347551345825,0.742110013961792,Incorrect
4601,ما هو متوسط التوزيع الاحتمالي في تجربة رمي قطعة نقود 3 مرات متتالية حيث x تدل على عدد ظهور H؟,ANSWER: توزيع ذي الحدين,1.5,توزيع ذي الحدين,1.5,0.6347172856330872,0.6528784036636353,0.6436697244644165,Incorrect
4604,ما هو المجتمع الإحصائي (الجمهرة)؟,ANSWER: مجموعة دراسية,التي تشترك فيما بينها ببعض الخواص والمميزات,مجموعة دراسية,التي تشترك فيما بينها ببعض الخواص والمميزات,0.6962788701057434,0.5721474885940552,0.6281392574310303,Incorrect
4618,ما هو الرسم البياني الذي يتكون من مجموعة من الأعمدة المتجاورة المقامة على المحور الأفقي الذي تمثل عليه حالات الصفة المدروسة عندما تكون البيانات وصفية وفترات الفئات عندما تكون البيانات كمية ويساوي ارتفاع كل عمود تكرارات الفئة المقام عليها؟,ANSWER: مدرج تكراري,المدرج التكراري,مدرج تكراري,المدرج التكراري,0.7762173414230347,0.7775372862815857,0.7768767476081848,Correct
4622,ما هي طريقة جمع البيانات التي من أمثلتها قياس شدة تأثير نوع من الهرمونات في مجموعة من الفئران؟,ANSWER: بيانات كمية,التجربة,بيانات كمية,التجربة,0.7443926334381104,0.7409129738807678,0.7426487803459167,Incorrect
4623,ما نوع المتغير الذي يمثله طول شخص بالغ وقياس السكر في الدم؟,ANSWER: متغيرات مستمرة,عشوائي مستمر,متغيرات مستمرة,عشوائي مستمر,0.8146864771842957,0.7842115163803101,0.7991585731506348,Correct
4628,متى يكون المجتمع غير متجانس في العينة غير العشوائية؟,ANSWER: تحيز الاختيار,الحصصية,تحيز الاختيار,الحصصية,0.7118494510650635,0.7222949862480164,0.7170341610908508,Incorrect
4629,ما الذي يعتمد عليه توزيع ستيودنت؟,ANSWER: درجات الحرية,درجة الحرية,درجات الحرية,درجة الحرية,0.8982570171356201,0.9223361015319824,0.9101372957229614,Correct
4630,ما هي محتويات السجل الطبي؟,ANSWER: تاريخ مرضي,صفحة الموافقة على العلاج,تاريخ مرضي,صفحة الموافقة على العلاج,0.7960436344146729,0.7115384340286255,0.751422643661499,Incorrect
4631,ما هو التصنيف الدولي للأمراض وما الغرض من الرموز والأرقام المستخدمة فيه؟,ANSWER: تصنيف الأمراض الدولي,عن الامراض .,تصنيف الأمراض الدولي,عن الامراض .,0.6918314099311829,0.686302125453949,0.6890556812286377,Incorrect
4634,ما نوع العينة التي نسحبها إذا كنا أمام مجتمع غير متجانس؟,ANSWER: عينة طبقية,طبقية,عينة طبقية,طبقية,0.8604897856712341,0.9074859619140624,0.8833632469177246,Correct
4636,ما هو الغرض من استخدام الجداول التكرارية في عرض البيانات؟,ANSWER: تلخيص البيانات,الكمية والاسمية,تلخيص البيانات,الكمية والاسمية,0.7352909445762634,0.7096225619316101,0.7222287654876709,Incorrect
4640,ما هي الطريقة التي يتم بها الحصول على بيانات تتعلق بضغط الدم ونسبة الكوليسترول بالدم لعينة من المرضى خلال فترة زمنية معينة؟,ANSWER: دراسة الأتراب,الملاحظة أو المشاهدة,دراسة الأتراب,الملاحظة أو المشاهدة,0.6985362768173218,0.6855478286743164,0.6919810771942139,Incorrect
4644,ما هي أعلى مستويات القياس؟,ANSWER: مقياس فيتزويليام,المقياس الرتبي,مقياس فيتزويليام,المقياس الرتبي,0.7524572610855103,0.7790843844413757,0.7655394077301025,Incorrect
4645,ما هو الهدف من تغيير الطرائق في الدراسات بالنسبة للبيانات؟,ANSWER: التعمية المزدوجة,أفضل دقة ممكنة,التعمية المزدوجة,أفضل دقة ممكنة,0.702948808670044,0.7138239145278931,0.708344578742981,Incorrect
4646,ما هي طريقة جمع البيانات التي تمتاز بالتكلفة العالية؟,ANSWER: التصوير بالرنين المغناطيسي,المقابلة الشخصية,التصوير بالرنين المغناطيسي,المقابلة الشخصية,0.6742562055587769,0.7458524703979492,0.7082495093345642,Incorrect
4647,ما هو الفارق في عدد السكان بين تعدادين متعاقبين تفصلهما فترة معينة كعشر سنوات؟,ANSWER: معدل النمو السكاني,التغير المطلق,معدل النمو السكاني,التغير المطلق,0.7166633605957031,0.7203142642974854,0.7184841632843018,Incorrect
4650,ما هو الجزء من الإحصاء الذي يعنى بوصف طبيعة وسلوك الظاهرة المدروسة وعرضها؟,ANSWER: إحصاء وصفي,الإحصاء الوصفي,إحصاء وصفي,الإحصاء الوصفي,0.8525623679161072,0.8102315664291382,0.8308581709861755,Correct
4651,ما هي الفئة التي تشكل قاعدة الهرم السكاني؟,ANSWER: مرحلة ما قبل الإنجاب,الأطفال,مرحلة ما قبل الإنجاب,الأطفال,0.6854532361030579,0.7753602862358093,0.7276400327682495,Incorrect
4655,ما هي فرضية العدم لاختبار الفرضيات حول معامل الارتباط الخطي لبيرسون؟,ANSWER: لا ارتباط خطي,قيمة معامل ارتباط المجتمع تساوي الصفر,لا ارتباط خطي,قيمة معامل ارتباط المجتمع تساوي الصفر,0.7311184406280518,0.6873512268066406,0.7085596323013306,Correct
4657,ما هو التكرار المتجمع الهابط لفئة معينة؟,ANSWER: معدل الانتشار,عدد البيانات في الفئة والفئات التي تليها,معدل الانتشار,عدد البيانات في الفئة والفئات التي تليها,0.7048130035400391,0.6728993654251099,0.6884865760803223,Incorrect
4661,ما هو التوزيع الذي تتبعه التجربة الثنائية الوحيدة؟,ANSWER: توزيع برنولي,البرنولي,توزيع برنولي,البرنولي,0.746772289276123,0.7734267711639404,0.7598658204078674,Correct
4663,ما هو نتاج العوامل المؤثرة في النمو السكاني من مواليد ووفيات وهجرة؟,ANSWER: النمو السكاني,التركيب العمري,النمو السكاني,التركيب العمري,0.8001434206962585,0.8117495775222778,0.805904746055603,Incorrect
4667,ما هو المقياس المستخدم لقياس خضاب الدم؟,ANSWER: قياس الهيموغلوبين,النسبي,قياس الهيموغلوبين,النسبي,0.6474260091781616,0.7038079500198364,0.6744406819343567,Incorrect
4672,ما هو نوع المصدر الذي تمثله البيانات التي نحصل عليها من الشركة أو المؤسسة من واقع مستنداتها وسجلاتها وفواتيرها وتقاريرها الدورية؟,ANSWER: بيانات أولية,داخلي,بيانات أولية,داخلي,0.8275822997093201,0.8449594378471375,0.836180567741394,Incorrect
4679,ما هي الجهة المسؤولة عن السجلات الطبية؟,ANSWER: إدارة السجلات الصحية,قسم السجلات الطبيه فى المشفى,إدارة السجلات الصحية,قسم السجلات الطبيه فى المشفى,0.8493897318840027,0.7579774856567383,0.8010842800140381,Correct
4680,ما هو نوع الإحصاء الذي يتضمن جمع البيانات وتنظيمها وتوصيفها وتبويبها وتلخيصها؟,ANSWER: إحصاء وصفي,الوصفي,إحصاء وصفي,الوصفي,0.8444671630859375,0.8220510482788086,0.8331083059310913,Correct
4683,ما نوع العينة التي تمثلها مجموعة من المرضى الذين يراجعون طبيباً معيناً عندما يجري عليهم دراسة؟,ANSWER: عينة دراسة,مصادفة,عينة دراسة,مصادفة,0.755392849445343,0.7432190179824829,0.7492564916610718,Incorrect
4684,ما نوع العلاقة إذا كانت قيمة بيرسون R=0.92؟,ANSWER: ارتباط إيجابي قوي,طردية قوية,ارتباط إيجابي قوي,طردية قوية,0.7990782260894775,0.8156297206878662,0.8072690963745117,Correct
4687,ما هي وحدة المعاينة؟,ANSWER: النُّخَاعِيَّةُ,عنصر من العينة,النُّخَاعِيَّةُ,عنصر من العينة,0.6041228771209717,0.6957700252532959,0.6467157006263733,Incorrect
4688,ما هي الطريقة التي يتم بها الحصول على بيانات تتعلق بضغط الدم وسرعة نبضات القلب ونسبة الكولسترول في الدم لعينة من المرضى خلال فترة أسبوع؟,ANSWER: مراقبة صحية دورية,الملاحظة أو المشاهدة,مراقبة صحية دورية,الملاحظة أو المشاهدة,0.6918188333511353,0.6774879693984985,0.6845784187316895,Correct
4690,ما نوع الارتباط بين المتغير العشوائي X والمتغير التابع Y إذا كان تزايد X يؤدي إلى تزايد Y؟,ANSWER: ارتباط إيجابي,إيجابي,ارتباط إيجابي,إيجابي,0.897159993648529,0.9203158617019652,0.9085904955863952,Correct
4692,"ماذا تعبر عنه العبارة ""احتمال أي حدث لا يزيد عن الواحد""؟",ANSWER: نَزْرِيّ,المسلمة الاحتمالية,نَزْرِيّ,المسلمة الاحتمالية,0.6235209107398987,0.6657378673553467,0.6439381837844849,Incorrect
4693,ما تسمى الظاهرة التي يحدث فيها انحدار معدل أطوال الأبناء من معامل المجتمع؟,ANSWER: الانحدار نحو المتوسط,الانحدار نحو المعدل,الانحدار نحو المتوسط,الانحدار نحو المعدل,0.9220970869064332,0.8842364549636841,0.9027699828147888,Correct
4694,ما هي التقديرات التي تستخدم لتقدير نسبة النجاح لمجتمع؟,ANSWER: معدل البقاء على قيد الحياة,التقدير النقطي,معدل البقاء على قيد الحياة,التقدير النقطي,0.7022168636322021,0.714933454990387,0.7085180878639221,Incorrect
4696,ما نوع المتغير العشوائي الذي يدل على عدد القذفات عند قذف قطعة نقود حتى يظهر الوجه H للمرة الأولى؟,ANSWER: هندسي سلبي,متقطع قيمة الاعداد الطبيعية,هندسي سلبي,متقطع قيمة الاعداد الطبيعية,0.7052069902420044,0.6773656010627747,0.6910059452056885,Incorrect
4699,ما هو متوسط عدد الأطفال الذي يمكن أن تنجبهم المرأة أحياء إذا أمضت حياتها منذ ميلادها بما يتماشى مع معدلات الخصوبة العمرية في سنة معينة؟,ANSWER: معدل الإنجاب الكلي,معدل الخصوبة الكلية,معدل الإنجاب الكلي,معدل الخصوبة الكلية,0.8823031187057495,0.8823031187057495,0.8823031187057495,Correct
4700,ما هي الطريقة التي تمكننا من مراقبة رد الفعل على بعض الأسئلة والحصول على إجابات دقيقة؟,ANSWER: فحص عصبي,المواجهة,فحص عصبي,المواجهة,0.7324292063713074,0.7474056482315063,0.7398416996002197,Incorrect
4702,ما هو نوع البيانات المستخدمة لإنشاء الجدول التكراري؟,ANSWER: بيانات كمية وفئوية,كمية و وصفية,بيانات كمية وفئوية,كمية و وصفية,0.8617482781410217,0.8886590003967285,0.8749967813491821,Correct
4714,ما هي طبيعة الأفراد أو العناصر التي تشكل المجتمع الإحصائي؟,ANSWER: متغيرات الدراسة,التي تشترك فيما بينها ببعض الخواص والمميزات,متغيرات الدراسة,التي تشترك فيما بينها ببعض الخواص والمميزات,0.6711773872375488,0.614516019821167,0.6415981650352478,Incorrect
4717,ما هو عدد الكريات الحمر في الجسم؟,ANSWER: تعداد الدم الكامل,عشوائي منفصل,تعداد الدم الكامل,عشوائي منفصل,0.7652110457420349,0.7222575545310974,0.743114173412323,Incorrect
4720,ما هو معدل وفيات الأمهات الذي يحسب بقسمة عدد الوفيات لدى النساء الحوامل التي حدثت أثناء الحمل أو الولادة أو النفاس على عدد المواليد الأحياء خلال نفس السنة مضروباً في 100000؟,ANSWER: نسبة وفيات الأمهات,معدل وفيات الأمهات,نسبة وفيات الأمهات,معدل وفيات الأمهات,0.975946307182312,0.975946307182312,0.975946307182312,Correct
4723,ما هي المعدلات التي يكون تركيزها على معدلات الخصوبة لفئة معينة من العمر لغرض المقارنة على امتداد زمن ما ودراسة الفروق في ظاهرة الخصوبة بمختلف الأعمار؟,ANSWER: معدلات الخصوبة العمرية,معدل الخصوبة العمري,معدلات الخصوبة العمرية,معدل الخصوبة العمري,0.9127394556999208,0.9054664373397828,0.9090884327888488,Correct
4724,ما هي العلاقة بين المتغيرين عندما يؤدي تزايد المتغير العشوائي x إلى تناقص المتغير التابع y؟,ANSWER: علاقة عكسية,سلبي,علاقة عكسية,سلبي,0.7863500118255615,0.8008257746696472,0.7935218214988708,Correct
4729,ما هو المقياس المستخدم لوصف حالة التدخين (مدخن / غير مدخن)؟,ANSWER: تاريخ التدخين,مقياس اسمي,تاريخ التدخين,مقياس اسمي,0.6915222406387329,0.7369530200958252,0.7135152220726013,Incorrect
4730,ما هي الشروط التي يجب توفرها في مجموعة من المتغيرات العشوائية لتشكل عينة عشوائية؟,ANSWER: استقلالية الاختيار,مستقلة ولها قانون التوزيع نفسه,استقلالية الاختيار,مستقلة ولها قانون التوزيع نفسه,0.7097622752189636,0.7028753757476807,0.7063019871711731,Incorrect
4731,ما هو المستوى الذي يمكن حساب فيه المتوسطات والانحرافات المعيارية ومقاييس العلاقة الخطية؟,ANSWER: مقياس التباين,العنقودي,مقياس التباين,العنقودي,0.7255051136016846,0.7554545402526855,0.7401769757270813,Incorrect
4736,كم يتراوح عدد الفئات غالباً؟,ANSWER: أربع فئات,بين 5 و15 فئة,أربع فئات,بين 5 و15 فئة,0.7578780651092529,0.7065851092338562,0.731333315372467,Incorrect
4740,ما هي فرضية العدم لاختبار الفرضيات حول معامل الارتباط الخطي لبيرسون؟,ANSWER: لا ارتباط خطي,قيمة معامل ارتباط المجتمع تساوي الصفر,لا ارتباط خطي,قيمة معامل ارتباط المجتمع تساوي الصفر,0.7311184406280518,0.6873512268066406,0.7085596323013306,Correct
4743,ما هو معدل الوفيات الخام؟,ANSWER: معدل الوفيات الإجمالي,عدد الوفيات لكل الف من السكان في سنة معينة,معدل الوفيات الإجمالي,عدد الوفيات لكل الف من السكان في سنة معينة,0.8169412612915039,0.7446780800819397,0.7791377305984497,Incorrect
4744,ما هي الجهة المسؤولة عن السجلات الطبية؟,ANSWER: إدارة السجلات الصحية,قسم السجلات الطبية في المستشفى,إدارة السجلات الصحية,قسم السجلات الطبية في المستشفى,0.8667119145393372,0.8006160259246826,0.8323538899421692,Correct
4748,ما هو الغرض من استخدام مخطط الانتشار في الدراسة الإحصائية بين خاصتين؟,ANSWER: ارتباط الرسوم البيانية,متغيرين,ارتباط الرسوم البيانية,متغيرين,0.6931165456771851,0.7113304138183594,0.7021053433418274,Incorrect
4758,ما هو التوقع الرياضي لمجموع متغيرين عشوائيين؟,ANSWER: قيمة متوقعة,مجموع التوقعين الرياضيين للمتغيرين العشوائيين,قيمة متوقعة,مجموع التوقعين الرياضيين للمتغيرين العشوائيين,0.7566845417022705,0.6783047914505005,0.7153540849685669,Incorrect
4761,ما هو التكرار المتجمع الصاعد لفئة معينة؟,ANSWER: معدل الانتشار التراكمي,عدد البيانات المتضمنة في الفئة والفئات التي تسبقها,معدل الانتشار التراكمي,عدد البيانات المتضمنة في الفئة والفئات التي تسبقها,0.7006543278694153,0.656368613243103,0.6777887940406799,Incorrect
4765,ما هي المنطقة التي تتألف من قيم دالة الاختبار قليلة الاحتمال عندما Ho صحيحة؟,ANSWER: منطقة الرفض,منطقة الرفض,منطقة الرفض,منطقة الرفض,1.0,1.0,1.0,Correct
4768,ما هو المجتمع الإحصائي؟,ANSWER: مجموعة سكانية,التي تشترك فيما بينها ببعض الخواص والميزات,مجموعة سكانية,التي تشترك فيما بينها ببعض الخواص والميزات,0.6768007278442383,0.5779395699501038,0.6234754920005798,Incorrect
4770,ما الذي يقوم عليه الإحصاء الاستنتاجي؟,ANSWER: نظرية الاحتمالات,على اتخاذ القرارات والتنبؤ والاستقرار والاستدلال,نظرية الاحتمالات,على اتخاذ القرارات والتنبؤ والاستقرار والاستدلال,0.7361431121826172,0.6541372537612915,0.6927216053009033,Incorrect
4772,ما هي الجهة التي تصدر التصنيف الدولي للأمراض؟,ANSWER: منظمة الصحة العالمية,منظمة الصحة العالمية,منظمة الصحة العالمية,منظمة الصحة العالمية,1.0,1.0,1.0,Correct
4778,ما الذي تختلف تبعاً له دلالات قيم المتغيرات العشوائية؟,ANSWER: التوزيع الإحصائي,نوعية المقياس المستخدم,التوزيع الإحصائي,نوعية المقياس المستخدم,0.7592713236808777,0.7726536393165588,0.7659040689468384,Incorrect
4781,ما هي الطريقة التي تستخدم فيها بعض التقنيات الإلكترونية للمراقبة والعد وتسجيل الملاحظات؟,ANSWER: تخطيط كهربية القلب,التسجيل,تخطيط كهربية القلب,التسجيل,0.7171496748924255,0.749645471572876,0.7330375909805298,Incorrect
4782,ما الذي يحدد زمن حفظ السجلات الطبية؟,ANSWER: القوانين واللوائح المحلية,حسب الأسس المتبعة محليا في كل بلد,القوانين واللوائح المحلية,حسب الأسس المتبعة محليا في كل بلد,0.6736212372779846,0.6906481385231018,0.6820284724235535,Correct
4783,ما هو التوزيع الذي يتبعه مجموع متغيرات عينة عشوائية حجمها n من توزيع برنولي بالوسيط P؟,ANSWER: توزيع ذي الحدين,الثنائي,توزيع ذي الحدين,الثنائي,0.718565821647644,0.7526839375495911,0.7352292537689209,Correct
4787,ما هي مجموعة قيم المتغير العشوائي x الذي يدل على عدد أخوات طالب ما؟,ANSWER: أعداد صحيحة غير سالبة,صحيح موجب,أعداد صحيحة غير سالبة,صحيح موجب,0.7200732827186584,0.7861594557762146,0.7516666054725647,Incorrect
4789,ما هو معدل المواليد الخام؟,ANSWER: معدل المواليد الإجمالي,عدد المواليد الاحياء لكل ألف من السكان في سنة معينة,معدل المواليد الإجمالي,عدد المواليد الاحياء لكل ألف من السكان في سنة معينة,0.8490468263626099,0.7724614143371582,0.8089454770088196,Incorrect
4790,ما هي الفئة العمرية المهمة جداً من الناحية الصحية والتنموية؟,ANSWER: مرحلة الطفولة المبكرة,فئة الأطفال,مرحلة الطفولة المبكرة,فئة الأطفال,0.6927341222763062,0.7846376299858093,0.7358273267745972,Correct
4798,ما هي الطريقة التي تمتاز بوصول الإجابات خلال وقت قصير وتتميز ببساطتها وقلة تكاليفها وسرعتها؟,ANSWER: التشخيص السريري,استخدام الانترنيت والمواقع الاجتماعية,التشخيص السريري,استخدام الانترنيت والمواقع الاجتماعية,0.7586542963981628,0.7131527066230774,0.7352001667022705,Incorrect
4802,ما هو المخطط الذي يساعد بدراسة العلاقة بين متغيرين وطبيعتها؟,ANSWER: رسم بياني تبعثري,مخطط الانتشار,رسم بياني تبعثري,مخطط الانتشار,0.7359495162963867,0.7219561338424683,0.7288856506347656,Correct
4806,ما الذي يحدد زمن حفظ السجلات الطبية في المشفى؟,ANSWER: القوانين واللوائح المحلية,بناء على الأسس المتبعة محلياً في كل بلد,القوانين واللوائح المحلية,بناء على الأسس المتبعة محلياً في كل بلد,0.6666103601455688,0.6733219623565674,0.6699493527412415,Correct
4812,ما هو التوزيع الذي يستخدم في اختبار الفرضيات حول ميل خط الانحدار؟,ANSWER: اختبار تي,ستيودنت,اختبار تي,ستيودنت,0.6835650205612183,0.68546462059021,0.684513509273529,Correct
4816,ما هي أسباب تفضيل أسلوب العينة على أسلوب الحصر الشامل؟,ANSWER: تمثيلية أفضل,صعوبة حصر افراد المجتمع,تمثيلية أفضل,صعوبة حصر افراد المجتمع,0.7338604927062988,0.7147650122642517,0.7241868376731873,Incorrect
4823,ما هو السجل الذي يهدف إلى تجميع المعلومات عن المريض؟,ANSWER: سجل طبي,السجلات الطبية .,سجل طبي,السجلات الطبية .,0.7216202020645142,0.718083918094635,0.7198477387428284,Correct
4832,ما هو نوع التوزيع الإحصائي إذا علمت أن احتمال شفاء مريض مصاب بالزكام خلال أسبوع دون اللجوء للطبيب هو 0.6 وكان لدينا 10 مرضى بالزكام ولم يراجعوا الطبيب؟,ANSWER: ذات الحدين,حداني,ذات الحدين,حداني,0.754324734210968,0.7991145849227905,0.7760739326477051,Correct
4848,ما هو الشريان الذي ينزف غالباً من قرحة اثني عشرية؟,ANSWER: الشريان المعدي القعري,المعدي العفجي.,الشريان المعدي القعري,المعدي العفجي.,0.8386307954788208,0.8488786220550537,0.8437235951423645,Incorrect
4854,ما هي الأورام التي تعالج في القسم البعيد للمعدة؟,ANSWER: سرطان المعدة المتقدم,4. كل ما سبق صحيح.,سرطان المعدة المتقدم,4. كل ما سبق صحيح.,0.6595093011856079,0.6609386205673218,0.6602231860160828,Incorrect
4855,ما هو التشخيص للآفة التي قد تسبب فقراً دموياً والنزف الحاد منها غير شائع والتي تم اكتشافها بالتنظير الهضمي العلوي لرجل عمره 55 سنة؟,ANSWER: ورم وعائي معدي.,سرطانة معدية.,ورم وعائي معدي.,سرطانة معدية.,0.7329131364822388,0.7745898962020874,0.7531754374504089,Incorrect
4856,ما هي الخطوة الأولى الأهم في تدبير مريض يبلغ من العمر 32 سنة أتى لقسم الطوارئ بقصة إقياء لكميات كبيرة من الدم الأحمر القاني؟,ANSWER: تثبيت مجرى الهواء,إنعاش بالسوائل.,تثبيت مجرى الهواء,إنعاش بالسوائل.,0.7500686645507812,0.7645947933197021,0.757262110710144,Incorrect
4857,ما هو التشخيص المحتمل لمريضة تبلغ من العمر 45 سنة تشكو من ألم في ثديها الأيسر لمدة أسبوعين مع وجود خيط يشبه الحبل مؤلم وأودة بارزة فوقه بالفحص السريري؟,ANSWER: التهاب الضرع الخلالي,داء,التهاب الضرع الخلالي,داء,0.6567216515541077,0.7179005146026611,0.6859496831893921,Incorrect
4858,ما هو التشخيص المحتمل لمريضة تبلغ من العمر 40 عاماً من أصول آسيوية وصلت إلى بريطانيا تشكو من كتلة غير مؤلمة في ثديها الأيمن منذ عدة أشهر مع نز الخراج في إبطها الأيمن الذي يشفى ويعاود من جديد؟,ANSWER: سرطان الثدي النقيلي,سل ثدي.,سرطان الثدي النقيلي,سل ثدي.,0.7188931703567505,0.7451239824295044,0.7317736148834229,Incorrect
4859,ما هو التشخيص المحتمل لمريضة تبلغ من العمر 25 سنة راجعت بكتلة شاهدتها صدفة منذ 3 أسابيع في ثديها الأيسر ويمكن تحريك الكتلة من قبل المريضة ضمن نسيج الثدي؟,ANSWER: ورم ليفي غدي,غدوم ليفي.,ورم ليفي غدي,غدوم ليفي.,0.7585619688034058,0.7617367506027222,0.7601460218429565,Correct
4860,ما هو التشخيص المحتمل لمريضة تبلغ من العمر 50 عاماً تعاني من ألم واحمرار في الثدي الأيمن منذ شهر وقد عولجت بالصادات لمدة أسبوعين دون تحسن وازدادت الحالة سوءاً؟,ANSWER: سرطان الثدي,سرطان التهابي.,سرطان الثدي,سرطان التهابي.,0.7643433213233948,0.8112457394599915,0.7870964407920837,Incorrect
4863,ما هو التشخيص المحتمل لمريضة مسنة مشخص لديها سابقاً داء هاشيموتو وتراجع بعقدة قاسية غير منتظمة في الفص الدرقي الأيمن؟,ANSWER: سرطان الغدة الدرقية,لمفوما.,سرطان الغدة الدرقية,لمفوما.,0.6063036918640137,0.652906060218811,0.628742516040802,Incorrect
4864,ما هو التشخيص المحتمل لطفل يبلغ من العمر 12 سنة يراجع بعقدة درقية مع ضخامة عقد لمفية ناحية؟,ANSWER: سرطان الغدة الدرقية,سرطان حليمي.,سرطان الغدة الدرقية,سرطان حليمي.,0.7300861477851868,0.7828843593597412,0.7555640339851379,Incorrect
4865,ما هو التشخيص المحتمل لمريضة في منتصف العمر تعاني من سلعة درقية لفترة طويلة مع تضخم الفص الأيمن أكبر من الأيسر وهي سريرياً في حالة سواء درقي؟,ANSWER: عقيدة هاشيموتو,سلعة متعددة العقد.,عقيدة هاشيموتو,سلعة متعددة العقد.,0.6675670146942139,0.7414363622665405,0.7025653123855591,Incorrect
4866,ما هو التشخيص الأكثر احتمالاً لفتاة في الربيع الخامس تشكو من عسرة تنفس مع وجود كتلة في جوف الفم بقطر 3 سم على الخط الناصف وعلى مؤخرة اللسان؟,ANSWER: ورم لسان حميد,درق لسانية.,ورم لسان حميد,درق لسانية.,0.7168865203857422,0.751335620880127,0.7337069511413574,Incorrect
4867,ما هو العلاج غير المرغوب به في حالة شابة في ربيعها الأربعين تشكو من نقص وزن مع خفقان وجحوظ في العينين مع وجود سلعة درقية متوسطة الحجم منتشرة ومتجانسة وفرط نشاط درق بدني؟,ANSWER: علاج اليود المشع,المعالجة الشعاعية باليود I 131,علاج اليود المشع,المعالجة الشعاعية باليود I 131,0.7298235893249512,0.7048935890197754,0.7171420454978943,Correct
4868,ما هو الإجراء الأول الذي يجب إجراؤه قبل عملية sleeve gastrectomy لمريض البدانة الذي لديه BMI يساوي 40؟,ANSWER: تقييم ما قبل الجراحة,الحصول على موافقة المريض.,تقييم ما قبل الجراحة,الحصول على موافقة المريض.,0.7544661164283752,0.7670421600341797,0.7607021927833557,Incorrect
4869,ما هو الإجراء الأول الذي يجب إجراؤه قبل عملية Sleeve gastrectomy لمريض البدانة الذي لديه BMI يساوي 40؟,ANSWER: تقييم ما قبل الجراحة,الحصول على موافقة المريض.,تقييم ما قبل الجراحة,الحصول على موافقة المريض.,0.7544661164283752,0.7670421600341797,0.7607021927833557,Incorrect
4870,ما هو التشخيص المحتمل لمريض عمره 25 سنة يعاني من عدم ارتياح عام ونقصان في الوزن وترفع حروري وبراز ملطخ بالدم على نحو متقطع خلال الست أسابيع الأخيرة بعد عودته من شبه القارة الهندية حيث عمل هناك لمدة ستة أشهر، مع وجود كبدية ومضض في الربع العلوي الأيمن وإيكو يظهر جوفا ناقص الصدى في الفص الكبدي الأيمن ذو حوا,ANSWER: التهاب الكبد الحبيبي,خراجة كبدية زحارية.,التهاب الكبد الحبيبي,خراجة كبدية زحارية.,0.6790074706077576,0.6943502426147461,0.6865931153297424,Incorrect
4871,ما هو التشخيص المحتمل لمريض عمره 50 سنة يعاني من أصمية حديثة وألم في الربع العلوي الأيمن لمدة 3-4 أشهر مع فحص سريري سلبي ووظائف كبد طبيعية وتنظير هضمي علوي طبيعي بينما أظهر الإيكو وجود آفة كيسية وحيدة تبلغ 6 سم؟,ANSWER: كوليسترولية في المرارة,داء كيسي بسيط,كوليسترولية في المرارة,داء كيسي بسيط,0.7047817707061768,0.7222436666488647,0.7134058475494385,Incorrect
4872,ما هو التشخيص المحتمل لمريضة تبلغ من العمر 30 سنة تعاني من ألم مستمر في الربع العلوي الأيمن من البطن مع إقياء وارتفاع حرارة وإيجابية علامة مورفي؟,ANSWER: التهاب المرارة الحاد,التهاب مرارة حاد.,التهاب المرارة الحاد,التهاب مرارة حاد.,0.7704265117645264,0.7950829267501831,0.7825605273246765,Correct
4873,ما هو التشخيص المحتمل لمريض يبلغ من العمر 60 سنة لديه سابقة حصيات مرارية يراجع بقصة ألم بطني شديد ومستمر لمدة 6 ساعات وبالفحص السريري كان المريض غير مرتاح ومصدوم مع انتفاخ البطن ومضض راجع معممين؟,ANSWER: التهاب الصفاق المراري,التهاب بريتوان تالي لانثقاب مرارة.,التهاب الصفاق المراري,التهاب بريتوان تالي لانثقاب مرارة.,0.7374601364135742,0.7158645987510681,0.7265018820762634,Correct
4874,ما هو التشخيص المحتمل لمريض يبلغ من العمر 56 سنة يعاني من ألم شديد في أعلى البطن منذ أسبوع مع حمى متقطعة وعدم راحة شديدة مع وجود علامات لتخريش بريتواني في الربع العلوي الأيمن مع جس كتلة؟,ANSWER: التهاب المرارة الحاد,تقيح مرارة.,التهاب المرارة الحاد,تقيح مرارة.,0.691070556640625,0.6893259286880493,0.6901971697807312,Incorrect
4875,ما هو التشخيص المحتمل لمريض يبلغ من العمر 60 سنة يراجع بقصة ألم بطني ويرقان وحرارة مع عروءات؟,ANSWER: التهاب الأقنية الصفراوية,التهاب طرق صفراوية صاعد.,التهاب الأقنية الصفراوية,التهاب طرق صفراوية صاعد.,0.7756222486495972,0.7829700708389282,0.7792788743972778,Correct
4876,ما هو التشخيص المحتمل لمريضة تبلغ من العمر 40 سنة عولجت لالتهاب مرارة حاد حيث لوحظ وجود مرارة مجسوسة غير ممضة، لم يكن هناك ترفع حروري وكانت المريضة بشكل عام بصحة جيدة؟,ANSWER: التهاب المرارة اللاعرضي,قيلة مخاطية في المرارة.,التهاب المرارة اللاعرضي,قيلة مخاطية في المرارة.,0.7416901588439941,0.7207108736038208,0.7310500741004944,Incorrect
4877,ما هو التشخيص المحتمل لمريض عمره 80 سنة لديه تصبغ جلدي ملحوظ ونسيج ندبي ولديه ندبات بطنية لاستئصال كظر ثنائي الجانب؟,ANSWER: مرض أديسون,متلازمة نيلسون.,مرض أديسون,متلازمة نيلسون.,0.8549625873565674,0.8084391355514526,0.8310502767562866,Incorrect
4878,ما هو التشخيص المحتمل لمريض عمره 48 سنة يعاني من اضطراب رئوي وصداع وارتفاع ضغط؟,ANSWER: ارتفاع ضغط الدم الرئوي,متلازمة كون.,ارتفاع ضغط الدم الرئوي,متلازمة كون.,0.6895761489868164,0.7131779789924622,0.7011785507202148,Incorrect
4879,ما هو التشخيص المحتمل لمريض ربو مع تفاقم متكرر لحالته تطور لديه بشكل تدريجي شعرانية مع بدانة جذعية وكدمات؟,ANSWER: متلازمة كوشينغ,متلازمة كوشينغ.,متلازمة كوشينغ,متلازمة كوشينغ.,0.96555358171463,0.9547839164733888,0.9601385593414308,Correct
4881,ما هو التشخيص المحتمل لسيدة حامل تبلغ من العمر 30 سنة تبين أثناء إجراء ايكو بطن لها وجود كتلة متكلسة في الشرسوف يبلغ قطرها 1 سم مع سماع لغط في منطقة الشرسوف دون وجود أي أعراض؟,ANSWER: ورم وعائي شرياني,أم دم شريان طحالي.,ورم وعائي شرياني,أم دم شريان طحالي.,0.7260127067565918,0.7279488444328308,0.7269794940948486,Incorrect
4882,ما هو التشخيص الأكثر احتمالاً لطفل عمره 7 سنوات يعاني من فقر دم منجلي ويشكو منذ ساعتين من ألم بطني حاد في الربع العلوي الأيسر مع ضغط 60/100 ملم زئبقي ونبض 110 ن/د وحرارة 37 درجة ومضض في الربع العلوي الأيسر للبطن بدون إيلام مرتد مع صعوبة جس الطحال وخضاب 6.1 غ/دل؟,ANSWER: أزمة طحال منجلية,نوبة ألمية بسبب انسداد الأوعية الدموية.,أزمة طحال منجلية,نوبة ألمية بسبب انسداد الأوعية الدموية.,0.733514666557312,0.6923016309738159,0.7123125195503235,Incorrect
4883,ما هي نسبة الاستفادة من استئصال الطحال في حالة سيدة عمرها 40 سنة تعاني من فرفرية مناعية مزمنة معندة على العلاج بالستيروئيدات؟,ANSWER: استجابة محدودة,أقل من 20%,استجابة محدودة,أقل من 20%,0.7155701518058777,0.7147247195243835,0.7151471972465515,Incorrect
4884,ما هي الخطوة التالية في تدبير مريض بعمر 70 سنة دون سوابق جراحية يعاني من ألم بطني متقطع منذ أسبوع وتوسع بطني وإقياء مستمر منذ يوم، مع عدم وجود فتوق بالفحص وتعداد 3000 كرية بيضاء / مم؟,ANSWER: التهاب الصفاق,إجراء (CT) التصوير الطبقي المحوسب للبطن.,التهاب الصفاق,إجراء (CT) التصوير الطبقي المحوسب للبطن.,0.7179847955703735,0.6586169004440308,0.6870206594467163,Incorrect
4894,ما هي الخطوة التالية في تدبير مريض بعمر 70 سنة دون سوابق جراحية يعاني من ألم بطني متقطع منذ أسبوع وتوسع بطني وإقياء مستمر منذ يوم، مع عدم وجود فتوق بالفحص وتعداد 3000 كرية بيضاء / مم؟,ANSWER: التهاب الصفاق,إجراء (CT) التصوير الطبقي المحوسب للبطن.,التهاب الصفاق,إجراء (CT) التصوير الطبقي المحوسب للبطن.,0.7179847955703735,0.6586169004440308,0.6870206594467163,Incorrect
4896,ما هي الخطوة التالية في تدبير شاب عمره 20 سنة راجع الإسعاف بعد 20 يوماً من استئصال زائدة ملتهبة ويعاني من إقياء مع تمدد بطن وإيلام خفيف، وتعداد WBC كان 14000 كرية/مم3 والكهارل طبيعية؟,ANSWER: انسداد معوي جزئي,مراقبة 24 ساعة أخرى مع وضع NG.,انسداد معوي جزئي,مراقبة 24 ساعة أخرى مع وضع NG.,0.6850714087486267,0.6990254521369934,0.6919780969619751,Incorrect
4897,ما هي العلامات الأكثر توافقاً مع بالغ عمره 45 سنة لديه ألم بطني حاد وتم تشخيصه بالتهاب مرارة حاد؟,ANSWER: ألم الربع العلوي الأيمن,ألم بطني مستمر ومضض مراق أيمن وارتفاع الكريات البيضاء.,ألم الربع العلوي الأيمن,ألم بطني مستمر ومضض مراق أيمن وارتفاع الكريات البيضاء.,0.7298643589019775,0.6851280331611633,0.7067890763282776,Incorrect
4898,ما هي الخطوة الأولى الأهم في تدبير مريض يبلغ من العمر 32 سنة أتى لقسم الطوارئ بقصة إقياء لكميات كبيرة من الدم الأحمر القاني؟,ANSWER: تثبيت مجرى الهواء,الإنعاش بالسوائل.,تثبيت مجرى الهواء,الإنعاش بالسوائل.,0.7373385429382324,0.7536055445671082,0.7453832626342773,Incorrect
4899,ما هو التشخيص المحتمل لمريض عمره 70 سنة تطور لديه بعد 3 أيام من احتشاء قلبي ألم بطني مع تعدد البطن وخفوت في أصوات الأمعاء وتحليل غازات الدم يشير إلى احمضاض استقلابي؟,ANSWER: احتشاء الأمعاء,احتشاء مساريقي.,احتشاء الأمعاء,احتشاء مساريقي.,0.7917208671569824,0.7900879383087158,0.7909035682678223,Correct
4902,ما هي القاعدة الجراحية الأصح حالياً في مراقبة المريض أثناء تدبير مريض الانسداد المعوي ووضع القرار الجراحي المناسب في المراكز الجراحية المتطورة؟,ANSWER: المراقبة الديناميكية والتصوير المقطعي,يجب دائماً عدم إجراء الجراحة حتى يتم استقرا المريض بعد الإنعاش.,المراقبة الديناميكية والتصوير المقطعي,يجب دائماً عدم إجراء الجراحة حتى يتم استقرا المريض بعد الإنعاش.,0.6575616598129272,0.6474950313568115,0.6524894833564758,Incorrect
4905,ما هو التشخيص المحتمل للمريضة إذا كانت الصورة البسيطة تدل على سويات معوية دقيقة وغياب لارتسام الكولونات وكانت مقاطع التصوير الطبقي المحوري تشير لتوسع عرى المعي؟,ANSWER: انسداد معوي جزئي,التصاقات معوية.,انسداد معوي جزئي,التصاقات معوية.,0.7635323405265808,0.7838252186775208,0.7735457420349121,Incorrect
4907,ما هو التشخيص الأقوى لمريض عمره 65 سنة تطور لديه ألم بطني حاد مفاجئ مستمر في الربع العلوي الأيمن منذ ساعة، تلاه آلام مغصية سرية مع غثيان، والفحص السريري يبدي سحنة سمية مع فحص بطني سوي تقريباً؟,ANSWER: التهاب المرارة الحاد,انسداد أمعاء بنقص التروية.,التهاب المرارة الحاد,انسداد أمعاء بنقص التروية.,0.7511690855026245,0.7231977581977844,0.7369180917739868,Incorrect
4911,ما هو التشخيص المحتمل في المريضة التي تظهر صورتها البسيطة سويات معوية دقيقة وغياب الارتسام الكولوني، وتشير مقاطع التصوير الطبقي المحوري لتوسع عرى المعي الدقيق وزيادة في شحم المساريقا مع عدم ارتسام الكولون بالكامل؟,ANSWER: انسداد معوي جزئي,التصاقات معوية.,انسداد معوي جزئي,التصاقات معوية.,0.7635323405265808,0.7838252186775208,0.7735457420349121,Incorrect
4912,ما هو التشخيص لمريض عمره 60 سنة مصاب بداء كرون منذ عشر سنوات راجع المشفى بقصة حمى وعرواءات تلاها خروج هواء ومفرزات معوية عند التبول؟,ANSWER: ناسور معوي مثاني,ناسور معدي مثاني.,ناسور معوي مثاني,ناسور معدي مثاني.,0.8759304285049438,0.8691080808639526,0.8725059032440186,Correct
4926,ما هي الحالة التي لا تدخل في التشخيص التفريقي لطفلة عمرها 10 سنوات تعاني منذ ساعتين من ألم حفرة حرقفية يمنى دون إيلام مرتد؟,ANSWER: التهاب الزائدة الدودية,نزف رتج ميكل.,التهاب الزائدة الدودية,نزف رتج ميكل.,0.6065422296524048,0.6323832273483276,0.6191931962966919,Incorrect
4928,ما هو التشخيص المحتمل لمريضة عمرها 50 سنة تعرضت لألم بطني حاد طاعن منذ نصف ساعة في الشرسوف تعمم في أنحاء البطن مع إقياءات بنية اللون وفحص البطن لين؟,ANSWER: التهاب البنكرياس الحاد,صمة شريان مساريقي علوي.,التهاب البنكرياس الحاد,صمة شريان مساريقي علوي.,0.6384069919586182,0.6465665102005005,0.642460823059082,Incorrect
4929,ما هو الفحص الذي يجب إجراؤه أولاً لمريض يشتكي من ألم بطني حاد ومفاجئ؟,ANSWER: تصوير البطن بالموجات فوق الصوتية,صورة بطن شعاعية.,تصوير البطن بالموجات فوق الصوتية,صورة بطن شعاعية.,0.6734075546264648,0.7257412672042847,0.6985956430435181,Incorrect
4930,ما هو التشخيص الأقوى لمريض عمره 65 سنة تطور لديه ألم بطني حاد مفاجئ ومستمر في الربع السفلي الأيمن منذ ساعة، تلاه آلام مغصة سرية مع غثيان، والفحص السريري يبدي سحنة سمية مع فحص بطن سوي تقريباً؟,ANSWER: التهاب الزائدة الدودية,انسداد أمعاء بنقص التروية.,التهاب الزائدة الدودية,انسداد أمعاء بنقص التروية.,0.7597346305847168,0.7242193222045898,0.74155193567276,Incorrect
4932,ما هي الخطوة الأولى الأهم في تدبير شاب عمره 32 سنة يراجع قسم الطوارئ بقصة إقياء كميات كبيرة من الدم الأحمر القاني؟,ANSWER: تثبيت مجرى الهواء,الإنعاش بالسوائل.,تثبيت مجرى الهواء,الإنعاش بالسوائل.,0.7373385429382324,0.7536055445671082,0.7453832626342773,Incorrect
4934,ما هو التشخيص للآفة التي قد تسبب فقراً دموياً والنزف الحاد منها غير شائع والتي تم اكتشافها بالتنظير الهضمي العلوي لرجل عمره 55 سنة؟,ANSWER: ورم وعائي معدي.,2. سرطانة معدية.,ورم وعائي معدي.,2. سرطانة معدية.,0.7224067449569702,0.7224718332290649,0.7224392890930176,Incorrect
4935,ما هي الخطوة الأولى الأهم في تدبير مريض يبلغ من العمر 32 سنة أتى لقسم الطوارئ بقصة إقياء لكميات كبيرة من الدم الأحمر القاني؟,ANSWER: تثبيت مجرى الهواء,3. الإنعاش بالسوائل.,تثبيت مجرى الهواء,3. الإنعاش بالسوائل.,0.7204952836036682,0.7092701196670532,0.7148386240005493,Incorrect
4936,ما هو العلاج الأمثل لمريض عمره 40 سنة وجد لديه بالتنظير الهضمي العلوي لمفوما معدية؟,ANSWER: علاج كيميائي مناعي,4. علاج كيماوي.,علاج كيميائي مناعي,4. علاج كيماوي.,0.8044518828392029,0.7730026245117188,0.7884137034416199,Correct
4937,ما هو التشخيص المحتمل لطفل يبلغ من العمر 12 سنة يراجع بعقدة درقية مع ضخامة عقد لمفية ناحية؟,ANSWER: سرطان الغدة الدرقية,4. سرطان حليمي.,سرطان الغدة الدرقية,4. سرطان حليمي.,0.6972851157188416,0.7013975977897644,0.6993353366851807,Incorrect
4938,ما هو التشخيص المحتمل لمريضة في منتصف العمر تعاني من سلعة درقية لفترة طويلة مع تضخم الفص الأيمن أكبر من الأيسر وهي سريرياً في حالة سواء درقي؟,ANSWER: عقيدة هاشيموتو,3. سلعة متعددة العقد.,عقيدة هاشيموتو,3. سلعة متعددة العقد.,0.6509525179862976,0.6969139575958252,0.673149585723877,Incorrect
4939,ما هو التشخيص الأكثر احتمالاً لفتاة في الربيع الخامس تشكو من عسرة تنفس مع وجود كتلة في جوف الفم بقطر 3 سم على الخط الناصف وعلى مؤخرة اللسان؟,ANSWER: ورم لسان حميد,2. درق لسانية.,ورم لسان حميد,2. درق لسانية.,0.704248309135437,0.7047513723373413,0.7044997215270996,Incorrect
4940,ما هو العلاج غير المرغوب به في حالة شابة في ربيعها الأربعين تشكو من نقص وزن مع خفقان وجحوظ في العينين مع وجود سلعة درقية متوسطة الحجم منتشرة ومتجانسة وفرط نشاط درق بدني؟,ANSWER: علاج اليود المشع,3. المعالجة الشعاعية باليود I 131,علاج اليود المشع,3. المعالجة الشعاعية باليود I 131,0.7199935913085938,0.6773937940597534,0.6980443596839905,Correct
4941,ما هو الإجراء الأول الذي يجب إجراؤه قبل عملية Sleeve gastrectomy لمريض البدانة الذي لديه BMI يساوي 40؟,ANSWER: تقييم ما قبل الجراحة,3. الحصول على موافقة المريض.,تقييم ما قبل الجراحة,3. الحصول على موافقة المريض.,0.7482360601425171,0.7303125858306885,0.7391656637191772,Incorrect
4942,ما هو التشخيص المحتمل لمريض عمره 50 سنة يعاني من أصمية حديثة وألم في الربع العلوي الأيمن لمدة 3-4 أشهر مع فحص سريري سلبي ووظائف كبد طبيعية وتنظير هضمي علوي طبيعي بينما أظهر الإيكو وجود آفة كيسية وحيدة تبلغ 6 سم؟,ANSWER: كوليسترولية في المرارة,4. داء كيسي بسيط,كوليسترولية في المرارة,4. داء كيسي بسيط,0.7016729116439819,0.6873102188110352,0.6944172978401184,Incorrect
4943,ما هو التشخيص المحتمل لمريض يبلغ من العمر 60 سنة لديه سابقة حصيات مرارية يراجع بقصة ألم بطني شديد ومستمر لمدة 6 ساعات وبالفحص السريري كان المريض غير مرتاح ومصدوم مع انتفاخ البطن ومضض راجع معممين؟,ANSWER: التهاب الصفاق المراري,4. التهاب بريتوان تالي لانثقاب مرارة.,التهاب الصفاق المراري,4. التهاب بريتوان تالي لانثقاب مرارة.,0.714562177658081,0.6773329973220825,0.695449709892273,Correct
4944,ما هو التشخيص المحتمل لمريض يبلغ من العمر 56 سنة يعاني من ألم شديد في أعلى البطن منذ أسبوع مع حمى متقطعة وعدم راحة شديدة مع وجود علامات لتخريش بريتواني في الربع العلوي الأيمن مع جس كتلة؟,ANSWER: التهاب المرارة الحاد,1. تقيح مرارة.,التهاب المرارة الحاد,1. تقيح مرارة.,0.6970094442367554,0.6533536911010742,0.674475908279419,Incorrect
4945,ما هو التشخيص المحتمل لمريض يبلغ من العمر 60 سنة يعاني من ألم بطني ويرقان وحرارة مع عروءات؟,ANSWER: التهاب الأقنية الصفراوية,4. التهاب طرق صفراوية صاعد.,التهاب الأقنية الصفراوية,4. التهاب طرق صفراوية صاعد.,0.7664205431938171,0.7303669452667236,0.747959554195404,Correct
4946,ما هو التشخيص المحتمل لمريضة تبلغ من العمر 40 سنة عولجت لالتهاب مرارة حاد حيث لوحظ وجود مرارة مجسوسة غير ممضة، لم يكن هناك ترفع حروري وكانت المريضة بشكل عام بصحة جيدة؟,ANSWER: التهاب المرارة اللاعرضي,3. قيلة مخاطية في المرارة.,التهاب المرارة اللاعرضي,3. قيلة مخاطية في المرارة.,0.7444585561752319,0.6995772123336792,0.7213204503059387,Incorrect
4947,ما هو التشخيص المحتمل لمريض عمره 48 سنة يعاني من اضطراب رئوي وصداع وارتفاع ضغط؟,ANSWER: ارتفاع ضغط الدم الرئوي,3. متلازمة كون.,ارتفاع ضغط الدم الرئوي,3. متلازمة كون.,0.6705763339996338,0.6672271490097046,0.6688975691795349,Incorrect
4948,ما هو التشخيص المحتمل لمريض ربو مع تفاقم متكرر لحالته تطور لديه بشكل تدريجي شعرانية مع بدانة جذعية وكدمات؟,ANSWER: متلازمة كوشينغ,1. متلازمة كوشينغ.,متلازمة كوشينغ,1. متلازمة كوشينغ.,0.944723904132843,0.8705986142158508,0.906147837638855,Correct
4950,ما هو التشخيص المحتمل لسيدة حامل تبلغ من العمر 30 سنة تبين أثناء إجراء ايكو بطن لها وجود كتلة متكلسة في الشرسوف يبلغ قطرها 1 سم مع سماع لغط في منطقة الشرسوف دون وجود أي أعراض؟,ANSWER: ورم وعائي شرياني,3. أم دم شريان طحالي.,ورم وعائي شرياني,3. أم دم شريان طحالي.,0.7559899091720581,0.7353799939155579,0.7455425262451172,Incorrect
4952,ما هي نسبة الاستفادة من استئصال الطحال في حالة سيدة عمرها 40 سنة تعاني من فرفرية مناعية مزمنة معندة على العلاج بالستيروئيدات؟,ANSWER: استجابة محدودة,1. أقل من 20%,استجابة محدودة,1. أقل من 20%,0.680552065372467,0.6665430068969727,0.6734747290611267,Incorrect
4953,ما هي الخطوة التالية في تدبير مريض بعمر 70 سنة دون سوابق جراحية يعاني من ألم بطني متقطع منذ أسبوع وتوسع بطني وإقياء مستمر منذ يوم، مع عدم وجود فتوق بالفحص وتعداد 3000 كرية بيضاء / مم؟,ANSWER: التهاب الصفاق,4. إجراء (CT) التصوير الطبقي المحوسب للبطن.,التهاب الصفاق,4. إجراء (CT) التصوير الطبقي المحوسب للبطن.,0.6924401521682739,0.6298190355300903,0.65964674949646,Incorrect
4957,ما هي الخطوة التالية في تدبير مريض بعمر 70 سنة دون سوابق جراحية يعاني من ألم بطني متقطع منذ أسبوع وتوسع بطني وإقياء مستمر منذ يوم، مع عدم وجود فتوق بالفحص وتعداد 3000 كرية بيضاء / مم؟,ANSWER: التهاب الصفاق,4. إجراء (CT) التصوير الطبقي المحوسب للبطن.,التهاب الصفاق,4. إجراء (CT) التصوير الطبقي المحوسب للبطن.,0.6924401521682739,0.6298190355300903,0.65964674949646,Incorrect
4958,ما هي الخطوة التالية في تدبير شاب عمره 20 سنة راجع الإسعاف بعد 20 يوماً من استئصال زائدة ملتهبة ويعاني من إقياء مع تمدد بطن وإيلام خفيف وتعداد WBC 14000 كرية/مم2 والكهارل طبيعية؟,ANSWER: انسداد معوي جزئي,1. مراقبة 24 ساعة أخرى مع وضع NG.,انسداد معوي جزئي,1. مراقبة 24 ساعة أخرى مع وضع NG.,0.6805394887924194,0.6709381341934204,0.6757047176361084,Incorrect
4960,ما هي الخطوة الأولى الأهم في تدبير مريض يبلغ من العمر 32 سنة يعاني من إقياء كميات كبيرة من الدم الأحمر القاني؟,ANSWER: تثبيت مجرى الهواء,3. الإنعاش بالسوائل.,تثبيت مجرى الهواء,3. الإنعاش بالسوائل.,0.7204952836036682,0.7092701196670532,0.7148386240005493,Incorrect
4961,ما هو التشخيص المحتمل لمريض عمره 70 سنة تطور لديه بعد 3 أيام من احتشاء قلبي ألم بطني مع تطبل البطن وخفوت في أصوات الأمعاء وتحليل غازات الدم يشير إلى حماض استقلابي؟,ANSWER: احتشاء معوي,2. احتشاء مساريقي.,احتشاء معوي,2. احتشاء مساريقي.,0.8836913108825684,0.7986521124839783,0.8390223979949951,Correct
