id,input,prediction,ground_truth,prediction_clean,ground_truth_clean,bert_precision_example,bert_recall_example,bert_f1_example,judge_label
4,ما هو العصب الذي ينقل إحساس الذوق من ثلث اللسان الخلفي؟,ANSWER: العصب اللساني الحنكي,التاسع,العصب اللساني الحنكي,التاسع,0.4915274381637573,0.5540021061897278,0.5208982229232788,Incorrect
8,ما هي القوس البيضاء عند حدود جسم الظفر مع جذره؟,ANSWER: القوس الأبيض,هليل الظفر,القوس الأبيض,هليل الظفر,0.7920840978622437,0.7845569849014282,0.7883025407791138,Incorrect
12,أين يقع الخط الالوي السفلي؟,ANSWER: تحت الحافة السفلية للثدي,السطح الخارجي للحرقفة,تحت الحافة السفلية للثدي,السطح الخارجي للحرقفة,0.7935515642166138,0.8018746376037598,0.7976914048194885,Incorrect
16,ما هي الحافة من الفرع التي تشكل زاوية الفك السفلي؟,ANSWER: الحافة السفلية,الخلفية,الحافة السفلية,الخلفية,0.8026976585388184,0.8333008289337158,0.8177130222320557,Incorrect
17,ما هي البنية التشريحية التي تتعصب بالعصب الشظوي السطحي؟,ANSWER: العضلات المرفقية,العضله الشظويه الطويله,العضلات المرفقية,العضله الشظويه الطويله,0.8453768491744995,0.7979789972305298,0.8209943771362305,Incorrect
19,أين تشاهد الجسور بين الخلوية؟,ANSWER: في المادة البيضاء,الطبقة الشائكة من النسيج الظهاري المطبق,في المادة البيضاء,الطبقة الشائكة من النسيج الظهاري المطبق,0.7472025156021118,0.6702237129211426,0.706622838973999,Incorrect
21,ما الذي يحول الثلمتين الاسكيتين إلى ثقبتين؟,ANSWER: الثلم الإسكي,الرباط العجزي الشوكي العجزي الحدبي,الثلم الإسكي,الرباط العجزي الشوكي العجزي الحدبي,0.7772897481918335,0.7497729063034058,0.7632834315299988,Incorrect
28,ما هو الهرمون الذي يفرز PTH؟,ANSWER: الغدة الدرقية,الغدد جارات الدرق,الغدة الدرقية,الغدد جارات الدرق,0.8390309810638428,0.8045048713684082,0.8214052319526672,Incorrect
35,ما الذي يقع بين جسم الفقرة والقوس الفقرية؟,ANSWER: العمود الفقري,الثقبة الفقرية,العمود الفقري,الثقبة الفقرية,0.9059601426124572,0.8855626583099365,0.8956453204154968,Incorrect
49,أين تقع المنطقة الشمية؟,ANSWER: في التجويف الأنفي,سقف الأنف,في التجويف الأنفي,سقف الأنف,0.7822350859642029,0.8219084739685059,0.8015811443328857,Incorrect
50,ما الذي يتصل به المدورين بالأمام في الفخذ؟,ANSWER: العجز,الخط بين المدورين,العجز,الخط بين المدورين,0.752978503704071,0.7623915672302246,0.7576557397842407,Incorrect
51,أين يوجد التلم الكعبري في جسم العضد؟,ANSWER: الجانب الأمامي,على الوجه الخلفي.,الجانب الأمامي,على الوجه الخلفي.,0.7913516759872437,0.7793182134628296,0.7852888703346252,Incorrect
54,ما الذي تتشكل منه ضفيرة راشكوف في لب السن؟,ANSWER: الألياف العصبية,ألياف حسية.,الألياف العصبية,ألياف حسية.,0.7698830366134644,0.8063970804214478,0.7877171635627747,Correct
55,أين يقع المستقيم؟,ANSWER: الجزء الأخير من الأمعاء الغليظة,القولون السيني والقناة الشرجية,الجزء الأخير من الأمعاء الغليظة,القولون السيني والقناة الشرجية,0.7759101390838623,0.7827003598213196,0.779290497303009,Incorrect
56,إلى أي صنف من أصناف الغدد تنتمي حديثات المونتغمري؟,ANSWER: غدد لعابية,دهنية,غدد لعابية,دهنية,0.7585551142692566,0.8017839193344116,0.7795706987380981,Incorrect
64,ما هو العصب المحرك لعضلات اللسان؟,ANSWER: العصب تحت اللساني,12,العصب تحت اللساني,12,0.5660461187362671,0.6130948662757874,0.588631808757782,Correct
73,ما هي الضفيرة التي يتفرع منها العصب الحجابي؟,ANSWER: الضفيرة الوعائية,الرقبية,الضفيرة الوعائية,الرقبية,0.7708160877227783,0.8038098812103271,0.7869672775268555,Incorrect
74,من أين يفرز الأدرينالين؟,ANSWER: الغدة الكظرية,لب الكظر,الغدة الكظرية,لب الكظر,0.7843896150588989,0.7833675146102905,0.7838782668113708,Correct
75,ما هو الوريد الذي يتشكل منه الوريد الأجوف السفلي؟,ANSWER: الوريدان الكليان,الوريدين الحرقفيين المشتركين الأيمن والأيسر,الوريدان الكليان,الوريدين الحرقفيين المشتركين الأيمن والأيسر,0.7755452394485474,0.6686550974845886,0.7181445360183716,Incorrect
78,ما هي الطبقة الأكثر تمايزاً وكثافة في الشرايين؟,ANSWER: الطبقة المتوسطة,المتوسطة,الطبقة المتوسطة,المتوسطة,0.807036280632019,0.8492220044136047,0.8275918960571289,Correct
79,مما ينتج هرمون T4؟,ANSWER: الغدة الدرقية,الدرق,الغدة الدرقية,الدرق,0.7857081890106201,0.8379274606704712,0.8109780550003052,Correct
85,ما هي العضلة التي ترتكز بشكل أساسي على العظم الزورقي؟,ANSWER: العضلة الزورقية,الظنبوبي الخلفي,العضلة الزورقية,الظنبوبي الخلفي,0.7595320343971252,0.7541664838790894,0.7568397521972656,Incorrect
87,أين تقع المنطقة الشمية؟,ANSWER: في التجويف الأنفي,سقف الأنف,في التجويف الأنفي,سقف الأنف,0.7822350859642029,0.8219084739685059,0.8015811443328857,Incorrect
88,ما هو اسم الوسادة من النسيج الدهني فوق الارتفاق العاني؟,ANSWER: وسادة بارتولين,جبل العانة,وسادة بارتولين,جبل العانة,0.698020339012146,0.7276998162269592,0.7125511765480042,Incorrect
98,أين يتوضع الكولون السيني؟,ANSWER: في الجانب الأيمن من البطن,الناحية المغبنية اليسرى,في الجانب الأيمن من البطن,الناحية المغبنية اليسرى,0.7059096097946167,0.6970260739326477,0.7014396786689758,Incorrect
103,ما هو القسم من العظم الجبهي الذي يفصل بين القسمين الحجاجيين من الخلف؟,ANSWER: الحافة الجبهية,الثلمة الغربالية,الحافة الجبهية,الثلمة الغربالية,0.8072487711906433,0.8085376024246216,0.8078927397727966,Incorrect
105,ما هي الفروع الانتهائية للسبات الظاهر؟,ANSWER: العصب الوجهي,الفكي والصدغي والسطحي,العصب الوجهي,الفكي والصدغي والسطحي,0.7884891033172607,0.7410714626312256,0.764045238494873,Incorrect
113,أين يمر عصب الفك العلوي؟,ANSWER: الفجوة الدوارية العليا,الثقبة المدورة,الفجوة الدوارية العليا,الثقبة المدورة,0.8183680176734924,0.8260241746902466,0.8221782445907593,Correct
114,ما هي النقطة التشريحية على الوجه السفلي لجسم العظم الوتدي؟,ANSWER: الحفرة الوتدية,المنقار الوتدي,الحفرة الوتدية,المنقار الوتدي,0.8454470634460449,0.8194060921669006,0.8322229385375977,Incorrect
115,ما اسم العظم الذي يتوضع كيس الدمع عليه؟,ANSWER: العظم الجبهي,الدمعي أنسي الحجاج,العظم الجبهي,الدمعي أنسي الحجاج,0.7584819197654724,0.7387185096740723,0.7484697699546814,Incorrect
116,من أين ينشأ الشريان السباتي المشترك الأيسر؟,ANSWER: قوس الأبهر,قوس الأبهر مباشرة,قوس الأبهر,قوس الأبهر مباشرة,0.9561219215393066,0.9317102432250975,0.9437582492828368,Correct
120,ما طول الأسهر؟,ANSWER: 10 سم,45 سم,10 سم,45 سم,0.9083890914916992,0.9083890914916992,0.9083890914916992,Incorrect
128,ما هو المكان الذي يعبر من خلاله الشريان السحائي الأوسط؟,ANSWER: الشق الكروي,الثقبة الشوكية,الشق الكروي,الثقبة الشوكية,0.8461182117462158,0.8213073015213013,0.8335281610488892,Incorrect
138,ما هي الطية الجلدية التي تغطي رأس القضيب؟,ANSWER: القلف,القلفة,القلف,القلفة,0.97371506690979,0.97371506690979,0.97371506690979,Correct
145,ما هي البنية التشريحية التي ترتكز على الحفرة المدورية؟,ANSWER: العضلة الحنكية,العضلة السدادية الظاهرة,العضلة الحنكية,العضلة السدادية الظاهرة,0.910103678703308,0.8702013492584229,0.8897053599357605,Incorrect
147,أين يتوضع الدرز الأكليلي؟,ANSWER: بين الفصين الأيمن والأيسر,يتوضع بين العظم الجبهي والجداريين.,بين الفصين الأيمن والأيسر,يتوضع بين العظم الجبهي والجداريين.,0.7449465990066528,0.7432874441146851,0.7441160678863525,Incorrect
152,ماذا يفعل الرباط المتصالب الأمامي؟,ANSWER: تثبيت مفصل الركبة,يمنع انزياح الساق للأمام,تثبيت مفصل الركبة,يمنع انزياح الساق للأمام,0.7650023698806763,0.7527890205383301,0.7588465213775635,Incorrect
157,ما العصب القحفي الذي يعبر الثقبة البيضية؟,ANSWER: العصب الثلاثي التوائم,الفكي السفلي,العصب الثلاثي التوائم,الفكي السفلي,0.7848485708236694,0.8110562562942505,0.797737181186676,Incorrect
159,إلى أي قصبات تتفرع القصبات الفصية؟,ANSWER: القصبات الفرعية,قطعية شدفية,القصبات الفرعية,قطعية شدفية,0.7126609086990356,0.7285194396972656,0.7205029129981995,Incorrect
161,أين توجد نوى الأعصاب القحفية من الثالث حتى الثاني عشر؟,ANSWER: الجسر والدماغ المتوسط,جذع الدماغ,الجسر والدماغ المتوسط,جذع الدماغ,0.7211712598800659,0.7210630178451538,0.7211171388626099,Incorrect
166,على ماذا يحتوي البلعوم الفموي من اللوزتين؟,ANSWER: اللوزتين اللسانيتين,الحنكيتين,اللوزتين اللسانيتين,الحنكيتين,0.8323996663093567,0.8471680283546448,0.8397188782691956,Incorrect
167,على أي من وجوه الكبد يوجد مسكن المرارة؟,ANSWER: الوجه السفلي,السفلي,الوجه السفلي,السفلي,0.827627956867218,0.8658804297447205,0.8463221192359924,Correct
168,ما هو العصب القحفي الثاني؟,ANSWER: العصب البصري,البصري - حاسي,العصب البصري,البصري - حاسي,0.8435778617858887,0.8283768892288208,0.8359082341194153,Correct
175,ما وظيفة العضلة تحت الكتفية؟,ANSWER: دوران الكتف,دوران أنسي للكتف.,دوران الكتف,دوران أنسي للكتف.,0.7752165794372559,0.751300573348999,0.7630712389945984,Incorrect
178,أين تتوضع المشيمة في ارتكاز المشيمة المعيب؟,ANSWER: خارج الرحم,بين الجنين والمهبل.,خارج الرحم,بين الجنين والمهبل.,0.8146140575408936,0.7813550233840942,0.7976379990577698,Incorrect
181,ما اسم الطبقة من السحايا التي تغطي الجيوب الوريدية؟,ANSWER: غشاء العرض,الام الجافية,غشاء العرض,الام الجافية,0.7900495529174805,0.7769870758056641,0.7834638357162476,Incorrect
184,ما هي الألياف التي تربط المراكز القشرية بالمحيط؟,ANSWER: الألياف القشرية,إسقاطية,الألياف القشرية,إسقاطية,0.7136943340301514,0.775299072265625,0.7432222962379456,Incorrect
185,ما الذي تشكله البصلة عندما تتمادى في الأمام في جسم القضيب؟,ANSWER: الحشفة,الجسم الاسفنجي,الحشفة,الجسم الاسفنجي,0.7408206462860107,0.7381168007850647,0.7394663095474243,Incorrect
193,ما هي أكبر غدد الجسم؟,ANSWER: الغدد الكظرية,الكبد,الغدد الكظرية,الكبد,0.7561365365982056,0.8028973340988159,0.7788156867027283,Incorrect
194,ما هي الشرايين الخمسة التي يتفرع إليها الشريان الكلوي؟,ANSWER: الشريان الكلوي الأمامي، الشريان الكلوي الخلفي، الشريان الكلوي العلوي، الشريان الكلوي السفلي، الشريان الكلوي القاعدي,قطعية,الشريان الكلوي الأمامي، الشريان الكلوي الخلفي، الشريان الكلوي العلوي، الشريان الكلوي السفلي، الشريان الكلوي القاعدي,قطعية,0.5099862813949585,0.7089265584945679,0.5932217836380005,Incorrect
196,بماذا ينتهي الشريان الوجهي؟,ANSWER: الشريان السحائي الخلفي,الشريان الزاوي,الشريان السحائي الخلفي,الشريان الزاوي,0.8599205017089844,0.9124979376792908,0.885429322719574,Incorrect
201,ما هي طبقة لب السن الأكثر عمقا والأقرب لجوهر اللب؟,ANSWER: طبقة أوستيويد,المنطقة الغنية بالخلايا.,طبقة أوستيويد,المنطقة الغنية بالخلايا.,0.7224720120429993,0.7261515855789185,0.7243070602416992,Incorrect
202,أين تقع فوهة مصب الجيب الأكليلي؟,ANSWER: في الاثني عشر,أمام وأسفل مصب الأجوف السفلي,في الاثني عشر,أمام وأسفل مصب الأجوف السفلي,0.6866239905357361,0.636835515499115,0.6607931852340698,Incorrect
203,ما هي الزاوية الأمامية السفلية للعظم الجداري؟,ANSWER: الزاوية الجبهية السفلية,وتدية,الزاوية الجبهية السفلية,وتدية,0.6476718783378601,0.6872256398200989,0.6668627858161926,Incorrect
206,أي عصب هو المحرك لعضلات اللسان؟,ANSWER: العصب تحت اللساني,12,العصب تحت اللساني,12,0.5660461187362671,0.6130948662757874,0.588631808757782,Correct
208,ما هو البروز العظمي الذي يحتوي عليه الوجه الداخلي لفرع الفك السفلي؟,ANSWER: الترقوة الفكية,اللسين,الترقوة الفكية,اللسين,0.7670584917068481,0.8214522004127502,0.7933239936828613,Incorrect
209,ما هي المواد التي تفرزها الغدد استجابة للتنبيه وترحل عبر الدم؟,ANSWER: الهرمونات,الهرمونات,الهرمونات,الهرمونات,0.9999998807907104,0.9999998807907104,0.9999998807907104,Correct
210,ما هي الزاوية بين قبضة وجسم القص؟,ANSWER: 90 درجة,لويس,90 درجة,لويس,0.7400901317596436,0.7596161365509033,0.7497259974479675,Incorrect
215,من أين يخرج العصب الفكي العلوي من الجمجمة؟,ANSWER: الثقب الدوراني العلوي,الثقبة المدورة,الثقب الدوراني العلوي,الثقبة المدورة,0.7655086517333984,0.790409505367279,0.7777597308158875,Incorrect
217,ما الذي يحدد المنصف العلوي جانبياً؟,ANSWER: الغشاء الحشوي,الجنية المنصفية.,الغشاء الحشوي,الجنية المنصفية.,0.7698800563812256,0.7757818698883057,0.7728196978569031,Incorrect
219,ما هما الممران اللذان يمر عبرهما الهواء إلى جوف الأنف؟,ANSWER: الممران الأنفيان,المنخرين,الممران الأنفيان,المنخرين,0.7928465604782104,0.8026749491691589,0.7977305054664612,Correct
223,أين ترتكز العضلة العريضة الظهرية؟,ANSWER: على العمود الفقري,قاع أخدود ذات الرأسين.,على العمود الفقري,قاع أخدود ذات الرأسين.,0.6867684721946716,0.6609628200531006,0.6736185550689697,Incorrect
225,ما هو القولون الذي يمتد بشكل أفقي؟,ANSWER: القولون المستعرض,الكولون المعترض,القولون المستعرض,الكولون المعترض,0.8423519134521484,0.8047235012054443,0.823107898235321,Correct
228,كم عدد القطع العصعصية في النخاع الشوكي؟,ANSWER: 31,1,31,1,0.7716789245605469,0.7716789245605469,0.7716789245605469,Incorrect
230,ما الطبقة التي تمثلها العضلة الدافعة في المثانة؟,ANSWER: العضلة الملساء,العضلية,العضلة الملساء,العضلية,0.8516252040863037,0.9020495414733888,0.8761124610900879,Correct
231,ما هي الخلايا التي توجد في الجلد وتعمل كمستقبلات آلية حسية؟,ANSWER: الخلايا الميركلية,خلايا ميركل.,الخلايا الميركلية,خلايا ميركل.,0.7659912109375,0.7663500308990479,0.7661706209182739,Correct
235,ما اسم الكرة الصغيرة فوق قمة الغضروف؟,ANSWER: الكيس الغضروفي,القريني,الكيس الغضروفي,القريني,0.7994222640991211,0.8406754732131958,0.8195300698280334,Incorrect
236,أين لا توجد الغدد الزهمية؟,ANSWER: اللسان,راحة اليد وأخمص القدم,اللسان,راحة اليد وأخمص القدم,0.7198799252510071,0.687987208366394,0.7035722732543945,Incorrect
240,ما هو العصب المسؤول عن حركات عضلات الوجه التعبيرية؟,ANSWER: العصب الوجهي,السابع,العصب الوجهي,السابع,0.6263851523399353,0.6801069974899292,0.6521416306495667,Correct
241,ما هي الزاوية الخلفية السفلية في العظم الجداري؟,ANSWER: الزاوية السفلية الخلفية,خشانية,الزاوية السفلية الخلفية,خشانية,0.6410442590713501,0.693251371383667,0.6661264300346375,Incorrect
245,ما هو الاسم الآخر لفرع الفك السفلي؟,ANSWER: الفرع الفكي,الرأد.,الفرع الفكي,الرأد.,0.759125828742981,0.7566791772842407,0.7579005360603333,Incorrect
253,ماذا يفعل الرباط المتصالب الأمامي؟,ANSWER: تثبيت مفصل الركبة,يمنع ازياح الساق للأمام,تثبيت مفصل الركبة,يمنع ازياح الساق للأمام,0.7478445768356323,0.7332472801208496,0.7404739856719971,Incorrect
255,ما هي الثقبة التي يعبر من خلالها العصب الوجهي؟,ANSWER: الثقبة stylomastoid,الثقبة الإبرية الخشانية,الثقبة stylomastoid,الثقبة الإبرية الخشانية,0.7412567138671875,0.7808758616447449,0.7605506181716919,Correct
262,ماذا تفرز خلايا بيتا في البنكرياس؟,ANSWER: الأنسولين,الأنسولين,الأنسولين,الأنسولين,0.9999998807907104,0.9999998807907104,0.9999998807907104,Correct
267,ما هو التامور الخارجي الذي لا يرتبط بالقلب؟,ANSWER: التامور الرئوي,التامور الليفي,التامور الرئوي,التامور الليفي,0.901440978050232,0.9279129505157472,0.9144853949546814,Incorrect
269,ما هو القسم من الضلع الواقع بين الرأس والحديبة؟,ANSWER: الجسم الضلعي,العنق,الجسم الضلعي,العنق,0.7698984742164612,0.7584651112556458,0.7641390562057495,Incorrect
273,مع أي عظم يتمفصل الظنبوب في الأسفل؟,ANSWER: عظم الكعب,القعب,عظم الكعب,القعب,0.7559620141983032,0.7694898247718811,0.7626659274101257,Incorrect
277,أي من العضلات العميقة التالية للمثلث الخلفي للعنق ترتبط بحدبة الأطلس الخلفية؟,ANSWER: العضلة المستعرضة العميقة للرقبة,المستقيمه الرأسيه الخلفيه الصغيرة,العضلة المستعرضة العميقة للرقبة,المستقيمه الرأسيه الخلفيه الصغيرة,0.7432119846343994,0.7505486011505127,0.7468622922897339,Incorrect
279,ما هو التركيب الذي يتصل بالخلف مع البلعوم الفموي عبر برزخ الحلق؟,ANSWER: البلعوم الأنفي,جوف الفم المخصوص,البلعوم الأنفي,جوف الفم المخصوص,0.7658652067184448,0.7778668403625488,0.7718193531036377,Incorrect
281,ما هي البنية التي تغطي السطوح الأمامي والإنسي والوحشي للخصية؟,ANSWER: الغشاء البريوني,الغلالة الغمدية,الغشاء البريوني,الغلالة الغمدية,0.7938084006309509,0.8036636114120483,0.7987056374549866,Incorrect
282,أين يقع موقع الغدة الدرقية؟,ANSWER: في الرقبة,تحت الحنجرة وعلى جانبي الرغامي وأمامها,في الرقبة,تحت الحنجرة وعلى جانبي الرغامي وأمامها,0.7862131595611572,0.7055923938751221,0.7437242865562439,Incorrect
283,أين تتوضع مستقبلات الشم؟,ANSWER: الغشاء المخاطي للأنف,سقف الأنف.,الغشاء المخاطي للأنف,سقف الأنف.,0.7713903188705444,0.8214854001998901,0.7956501245498657,Incorrect
284,ما هي طبيعة هرمونات الغدة النخامية؟,ANSWER: بروتينية,بيتيدية,بروتينية,بيتيدية,0.7807562947273254,0.7976678609848022,0.7891214489936829,Correct
285,ما هو مفصل المرفق؟,ANSWER: مفصل متحرك,نموذج رزى,مفصل متحرك,نموذج رزى,0.7569746971130371,0.7479680776596069,0.7524444460868835,Incorrect
286,ما هو المكان الذي تنشأ منه العضلة المدورة الكبيرة بشكل أساسي؟,ANSWER: العجز,أسفل الحافة الوحشية لعظم لوح الكتف.,العجز,أسفل الحافة الوحشية لعظم لوح الكتف.,0.7040547728538513,0.6833115220069885,0.6935280561447144,Incorrect
287,أين يتوضع الأبهر النازل البطني؟,ANSWER: خلف المعدة,أيسر الأجوف السفلي,خلف المعدة,أيسر الأجوف السفلي,0.7475529313087463,0.7031735181808472,0.7246844172477722,Incorrect
288,ما الذي يجاور السطح العلوي لمثانة الرجل؟,ANSWER: المثانة البولي,عرى اللفائفي والكولون السيني,المثانة البولي,عرى اللفائفي والكولون السيني,0.7438099384307861,0.7144424915313721,0.7288305163383484,Incorrect
289,ما هي عضلة الشهيق الرئيسية؟,ANSWER: العضلة الحجابية,الحجاب الحاجز.,العضلة الحجابية,الحجاب الحاجز.,0.8068629503250122,0.822128176689148,0.8144239783287048,Correct
290,ما هو ترتيب دخول التراكيب إلى سرة الكلية من الخلف للأمام؟,ANSWER: الغشاء الكبيبي، البطانة، القشرة، النسيج الدهني، الغشاء الأحيائي,حويضة – شريان – وريد,الغشاء الكبيبي، البطانة، القشرة، النسيج الدهني، الغشاء الأحيائي,حويضة – شريان – وريد,0.6147270202636719,0.6269748210906982,0.6207904815673828,Incorrect
302,أين تشاهد التلمة الكعبرية للزند؟,ANSWER: على سطح الزند الأمامي,الوجه الوحشي للناتئ المنقاري.,على سطح الزند الأمامي,الوجه الوحشي للناتئ المنقاري.,0.7916121482849121,0.7592768669128418,0.7751074433326721,Incorrect
308,أين تتوضع الثقبة العوراء في اللسان؟,ANSWER: خلف الكلم الإنتهائي,خلف الكلم الإنتهائي,خلف الكلم الإنتهائي,خلف الكلم الإنتهائي,1.0,1.0,1.0,Correct
313,ما هو أطول أجزاء الأنبوب الهضمي؟,ANSWER: الأمعاء الدقيقة,المعي الدقيق,الأمعاء الدقيقة,المعي الدقيق,0.8414065837860107,0.8495179414749146,0.8454428315162659,Correct
315,ما هو ترتيب العضلات من الأعلى للأسفل على الناحية الخلفية للألية؟,ANSWER: العضلة اللفائفية، العضلة القاعدية، العضلة المستقيمة,كمثرية - توأمية علوية - سادة باطنة - توأمية سفلية,العضلة اللفائفية، العضلة القاعدية، العضلة المستقيمة,كمثرية - توأمية علوية - سادة باطنة - توأمية سفلية,0.6792850494384766,0.6906452178955078,0.6849180459976196,Incorrect
325,ما هي الطبقة المبطنة للتامور الليفي؟,ANSWER: الغشاء البريتوني,التامور المصلي الجداري,الغشاء البريتوني,التامور المصلي الجداري,0.7789677381515503,0.7742248773574829,0.776589035987854,Incorrect
330,ما هو أطول أجزاء أنبوب الهضم؟,ANSWER: الأمعاء الدقيقة,المعي الدقيق,الأمعاء الدقيقة,المعي الدقيق,0.8414065837860107,0.8495179414749146,0.8454428315162659,Correct
331,ما هو الهرمون الذي يسرع عملية تصنيع الأحماض الدهنية من الغلوكوز في الخلايا الشحمية؟,ANSWER: الأنسولين,الانسولين,الأنسولين,الانسولين,0.90400367975235,0.9264123439788818,0.91507089138031,Correct
338,ما هو الرباط الذي يربط الرحم بجدران الحوض الجانبية؟,ANSWER: الرباط الحوضي,العريض,الرباط الحوضي,العريض,0.8183194398880005,0.8443073034286499,0.8311102986335754,Incorrect
339,ما هو لون لب الكظر؟,ANSWER: أصفر,بني غامق,أصفر,بني غامق,0.6757422685623169,0.6910921335220337,0.6833310127258301,Incorrect
347,ما الذي يشكل معظم الكتلة العضلية للسان؟,ANSWER: العضلات الداخلية,ذقنية لسانية,العضلات الداخلية,ذقنية لسانية,0.6727635264396667,0.6709827184677124,0.6718719601631165,Incorrect
349,ما هي أصغر الحليمات الذوقية وأكثرها عدداً؟,ANSWER: حليمات فطرية,الخيطية,حليمات فطرية,الخيطية,0.7532285451889038,0.755943775177002,0.7545836567878723,Incorrect
354,ما هي العضلات الطويلة التي تربط الفقرات مع بعضها؟,ANSWER: العضلات الطويلة للظهر,عضلات العمود الفقري,العضلات الطويلة للظهر,عضلات العمود الفقري,0.7923171520233154,0.8080066442489624,0.8000850081443787,Correct
355,ما هو أضيق قسم في جذع الدماغ؟,ANSWER: الميزنسيفالون,مستوى الدماغ المتوسط,الميزنسيفالون,مستوى الدماغ المتوسط,0.6224709749221802,0.6686734557151794,0.6447455883026123,Correct
358,أين يقع التلفيف خلف المركزي؟,ANSWER: الفص الجبهي,الفص الجداري.,الفص الجبهي,الفص الجداري.,0.8246867656707764,0.839983344078064,0.83226478099823,Incorrect
361,ما هي الباحة التي يحويها التلفيف خلف المركزي؟,ANSWER: الباحة الحركية,الحس الجسدي الأولية,الباحة الحركية,الحس الجسدي الأولية,0.7995826005935669,0.7852896451950073,0.7923716902732849,Incorrect
367,ما هي أصغر الحليمات الذوقية وأكثرها عدداً؟,ANSWER: حليمات فطرية,الخيطية,حليمات فطرية,الخيطية,0.7532285451889038,0.755943775177002,0.7545836567878723,Incorrect
368,ما هي المجموعة العضلية التي تنتمي إليها العضلة الحرقفية؟,ANSWER: عضلات البطن,عضلات الزنار الحوضي الأمامية,عضلات البطن,عضلات الزنار الحوضي الأمامية,0.8874439597129822,0.8132096529006958,0.8487066626548767,Incorrect
372,ما هو القسم المسؤول عن تنظيم الفعالية الحياتية الذاتية؟,ANSWER: الدماغ المتوسط,جذع الدماغ,الدماغ المتوسط,جذع الدماغ,0.8571708798408508,0.8004094362258911,0.8278182744979858,Incorrect
373,ما هي المادة شبيهة بالهلام التي تشغل أربعة أخماس المقلة؟,ANSWER: الجسم الزجاجي,الخلط الزجاجي,الجسم الزجاجي,الخلط الزجاجي,0.9235253930091858,0.8794450759887695,0.9009464383125304,Correct
374,أين تقع أجسام العصبونات التي تفرز الهرمون المضاد للإدرار ADH؟,ANSWER: الغدة النخامية الخلفية,الأنوية فوق البصرية,الغدة النخامية الخلفية,الأنوية فوق البصرية,0.7617625594139099,0.7536976337432861,0.7577086091041565,Incorrect
377,ما هي العضلات التي لها منشأ عظمي وترتكز على باطن جلد الوجه؟,ANSWER: عضلات الوجه,عضلات الوجه التعبيرية,عضلات الوجه,عضلات الوجه التعبيرية,0.9554415941238404,0.8645142316818237,0.9077064990997314,Correct
378,ما هو مصدر التروية الرئيسية للمعدة؟,ANSWER: الشريان المعدي الأيسر,فروع الجذع الزلاقي,الشريان المعدي الأيسر,فروع الجذع الزلاقي,0.7745415568351746,0.7266778349876404,0.7498466968536377,Incorrect
380,ما هي أطول أجزاء أنبوب الهضم؟,ANSWER: الأمعاء الدقيقة,المعي الدقيق,الأمعاء الدقيقة,المعي الدقيق,0.8414065837860107,0.8495179414749146,0.8454428315162659,Correct
382,من أين ينشأ الجذع الرئوي؟,ANSWER: البطين الأيمن,البطين الأيمن,البطين الأيمن,البطين الأيمن,1.0,1.0,1.0,Correct
383,ما هو اسم المنعكس الذي يحدث عند رفع الخصية والصفن للأعلى؟,ANSWER: منعكس الإرتجاف,المشمري,منعكس الإرتجاف,المشمري,0.767265796661377,0.7885230779647827,0.777749240398407,Incorrect
389,ما هو العظم الذي يحتوي على تلم في وجهه السفلي لمرور وتر الشظية الطويلة؟,ANSWER: عظم الفخذ,النردي,عظم الفخذ,النردي,0.7241002321243286,0.7375335693359375,0.7307551503181458,Incorrect
392,ما هي المنطقة المتوسطة من نواحي البطن؟,ANSWER: المنطقة السريّة,السرية,المنطقة السريّة,السرية,0.7620766758918762,0.7733793258666992,0.7676864266395569,Correct
394,ما الذي يصل بين الأذينة اليسرى والبطين الأيسر؟,ANSWER: الصمام التاجي,فوهة التاجي,الصمام التاجي,فوهة التاجي,0.8293237090110779,0.7984147071838379,0.8135756850242615,Correct
395,ما الذي يعطي الرباط الحرقفي القطني منشأ له؟,ANSWER: العمود الفقري,العضلة المربعة القطنية.,العمود الفقري,العضلة المربعة القطنية.,0.8166095018386841,0.787222683429718,0.8016468286514282,Incorrect
399,ماذا يحفز ACTH إفرازه؟,ANSWER: CRH,الكورتيزول,CRH,الكورتيزول,0.6864825487136841,0.6470887660980225,0.6662037968635559,Incorrect
401,ما هو أكثر أقسام الإحليل قابلية للتمدد وأعرضها؟,ANSWER: الحالب,الموثي,الحالب,الموثي,0.8817052841186523,0.8461014628410339,0.863536536693573,Incorrect
402,مما يتكون الزنار الحوضي؟,ANSWER: عظام الحوض,من العظمين الوركيين و العجز.,عظام الحوض,من العظمين الوركيين و العجز.,0.7545489072799683,0.7281183004379272,0.7410980463027954,Incorrect
403,أين تقع الباحة الحركية الأولية؟,ANSWER: الفص الجبهي,في التلفيف أمام المركزي .,الفص الجبهي,في التلفيف أمام المركزي .,0.7093521356582642,0.7147616147994995,0.7120465636253357,Incorrect
412,ما هي العضلة المسؤولة عن قبض الفخذ وقبض الساق؟,ANSWER: العضلة الرباعية الفخذية,الخياطية,العضلة الرباعية الفخذية,الخياطية,0.7485313415527344,0.7650082111358643,0.7566800713539124,Incorrect
420,أين تتوضع الغدة تحت الطية اللسانية؟,ANSWER: تحت اللسان,تحت اللسان,تحت اللسان,تحت اللسان,1.0,1.0,1.0,Correct
424,أين يتوضع السرج التركي؟,ANSWER: قاعدة الجمجمة,على الوجه العلوي لجسم العظم الوتدي.,قاعدة الجمجمة,على الوجه العلوي لجسم العظم الوتدي.,0.7433565258979797,0.708055853843689,0.7252768278121948,Incorrect
426,ما هو القسم مع الضلع الواقع بين الرأس والحدبية؟,ANSWER: الجسم,العنق,الجسم,العنق,0.7640272378921509,0.6986948847770691,0.7299020886421204,Incorrect
443,كم عدد شدف النخاع الشوكي؟,ANSWER: ثلاثة,31,ثلاثة,31,0.6880364418029785,0.6880364418029785,0.6880364418029785,Incorrect
450,ما هي العضلة الموسعة المسؤولة عن فتح الحنجرة؟,ANSWER: عضلة الحنجرة الخارجية,الحلقية الطرجهالية الخلفية,عضلة الحنجرة الخارجية,الحلقية الطرجهالية الخلفية,0.7487410306930542,0.7517229914665222,0.7502290606498718,Incorrect
453,ما يُدعى القسم العلوي المتسع من الحالب؟,ANSWER: الكأس الحالبية,الحويضة,الكأس الحالبية,الحويضة,0.8067172765731812,0.8124361038208008,0.8095665574073792,Incorrect
468,أين توجد نقطة التعظم البدئية في لوح الكتف؟,ANSWER: الزاوية العليا للثقب فوق الكتف,الحفرة تحت الشوك,الزاوية العليا للثقب فوق الكتف,الحفرة تحت الشوك,0.786806583404541,0.8202502727508545,0.8031803965568542,Incorrect
469,ما هو الشريان الذي يستمر به الشريان تحت الترقوة؟,ANSWER: الشريان تحت الترقوة,الابطي,الشريان تحت الترقوة,الابطي,0.7457449436187744,0.7847726941108704,0.764761209487915,Incorrect
474,ما هو الشريان الذي يمكن الشعور بنبضه عند الحافة السفلية للفك السفلي أمام العضلة الماضغة؟,ANSWER: الشريان الفكي السفلي,الوجهي.,الشريان الفكي السفلي,الوجهي.,0.7622098922729492,0.8253453373908997,0.7925221920013428,Incorrect
489,ما هو الشريان الذي يعتبر الشريان المخي الخلفي فرعاً منه؟,ANSWER: الشريان تحت الترقوة,القاعدي,الشريان تحت الترقوة,القاعدي,0.7356201410293579,0.7577775716781616,0.746534526348114,Incorrect
501,ما هو أكبر أعضاء الجسم وزناً ومساحة؟,ANSWER: الجلد,الجلد,الجلد,الجلد,0.9999998807907104,0.9999998807907104,0.9999998807907104,Correct
505,ما الذي يشكله نصفا الكرة المخية مع الدماغ البيني؟,ANSWER: الدماغ بيني,المخ,الدماغ بيني,المخ,0.7326012253761292,0.7126958966255188,0.7225115299224854,Incorrect
510,ما هو اسم الحافة اليسرى للمعدة التي تمتد من الفؤاد إلى البواب؟,ANSWER: الحافة الصاعدة,الانحناء الكبير,الحافة الصاعدة,الانحناء الكبير,0.770999550819397,0.7674201726913452,0.7692056894302368,Incorrect
515,ما هو مصدر نشأة الشريان الشوكي الأمامي؟,ANSWER: الشريان القاعدي,الفقري,الشريان القاعدي,الفقري,0.8052735328674316,0.8343533277511597,0.8195555210113525,Incorrect
517,أين يقع الثرب الصغير؟,ANSWER: تحت اللسان,المعدة والكبد,تحت اللسان,المعدة والكبد,0.7605091333389282,0.7363284826278687,0.7482235431671143,Incorrect
526,أين تقع صفيحة الأكيمات؟,ANSWER: تحت الغشاء المخاطي,الدماغ المتوسط .,تحت الغشاء المخاطي,الدماغ المتوسط .,0.7018547058105469,0.7478052377700806,0.7241016626358032,Incorrect
529,ما هي الباحة التي يحويها التلفيف خلف المركزي؟,ANSWER: الباحة الحركية,الحس الجسدي الأولية,الباحة الحركية,الحس الجسدي الأولية,0.7995826005935669,0.7852896451950073,0.7923716902732849,Incorrect
530,ما هي الألياف التي تربط المراكز القشرية بالمحيط؟,ANSWER: الألياف القشرية,إسقاطية,الألياف القشرية,إسقاطية,0.7136943340301514,0.775299072265625,0.7432222962379456,Incorrect
531,ما نوع المفصل الحلقي الطرجهالي؟,ANSWER: مفصل متحرك,الزليلي,مفصل متحرك,الزليلي,0.6821169853210449,0.6855407953262329,0.6838245987892151,Incorrect
533,ما هو رقم العصب الحركي للعضلات الماضغة؟,ANSWER: V,الخامس,V,الخامس,0.7555766701698303,0.7555766701698303,0.7555766701698303,Correct
541,كم عدد فصيصات الخصية؟,ANSWER: 250 فصيص,250,250 فصيص,250,0.665910542011261,0.7777941226959229,0.7175170183181763,Correct
548,أين ترتكز العضلة الأخمعية الخلفية بوتر رقيق؟,ANSWER: على العظم اللامي,الضلع الثاني.,على العظم اللامي,الضلع الثاني.,0.745406448841095,0.7732414603233337,0.7590688467025757,Incorrect
554,أين يتوضع الثلم المهمازي؟,ANSWER: على سطح الدماغ,الأنسي,على سطح الدماغ,الأنسي,0.7097544074058533,0.7195069789886475,0.7145973443984985,Incorrect
557,ما هي المنطقة التي يقع بينها القسيم العضلي (sarcomere)؟,ANSWER: خط ز,الخطين -Z-,خط ز,الخطين -Z-,0.7680927515029907,0.733344316482544,0.7503164410591125,Correct
562,ما الذي تنتجه الخلايا المجاورة للجريبات في الدرق؟,ANSWER: هرمون الكالسيتونين,كاليستونين,هرمون الكالسيتونين,كاليستونين,0.7022728323936462,0.7104046940803528,0.7063153386116028,Correct
563,ما الذي تتحول إليه الوحيدات Monocytes بعد مغادرتها الدوران؟,ANSWER: خلايا البلعمية,بالعات,خلايا البلعمية,بالعات,0.7170095443725586,0.7490159869194031,0.7326633334159851,Correct
568,ما هو الشريان الذي ينتهي به الشريان الوجهي؟,ANSWER: الشريان الفكي السفلي,الزاوي,الشريان الفكي السفلي,الزاوي,0.7072261571884155,0.7618318796157837,0.733514130115509,Incorrect
571,أين يتوضع الثلم المهمازي؟,ANSWER: على سطح الدماغ,الانسي,على سطح الدماغ,الانسي,0.7304121851921082,0.7450939416885376,0.7376800179481506,Incorrect
573,ما هو العصب القحفي الذي يحمل التعصيب نظير الودي للقلب؟,ANSWER: العصب المبهم,10,العصب المبهم,10,0.5892888307571411,0.6319637298583984,0.6098806858062744,Correct
575,ما هي العضلة التي يمر العصب تحت اللساني في الناحية تحت الفك عميقاً منها؟,ANSWER: العضلة الهامشية,لامية لسانية.,العضلة الهامشية,لامية لسانية.,0.6847748756408691,0.7171053290367126,0.7005673050880432,Incorrect
576,تحت أي قسم من أقسام التشريح يندرج التنبيب الرغامي؟,ANSWER: تشريح الجهاز الهضمي,التشريح التقني .,تشريح الجهاز الهضمي,التشريح التقني .,0.7166180610656738,0.7352794408798218,0.7258288264274597,Incorrect
578,ما هي العظام التي يتشكل منها مفصل الركبة؟,ANSWER: عظم الفخذ وعظم الساق وعظم الرضفة,المفصل بين عظمي الفخذ والظنبوب والمفصل بين عظمي الفخذ والرضفة.,عظم الفخذ وعظم الساق وعظم الرضفة,المفصل بين عظمي الفخذ والظنبوب والمفصل بين عظمي الفخذ والرضفة.,0.8218704462051392,0.7814327478408813,0.801141619682312,Correct
579,ما هي الحركة الخاصة بالساعد؟,ANSWER: حركة الدوران,الكب,حركة الدوران,الكب,0.7495920658111572,0.7570195198059082,0.7532874941825867,Incorrect
582,ما الذي يحويه القسم الأمامي للثلم الأمامي الخلفي الأيسر للكبد؟,ANSWER: المرارة,تلم الرباط الوريدي,المرارة,تلم الرباط الوريدي,0.7711235284805298,0.7396860122680664,0.7550776600837708,Incorrect
586,ماذا تشكل الصفيحتان السفليتان للشفرين الصغيرين عند اتحادهما؟,ANSWER: الحشفة,لجيم البظر,الحشفة,لجيم البظر,0.8043683767318726,0.7937672138214111,0.7990326285362244,Incorrect
591,ما هي الانطباعات التي توجد على العظم الجداري؟,ANSWER: الانطباعات الوعائية,السحائي الأوسط,الانطباعات الوعائية,السحائي الأوسط,0.7564367651939392,0.7730202674865723,0.7646385431289673,Incorrect
592,ما هو العصب الحركي للعضلات الماضغة؟,ANSWER: العصب ثلاثي التوائم,الخامس,العصب ثلاثي التوائم,الخامس,0.5701214075088501,0.6383650302886963,0.6023163795471191,Correct
593,أين يقع الشق الحجاجي السفلي؟,ANSWER: تحت الشق الحجاجي العلوي,الجناح البير والفكي العلوي,تحت الشق الحجاجي العلوي,الجناح البير والفكي العلوي,0.8164047002792358,0.7850090861320496,0.8003991842269897,Incorrect
597,ما هو العضو المتخصص بتشكيل الصوت والتدخل بالدور في الكلام؟,ANSWER: الحنجرة,الحنجرة,الحنجرة,الحنجرة,1.0,1.0,1.0,Correct
601,ما هي حركة الركبة للخلف بمستوى سهمي؟,ANSWER: انثناء,عطف,انثناء,عطف,0.8299912214279175,0.7991617918014526,0.8142848610877991,Correct
603,ما هو العصب القحفي المتواسط بإفراز الغدد الدمعية واللعابية؟,ANSWER: العصب الوجهي,السابع,العصب الوجهي,السابع,0.6263851523399353,0.6801069974899292,0.6521416306495667,Correct
609,أين تتوضع الصفيحة الأفقية للعظم الغربالي؟,ANSWER: تحت التجويف الأنفي,الثلمة الغربالية في العظم الدمعي.,تحت التجويف الأنفي,الثلمة الغربالية في العظم الدمعي.,0.7345157265663147,0.7577465176582336,0.7459502816200256,Incorrect
612,ما هو لون لب الكظر؟,ANSWER: أصفر,بني غامق,أصفر,بني غامق,0.6757422685623169,0.6910921335220337,0.6833310127258301,Incorrect
616,ما هو وجه العظم الجبهي الذي ينتمي للقحف العصبي؟,ANSWER: الوجه الداخلي,الداخلى,الوجه الداخلي,الداخلى,0.8274348974227905,0.8571426868438721,0.8420268297195435,Correct
618,ما هو لون لب الكظر؟,ANSWER: أصفر,بني غامق,أصفر,بني غامق,0.6757422685623169,0.6910921335220337,0.6833310127258301,Incorrect
627,ما هي اللفافة التي تحيط بجسم القضيب؟,ANSWER: الغلاف الليفي للقضيب,بوك,الغلاف الليفي للقضيب,بوك,0.6894203424453735,0.7543288469314575,0.720415472984314,Incorrect
632,ما هي العضلة التي تعد من العضلات الوحشية للساق وقد تعد من العضلات الأمامية للساق؟,ANSWER: العضلة الساقطة,العضلة الشظويةالثالثة,العضلة الساقطة,العضلة الشظويةالثالثة,0.8828917741775513,0.8415549397468567,0.8617278933525085,Incorrect
635,ما هو أول ما يتأثر من الخلايا الكبدية في حالة الإصابة بنقص الأكسجة؟,ANSWER: الخلايا الكبدية المركزية,الخلايا الكبدية المركزية,الخلايا الكبدية المركزية,الخلايا الكبدية المركزية,0.9999998807907104,0.9999998807907104,0.9999998807907104,Correct
636,ما هي العضلات الطويلة التي تربط الفقرات مع بعضها؟,ANSWER: العضلات الطويلة للظهر,عضلات العمود الفقري,العضلات الطويلة للظهر,عضلات العمود الفقري,0.7923171520233154,0.8080066442489624,0.8000850081443787,Correct
640,ما هي الطية الجلدية التي تغطي رأس القضيب؟,ANSWER: القلف,القلفة,القلف,القلفة,0.97371506690979,0.97371506690979,0.97371506690979,Correct
644,من أين يتفرع الشريان الأكليلي الأيمن والأيسر؟,ANSWER: الشريان القوسي,الأبهر الصاعد,الشريان القوسي,الأبهر الصاعد,0.8057583570480347,0.7980480790138245,0.801884651184082,Incorrect
645,متى ينشأ برزخ الأبهر؟,ANSWER: في الأسبوع الرابع,بعد منشأ الشريان تحت الترقوة الأيسر,في الأسبوع الرابع,بعد منشأ الشريان تحت الترقوة الأيسر,0.7325629591941833,0.7240370512008667,0.7282750606536865,Incorrect
647,ما هو أصغر الفروع الأمامية للأبهر البطني؟,ANSWER: الشريان المعدي الأيسر,المساريقي السفلي,الشريان المعدي الأيسر,المساريقي السفلي,0.8076727390289307,0.7890561819076538,0.7982559204101562,Incorrect
655,ما هي الألياف التي تربط التلافيف والفصوص في نصف كرة مخية واحد؟,ANSWER: الألياف القشرية الداخلية,ترابطية,الألياف القشرية الداخلية,ترابطية,0.6628868579864502,0.7039802074432373,0.6828157901763916,Incorrect
656,ما هي ميزابة النبض بين أوتار العضلات؟,ANSWER: الميزاب,العضدية الكعبرية قابضة الرسغ الكعبرية,الميزاب,العضدية الكعبرية قابضة الرسغ الكعبرية,0.7605271935462952,0.6883679628372192,0.7226507067680359,Incorrect
657,ما هو الوريد السطحي الذي يشكل الابطي؟,ANSWER: الوريد البازلي,القاعدي,الوريد البازلي,القاعدي,0.7640730738639832,0.7624041438102722,0.7632376551628113,Correct
660,ماذا تفرز الخلايا ألفا في البنكرياس؟,ANSWER: هرمون الغلوكاجون,الفلوكاغون,هرمون الغلوكاجون,الفلوكاغون,0.8269043564796448,0.8707479238510132,0.8482599258422852,Correct
664,ما هو اسم أعمق الانخفاضات في الصيوان؟,ANSWER: الحفرة الصماوية,المحار,الحفرة الصماوية,المحار,0.7585869431495667,0.7608227729797363,0.7597032189369202,Incorrect
665,ما هي وظيفة هرمون الغدة جار الدرقية PTH؟,ANSWER: تنظيم الكالسيوم,يرفع كالسيوم الدم,تنظيم الكالسيوم,يرفع كالسيوم الدم,0.74607914686203,0.7381392121315002,0.7420879006385803,Correct
669,ما الذي يمتد من المنخر حتى المنعر؟,ANSWER: تجويف الأنف,جوف الأنف,تجويف الأنف,جوف الأنف,0.8748535513877869,0.897830605506897,0.8861932158470154,Correct
671,ما الذي يقع بين جسم الفقرة والقوس الفقرية؟,ANSWER: العمود الفقري,الثقبة الفقرية,العمود الفقري,الثقبة الفقرية,0.9059601426124572,0.8855626583099365,0.8956453204154968,Incorrect
676,أين تتوضع الطية المخملة؟,ANSWER: في جدار الأمعاء الدقيقة,الوجه السفلي للسان,في جدار الأمعاء الدقيقة,الوجه السفلي للسان,0.751474916934967,0.743664026260376,0.7475491166114807,Incorrect
680,ما هو الهرمون الذي يفرز PTH؟,ANSWER: الغدة الدرقية,الغدد جارات الدرق.,الغدة الدرقية,الغدد جارات الدرق.,0.8415699005126953,0.8150159120559692,0.8280801177024841,Incorrect
683,ما هو الهرمون الذي يسرع عملية تصنيع الأحماض الدهنية من الغلوكوز في الخلايا الشحمية؟,ANSWER: الأنسولين,الأنسولين,الأنسولين,الأنسولين,0.9999998807907104,0.9999998807907104,0.9999998807907104,Correct
688,ما هي العضلات التي تعمل على توازن الرأس على الجذع؟,ANSWER: عضلات الرقبة,عضلات العنق.,عضلات الرقبة,عضلات العنق.,0.8924427032470703,0.8614681959152222,0.876681923866272,Correct
693,من أين يخرج العصب الوجهي من الجمجمة؟,ANSWER: الثقبة stylomastoid,الثقبة الأبرية الخشائية,الثقبة stylomastoid,الثقبة الأبرية الخشائية,0.7545435428619385,0.7834562659263611,0.7687281370162964,Correct
696,ما الذي يتصل به المدورين بالخلف في الفخذ؟,ANSWER: العجز,العرف بين المدورين,العجز,العرف بين المدورين,0.7675500512123108,0.7698900699615479,0.7687183022499084,Incorrect
698,أين يدخل الحالبان المثانة؟,ANSWER: جدار المثانة,الخلفي,جدار المثانة,الخلفي,0.7084226608276367,0.7488222718238831,0.7280624508857727,Incorrect
700,ما هي الباحة المسؤولة عن حركات العين؟,ANSWER: الباحة القذالية,8,الباحة القذالية,8,0.5847105979919434,0.6516562700271606,0.6163709759712219,Incorrect
709,ما هو الشريان الذي ينشأ منه الجذع المشترك للشريان بين العظمين؟,ANSWER: الشريان الأبهر,الزندي,الشريان الأبهر,الزندي,0.7932131290435791,0.83051598072052,0.8114360570907593,Incorrect
710,ما هو وجه عظم الترقوة الذي عليه ميزابة طولانية؟,ANSWER: الوجه العلوي,الوجه السفلي,الوجه العلوي,الوجه السفلي,0.9416927099227904,0.9191632270812988,0.9302915930747986,Incorrect
713,من أين يفرز الغلوكاغون؟,ANSWER: البنكرياس,خلايا الفا في المعثكلة,البنكرياس,خلايا الفا في المعثكلة,0.7113025188446045,0.6854020357131958,0.6981121301651001,Incorrect
715,ما هي الطبقة المبطنة للتامور الليفي؟,ANSWER: الغشاء البريتوني,التامور المصلي الجداري,الغشاء البريتوني,التامور المصلي الجداري,0.7789678573608398,0.7742249965667725,0.7765891551971436,Incorrect
718,ما هو معنى التوسع في نهاية الأسهر؟,ANSWER: توسع الأسهر,مجل الأسهر,توسع الأسهر,مجل الأسهر,0.8847334980964661,0.8847334980964661,0.8847334980964661,Incorrect
720,كم عدد فقرات الجزء الصدري من العمود الفقري؟,ANSWER: اثنا عشر فقرة,12,اثنا عشر فقرة,12,0.5966107845306396,0.6727016568183899,0.6323755383491516,Correct
722,من أين ينتج هرمون الأستروجين؟,ANSWER: المبيض,المبيض,المبيض,المبيض,1.0,1.0,1.0,Correct
739,ما هي الفروع الانتهائية للسباني الخارجي؟,ANSWER: الفرع الأمامي والخلفي,حنكي وصدغي سطحي,الفرع الأمامي والخلفي,حنكي وصدغي سطحي,0.6889386177062988,0.6990325450897217,0.6939488649368286,Incorrect
743,ما هو مصدر التعصيب الحركي لعضلات الظهر العميقة؟,ANSWER: العصب الشوكي,الشعب الاوليه الظهريه,العصب الشوكي,الشعب الاوليه الظهريه,0.7375725507736206,0.7515708208084106,0.7445058822631836,Incorrect
748,ما هو الجيب الوريدي الذي يصب في الوريد الوداجي الباطن؟,ANSWER: الجيب الوريدي السيني,الجيب السيني,الجيب الوريدي السيني,الجيب السيني,0.9048861861228944,0.9560691714286804,0.9297738075256348,Correct
752,أين يتوضع العظم الكتفي؟,ANSWER: فوق الكتف,الاضلاع الثانية حتى السابعة,فوق الكتف,الاضلاع الثانية حتى السابعة,0.6855702996253967,0.6503969430923462,0.6675205826759338,Incorrect
753,ما هي المنطقة الأعمق في الغدة الكظرية؟,ANSWER: القشرة الكظرية,اللب,القشرة الكظرية,اللب,0.705733060836792,0.7633642554283142,0.7334182262420654,Incorrect
756,ما الذي يقع بين النواة العدسية من جهة والنواة والمهاد من الجهة الأخرى؟,ANSWER: الجسم المهادي,المحفظة الداخلية.,الجسم المهادي,المحفظة الداخلية.,0.7515213489532471,0.7530591487884521,0.7522894740104675,Incorrect
760,ما الذي ينفتح على القرين الأنفي العلوي؟,ANSWER: تجويف الأنف,الجيب الوتدي,تجويف الأنف,الجيب الوتدي,0.7417338490486145,0.753482460975647,0.7475619316101074,Incorrect
761,أين يمكن إجراء الحقن العضلي في القسم العلوي؟,ANSWER: عضلة الدeltoid,الدالية,عضلة الدeltoid,الدالية,0.6489875316619873,0.6870841979980469,0.6674927473068237,Correct
763,أين تتوضع الاحدوبة الدالية في العضد؟,ANSWER: على السطح الأمامي للعضد,الوحشي,على السطح الأمامي للعضد,الوحشي,0.7057095170021057,0.7586526870727539,0.7312240600585938,Incorrect
768,ما هو أكبر الجيوب جانب الأنف؟,ANSWER: جيب جيباني,الفكي,جيب جيباني,الفكي,0.7728167772293091,0.7686253786087036,0.7707154154777527,Incorrect
775,ما هو العصب المحرك لعضلات اللسان؟,ANSWER: العصب تحت اللساني,12,العصب تحت اللساني,12,0.5660462379455566,0.613095223903656,0.5886320471763611,Correct
777,ما الذي يتوضع تحت الخط الضرسي اللامي؟,ANSWER: العضلة اللامية,حفرة الغدة تحت الفك السفلي,العضلة اللامية,حفرة الغدة تحت الفك السفلي,0.7809088230133057,0.7507128119468689,0.7655131220817566,Incorrect
791,ما هي الطبقة المحيطة بالقلب والمرتبطة به؟,ANSWER: التامور,التامور المصلي الحشوي,التامور,التامور المصلي الحشوي,0.9138760566711426,0.7831764221191406,0.8434932827949524,Incorrect
793,ما هو الشريان الذي ينشأ منه الشريان الزاوي؟,ANSWER: الشريان تحت الترقوة,الشريان الوجهي,الشريان تحت الترقوة,الشريان الوجهي,0.7929174900054932,0.8466860055923462,0.8189201354980469,Incorrect
796,ما هو تشكل الوريد المأبضي؟,ANSWER: الوريد المأبضي,الوريد الظنبوبي الامامي والوريد الظنبوبي الخلفي,الوريد المأبضي,الوريد الظنبوبي الامامي والوريد الظنبوبي الخلفي,0.7881366014480591,0.7414940595626831,0.7641042470932007,Incorrect
799,ما هي المنطقة الأعمق في قشر الكظر؟,ANSWER: القشرة الشبكية,الشبكية,القشرة الشبكية,الشبكية,0.8522632122039795,0.9076667428016664,0.8790929317474365,Correct
802,أين يقع التلم الوحشي؟,ANSWER: على جانبي الدماغ,فص الجزيرة,على جانبي الدماغ,فص الجزيرة,0.7175061106681824,0.7271037697792053,0.722273051738739,Incorrect
803,أين يصب الوريد الكلوي؟,ANSWER: الوريد الأجوف السفلي,الأجوف السفلي,الوريد الأجوف السفلي,الأجوف السفلي,0.8801087141036987,0.9156650304794312,0.8975348472595215,Correct
808,أين ترتكز العضلة المدورة الصغيرة؟,ANSWER: الكتف,حديبة العضد الكبرى.,الكتف,حديبة العضد الكبرى.,0.7390558123588562,0.7319424748420715,0.7354819774627686,Incorrect
811,ما هو الجزء من البلعوم الذي يتبعه الردب الكمثري؟,ANSWER: البلعوم الأنفي,الحنجري,البلعوم الأنفي,الحنجري,0.797871470451355,0.8475906848907471,0.8219798803329468,Incorrect
815,كم عدد الأعصاب القحفية؟,ANSWER: اثنا عشر,12 شفعًا,اثنا عشر,12 شفعًا,0.7047147750854492,0.7290075421333313,0.7166553735733032,Correct
816,أين تتوضع نواة العصب العاشر؟,ANSWER: في جذع الدماغ,البصلة,في جذع الدماغ,البصلة,0.7195769548416138,0.7489392161369324,0.7339645624160767,Incorrect
817,ما هو العنصر الذي يجاور الرغامي من الخلف؟,ANSWER: الغدة الدرقية,المري,الغدة الدرقية,المري,0.7219805717468262,0.7557462453842163,0.7384776473045349,Incorrect
818,ما هو العصب القحفي الذي يجتاز النفق الصدري؟,ANSWER: العصب تحت الترقوة,2,العصب تحت الترقوة,2,0.5748963952064514,0.6903333067893982,0.6273487210273743,Incorrect
819,ما هو العظم الأضخم في هيكل القدم؟,ANSWER: عظم الفخذ,العقب,عظم الفخذ,العقب,0.7661770582199097,0.7869710922241211,0.7764348983764648,Incorrect
822,أين يوجد النفير البلعومي السمعي؟,ANSWER: الأنف,البلعوم الانفي,الأنف,البلعوم الانفي,0.8067168593406677,0.7618577480316162,0.7836458683013916,Incorrect
826,ما الذي يحد فتحة وينسلو من الأسفل؟,ANSWER: الغضروف الدقيق,الإثني عشر.,الغضروف الدقيق,الإثني عشر.,0.7091860175132751,0.7144404649734497,0.7118035554885864,Incorrect
830,ما يُسمى الوجه الأمامي للوح الكتف؟,ANSWER: الوجه الأمامي,الحفرة تحت الكتفية,الوجه الأمامي,الحفرة تحت الكتفية,0.7745646238327026,0.7447037696838379,0.759340763092041,Incorrect
832,ما هو الشريان الذي يروي القولون الصاعد؟,ANSWER: الشريان الكولوني الأيمن,المساريقي العلوي,الشريان الكولوني الأيمن,المساريقي العلوي,0.8145737051963806,0.8228573203086853,0.8186945915222168,Correct
834,ما هي الطية الجلدية التي تغطي رأس القضيب؟,ANSWER: القلف,القلفة,القلف,القلفة,0.97371506690979,0.97371506690979,0.97371506690979,Correct
835,ما يُدعى القسم العلوي المتسع من الحالب؟,ANSWER: الكأس الحالبية,الحويضة,الكأس الحالبية,الحويضة,0.8067171573638916,0.8124361038208008,0.8095664978027344,Incorrect
839,ما هي المنطقة الفاصلة بين الطيتين الصوتيين؟,ANSWER: الشق الصوتي,مشق المزمار,الشق الصوتي,مشق المزمار,0.8012773990631104,0.7931854724884033,0.7972108721733093,Correct
840,ما هي الطبقة من الكظر التي تتألف من حبال مقوسة من خلايا عمودية متقاربة؟,ANSWER: القشرة الكظرية,الطبقة الكبيبة,القشرة الكظرية,الطبقة الكبيبة,0.7843137979507446,0.8053249716758728,0.7946805953979492,Incorrect
841,ما هي الخلايا التي تتوضع في اللحمة بين النبيبات؟,ANSWER: الخلايا النجمية,لايديغ,الخلايا النجمية,لايديغ,0.6563364863395691,0.6678435206413269,0.6620400547981262,Incorrect
860,ما هو السطح الخلفي للفخذ تحت المدور الكبير؟,ANSWER: السطح الخلفي للفخذ,الأحدوبة الأولوية,السطح الخلفي للفخذ,الأحدوبة الأولوية,0.6987704038619995,0.7129015922546387,0.7057652473449707,Incorrect
861,ما الذي يحويه القسم الأمامي للثلم الأمامي الخلفي الأيسر للكبد؟,ANSWER: المرارة,ثلم الرباط المدور,المرارة,ثلم الرباط المدور,0.8243285417556763,0.7777897119522095,0.8003831505775452,Incorrect
864,ما هو الشريان الذي يروي معظم الوجه الوحشي للمخ؟,ANSWER: الشريان المخي الأوسط,المخى الأوسط.,الشريان المخي الأوسط,المخى الأوسط.,0.8549026250839233,0.8841314315795898,0.8692713975906372,Correct
870,ما هي المنطقة الفاصلة بين الطيتين الصوتيين؟,ANSWER: الشق الصوتي,مشق المزمار,الشق الصوتي,مشق المزمار,0.8012773990631104,0.7931854724884033,0.7972108721733093,Correct
872,ما هو العصب القحفي الذي يعبر الثقبة البيضية؟,ANSWER: العصب ثلاثي التوائم,الفكي السفلي,العصب ثلاثي التوائم,الفكي السفلي,0.7403354644775391,0.7573972940444946,0.7487691640853882,Incorrect
873,ما هو الهرمون الذي يسبب دفقه الشديد حدوث عملية الإباضة؟,ANSWER: الهرمون الموجه للجهاز التناسلي,LH,الهرمون الموجه للجهاز التناسلي,LH,0.5589366555213928,0.6379024982452393,0.59581458568573,Incorrect
876,ما هو الهرمون الذي يستهدف الدرق ويحفز إفراز الهرمون الدرقي؟,ANSWER: هرمون محفز الدرق,TSH,هرمون محفز الدرق,TSH,0.6444532871246338,0.6933250427246094,0.6679964661598206,Correct
882,ما هي أكبر عقدة مفردة من النسيج اللمفاوي؟,ANSWER: العقدة اللمفاوية العجزية,الطحال,العقدة اللمفاوية العجزية,الطحال,0.7175706028938293,0.7845051288604736,0.7495465278625488,Incorrect
884,ما هي العضلة الرئيسية المسؤولة عن قبض المرفق؟,ANSWER: العضلة ثنائية الراس,العضدية,العضلة ثنائية الراس,العضدية,0.7314975261688232,0.7840094566345215,0.7568437457084656,Incorrect
887,ما هي التراكيب التي توجد على حافتي اللسان وتحوي براعم ذوقية كثيرة؟,ANSWER: الحليمات اللسانية,الورقية,الحليمات اللسانية,الورقية,0.821531355381012,0.8376733660697937,0.8295238614082336,Incorrect
888,ما هي الشعيرات الدموية التي تغلفها محفظة بومان؟,ANSWER: الشعيرات الدموية الكبيبية,الكبيبة الكلوية,الشعيرات الدموية الكبيبية,الكبيبة الكلوية,0.8152599930763245,0.8627769947052002,0.8383457660675049,Correct
891,ما هي الحافة من الفرع التي تشكل زاوية الفك السفلي؟,ANSWER: الحافة السفلية,الخلفية,الحافة السفلية,الخلفية,0.8026976585388184,0.8333007097244263,0.8177129030227661,Incorrect
904,ما الذي تغلفه العضلة البصلية الإسفنجية؟,ANSWER: الأوعية الدموية,بصلة القضيب,الأوعية الدموية,بصلة القضيب,0.7269385457038879,0.7136925458908081,0.72025465965271,Incorrect
909,من أين يخرج العصب الشوكي؟,ANSWER: الثقب بين الفقرات,الثقبة بين الفقرية,الثقب بين الفقرات,الثقبة بين الفقرية,0.9215434193611144,0.9055423736572266,0.9134728908538818,Correct
911,ما هي الألياف التي تعصب العضلة مصرة الحدقة؟,ANSWER: الألياف السمبثاوية,نظيرة ودية,الألياف السمبثاوية,نظيرة ودية,0.680989146232605,0.7173285484313965,0.6986866593360901,Incorrect
915,ما هو البطين الذي يحويه الدماغ البيني داخله؟,ANSWER: البطين الثالث,الثالث,البطين الثالث,الثالث,0.6836789846420288,0.7817952632904053,0.7294525504112244,Correct
919,ما الذي يشغل الجزء العلوي من قبة القحف؟,ANSWER: المخ,العظم الجداري,المخ,العظم الجداري,0.7496188879013062,0.7516593933105469,0.7506377696990967,Incorrect
920,ما هو العصب الذي يعصب الغدة النكفية؟,ANSWER: العصب الوجهي,تحت اللساني,العصب الوجهي,تحت اللساني,0.7501879930496216,0.7583744525909424,0.7542589902877808,Incorrect
921,من أين يخرج العصب تحت اللساني؟,ANSWER: الثقبة تحت اللسانية,النفق تحت اللساني,الثقبة تحت اللسانية,النفق تحت اللساني,0.8756617307662964,0.897620677947998,0.8865052461624146,Correct
922,ما هي الخلايا البالعة الكبدية؟,ANSWER: الخلايا الكوبية,خلايا كوبفر.,الخلايا الكوبية,خلايا كوبفر.,0.7196329832077026,0.7228925824165344,0.7212591171264648,Correct
932,أين يصب الوريد الصافن الكبير (الأنسي)؟,ANSWER: الوريد الفخذي,الوريد الفخذي,الوريد الفخذي,الوريد الفخذي,1.0,1.0,1.0,Correct
948,ما هو الشريان الذي يستمر به الريان تحت الترقوة؟,ANSWER: الشريان تحت الترقوة,الإبطي,الشريان تحت الترقوة,الإبطي,0.7751826047897339,0.792040228843689,0.7835207581520081,Incorrect
950,ما تُدعى الردب بين عنق الرحم والمهبل؟,ANSWER: الرتبة المهبلية,قبو المهبل,الرتبة المهبلية,قبو المهبل,0.8109220266342163,0.8266205787658691,0.8186960816383362,Incorrect
954,في أي مستوى من الفقرات الصدرية يتم التمفصل بين قبضة وجسم القص؟,ANSWER: T2-T3,الرابعة.,T2-T3,الرابعة.,0.6201194524765015,0.6778179407119751,0.647686243057251,Incorrect
958,ما هو الرباط الذي يربط الرحم بجدران الحوض الجانبية؟,ANSWER: الرباط الحوضي,العريض,الرباط الحوضي,العريض,0.8183194398880005,0.8443073034286499,0.8311102986335754,Incorrect
959,ما هي العضلة التي تنشأ من الشوكة الحرقفية الأمامية العلوية وترتكز انسي الظنبوب؟,ANSWER: العضلة الساقية,الخياطية,العضلة الساقية,الخياطية,0.7648236751556396,0.7685428857803345,0.7666787505149841,Incorrect
964,ما هي الطبقة البطانية الرحمية التي تتعرض إلى تغيرات ملحوظة أثناء الدورة الشهرية؟,ANSWER: الطبقة الوظيفية,الطبقة الوظيفية.,الطبقة الوظيفية,الطبقة الوظيفية.,0.9488459825515748,0.9355614185333252,0.9421569108963012,Correct
982,ما هو موقع مستقبلات الضغط المسؤولة عن المنعكس القلبي التثبيطي؟,ANSWER: القوس الأبهري,الجيب السباتي.,القوس الأبهري,الجيب السباتي.,0.800624668598175,0.8154642581939697,0.8079763650894165,Incorrect
985,ما هو أكبر أعضاء الجسم وزناً ومساحة؟,ANSWER: الجلد,الجلد,الجلد,الجلد,0.9999998807907104,0.9999998807907104,0.9999998807907104,Correct
988,ما هي البنية الأكثر علواً في جذر الرئة اليسرى؟,ANSWER: الشريان الرئوي,الشريان الرئوي,الشريان الرئوي,الشريان الرئوي,1.0,1.0,1.0,Correct
994,ما هو المكان الذي يعبر من خلاله الشريان السحاني الأوسط؟,ANSWER: الثلم السحاني,الثقبة الشوكية,الثلم السحاني,الثقبة الشوكية,0.8408727645874023,0.827913224697113,0.8343426585197449,Incorrect
995,ما هو الجوف الهوائي الذي يحوي عظيمات السمع؟,ANSWER: تجويف الأذن الوسطى,الأذن الوسطى,تجويف الأذن الوسطى,الأذن الوسطى,0.8503166437149048,0.932119071483612,0.8893407583236694,Correct
1008,ما هي وظيفة النهايات العصبية الحرة الواردة ضمن ألياف العضلة القلبية؟,ANSWER: الإحساس بالألم,الإحساس بالألم.,الإحساس بالألم,الإحساس بالألم.,0.9676413536071776,0.9564900994300842,0.9620334506034852,Correct
1015,ما هي الخلايا التي تخزن فيتامين A في الكبد؟,ANSWER: خلايا ستار,خلايا إيتو,خلايا ستار,خلايا إيتو,0.8895965814590454,0.8656556606292725,0.8774628639221191,Correct
1021,من أين يحمل الشريان الرئوي الدم غير المؤكسج؟,ANSWER: البطين الأيمن,البطين الأيمن,البطين الأيمن,البطين الأيمن,1.0,1.0,1.0,Correct
1022,ما هو العصب القحفي الثاني؟,ANSWER: العصب البصري,البصري - حاسي,العصب البصري,البصري - حاسي,0.8435778617858887,0.8283768892288208,0.8359082341194153,Correct
1023,ما هو العظم الذي تنتمي إليه الثلمة الاسكية الصغيرة؟,ANSWER: عظم الفك العلوي,الاسك,عظم الفك العلوي,الاسك,0.7034730911254883,0.7248479127883911,0.7140005826950073,Incorrect
1028,ما هو الغضروف المرتبط مع الحلقة الرغامية الأولى؟,ANSWER: غضروف الحنجرة,الحلقي,غضروف الحنجرة,الحلقي,0.7870504260063171,0.8352025747299194,0.8104119300842285,Incorrect
1035,ما هو المفصل الذي يتألف من سطحين كل منهما محدب في اتجاه ومقعر في اتجاه آخر؟,ANSWER: مفصل كروي,سرجي saddle,مفصل كروي,سرجي saddle,0.6628612279891968,0.6666564345359802,0.6647534370422363,Incorrect
1039,ما هو أكبر أعصاب الجسم؟,ANSWER: العصب الوركي,الوركي,العصب الوركي,الوركي,0.8381856679916382,0.8937414884567261,0.8650725483894348,Correct
1041,كم عدد العضلات بين العظمية الأخمصية؟,ANSWER: 20 عضلة,3,20 عضلة,3,0.6730251908302307,0.7093873620033264,0.6907280683517456,Incorrect
1052,أين ينتهي الأبهر النازل؟,ANSWER: الشريان الفخذي,L4,الشريان الفخذي,L4,0.5947414636611938,0.6418071985244751,0.6173786520957947,Incorrect
1062,ما هي المراكز المسؤولة عن تنسيق الفعالية الحركية وضمان الثباتية؟,ANSWER: المراكز الشوكية,النوى القاعدية,المراكز الشوكية,النوى القاعدية,0.8281024098396301,0.8478605151176453,0.8378649950027466,Incorrect
1066,ما هو وجه العظم الجبهي الذي ينتمي للقحف العصبي؟,ANSWER: الوجه الداخلي,الداخلي,الوجه الداخلي,الداخلي,0.8641418814659119,0.8985408544540405,0.8810057640075684,Correct
1070,أين ينفتح الجيب الفكي؟,ANSWER: تحت اللسان,الصماخ المتوسط,تحت اللسان,الصماخ المتوسط,0.7377021312713623,0.7098273634910583,0.7234963178634644,Incorrect
1071,ما هو أكبر أقسام المعثكلة؟,ANSWER: الفص الجبهي,الرأس,الفص الجبهي,الرأس,0.7541271448135376,0.7701181173324585,0.7620387673377991,Incorrect
1077,ما هي الحدود التشريحية للحجرة الخلفية للعين؟,ANSWER: العظم القذالي والعظم الجبهي والعظم الصدغي,القزحية في الأمام والعدسة في الخلف,العظم القذالي والعظم الجبهي والعظم الصدغي,القزحية في الأمام والعدسة في الخلف,0.7363525629043579,0.7281808853149414,0.7322438955307007,Incorrect
1079,أين ترتكز العضلة الشظوية القصيرة؟,ANSWER: على الشظية,قاعدة المشط الخامس,على الشظية,قاعدة المشط الخامس,0.7380113005638123,0.7309045791625977,0.7344407439231873,Incorrect
1083,ما هي المنطقة في الحنجرة التي تشمل الطيتين الصوتيتين والمسافة بينهما؟,ANSWER: الشق الصوتي,المزمار,الشق الصوتي,المزمار,0.7797985076904297,0.798143208026886,0.788864254951477,Incorrect
1085,أين تقع الوهدة في البلعوم؟,ANSWER: البلعوم الأنفي,الفموي,البلعوم الأنفي,الفموي,0.8229492902755737,0.8672828674316406,0.8445346355438232,Incorrect
1086,ما هي الغدة التي تتوضع تحت الطية اللسانية؟,ANSWER: الغدة اللعابية تحت الفك,اللسان,الغدة اللعابية تحت الفك,اللسان,0.7199425101280212,0.7753960490226746,0.7466410994529724,Incorrect
1102,ما هو العصب الذي ينتقل عبره الحس غير العام (حس الذوق) من الثلث الأمامي للسان؟,ANSWER: العصب الوجهي,العصب الوجهي.,العصب الوجهي,العصب الوجهي.,0.961531937122345,0.9499471187591552,0.9557044506072998,Correct
1106,ماذا يروي المساريقي العلوي؟,ANSWER: الشريان السباتي,الأمعاء الدقيقة,الشريان السباتي,الأمعاء الدقيقة,0.838512659072876,0.8349041938781738,0.8367044925689697,Incorrect
1123,ما هي المنطقة الأعمق من قشر الكظر؟,ANSWER: القشرة الشبكية,المنطقة الشبكية,القشرة الشبكية,المنطقة الشبكية,0.8670904040336609,0.9011660814285278,0.8837999105453491,Correct
1126,ما هي الفقرة التي تحتوي على ثقبة فقرية كبيرة ومثلثية الشكل؟,ANSWER: الفقرة الأولى العنقية,الفقرة الرقبية,الفقرة الأولى العنقية,الفقرة الرقبية,0.8278483152389526,0.8666090965270996,0.8467853665351868,Correct
1127,ما هو لون قشر الكظر؟,ANSWER: أصفر,مائل للصفرة,أصفر,مائل للصفرة,0.7600204348564148,0.7296522855758667,0.7445268630981445,Correct
1130,ما هو النسيج الضام الليفي الذي يرتكز حول السطوح المفصلية؟,ANSWER: الغشاء المفصلي,المحفظة المفصلية,الغشاء المفصلي,المحفظة المفصلية,0.8575608730316162,0.8453183174133301,0.8513956069946289,Incorrect
1137,كم عدد شدف النخاع الشوكي؟,ANSWER: ثلاثة,31,ثلاثة,31,0.6880364418029785,0.6880364418029785,0.6880364418029785,Incorrect
1151,ما هو التصريف اللمفاوي للثلث الخلفي للسان؟,ANSWER: العقد اللمفاوية العميقة في العنق,العقد الرقبيه العميقه,العقد اللمفاوية العميقة في العنق,العقد الرقبيه العميقه,0.7869604825973511,0.816616952419281,0.8015145659446716,Correct
1153,ما هي الغدة التي تقوم بإفراز الميلاتونين؟,ANSWER: الغدة النكفية,الخاليا الصنوبرية.,الغدة النكفية,الخاليا الصنوبرية.,0.74212247133255,0.7442778944969177,0.743198573589325,Incorrect
1156,ما هو الشريان الذي له انطباعات على الوجه الداخلي للعظم الصدغي وهو فرع من أي شريان؟,ANSWER: الشريان السحائي الأوسط,الفكي,الشريان السحائي الأوسط,الفكي,0.7212740182876587,0.7548080682754517,0.7376601696014404,Incorrect
1160,ما هو التصنيف الذي يمكننا من معرفة العضلات التي تشارك في كل مرحلة مفصلية وتطبيق ذلك أثناء الفحص؟,ANSWER: تصنيف كابل,وظيفي.,تصنيف كابل,وظيفي.,0.6861991286277771,0.7000507116317749,0.6930557489395142,Incorrect
1162,ما هي الشرايين التي تسير بين الفصوص بإتجاه القشرة على كل جانب من جانبي الهرم الكلوي؟,ANSWER: الشرايين بين الفصية,الشرايين بين الفصوص,الشرايين بين الفصية,الشرايين بين الفصوص,0.9295958280563354,0.945597231388092,0.9375282526016236,Correct
1200,ما هو الدواء الأمثل لبدء التخدير لمريض مصاب بنزف حاد؟,ANSWER: كيتامين,كيتامين,كيتامين,كيتامين,1.0,1.0,1.0,Correct
1205,ما هو المخدر الذي يتميز بالمباشرة والصحو السريعين؟,ANSWER: بروبوفول,الديسفلوران,بروبوفول,الديسفلوران,0.7691061496734619,0.7548953890800476,0.7619344592094421,Incorrect
1211,ما هو الدواء الأمثل لبدء التخدير لمريض مصاب بنزف رضي حاد؟,ANSWER: كيتامين,كيتامين,كيتامين,كيتامين,1.0,1.0,1.0,Correct
1219,ما هو المرخي العضلي الأمثل لتسهيل تنبيب مريض ذي خطورة عالية للاستنشاق؟,ANSWER: روكورونيوم,السوكسنيل كولين,روكورونيوم,السوكسنيل كولين,0.7788528800010681,0.7565348744392395,0.7675316333770752,Incorrect
1222,ما هو الترياق المناسب للتسمم بالمورفين؟,ANSWER: نالوكسون,A. النالوكسون,نالوكسون,A. النالوكسون,0.846794843673706,0.7775354981422424,0.8106886148452759,Correct
1270,ما الذي يشير إليه بقاء عيني المريض مفتوحتين مع رأرأة خفيفة وحركات غير هادفة بعد إعطائه جرعة من الكيتامين؟,ANSWER: حالة من الإغماء,أن الجرعة السابقة مركنة ومخدرة,حالة من الإغماء,أن الجرعة السابقة مركنة ومخدرة,0.7199178338050842,0.6813764572143555,0.7001171112060547,Incorrect
1273,ما هو الدواء المنتخب للإرخاء العضلي والتنبيب لمريض يعاني من قصور كلوي ويحتاج لعملية إسعافية؟,ANSWER: روكورونيوم,اتراكوريوم,روكورونيوم,اتراكوريوم,0.8584600687026978,0.8336039781570435,0.8458494544029236,Incorrect
1275,ما هو المرخي العضلي المفضل استعماله لمريض سيخضع لجراحة إسعافية ويعاني من قصور كلوي؟,ANSWER: روكورونيوم,B. أتراكوريوم,روكورونيوم,B. أتراكوريوم,0.8167370557785034,0.7545872926712036,0.7844330668449402,Incorrect
1296,ماذا يفكك الببسين؟,ANSWER: البروتينات,البروتين,البروتينات,البروتين,0.9260917901992798,0.9484413862228394,0.9371333122253418,Correct
1309,ما التعبير الصحيح لوصف جزيئات الإيثين في تفاعل تشكيل البولي إيثين؟,ANSWER: أحادي غير مشبع,مونوميرات (موحودات),أحادي غير مشبع,مونوميرات (موحودات),0.7264459729194641,0.7300428748130798,0.7282399535179138,Incorrect
1351,ماذا يسبب عوز إنزيم البيروفات كيناز؟,ANSWER: فقر دم نقي,فقر دم انحلالي,فقر دم نقي,فقر دم انحلالي,0.9161228537559508,0.8855424523353577,0.9005731344223022,Incorrect
1354,ماذا ندعو آلية تفاعل الكلور مع البروبان في ضوء الشمس لإنتاج 1-كلورو بروبان؟,ANSWER: تفاعل استبدال حليجي,استبدال الجذور الحرة,تفاعل استبدال حليجي,استبدال الجذور الحرة,0.7827004790306091,0.7402957677841187,0.7609078288078308,Incorrect
1356,ما هي الاسطوانات المنحنية التي تكون سهلة التمييز لمحتواها الكاسر للضوء؟,ANSWER: اسطوانات منحنية,شمعية,اسطوانات منحنية,شمعية,0.749449610710144,0.8024300336837769,0.7750354409217834,Incorrect
1359,ما هي الحموض الأمينية المشحونة سلبياً؟,ANSWER: حموض أمينية حمضية,اسباريتك,حموض أمينية حمضية,اسباريتك,0.6599348783493042,0.6747546195983887,0.6672624945640564,Incorrect
1362,ما هي أعراض عوز فيتامين البيوتين؟,ANSWER: تساقط الشعر وتهيج الجلد,من أعراضه التخلف العقلي.,تساقط الشعر وتهيج الجلد,من أعراضه التخلف العقلي.,0.720786452293396,0.7077951431274414,0.7142317295074463,Incorrect
1363,ما هي مفرزات الصفراء؟,ANSWER: حمض الصفراء,الأملاح الصفراوية.,حمض الصفراء,الأملاح الصفراوية.,0.7587893605232239,0.7695924043655396,0.7641526460647583,Correct
1366,ما هي خصائص الشجرة الوراثية لخلة متنحية جسدية فيها الأبوين مصابين؟,ANSWER: 100% مصابون,كل الأبناء مصابين,100% مصابون,كل الأبناء مصابين,0.7814019322395325,0.7717097401618958,0.776525616645813,Correct
1369,ما هي النواتج المتشكلة عند تفاعل معدن الصوديوم مع الإيثانول؟,ANSWER: إيثوكسيد الصوديوم وإيثان,اوكسيد الصوديوم وهيدروجين,إيثوكسيد الصوديوم وإيثان,اوكسيد الصوديوم وهيدروجين,0.7963653802871704,0.8244208693504333,0.8101503252983093,Incorrect
1370,ما هي خصائص أنزيم RNA Polymerase؟,ANSWER: إنزيمات النسخ,يشكل الروابط التكافؤية الإستيرية.,إنزيمات النسخ,يشكل الروابط التكافؤية الإستيرية.,0.7202938795089722,0.6991009712219238,0.7095392346382141,Incorrect
1372,ما هو النكليوتيد في جزيء DNA؟,ANSWER: وحدة بناء,يمكن أنيرتبط به أكثر من مجموعة فوسفات واحدة.,وحدة بناء,يمكن أنيرتبط به أكثر من مجموعة فوسفات واحدة.,0.7302793860435486,0.6475839614868164,0.6864500641822815,Incorrect
1374,ما هو فيتامين البيوتين؟,ANSWER: فيتامين ب7,يصنع من قبل الجراثيم المعوية,فيتامين ب7,يصنع من قبل الجراثيم المعوية,0.6349619626998901,0.6311203837394714,0.6330353617668152,Incorrect
1375,ما هي حالة عدم تحمل اللاكتوز؟,ANSWER: عدم تحمل اللاكتوز,من أسبابها الإسهالات الشديدة,عدم تحمل اللاكتوز,من أسبابها الإسهالات الشديدة,0.6846580505371094,0.6580207347869873,0.671075165271759,Incorrect
1403,ما هو اسم الاستر المتشكل عندما يتفاعل الميتانول مع حمض البوتانوئيك بوجود بضع قطرات من حمض الكبريت المركز؟,ANSWER: إستر البوتانوات,بوتانوات الميتيل,إستر البوتانوات,بوتانوات الميتيل,0.8525331616401672,0.8374819755554199,0.8449405431747437,Incorrect
1437,ما هو سبب الوفاة لدى مرض التلاسيميا؟,ANSWER: فشل القلب,تراكم الحديد,فشل القلب,تراكم الحديد,0.8136230707168579,0.7917261719703674,0.8025252819061279,Incorrect
1454,ما هي الصبغيات التي يوجد فيها الكروماتين المغاير؟,ANSWER: الصبغيات الجنسية,1,الصبغيات الجنسية,1,0.6215097904205322,0.6845661401748657,0.6515158414840698,Incorrect
1460,ما المركب الذي ينقص منه نتيجة التأخر في فصل البلازما أو المصل من الكريات في الدم؟,ANSWER: عامل الخامس,الغلوكوز.,عامل الخامس,الغلوكوز.,0.7282571792602539,0.7260515689849854,0.7271527051925659,Incorrect
1503,ما هو المركب الذي يستخدم كزمرة ملحقة لجميع الإنزيمات الناقلة الزمرة الأمين؟,ANSWER: بيريدوكسال فوسفات,البيرودوكسال فوسفات,بيريدوكسال فوسفات,البيرودوكسال فوسفات,0.8470929861068726,0.8338505029678345,0.840419590473175,Correct
1508,ما هو العلاج الثاني لمرض الثلاسيميا بيتا؟,ANSWER: زرع نخاع العظم,زرع نقي عظام,زرع نخاع العظم,زرع نقي عظام,0.8236335515975952,0.8504068851470947,0.8368061184883118,Correct
1554,ما هو الاضطراب الذي يتميز بفرط شديد في بيليروبين المصل غير المرتبط وعوز جزئي في UDPGT؟,ANSWER: متلازمة كريلفلد-سبنسر,كريجلر نجار,متلازمة كريلفلد-سبنسر,كريجلر نجار,0.6940778493881226,0.752805769443512,0.7222499251365662,Incorrect
1577,ما هو سبب الوفاة لدى مرضى التلاسيميا؟,ANSWER: فشل القلب,تراكم الحديد,فشل القلب,تراكم الحديد,0.8136229515075684,0.7917261123657227,0.8025251626968384,Incorrect
1581,ماذا يسبب عوز الثيامين الشديد؟,ANSWER: مرض البري بري,البري بري,مرض البري بري,البري بري,0.8555319309234619,0.8838282823562622,0.8694499731063843,Correct
1591,كم يبلغ عدد الجينات التي تشفر لجزيئات الرنا الأصغري miRNAs في مجين الإنسان؟,ANSWER: 1043 جين,125,1043 جين,125,0.6334952712059021,0.6436251997947693,0.6385200619697571,Incorrect
1600,أين يتم اصطناع الدقائق الكيلوسية؟,ANSWER: في الكبد,الأمعاء,في الكبد,الأمعاء,0.7704975605010986,0.7864276766777039,0.7783810496330261,Incorrect
1616,ما هو الإنزيم الذي يتم بوساطته ربط شدف أوكازاكي؟,ANSWER: ليغاز DNA,أنزيم الليغاز,ليغاز DNA,أنزيم الليغاز,0.7979599237442017,0.7594919800758362,0.7782508730888367,Correct
1617,ما هو أكثر الأنزيمات فعالية تحفيزية في جسم الإنسان؟,ANSWER: كاتالاز,كاربونيك انهيدراز.,كاتالاز,كاربونيك انهيدراز.,0.7869956493377686,0.7668863534927368,0.776810884475708,Incorrect
1619,ما هو الشكل الفعال لفيتامين B6؟,ANSWER: بيريدوكسال 5-فوسفات,البيريدوكسال فوسفات,بيريدوكسال 5-فوسفات,البيريدوكسال فوسفات,0.8687400817871094,0.8899428248405457,0.8792135715484619,Correct
1669,ما هو الموقع الطبيعي للجين الورمي ABL؟,ANSWER: الكروموسوم 9,9q34,الكروموسوم 9,9q34,0.6168102025985718,0.7037587761878967,0.6574220657348633,Incorrect
1694,كم عدد طبقات الفوسفولبيد في المذيلة؟,ANSWER: طبقتان,3,طبقتان,3,0.6795830726623535,0.7136914134025574,0.6962196826934814,Incorrect
1695,ما هو التركيب الذي يدخل فيه الكولاجين 4؟,ANSWER: غشاء القاع,الغشاء القاعدي .,غشاء القاع,الغشاء القاعدي .,0.8188409805297852,0.8133814334869385,0.8161020874977112,Correct
1696,ما الذي تؤدي إليه استلة الهيستونات؟,ANSWER: ترسيب الكروماتين,تفعيل الانتساخ.,ترسيب الكروماتين,تفعيل الانتساخ.,0.7682687044143677,0.789170503616333,0.7785793542861938,Incorrect
1707,ما هي الخصائص التي تتميز بها شجرة النسب الحاوية على حالة وراثة متعلقة بالمتقدرات والأم فقط فيها مصابة؟,ANSWER: وراثة سائدة متقدرة,كل الأولاد مصابون.,وراثة سائدة متقدرة,كل الأولاد مصابون.,0.7058066129684448,0.7290529608726501,0.7172415256500244,Incorrect
1715,ما هو الحمض الأميني الذي تتم أستلة الهستونات له؟,ANSWER: الليسين,اللوسين,الليسين,اللوسين,0.9653084874153136,0.9653084874153136,0.9653084874153136,Incorrect
1740,ما هي المكونات التي تتألف منها الفوسفولبيدات بالإضافة إلى حمضين دسمين والفوسفات؟,ANSWER: جليسرول,الغليسرول .,جليسرول,الغليسرول .,0.6987944841384888,0.7134453654289246,0.7060439586639404,Correct
1741,ما هي الوظيفة الوحيدة لسيغما في إنزيم بوليمراز RNA البكتيري؟,ANSWER: تحرير,التعرف على المحضض.,تحرير,التعرف على المحضض.,0.7213544249534607,0.671270489692688,0.6954118609428406,Incorrect
1746,ما هي الأجزاء التي تتبادل بينها الإشارات الجزيئية التي يعتمد عليها ضبط النظام الخلوي الجذعي؟,ANSWER: النيكوبلازم,الخلايا الجذعية وذريتها والنسج المحيطة .,النيكوبلازم,الخلايا الجذعية وذريتها والنسج المحيطة .,0.6848304867744446,0.6769047379493713,0.6808445453643799,Incorrect
1755,ما تدعى البروتينات المشكلة لمعقدات الثقوب النووية؟,ANSWER: بروتينات نوكلوبورين,النكليوبورين .,بروتينات نوكلوبورين,النكليوبورين .,0.7130531072616577,0.7523187398910522,0.7321598529815674,Correct
1756,كيف تتم إزالة المتقدرات الحاوية على طفرات بالية؟,ANSWER: العلاج الجيني,الجيني الاختناق.,العلاج الجيني,الجيني الاختناق.,0.8339396715164185,0.7951933741569519,0.814105749130249,Incorrect
1760,ما هو عامل الإطلاق في حقيقيات النوى؟,ANSWER: RNA بوليميراز,RF2,RNA بوليميراز,RF2,0.677838921546936,0.7338076233863831,0.7047137022018433,Incorrect
1818,ما هي الروابط التي تربط سلسلتي عديدي النكليوتيد مع بعضهما البعض؟,ANSWER: الروابط الهيدروجينية,هيدروجينية.,الروابط الهيدروجينية,هيدروجينية.,0.6841474175453186,0.7626732587814331,0.7212793827056885,Correct
1823,ما هي خصائص الشجرة الوراثية لخلة متنحية فيها الأبوين مصابين؟,ANSWER: جميع الأبناء مصابون,كل الأبناء مصابين.,جميع الأبناء مصابون,كل الأبناء مصابين.,0.8900817036628723,0.8853399753570557,0.8877045512199402,Correct
1851,ما هو أكبر مستوى من المستويات التراتبية للحياة؟,ANSWER: النظام البيئي,المنظومة البيئية .,النظام البيئي,المنظومة البيئية .,0.8322511911392212,0.7616605758666992,0.7953926920890808,Correct
1861,ما هو الحمض الأميني الذي تبدأ به جميع عديدات الببتيد في بدائيات النوى؟,ANSWER: ميثيونين,المعدل الميثيونين.,ميثيونين,المعدل الميثيونين.,0.7962945699691772,0.7487645149230957,0.7717984914779663,Correct
1862,ما الذي يدل عليه تقدير نسبة تنوع النمط الظاهري لخلة ما بسبب الاختلافات الجينية؟,ANSWER: الوراثة,قابلية الانتقال بالوراثة.,الوراثة,قابلية الانتقال بالوراثة.,0.775208592414856,0.7006475329399109,0.7360446453094482,Incorrect
1866,ما هي الآلية التي تضمن للخلية الجذعية استمرارها إلى ما لا نهاية؟,ANSWER: الترميم الذاتي,التجديد الذاتي,الترميم الذاتي,التجديد الذاتي,0.9215423464775084,0.9215423464775084,0.9215423464775084,Incorrect
1868,ما هو الحمض الأميني الذي نتج عن ترجمة أول جزيء رنا مرسال صنعي؟,ANSWER: ميثيونين,الهستيدين,ميثيونين,الهستيدين,0.8086237907409668,0.7989672422409058,0.8037664890289307,Incorrect
1869,ما هي الإنزيمات التي تقوم القلنسوة بحماية سلسلة الرنا من التدرك بها؟,ANSWER: إنزيمات رنا بوليميراز,الليغاز,إنزيمات رنا بوليميراز,الليغاز,0.7015938758850098,0.7353230714797974,0.7180626392364502,Incorrect
1871,ما هو مقدار المادة الوراثية التي يتشاركها أقرباء من الدرجة الثانية مع المستلفت؟,ANSWER: 12.5%,سدس مادتهم الوراثية,12.5%,سدس مادتهم الوراثية,0.5854129791259766,0.5774224400520325,0.5813902616500854,Incorrect
1881,أين يلتحم الغشاءان النوويان؟,ANSWER: الغشاء النووي الداخلي,معدات الثقوب النووية .,الغشاء النووي الداخلي,معدات الثقوب النووية .,0.7802056074142456,0.7793469429016113,0.7797760963439941,Incorrect
1903,ما هي النتائج المتوقعة في حال إصابة أب بصفة تخضع لوراثة متنحية مرتبطة بالصبغي X؟,ANSWER: جميع البنات الحاملات,ينقل الصفة فقط لبناته,جميع البنات الحاملات,ينقل الصفة فقط لبناته,0.7477282285690308,0.7292852401733398,0.7383915781974792,Correct
1923,ما هي النظرية التي تفسر ظهور المتقدرات والصانعات بإدخال جراثيم داخل الخلايا تقوم بالفسفرة والتركيب الضوئي؟,ANSWER: نظرية symbiogenesis,فرضية التعايش الداخلي,نظرية symbiogenesis,فرضية التعايش الداخلي,0.732557475566864,0.704129695892334,0.7180623412132263,Correct
1933,ماذا يسبب وجود الألائل السائد في الأنماط الجينية المختلفة التالية RRYY و RrYy و RRYy و RrYY؟,ANSWER: مرض السكري من النوع الأول,نمط ظاهري جديد,مرض السكري من النوع الأول,نمط ظاهري جديد,0.7016634941101074,0.6952227354049683,0.6984282732009888,Incorrect
1950,ما هو المكان الذي توجد فيه أكبر نسبة للبروتينات في أغشية خلايا الجسم؟,ANSWER: الغشاء البلازمي,الغشاء الخلوي للصانعات الخضراء .,الغشاء البلازمي,الغشاء الخلوي للصانعات الخضراء .,0.8370528221130371,0.7771481275558472,0.8059889078140259,Incorrect
1951,ما هو المسؤول عن إزالة مشراع الرنا قرب انتهاء تنسخ الدنا واستبدالها بنكليوتيدات الدنا؟,ANSWER: إنزيم بوليميراز الدنا,بوليميراز الدنا من النمط الأول,إنزيم بوليميراز الدنا,بوليميراز الدنا من النمط الأول,0.8651692867279053,0.8108751177787781,0.8371427655220032,Incorrect
1953,ما الذي ترتبط به الصبيغيات الشقيقة على أنيبيبات مغزل الانقسام؟,ANSWER: الكينيتوكور,الجسيم الحركي .,الكينيتوكور,الجسيم الحركي .,0.7073715329170227,0.711462140083313,0.7094109058380127,Correct
1985,ما المميز بشجرة النسب الحاوية على حالة وراثة متعلقة بالمتقدرات والتي تكون فيها الأم فقط مصابة؟,ANSWER: وراثة متقدرة,الاولاد كلهم مصابون.,وراثة متقدرة,الاولاد كلهم مصابون.,0.706943929195404,0.6984174847602844,0.7026548385620117,Incorrect
1989,ما هو الاختلاف بين الانترونات والاكسونات؟,ANSWER: غير مشفر مقابل مشفر,لا تترجم إلى بروتين.,غير مشفر مقابل مشفر,لا تترجم إلى بروتين.,0.6450313329696655,0.6747792959213257,0.6595700979232788,Correct
1991,ما الذي تمثله الخطوط الأفقية التي ترسم أعلى الدوائر والمربعات في شجرة النسب؟,ANSWER: خطوط التزاوج,التواءم,خطوط التزاوج,التواءم,0.7515912055969238,0.767265260219574,0.7593473196029663,Incorrect
1998,علام تحتوي الخلايا التي يعبر عنها مصطلح الهيولي المتغايرة؟,ANSWER: خلايا دم بيضاء,متقدرات سليمة وطافرة,خلايا دم بيضاء,متقدرات سليمة وطافرة,0.728877067565918,0.6925454139709473,0.7102469205856323,Incorrect
2001,ما هي الطرق التي يمكن من خلالها تمييز الصبغيات بعضها عن بعض؟,ANSWER: تباين الصبغيات,النمط الجيني,تباين الصبغيات,النمط الجيني,0.7143839597702026,0.7165302038192749,0.7154554128646851,Incorrect
2006,ما هو التعبير الذي يُستخدم للطاقة الكامنة المختزنة في مدروج للشحنات الكهربائية؟,ANSWER: الطاقة الكامنة الكهربائية,بالكمون الكهربائي.,الطاقة الكامنة الكهربائية,بالكمون الكهربائي.,0.7910749912261963,0.7764030694961548,0.7836703062057495,Correct
2010,ما الذي تتشكل منه الأرجل الصفائحية؟,ANSWER: من الخلايا الظهارية,الأكتين.,من الخلايا الظهارية,الأكتين.,0.7412428259849548,0.7438079118728638,0.7425231337547302,Incorrect
2022,ما هي الرابطة في البنية الثانوية للحمض النووي؟,ANSWER: رابطة هيدروجينية,هيدروجينية,رابطة هيدروجينية,هيدروجينية,0.8697918057441711,0.9207214117050172,0.8945322632789612,Correct
2025,ما نوع الجينات التي تعد جينات الرنا الريباسي منها؟,ANSWER: جينات الرنا الريباسي,الخدمية.,جينات الرنا الريباسي,الخدمية.,0.7193084359169006,0.7621418237686157,0.7401058673858643,Incorrect
2039,ما هو عدد الصبغيات المأشوبة إذا حدث تأشيب في 80 انقسام؟,ANSWER: 160 صبغي,320,160 صبغي,320,0.6789337992668152,0.7345045804977417,0.7056268453598022,Incorrect
2045,ما هي العملية التي يتم بها تكوين متعضية تشبه الأبوين من بيضة مخصبة؟,ANSWER: التخصيب,التنامي الجنيني,التخصيب,التنامي الجنيني,0.7377662062644958,0.7551181316375732,0.7463412880897522,Incorrect
2055,على من يظهر الاحلال الوراثي في الوراثة الجنسية المناحية؟,ANSWER: الذكور,على الذكور والإناث من الأبناء,الذكور,على الذكور والإناث من الأبناء,0.7331438064575195,0.6635307669639587,0.6966024041175842,Incorrect
2058,ما هو المجهر الذي يدرس السطح الطبوغرافي؟,ANSWER: مجهر مسح إلكتروني,مجهر القوة الذرية .,مجهر مسح إلكتروني,مجهر القوة الذرية .,0.7537448406219482,0.777833878993988,0.7655999064445496,Incorrect
2068,ما هي البنى السيتوبلازمية المغلفة بغشاء واحد على الأقل؟,ANSWER: الميتوكوندريا والبلعمة,العضبيات,الميتوكوندريا والبلعمة,العضبيات,0.7319334745407104,0.7617912888526917,0.7465639114379883,Incorrect
2078,ما هي خصائص شجرة النسب الحاوية على حالة وراثة متعلقة بالمتقدرات والوالدين فيها مصابين؟,ANSWER: وراثة متقدرة,الأولاد كلهم مصابون.,وراثة متقدرة,الأولاد كلهم مصابون.,0.7357659339904785,0.746451735496521,0.7410703301429749,Incorrect
2088,ما الذي تختلف به الأحماض الأمينية عن بعضها؟,ANSWER: سلسلة جانبية,المجموعة الكربوكسيلية,سلسلة جانبية,المجموعة الكربوكسيلية,0.7223919630050659,0.6729170680046082,0.6967774033546448,Incorrect
2090,ما الذي يشير إليه المربع الصغير المملوء في شجرة الوراثة؟,ANSWER: فرد مصاب,طفل مصاب,فرد مصاب,طفل مصاب,0.9272891283035278,0.9082443714141846,0.9176679253578186,Correct
2103,ما هو سبب حدوث التلاسيميا بيتا؟,ANSWER: طفرات في جين بيتا جلوبين,خلة جسدية متنحية.,طفرات في جين بيتا جلوبين,خلة جسدية متنحية.,0.6967234015464783,0.7326323986053467,0.7142267823219299,Correct
2105,ماذا يؤدي وجود التربتوفان في مشغل التيربتوفان؟,ANSWER: تثبيط إنتاج التيربتوفان,تثبيط انتساخ الجينات,تثبيط إنتاج التيربتوفان,تثبيط انتساخ الجينات,0.80619215965271,0.8220371603965759,0.8140375018119812,Incorrect
2115,ما الذي تساعد عليه حلقة الأكتين المتقلصة؟,ANSWER: انقباض العضلات,انقسام النواة,انقباض العضلات,انقسام النواة,0.8026098012924194,0.8329452276229858,0.8174961805343628,Incorrect
2121,ما الذي يدل عليه المعين في شجرة النسب؟,ANSWER: وراثة سائدة,الفرد مات في مرحلة مبكرة,وراثة سائدة,الفرد مات في مرحلة مبكرة,0.7111116647720337,0.7185550928115845,0.7148140072822571,Incorrect
2123,كم عدد الجينات المسؤولة عن الاصطناع الحيوي للحمض الأميني التربتوفان في جينوم بكتيريا E.Coli؟,ANSWER: خمسة جينات,6,خمسة جينات,6,0.6858640909194946,0.7272996306419373,0.7059744596481323,Incorrect
2125,ما هي وظيفة حويصلات كوب ٢؟,ANSWER: إفراز العرق,النقل التقدمى من الشبكة البلازمية الى مدخل غولجي فقط .,إفراز العرق,النقل التقدمى من الشبكة البلازمية الى مدخل غولجي فقط .,0.7041770219802856,0.6784082055091858,0.6910524368286133,Incorrect
2138,ما هو معدل الحاملين في مجتمع إذا كان انتشار مرض التالاسيميا معروفاً في ذلك المجتمع؟,ANSWER: معدل الحاملين,50M,معدل الحاملين,50M,0.6413387060165405,0.687033474445343,0.6634001731872559,Incorrect
2139,أين تجري عملية التمثيل الضوئي؟,ANSWER: البلاستيدات الخضراء,الصائعات الخضراء,البلاستيدات الخضراء,الصائعات الخضراء,0.8804378509521484,0.8797491788864136,0.8800933957099915,Correct
2154,ماذا يحدث عند انخفاض نسبة الكوليسترول في الغشاء الخلوي؟,ANSWER: انخفاض المرونة,تزداد مرونة الغشاء.,انخفاض المرونة,تزداد مرونة الغشاء.,0.7373404502868652,0.7431885004043579,0.7402529120445251,Incorrect
2166,أين يتحد الغشاءان النوويان الداخلي والخارجي؟,ANSWER: الثقوب النووية,معقدات الثقوب النووية,الثقوب النووية,معقدات الثقوب النووية,0.9386372566223145,0.8753041625022888,0.9058650732040404,Correct
2167,كم عدد القواعد الآزوتية اللازمة لإنتاج بروتين الأنسولين المكوّن من 51 حمض أميني إنتاجاً كاملاً؟,ANSWER: 3 قواعد,153,3 قواعد,153,0.6457130908966064,0.6329092383384705,0.6392470598220825,Incorrect
2170,ما هي الترسبات الصباغية التي تحوي بروتين الفيرتين؟,ANSWER: هيموسيدرين,حبيبات هيمرسيدرين,هيموسيدرين,حبيبات هيمرسيدرين,0.8653994798660278,0.8057741522789001,0.8345231413841248,Correct
2179,ما هو أول عنصر من عناصر الدراسة العلمية المنهجية؟,ANSWER: الملاحظة,الاختبار والنتائج .,الملاحظة,الاختبار والنتائج .,0.6091586947441101,0.58170086145401,0.595113217830658,Incorrect
2181,ماذا تشير النجمة بعد رمز الجين؟,ANSWER: طفرات,لترميز الجينات,طفرات,لترميز الجينات,0.7527125477790833,0.7045111656188965,0.7278147339820862,Incorrect
2191,ما يُعرف بامتصاص بعض المواد الضوء بطول موجة ومن ثم إصداره بطول موجة أطول؟,ANSWER: الفلورسنت,التألق,الفلورسنت,التألق,0.7484853863716125,0.7614357471466064,0.7549050450325012,Correct
2200,ما يُدعى نوع وترتيب الأحماض الأمينية في البروتين؟,ANSWER: تسلسل الأحماض الأمينية,البنية الأولية,تسلسل الأحماض الأمينية,البنية الأولية,0.7069443464279175,0.7510421276092529,0.7283263802528381,Correct
2202,ماذا ينتج عند حدوث خلل في تنظيم السبيل الإشاري WNT؟,ANSWER: ورم خبيث,سرطان أمعاء,ورم خبيث,سرطان أمعاء,0.7199543118476868,0.7397322654724121,0.7297093868255615,Incorrect
2204,ما هي الشعبة التي ينتمي إليها الإنسان؟,ANSWER: الثدييات,الثدييات .,الثدييات,الثدييات .,0.9185091257095336,0.9016249179840088,0.9099887013435364,Correct
2216,ما هي نتيجة التطور التي تؤدي إلى التكيف؟,ANSWER: التطور الطبيعي,الاصطفاء الطبيعي .,التطور الطبيعي,الاصطفاء الطبيعي .,0.8379552364349365,0.7477237582206726,0.7902721762657166,Incorrect
2218,أين تكثر جزر CpG؟,ANSWER: في المناطق الميثيلية,المحضضات.,في المناطق الميثيلية,المحضضات.,0.7485843896865845,0.7374144792556763,0.7429574728012085,Incorrect
2222,ما هو الأساس الأزوتي المتمم للتايمين في الرنا؟,ANSWER: اليوراسيل,اليوراسيل,اليوراسيل,اليوراسيل,1.0,1.0,1.0,Correct
2224,ما هو الموقع الذي يبدأ فيه انتساخ الجينات المرمزة للبروتينات بارتباط انزيم الرنا بوليميراز؟,ANSWER: موقع البدء,المطلق القريب .,موقع البدء,المطلق القريب .,0.7665449976921082,0.7658307552337646,0.7661877274513245,Incorrect
2228,أين تقع الجينات المسؤولة عن الزمر الدموية عند البشر؟,ANSWER: الكروموسوم 9,الصيغي 9,الكروموسوم 9,الصيغي 9,0.7342453598976135,0.7585106492042542,0.7461807727813721,Correct
2232,ما هو الدور الرئيسي في تعرف جسيم التضفير مواقع التضفير؟,ANSWER: تحديد مواقع الانقسام الخلوي,snRNPs.,تحديد مواقع الانقسام الخلوي,snRNPs.,0.6257120370864868,0.6527577638626099,0.6389487981796265,Incorrect
2236,ما هي الصبغيات التي يحدث بينها إزفاء متبادل في حالة ابيضاض الدم النقوي المزمن CML؟,ANSWER: صبغيات فيلادلفيا,9 و 11,صبغيات فيلادلفيا,9 و 11,0.5979967713356018,0.6047722697257996,0.6013654470443726,Incorrect
2249,ما هو عدد الأنماط الظاهرية المختلفة في الجيل الثاني في حال التفارز المستقل بين المورثتين A و B؟,ANSWER: تسعة,8,تسعة,8,0.6967129707336426,0.70773845911026,0.7021824717521667,Incorrect
2250,ما هو عدد الأنماط الجينية في أعراس فرد متغاير الأليلات AB/ab إذا كان الارتباط بين المورثتين A و B كاملاً؟,ANSWER: أربعة أنماط جينية,2,أربعة أنماط جينية,2,0.6189351081848145,0.7144735455513,0.6632816791534424,Incorrect
2273,ما نوع الوراثة التي يكون فيها والدا الطفل المصاب حاملين متغايري الألائل عديمين الأمراض؟,ANSWER: وراثة سائدة,الجسدية المتنحية,وراثة سائدة,الجسدية المتنحية,0.7465407848358154,0.7295550107955933,0.7379501461982727,Incorrect
2274,ما هو نمط هذا المرض إذا عانى فرد متخالف الألائل من أعراض مرض وكان موضع الجين على الصبغي 5؟,ANSWER: وراثي جسمي متنحي,صبغي جسدي سائد,وراثي جسمي متنحي,صبغي جسدي سائد,0.7372856140136719,0.7408097982406616,0.7390435338020325,Incorrect
2281,ما هو خطر إصابة الطفل بالورم التليفي العصبي في الحمل التالي لأم مصابة أنجبت ذكرًا مصابًا بالمرض علمًا أن زوجها سليم؟,ANSWER: 50%,0.5,50%,0.5,0.7078350782394409,0.6977823376655579,0.7027727365493774,Correct
2282,ما هو الاحتمال الأول لطراز انتقال هذا المرض الوراثي عندما ينجب أبوان سليمان طفلين (ذكر وأنثى) مصابين بمرض استقلابي بدأت تظاهراته مبكراً؟,ANSWER: 25%,صبغي جسدي سائد,25%,صبغي جسدي سائد,0.6132193207740784,0.5751755833625793,0.5935885310173035,Incorrect
2285,ما هو القانون الذي ينص على أن زاوية الورود تساوي زاوية الانعكاس؟,ANSWER: قانون الانعكاس,للانعكاس,قانون الانعكاس,للانعكاس,0.8337521553039551,0.8547683954238892,0.8441295027732849,Correct
2289,ما هي الصيغة التي تعطينا التفاصيل الأقل والنسبة الأبسط للذرات الموجودة في الجزيء؟,ANSWER: الصيغة البسطة,الصيغة التجريبية,الصيغة البسطة,الصيغة التجريبية,0.8616518974304199,0.8390979766845703,0.8502253890037537,Incorrect
2290,ما هو الذي يعطي لأشعة جاما مصدرا آخر للأشعة السينية التي يمكن أن تكون مفيدة وطاقتها قريبة من طاقة أشعة جاما الأصلية بحيث يمكن عدهما أشعة واحدة؟,ANSWER: أشعة إكس ثانوية,التحول الداخلي,أشعة إكس ثانوية,التحول الداخلي,0.7152755856513977,0.731839656829834,0.7234628796577454,Incorrect
2295,ما هو التواتر المناسب للأمواج التي يمكن استخدامها للكشف عن المواد غير المرئية بالنسبة للتواتر 500GHz؟,ANSWER: تواترات أقل,الأعلى,تواترات أقل,الأعلى,0.6930903792381287,0.7484082579612732,0.7196878790855408,Incorrect
2296,ما هو المجال الذي تكون فيه الأمواج تحت الصوتية أصغر منه؟,ANSWER: المجال فوق الصوتي,20 Hz,المجال فوق الصوتي,20 Hz,0.697577953338623,0.7316322326660156,0.7141993641853333,Incorrect
2299,ما هو المقدار الذي يتزايد لدى انتثار فوتون عن الكترون بمفعول كومتون؟,ANSWER: الطول الموجي,طوله الموجي,الطول الموجي,طوله الموجي,0.8902252316474915,0.878483772277832,0.884315550327301,Correct
2305,ما الذي يعبر عن شدة الموجة الصوتية؟,ANSWER: شدة الصوت,بالواط على المتر المربع .,شدة الصوت,بالواط على المتر المربع .,0.733952522277832,0.7036629915237427,0.7184886932373047,Incorrect
2306,ما هي خصائص الأشعة السينية؟,ANSWER: إشعاع كهرومغناطيسي,اشعاعات كهرطيسية وبأطوال موجية أقصر بكثير منها في حالة الضوء المرئي.,إشعاع كهرومغناطيسي,اشعاعات كهرطيسية وبأطوال موجية أقصر بكثير منها في حالة الضوء المرئي.,0.7869252562522888,0.6982741355895996,0.739953875541687,Incorrect
2309,ما هي القوة التي تحدث تشوهاً في الجسم وتكون مطبقة على وحدة السطح؟,ANSWER: الضغط,الاجهاد,الضغط,الاجهاد,0.7531759142875671,0.6805137991905212,0.7150035500526428,Incorrect
2311,ماذا تعتبر درجة حرارة النواة والغلاف في جسم الإنسان؟,ANSWER: درجة حرارة الجسم الأساسية,ثابتة - متغيرة,درجة حرارة الجسم الأساسية,ثابتة - متغيرة,0.6465137004852295,0.6467469930648804,0.6466302871704102,Incorrect
2312,ما هو ثابت التناسب بين تدرج السرعة؟,ANSWER: ثابت فريك,معامل لزوجه المائع,ثابت فريك,معامل لزوجه المائع,0.722239077091217,0.7045010328292847,0.7132596969604492,Incorrect
2319,ما هو الناتج عندما تتفاعل الألدهيدات مع NaBH5؟,ANSWER: الكحول,أغوال أولية,الكحول,أغوال أولية,0.7072151899337769,0.6892001628875732,0.698091447353363,Incorrect
2320,ما هي الطريقة التي يجري بها التبادل الحراري بين الجسم والوسط المحيط؟,ANSWER: التبريد العرق,الأوعية الدموية,التبريد العرق,الأوعية الدموية,0.7221000790596008,0.6850963830947876,0.7031116485595703,Incorrect
2322,ما هو المعيار الذي يستخدمه العلماء لحساب الكتل الذرية النسبية؟,ANSWER: الوزن الذري,نظير الكربون 12,الوزن الذري,نظير الكربون 12,0.7095295190811157,0.6896048784255981,0.6994253396987915,Incorrect
2324,ما هي الوحدة التي يقاس بها الضغط في إطار السيارة في الولايات المتحدة؟,ANSWER: رطل لكل بوصة مربعة,الباوند لكل موجه مربعه,رطل لكل بوصة مربعة,الباوند لكل موجه مربعه,0.7641766667366028,0.7501429319381714,0.7570947408676147,Correct
2325,ما هو القانون الذي ينص على أن تغير الحقل المغنطيسي يولد حقلا كهربائيا؟,ANSWER: قانون فاراداي,فارادي,قانون فاراداي,فارادي,0.8192288875579834,0.8565094470977783,0.8374544382095337,Correct
2328,ما هو وصف جريان المائع المستقر من ناحية سرعته في أي نقطة منه مع الزمن؟,ANSWER: جريان لزج,ثابتة .,جريان لزج,ثابتة .,0.6449524164199829,0.7013998031616211,0.671992838382721,Incorrect
2332,ما هي المادة التي تتخذ شكل أسفل الوعاء الذي يحتويها ولها حجم خاص بها؟,ANSWER: سائل,سائلة,سائل,سائلة,0.8855783939361572,0.8640727996826172,0.8746933937072754,Correct
2338,ما تسمى القوى عندما يكون عمر الحالة المثارة طويلا؟,ANSWER: قوى بطيئة,شبه مستقرة,قوى بطيئة,شبه مستقرة,0.7795795798301697,0.7814421653747559,0.7805097699165344,Incorrect
2340,ما هو الذي يعطى لأشعة غاما مصدراً آخر للأشعة السينية التي يمكن أن تكون مفيدة وطاقتها قريبة من طاقة أشعة غاما الأصلية بحيث يمكن الحصول على أشعة واحدة؟,ANSWER: مصدر أشعة إكس ثانوي,التحول الداخلي,مصدر أشعة إكس ثانوي,التحول الداخلي,0.6983352899551392,0.7209746837615967,0.7094743847846985,Incorrect
2341,ما نوع الكثافة التي تعتبر منها العظام ومستحضرات التباين العائمة مثل اليود والباريوم؟,ANSWER: كثافة عالية,الكلسية.,كثافة عالية,الكلسية.,0.7286278009414673,0.7275961637496948,0.7281116247177124,Incorrect
2342,ما هي طبيعة الأشعة السينية؟,ANSWER: إشعاع أيوني,اشعاعات كهر طيسية,إشعاع أيوني,اشعاعات كهر طيسية,0.809869110584259,0.7797325849533081,0.7945151925086975,Incorrect
2346,ما هو مجموع الكتل الذرية النسبية في مركب أيوني؟,ANSWER: الوزن الجزيئي,الكتلة الصيغية النسبية,الوزن الجزيئي,الكتلة الصيغية النسبية,0.7909183502197266,0.7834075689315796,0.7871450781822205,Incorrect
2347,أين يقع مجال التيراهرتز؟,ANSWER: الطيف الكهرومغناطيسي,الأشعة تحت الحمراء والأمواج المكروية .,الطيف الكهرومغناطيسي,الأشعة تحت الحمراء والأمواج المكروية .,0.7180413603782654,0.7306901216506958,0.7243105173110962,Incorrect
2349,لماذا يُستخدم الماء في درجة معينة كمادة مرجعية للوزن النوعي؟,ANSWER: كثافة معروفة,قيمتها العظمى,كثافة معروفة,قيمتها العظمى,0.7661490440368652,0.740127444267273,0.7529134750366211,Incorrect
2352,ما هي مكونات صمام الأشعة السينية؟,ANSWER: غشاء المريء,المسدد,غشاء المريء,المسدد,0.783479630947113,0.8279513120651245,0.8051018714904785,Incorrect
2361,ما الذي تتعلق به الطاقة التي يصدرها الجسم الأسود وفقاً لدراسة تغير تابع إشعاع الجسم الأسود؟,ANSWER: درجة الحرارة,درجة حرارته المطلقة,درجة الحرارة,درجة حرارته المطلقة,0.8241466283798218,0.7146105766296387,0.7654799818992615,Correct
2363,ما هي قوة اللزوجة بالنسبة لاتجاه جريان المائع؟,ANSWER: معاكسة,تعاكسه .,معاكسة,تعاكسه .,0.7825241088867188,0.7853398323059082,0.7839294672012329,Correct
2364,ما هي الطاقة التي يمكن بها تفكيك رابطة في خلايا النسج؟,ANSWER: طاقة تنشيط,فوتون أشعة سينينة.,طاقة تنشيط,فوتون أشعة سينينة.,0.7367427349090576,0.7461012601852417,0.7413924932479858,Incorrect
2369,ما يجب أن يكون عليه ضغط الهواء داخل القاعة في حالة الثوران بالنسبة لضغط الماء خارجها حيث تتوازن قوة الضغط نحو الخارج مع قوة التوتر السطحي نحو الداخل؟,ANSWER: ضغط التوتر السطحي,اکبر,ضغط التوتر السطحي,اکبر,0.6442543268203735,0.6830061674118042,0.6630645394325256,Incorrect
2372,ما هو المجال الموجي لأشعة UVC؟,ANSWER: 100-280 نانومتر,100-280nm,100-280 نانومتر,100-280nm,0.8142698407173157,0.8689079284667969,0.8407020568847656,Correct
2373,ما هي طبيعة الارتباط بين قرينة الانكسار لوسط مادي معين وسرعة الأمواج في ذلك الوسط؟,ANSWER: عكسي,عكسيا - سرعة,عكسي,عكسيا - سرعة,0.8801332712173462,0.8279346227645874,0.8532363772392273,Correct
2381,ما هي الخاصية التي يميزها التواتر والطول الموجي؟,ANSWER: موجة صوتية,الموجة,موجة صوتية,الموجة,0.7297430038452148,0.7280904650688171,0.7289157509803772,Correct
2384,ما هي الطاقة التي تحملها الموجة في وحدة الزمن؟,ANSWER: الطاقة,استطاعة الموجة الضوئية,الطاقة,استطاعة الموجة الضوئية,0.7117154598236084,0.644107460975647,0.6762258410453796,Incorrect
2387,ما هي قابلية العين التي تسمح بالمطابقة لكل أبعاد الجسم عن العين مع الاستمرار بتشكيل خيال على بعد ثابت من العدسة يتحدد بالفاصل بين العدسة والشبكية؟,ANSWER: التكيف,تعديل شكل العدسة,التكيف,تعديل شكل العدسة,0.7632694244384766,0.7651773691177368,0.7642222046852112,Correct
2388,كيف يؤثر الضغط على توازن التفاعلات التي تكون متفاعلاتها ومنتجاتها؟,ANSWER: قانون الفعل العكسي,غازات,قانون الفعل العكسي,غازات,0.6794317364692688,0.7169424891471863,0.6976832747459412,Incorrect
2389,ما هو التواتر في حالة الأمواج الصوتية؟,ANSWER: التردد,عدد الإنضغاطات الاي تمر في نقطة معينة في الثانية,التردد,عدد الإنضغاطات الاي تمر في نقطة معينة في الثانية,0.691789448261261,0.6398261189460754,0.6647939085960388,Incorrect
2391,ما هو شكل الطاقة التي تصدرها أجسامنا حتى في درجات الحرارة العادية؟,ANSWER: الإشعاع الحراري,إشعاع كهرطيسي,الإشعاع الحراري,إشعاع كهرطيسي,0.8214918971061707,0.8040841817855835,0.8126948475837708,Correct
2400,ما هي التحولات التي تحافظ على العدد الكتلي؟,ANSWER: التحولات الإشعاعية,الايزوبارية,التحولات الإشعاعية,الايزوبارية,0.7015080451965332,0.7200777530670166,0.7106716632843018,Incorrect
2410,ما هو القانون الذي يربط بين معدل الجريان الحجمي في وعاء دموي من جهة وفارق الضغط بين طرفي الوعاء ونصف قطره الداخلي وطوله ولزوجة الدم؟,ANSWER: قانون بوازي-هايجن-بوسيويل,قانون بورواري,قانون بوازي-هايجن-بوسيويل,قانون بورواري,0.7625571489334106,0.8419191837310791,0.8002753853797913,Correct
2412,ما نوع الجريان عندما تكون سرعة المائع في أي نقطة منه ثابتة مع مرور الزمن؟,ANSWER: جريان ثابت,مستقر,جريان ثابت,مستقر,0.715965747833252,0.7256432771682739,0.7207720279693604,Correct
2413,ما هي آلية انتقال الحرارة في الموائع؟,ANSWER: الحمل الحراري,الحمل,الحمل الحراري,الحمل,0.7909575700759888,0.8567990064620972,0.8225628137588501,Correct
2417,ما هي صفات الخيال في المصورات ذات الثقب؟,ANSWER: خيال مقلوب ومكبر,خیال حقيقي مقلوب.,خيال مقلوب ومكبر,خیال حقيقي مقلوب.,0.8314847946166992,0.8533710241317749,0.8422857522964478,Incorrect
2419,ما هي العلاقة التناسبية لقرينة الانكسار لأي وسط معين؟,ANSWER: معامل الانكسار,عكسيا مع سرعة الأمواج في ذلك الوسط,معامل الانكسار,عكسيا مع سرعة الأمواج في ذلك الوسط,0.7427131533622742,0.7232692241668701,0.7328621745109558,Incorrect
2422,ما هي الأشعة التي حققت حلم الإنسان القديم في رؤية داخل الجسم من دون بضع؟,ANSWER: الأشعة السينية,الاشعة السينية,الأشعة السينية,الاشعة السينية,0.867970883846283,0.867970883846283,0.867970883846283,Correct
2427,ما هو المركب الذي يتشكل من تفاعل حمض الآزوت المركز بوجود حمض الكبريت المركز مع نترو البنزين؟,ANSWER: ثلاثي نترو التولوين,ميتا ثنائي نترو البنزن,ثلاثي نترو التولوين,ميتا ثنائي نترو البنزن,0.8452580571174622,0.8293272256851196,0.8372167944908142,Incorrect
2429,ما هي التبادلات التي تجري بين الجسم الصلب والمانع المتحرك الذي يختلف عنه في درجة الحرارة؟,ANSWER: التبادل الحراري,الحمل,التبادل الحراري,الحمل,0.726433277130127,0.7704794406890869,0.7478083372116089,Incorrect
2430,ما هي وظيفة الحقل الكهربائي في الأفران الكروية؟,ANSWER: تسخين المواد,يجعل جزيئات الماء تقوم بحركة دورانية,تسخين المواد,يجعل جزيئات الماء تقوم بحركة دورانية,0.7248822450637817,0.7031880617141724,0.7138704061508179,Incorrect
2435,ما هي طبيعة الإشعاعات الكهرومغناطيسية؟,ANSWER: غير مادية,مثنوية .,غير مادية,مثنوية .,0.777038037776947,0.7681152820587158,0.7725508809089661,Incorrect
2438,ما هو التفاعل الذي تخضع له هالوجينات الألكانات بالقلويات؟,ANSWER: تفاعل الإزالة,استبدال نكليوفيلي,تفاعل الإزالة,استبدال نكليوفيلي,0.7374098300933838,0.713524580001831,0.7252706289291382,Incorrect
2443,ما هي استخدامات الليزر الصباغي؟,ANSWER: علاج الشامات والورم الوعائي,معالجة الوحمات الوعائية .,علاج الشامات والورم الوعائي,معالجة الوحمات الوعائية .,0.8184994459152222,0.8575712442398071,0.8375799059867859,Incorrect
2462,ماذا تصدر النظائر المشعة في التصوير بالأصدر البوزتروني؟,ANSWER: فوتونات غاما,بوزترونات,فوتونات غاما,بوزترونات,0.7928832173347473,0.7714455127716064,0.7820175290107727,Incorrect
2473,ما هي الأشعة التي ساهمت في تقدم علم البلورات؟,ANSWER: الأشعة السينية,X-RAY,الأشعة السينية,X-RAY,0.6412646770477295,0.642189621925354,0.6417268514633179,Correct
2482,ما الذي يتم التحكم في ارتفاع النهاية المدببة للحفاظ عليه عندما نمسح سطح المعدن في مجهر STM؟,ANSWER: الجهد الكهربائي,ثبات التيار النفقي,الجهد الكهربائي,ثبات التيار النفقي,0.7415661811828613,0.7470808029174805,0.7443132996559143,Incorrect
2483,ما هو معدل الإشعاع من سطح إلى معدل الإشعاع من مساحة مساوية من سطح مشع مثالي في درجة الحرارة نفسها؟,ANSWER: معامل الإشعاع,الإصدارية,معامل الإشعاع,الإصدارية,0.6613154411315918,0.6998929977416992,0.6800575256347656,Correct
2485,ما هي الجزئيات التي يمكن الاستفادة من تفاعلها في التصوير؟,ANSWER: جسيمات ألفا,فوتونات الفلورة السينية .,جسيمات ألفا,فوتونات الفلورة السينية .,0.7277180552482605,0.7175077795982361,0.7225768566131592,Incorrect
2501,ما هو الوسط الذي تكون فيه كثافة الأيونات الموجبة والسالبة أكبر من كثافة الأيونات المعتدلة؟,ANSWER: البلازما,بلازما,البلازما,بلازما,0.7579302787780762,0.7821270227432251,0.7698385715484619,Correct
2503,ما هو الإجراء المستخدم للاطمئنان على صحة الجنين عند المرأة الحامل؟,ANSWER: الفحص بالموجات فوق الصوتية,الإيكو غرافي .,الفحص بالموجات فوق الصوتية,الإيكو غرافي .,0.6718822717666626,0.6998022794723511,0.6855581402778625,Correct
2505,ما يُدعى الضغط الذي يسببه عمود من الزئبق ارتفاعه 1 مم؟,ANSWER: تور,التور .,تور,التور .,0.5635464787483215,0.5789210796356201,0.5711303949356079,Correct
2543,ما هي الظاهرة التي تنقسم فيها نواة ذات عدد كتلي كبير إلى نواتين أو أكثر لكل منهما عدد كتلي متوسط؟,ANSWER: انشطار نووي,ظاهرة الإنشطار النووي,انشطار نووي,ظاهرة الإنشطار النووي,0.8380497097969055,0.7748985886573792,0.8052378296852112,Correct
2555,ما هو مجال الأشعة الذي يشع فيه جسم الإنسان بشكل قريب جداً من إشعاع الجسم الأسود؟,ANSWER: الأشعة تحت الحمراء,تحت الحمراء,الأشعة تحت الحمراء,تحت الحمراء,0.8018885850906372,0.8496119379997253,0.8250607848167419,Correct
2557,ما هي الأشعة التي اشتهرت بانتزاع جزيئات الماء لدى تفاعلها مع النسج؟,ANSWER: الأشعة السينية,الأشعة تحت الحمراء.,الأشعة السينية,الأشعة تحت الحمراء.,0.8426274061203003,0.8266925811767578,0.8345839381217957,Incorrect
2563,ما هي الظاهرة التي تنقسم فيها نواة ذات عدد كتلي كبير إلى نواتين أو أكثر لكل منهما عدد كتلي متوسط؟,ANSWER: انشطار نووي,ظاهرة الانشطار النووي.,انشطار نووي,ظاهرة الانشطار النووي.,0.816473126411438,0.7652308344841003,0.7900220155715942,Correct
2575,ما هي طريقة العلاج الفيزيائي التي تستعمل فيها تيارات كهربائية عالية التردد لإحداث الحرارة في الأنسجة العميقة؟,ANSWER: العلاج بالتيار الكهربائي,تسخين موضعي في الانسجة الحية,العلاج بالتيار الكهربائي,تسخين موضعي في الانسجة الحية,0.7345644235610962,0.7405434250831604,0.7375417351722717,Incorrect
2577,كيف تتولد الأشعة السينية؟,ANSWER: من خلال تسريع الإلكترونات,تسرع الالكترونات بكمون مرتفع في أنبوب الفراغ ويسمح لها بالسقوط على سطح داخل الانبوب .,من خلال تسريع الإلكترونات,تسرع الالكترونات بكمون مرتفع في أنبوب الفراغ ويسمح لها بالسقوط على سطح داخل الانبوب .,0.8176311254501343,0.7084646224975586,0.7591433525085449,Incorrect
2579,ما هو الأساس الذي تترتب وفقه العناصر في الجدول الدوري حالياً؟,ANSWER: عدد البروتونات,إعدادها الذرية,عدد البروتونات,إعدادها الذرية,0.7277218103408813,0.727177619934082,0.7274496555328369,Correct
2590,ما هو الشرط الذي يجب أن تحققه النقطتان لتطبيق معادلة برنولي على جريان أي مائع مثالي؟,ANSWER: خط متواصل,خط الانحناء نفسه,خط متواصل,خط الانحناء نفسه,0.7899385690689087,0.7779629230499268,0.7839049696922302,Incorrect
2601,ما هي الأمواج التي تستخدم في تفتيت الحصى؟,ANSWER: الأمواج الصادمة,الأمواج فوق الصوتية,الأمواج الصادمة,الأمواج فوق الصوتية,0.8227009773254395,0.7911775708198547,0.8066314458847046,Incorrect
2611,ما هو المجهر الذي يمسح العينة نقطة فنقطة ولكنه يكشف عن الالكترونات النافذة؟,ANSWER: مجهر مسح إلكتروني,STEM,مجهر مسح إلكتروني,STEM,0.6611201763153076,0.7063496112823486,0.6829869151115417,Incorrect
2615,من أين تشتق قوة المقاومة من اللزوجة عندما تكون السرعة النسبية بين الجسم والمائع كافية لأن يكون الجريان حول الجسم رقائقياً؟,ANSWER: قوة اللزوجة,منخفضة,قوة اللزوجة,منخفضة,0.7395127415657043,0.7776118516921997,0.7580838799476624,Incorrect
2620,ما هي الرابطة التي تبقى صلبة دائماً؟,ANSWER: رابطة تساهمية,الأيونية,رابطة تساهمية,الأيونية,0.7107350826263428,0.729154109954834,0.7198267579078674,Incorrect
2636,كم عدد العدسات في مجهر SEM؟,ANSWER: عدستين,اثنتان,عدستين,اثنتان,0.7872769832611084,0.7764825224876404,0.7818425297737122,Correct
2637,ما هي الحالة التي تتولد فيها الأمواج الصادمة بالنسبة لسرعة منبع الأمواج الصوتية؟,ANSWER: الصدمة الصوتية,تتجاوز سرعة الموجة الصوتية .,الصدمة الصوتية,تتجاوز سرعة الموجة الصوتية .,0.7899854183197021,0.7011976838111877,0.7429482936859131,Incorrect
2641,ما هو العدد النيوكلوني في نواة ذرة ما؟,ANSWER: عدد البروتونات,مجموع البروتونات والنترونات,عدد البروتونات,مجموع البروتونات والنترونات,0.9326273202896118,0.8404800891876221,0.8841593265533447,Incorrect
2645,ما هو سبب تخامد الأشعة السينية في الجسم المدروس؟,ANSWER: وجود كتلة,امتصاص الجسم لها,وجود كتلة,امتصاص الجسم لها,0.7528921365737915,0.747231125831604,0.750050961971283,Incorrect
2648,ما يُستخدم لقياس درجة التشوه؟,ANSWER: مقياس تشوه,انفعال,مقياس تشوه,انفعال,0.7404049634933472,0.7587727308273315,0.7494763731956482,Incorrect
2653,ما هي الوحدة التي يقيسها الروتنجن؟,ANSWER: الجرعة الممتصة,التعرض للإشعاع .,الجرعة الممتصة,التعرض للإشعاع .,0.715795636177063,0.7135356664657593,0.7146638631820679,Incorrect
2661,ما تتألف منه الحلقة البنزنية؟,ANSWER: ستة ذرات كربون,ستة كربونات,ستة ذرات كربون,ستة كربونات,0.8435818552970886,0.8781050443649292,0.8604973554611206,Correct
2670,ماذا يشير انزياح الضوء من المجرات البعيدة نحو الترددات الأخفض؟,ANSWER: تأثير دوبلر,ابتعاد المجرات عنا,تأثير دوبلر,ابتعاد المجرات عنا,0.717289388179779,0.7059946060180664,0.7115971446037292,Incorrect
2674,ما هي الوحدة التي يقيسها الرونتجن؟,ANSWER: الجرعة الممتصة,التعرض للإشعاع.,الجرعة الممتصة,التعرض للإشعاع.,0.715795636177063,0.7135356664657593,0.7146638631820679,Incorrect
2687,ما هي النظائر؟,ANSWER: نظائر مشعة,لها نفس عدد البروتونات وتختلف بعدد النترونات,نظائر مشعة,لها نفس عدد البروتونات وتختلف بعدد النترونات,0.6467467546463013,0.6121048927307129,0.6289491653442383,Incorrect
2702,ما هي زاوية الورود التي يكون الضوء المنعكس عندها مستقطبا كليا؟,ANSWER: 90 درجة,زاوية بروستو,90 درجة,زاوية بروستو,0.6881099939346313,0.6592286825180054,0.673359751701355,Incorrect
2719,كيف يمكن توليد الأمواج فوق الصوتية؟,ANSWER: تأثير بيزوإلكتريك,بلورات كهر ضغطية,تأثير بيزوإلكتريك,بلورات كهر ضغطية,0.7062125205993652,0.7226671576499939,0.7143450975418091,Correct
2731,أين تشكل العين مديدة البصر (العين الطامسة) خيال الجسم القريب؟,ANSWER: أمام الشبكية,وراء الشبكية.,أمام الشبكية,وراء الشبكية.,0.9028750658035278,0.8746492862701416,0.8885380625724792,Incorrect
2734,ما هو الاضطراب الذي يمثل هذه الحالة؟,ANSWER: فرط نشاط الغدة الدرقية,الحدية للجريان المستقر,فرط نشاط الغدة الدرقية,الحدية للجريان المستقر,0.6733598709106445,0.6787852048873901,0.6760616302490234,Incorrect
2740,متى يأخذ احتمال وجود الالكترون قيمة عظمى في الحالة الأساسية في ذرة هيدروجين؟,ANSWER: عند r = a0,بعده عن النواة أصغر من نصف قطر بور,عند r = a0,بعده عن النواة أصغر من نصف قطر بور,0.6337499022483826,0.6541172862052917,0.643772542476654,Incorrect
2741,ما ينص عليه قانون الانعكاس الأول؟,ANSWER: الزاوية الساقطة تساوي الزاوية المنعكسة,زاوية الورود تساوي زاوية الانعكاس.,الزاوية الساقطة تساوي الزاوية المنعكسة,زاوية الورود تساوي زاوية الانعكاس.,0.7544152736663818,0.7454975843429565,0.7499299049377441,Correct
2742,ما هو الانفعال في حالة التشوه التحددي أو الانضغاطي؟,ANSWER: انفعال تشوهي,التغير النسبي في الطول زيادة أو نقصانا,انفعال تشوهي,التغير النسبي في الطول زيادة أو نقصانا,0.6920523047447205,0.6740031838417053,0.6829084753990173,Incorrect
2750,ما هو وزن الحجم المنغمس من الجسم عندما يكون الجسم مغموساً وليس مغموراً كلياً نتيجة كون كثافة المائع أكبر من كثافة الجسم؟,ANSWER: وزن الجسم في الهواء,وزن الجسم,وزن الجسم في الهواء,وزن الجسم,0.8690923452377319,0.9223999977111816,0.8949530720710754,Correct
2769,ما اسم الجهاز الذي يصور مقاطع في الجسم البشري بالأشعة السينية والاستعانة بالحاسب؟,ANSWER: التصوير المقطعي المحوسب,الماسح .,التصوير المقطعي المحوسب,الماسح .,0.6876629590988159,0.7152218222618103,0.7011716961860657,Correct
2774,ما هو العنصر الأكثر استخداماً في التصوير بالتجاوب المغناطيسي؟,ANSWER: الهيدروجين,الهيدروجين,الهيدروجين,الهيدروجين,1.0,1.0,1.0,Correct
2779,ما هو سبب تخامد الأشعة السينية في الجسم المدروس؟,ANSWER: وجود كتلة,امتصاص الجسم لها,وجود كتلة,امتصاص الجسم لها,0.7528921365737915,0.747231125831604,0.750050961971283,Incorrect
2792,ما هي الخطوة الأولى في التفاعلات؟,ANSWER: تفاعل الإنزيمات,المبادرة,تفاعل الإنزيمات,المبادرة,0.7292609214782715,0.7425556182861328,0.7358481884002686,Incorrect
2800,ماذا يزداد عندما ترتد الفوتونات التي تعبر الثقب في الحجرة عن الجدران مرات عديدة قبل أن تغادر؟,ANSWER: التشتت,احتمال امتصاتصها,التشتت,احتمال امتصاتصها,0.6912051439285278,0.6766979694366455,0.6838746070861816,Incorrect
2805,كيف تعمل الحزم الإلكترونية على معالجة الأورام؟,ANSWER: تدمير الخلايا السرطانية,القريبة من الجلد,تدمير الخلايا السرطانية,القريبة من الجلد,0.7351144552230835,0.750177264213562,0.7425695061683655,Incorrect
2806,ما هو السبب وراء تكرار الطراز (الدورية في الجدول الدوري) الناجم عن ترتيب العناصر؟,ANSWER: تكرار توزيع الإلكترونات,ازدياد أعدادها البروتونية,تكرار توزيع الإلكترونات,ازدياد أعدادها البروتونية,0.7593889832496643,0.7560167908668518,0.7576991319656372,Incorrect
2810,ما هو المركب الذي يتشكل عند أكسدة الكيلات البنزن (مثل ميتيل البنزن) ببرمنغنات البوتاسيوم (VII) القلوية أو بأي مؤكسد قوي آخر؟,ANSWER: حمض البنزويك,حمض البنزويك,حمض البنزويك,حمض البنزويك,0.9999999403953552,0.9999999403953552,0.9999999403953552,Correct
2822,ما هي النوى التي لها عدد N ثابت حيث تحوي العدد نفسه من النترونات؟,ANSWER: نظائر,ايزوتونات,نظائر,ايزوتونات,0.735734760761261,0.7193123698234558,0.7274309396743774,Incorrect
2823,ماذا يحدث إذا كانت الحقول الكهربائية لمنبع الأمواج الكهرطيسية لها اتجاهات عشوائية عند انتشاره؟,ANSWER: انتشار عشوائي,غير مستقطب,انتشار عشوائي,غير مستقطب,0.7267913222312927,0.7389784455299377,0.7328342795372009,Incorrect
2830,ما هو التفاعل الذي تخضع له الألكانات مع الهالوجينات في ضوء الشمس؟,ANSWER: تفاعل استبدال هاليوجيني,استبدال,تفاعل استبدال هاليوجيني,استبدال,0.7511076927185059,0.8518159985542297,0.7982982397079468,Correct
2854,ما هو الشيء الذي تهتز حوله الذرتان في الجزيء ثنائي الذرة؟,ANSWER: محور الرابطة,مركز كتلتيهما,محور الرابطة,مركز كتلتيهما,0.757526159286499,0.7386581301689148,0.7479731440544128,Incorrect
2855,ما هي البنية لأكسيد المغنزيوم؟,ANSWER: MgO,ايونية عملاقة,MgO,ايونية عملاقة,0.6340942978858948,0.6271167993545532,0.6305862069129944,Incorrect
2868,ماذا يزداد عندما ترتد الفوتونات التي تعبر الثقب في الحجرة عن الجدران مرات عديدة قبل أن تغادر؟,ANSWER: التشتت,احتمال امتصاتصها,التشتت,احتمال امتصاتصها,0.6912051439285278,0.6766979694366455,0.6838746070861816,Incorrect
2877,ما هي وحدة قياس الجرعة المكافئة للإشعاع؟,ANSWER: سيفر,بالسفرت .,سيفر,بالسفرت .,0.7092413902282715,0.7098966240882874,0.7095688581466675,Correct
2883,ما هي طريقة التصوير التي يمكن اعتبارها الأقل ضرراً على الجسم؟,ANSWER: التصوير بالموجات فوق الصوتية,التصوير الحراري.,التصوير بالموجات فوق الصوتية,التصوير الحراري.,0.7675482034683228,0.8427530527114868,0.8033944964408875,Incorrect
2891,ما هي أعمار النصف للنظائر المشعة المستخدمة في تقنية الـ PET؟,ANSWER: نصف عمر قصير,قصيرة نسبيا,نصف عمر قصير,قصيرة نسبيا,0.8046830892562866,0.7924361228942871,0.7985126972198486,Correct
2898,ما هي المماكبات (الإيزوميرات)؟,ANSWER: جزيئات ذات الصيغة الكيميائية نفسها,تختلف في طاقتها الداخلية فقط .,جزيئات ذات الصيغة الكيميائية نفسها,تختلف في طاقتها الداخلية فقط .,0.6229972243309021,0.6713777780532837,0.6462833881378174,Incorrect
2913,ما هو القانون الذي تمثل معادلة برنولي المطبقة على جريان المائع أحد أشكال انحفاظه؟,ANSWER: انحفاظ الطاقة,الطاقة .,انحفاظ الطاقة,الطاقة .,0.6619575023651123,0.7554194927215576,0.7056070566177368,Correct
2926,ماذا يستخدم قانون ستوكس لقياسه؟,ANSWER: معدل الترسيب,مقاومة اللزوجة .,معدل الترسيب,مقاومة اللزوجة .,0.8033353090286255,0.8242605924606323,0.8136634826660156,Incorrect
2949,ما هو العلم الذي يقوم بحساب البعد بين الذرات عند معرفة الطول الموجي للأشعة السينية وقياس الزاوية؟,ANSWER: علم البلورات,علم البلورات,علم البلورات,علم البلورات,0.9999996423721312,0.9999996423721312,0.9999996423721312,Correct
2975,ما هي الأوساط التي تنتشر فيها الأمواج العرضانية؟,ANSWER: الأوساط الصلبة,الجسم الصلب,الأوساط الصلبة,الجسم الصلب,0.8063348531723022,0.8807913064956665,0.8419200778007507,Correct
2981,ما هي الخصائص التي تتمتع بها حزمة الفوتونات من أشعة X عالية الطاقة والتي تجعلها تستخدم في الطب النووي عند المعالجة عن بعد؟,ANSWER: انخفاض التشتت,قدرة اختراق عالية تسمح بتدمير الأورام السطحية والعميقة .,انخفاض التشتت,قدرة اختراق عالية تسمح بتدمير الأورام السطحية والعميقة .,0.6941519975662231,0.657432496547699,0.675293505191803,Incorrect
2986,ما هو القانون الذي ينص على أن تشوه مادة يتناسب طرديا مع القوى التي تحدث التشوه؟,ANSWER: قانون هوك,قانون هوك,قانون هوك,قانون هوك,0.9999995827674866,0.9999995827674866,0.9999995827674866,Correct
2987,علام نعتمد لتفسير لثنائية الإصدار في طيف بخار الصوديوم؟,ANSWER: تفاعل دوبلر,النظرية الذرية,تفاعل دوبلر,النظرية الذرية,0.7461806535720825,0.7513105869293213,0.7487368583679199,Incorrect
2989,ما هي المعادلة التي تعبر عن انخفاض الطاقة في الموائع؟,ANSWER: معادلة برنولي,معادلة بيرنولي,معادلة برنولي,معادلة بيرنولي,0.9251686334609984,0.9251686334609984,0.9251686334609984,Correct
3001,متى يحدث تفاعل اشعاع الليزر مع النسج؟,ANSWER: عند امتصاص الضوء,تمتصه النسج .,عند امتصاص الضوء,تمتصه النسج .,0.7198902368545532,0.7517886757850647,0.7354937791824341,Correct
3003,ما هي البنية التي تأخذها الشبكات الأيونية لكلوريد الصوديوم وأكسيد المغنزيوم؟,ANSWER: بلورية,مكعبية,بلورية,مكعبية,0.8219133615493774,0.7735575437545776,0.7970026135444641,Incorrect
3013,ما هو العمل الذي يقوم به المائع على المائع الذي يتقدمه في وحدة الجريان؟,ANSWER: ضغط ديناميكي,الضغط,ضغط ديناميكي,الضغط,0.6634470820426941,0.7673612236976624,0.711630642414093,Correct
3024,ما هي الكمية الوسطية للأوزون في الغلاف الجوي؟,ANSWER: 300 دوبسون,300 DU,300 دوبسون,300 DU,0.7803001403808594,0.8103042244911194,0.795019268989563,Correct
3027,ما هو النكليد الإشعاعي المماكب الذي يشيع استخدامه في التشخيص الطبي؟,ANSWER: تسيوم-131,التكنسيوم - 99,تسيوم-131,التكنسيوم - 99,0.8287913799285889,0.7986278533935547,0.8134300708770752,Incorrect
3041,كيف يتغير نصف القطر الذري عبر الدور الثالث من اليسار إلى اليمين؟,ANSWER: ينخفض,يتناقص,ينخفض,يتناقص,0.8581537008285522,0.8368360996246338,0.8473608493804932,Correct
3054,إذا كان الإشعاع وحيد الطول الموجي فمن أي نوع من الفوتونات يكون مؤلفاً؟,ANSWER: فوتونات غاما,المتساوية الطاقات,فوتونات غاما,المتساوية الطاقات,0.7481402158737183,0.7169597148895264,0.7322181463241577,Incorrect
3056,ما هي الأمواج الميكانيكية التي تنشأ عن الوحدات المحركة في الألياف ولا تدركها الأذن؟,ANSWER: اهتزازات العضلات,الأمواج تحت الصوتية,اهتزازات العضلات,الأمواج تحت الصوتية,0.7128908038139343,0.7602173089981079,0.7357938885688782,Incorrect
3064,ما هو مصدر العنصر المشع الذي يعطى للمريض عند استخدام تقنية التصوير SPECT؟,ANSWER: نظائر مشعة,لأشعة غاما .,نظائر مشعة,لأشعة غاما .,0.7118879556655884,0.7357640266418457,0.7236290574073792,Incorrect
3065,ما نوع الصورة التي نحصل عليها في التصوير الومضاني للجزء المصور من جسم المريض؟,ANSWER: صورة مقطعية,ثنائية البعد .,صورة مقطعية,ثنائية البعد .,0.743643581867218,0.7448723912239075,0.7442574501037598,Incorrect
3066,إذا تضيق قطر الشريان إلى ثلث قيمته الأصلية عند مريض مصاب بمرض وعائي وقلبي وبقي هبوط الضغط فيه على حاله، إلى كم ينخفض معدل جريان الدم؟,ANSWER: إلى 8/9,81/1 من قيمته الأصلية .,إلى 8/9,81/1 من قيمته الأصلية .,0.7366449236869812,0.6879974007606506,0.7114905714988708,Incorrect
3096,ما هي السكريات التي لا تحتاج أثناء امتصاصها من الأمعاء الدقيقة لوجود الصوديوم؟,ANSWER: سكريات غير نشطة,الفركتوز.,سكريات غير نشطة,الفركتوز.,0.6818493008613586,0.7227974534034729,0.7017265558242798,Incorrect
3099,ما هو الأنزيم المعوي الذي يحول مولد التربسين إلى تربسين؟,ANSWER: إنتروبسيناز,الإنتيروكيناز.,إنتروبسيناز,الإنتيروكيناز.,0.7934057712554932,0.7915031909942627,0.7924533486366272,Correct
3100,ما هو العامل الهرموني الذي يحرض إفراز عصارة بنكرياسية غنية بالإنزيمات الهاضمة؟,ANSWER: سكرتين,الكوليسيستوكينين CCK,سكرتين,الكوليسيستوكينين CCK,0.7010761499404907,0.6547906398773193,0.677143394947052,Incorrect
3101,ما هو الإنزيم الذي يفكك سكر اللبن (اللاكتوز) إلى غلوكوز وغالاكتوز؟,ANSWER: لاكتاز,اللاكتاز.,لاكتاز,اللاكتاز.,0.8675299882888794,0.8367377519607544,0.8518556952476501,Correct
3109,ما هو مستودع الصفراء خارج أوقات الهضم والذي يعمل على تكثيفها؟,ANSWER: المرارة,المرارة.,المرارة,المرارة.,0.9525473713874816,0.9319031238555908,0.942112147808075,Correct
3115,ما هي الشوارد التي يكون تركيزها أقل في اللعاب منه في البلازما؟,ANSWER: البوتاسيوم,صوديوم وكلور.,البوتاسيوم,صوديوم وكلور.,0.7085716128349304,0.7315021753311157,0.7198543548583984,Incorrect
3117,ما هو الهرمون الذي يحفز إفراز عصارة بنكرياسية غنية بالأنزيمات الهاضمة؟,ANSWER: سكرتين,الكوليسيستوكينين CCK,سكرتين,الكوليسيستوكينين CCK,0.7010761499404907,0.6547906398773193,0.677143394947052,Incorrect
3118,ما هو السكر الذي لا يحتاج للصوديوم من أجل عملية امتصاصه؟,ANSWER: سكر الجلوكوز,الفركتوز.,سكر الجلوكوز,الفركتوز.,0.751495361328125,0.7771854996681213,0.7641246318817139,Incorrect
3120,ما هو الناقل العصبي الذي يتحرر من العصبونات بعد العقدة في القسم الودي؟,ANSWER: نورإبينفرين,النورابينفرين أو الأستيل كولين.,نورإبينفرين,النورابينفرين أو الأستيل كولين.,0.7562622427940369,0.7032510042190552,0.7287939190864563,Correct
3121,ما الذي يحدد نمط استجابة العضو المعصب بواسطة الجهاز العصبي المستقل (استثارة أو تثبيط)؟,ANSWER: نوع المستقبل,نمط المستقبلات الموجودة في العضو.,نوع المستقبل,نمط المستقبلات الموجودة في العضو.,0.8448446989059448,0.7861982583999634,0.8144671320915222,Correct
3127,ما هو الناقل الكيميائي الذي تحرره جميع العصبونات قبل العقدة؟,ANSWER: الأسيتيل كولين,الأستيل كولين.,الأسيتيل كولين,الأستيل كولين.,0.8501189351081848,0.8430399894714355,0.8465647101402283,Correct
3130,ما هو الناقل العصبي الذي يتحرر من طرفيات جميع الألياف اللاودية بعد العقدية؟,ANSWER: نورإبينفرين,أستيل كولين.,نورإبينفرين,أستيل كولين.,0.6970842480659485,0.6962208151817322,0.6966522336006165,Incorrect
3140,ما هي الميزة التي تتمتع بها قنوات IF في النسيج العقدي القلبي التي تمكنها من توليد التنبيه عفوياً؟,ANSWER: تلقائية,عندما تنفتح يتجاوز التيار الداخل من الصوديوم التيار الخارج من البوتاسيوم,تلقائية,عندما تنفتح يتجاوز التيار الداخل من الصوديوم التيار الخارج من البوتاسيوم,0.6575901508331299,0.5718738436698914,0.6117439866065979,Incorrect
3141,ما هي الفائدة الوظيفية من التأخير الزمني في كمون الفعل لمدة 0.1 ثانية عند مروره في العقدة الأذينية البطينية؟,ANSWER: السماح بتشكيل العقدة الأذينية البطينية,إنهاء تقلص الأذينات قبل بدء تقلص البطينات.,السماح بتشكيل العقدة الأذينية البطينية,إنهاء تقلص الأذينات قبل بدء تقلص البطينات.,0.782628059387207,0.775580108165741,0.7790881395339966,Incorrect
3147,ماذا يحدث للبطينات في حال توقف العقدة الجيبية الأذينية عن العمل؟,ANSWER: بطء البطين,تتباطأ انقباضاتها,بطء البطين,تتباطأ انقباضاتها,0.6927957534790039,0.7081038951873779,0.700366199016571,Correct
3149,ما هو سبب ظهور طور الهضبة في كامن فعل العضلة القلبية؟,ANSWER: انغلاق الصمامات الأبهري والثلاثي,دخول شوارد الكالسيوم.,انغلاق الصمامات الأبهري والثلاثي,دخول شوارد الكالسيوم.,0.6983202695846558,0.7425044775009155,0.7197349071502686,Incorrect
3152,ما هو سبب طور الهضبة في كمون عمل الليف العضلي القلبي؟,ANSWER: إعادة شحن الأيونات,الكالسيوم.,إعادة شحن الأيونات,الكالسيوم.,0.7098244428634644,0.7428569793701172,0.725965142250061,Incorrect
3175,ما هي المناطق التي تطبق عليها المعالجة الإشعاعية في علاج أورام الخصية من النمط المنوي؟,ANSWER: الحوض والبطن,سلسلة العقد اللمفاوية الحرقفية والأبهرية,الحوض والبطن,سلسلة العقد اللمفاوية الحرقفية والأبهرية,0.7474989295005798,0.7148386240005493,0.7308040857315063,Incorrect
3180,ما هي الأورام التي لا تعتبر المعالجة الشعاعية معالجة شافية لها إذا استخدمت لوحدها في المراحل المبكرة؟,ANSWER: ورم الخلايا الجذعية,الثدي,ورم الخلايا الجذعية,الثدي,0.6678780317306519,0.6976801156997681,0.6824538707733154,Incorrect
3186,ما هي الجرعة الكلية الموصى بها في حال تقرر إجراء تشعيع وقائي للقحف بجرعة ٢ غري في كل جلسة؟,ANSWER: 40 غري,٣٠ غري,40 غري,٣٠ غري,0.8682437539100647,0.8213872909545898,0.8441658616065979,Incorrect
3187,ما هو الزمن الأقل الفاصل بين كل جلستين عند إجراء المعالجة الشعاعية بطريق التجزئة المفرطة؟,ANSWER: 4 ساعات,٦ ساعات,4 ساعات,٦ ساعات,0.8726822137832642,0.8726822137832642,0.8726822137832642,Incorrect
3191,ما الذي يحول مولد الببسين إلى ببسين؟,ANSWER: حمض الهيدروكلوريك,حمض كلور الماء الموجود في المعدة.,حمض الهيدروكلوريك,حمض كلور الماء الموجود في المعدة.,0.7960696220397949,0.7636760473251343,0.7795364260673523,Correct
3202,ما هو سبب حدوث عمى ربعي علوي أيمن مماثل؟,ANSWER: ورم في الفص القذالي الأيسر,الفصل الصدغي,ورم في الفص القذالي الأيسر,الفصل الصدغي,0.6928610801696777,0.7332088947296143,0.7124641537666321,Incorrect
3207,ما هي المدة الزمنية التي يتطور خلالها الصداع المزمن؟,ANSWER: أكثر من ثلاثة أشهر,4أسابيع,أكثر من ثلاثة أشهر,4أسابيع,0.7111361026763916,0.7035249471664429,0.7073100805282593,Incorrect
3209,ما هو نوع الصداع غير النابض ثنائي الجانب الذي قد يرتبط بتشنج عضلات الرقبة؟,ANSWER: صداع التوتر,صداع التوتر,صداع التوتر,صداع التوتر,1.0,1.0,1.0,Correct
3284,أين يحدث التكيس للجيارديا اللمبلية؟,ANSWER: الأمعاء الدقيقة,أثناء التغوط,الأمعاء الدقيقة,أثناء التغوط,0.7547954320907593,0.7383661270141602,0.7464904189109802,Incorrect
3288,ما هي الذبابة ذهبية العيون Chrysop ثوي ناقل له؟,ANSWER: داء الشلل الوبائي,اللوا لوا,داء الشلل الوبائي,اللوا لوا,0.6984734535217285,0.7139555811882019,0.7061296105384827,Incorrect
3293,ما هي الفترة الزمنية الذي تظهر فيها إيجابية اختبار سابين فيلدمان بعد العدوى به؟,ANSWER: 4-8 أسابيع,1-2 أسبوع,4-8 أسابيع,1-2 أسبوع,0.8537126779556274,0.8537126779556274,0.8537126779556274,Incorrect
3315,ما الذي تنتهي به المرحلة الخارج خلوية للمتصورات؟,ANSWER: الإفراز,الأقاسيم المتحركة,الإفراز,الأقاسيم المتحركة,0.7709206342697144,0.7272971868515015,0.7484738826751709,Incorrect
3335,أين تتكاثر خبيطيات الفخرية البنكروفتية؟,ANSWER: في الكبد,الأوعية اللمفاوية للانسان,في الكبد,الأوعية اللمفاوية للانسان,0.7640625834465027,0.7085170149803162,0.7352421879768372,Incorrect
3336,ما هو المرض الذي يستخدم عقار melarsporol في علاجه؟,ANSWER: داء النوم,المثقبية الغامبية,داء النوم,المثقبية الغامبية,0.7585593461990356,0.7280112504959106,0.7429714202880859,Correct
3338,ما هو الخمج الطفيلي الذي يمكن أن ينتقل من شخص لآخر؟,ANSWER: داء الكلب,المرمية الدودية,داء الكلب,المرمية الدودية,0.7639010548591614,0.7796223759651184,0.7716816663742065,Incorrect
3341,ما هي أفضل أماكن الخزع التشخيصية القندية في جسم الإنسان؟,ANSWER: العقد اللمفاوية,الطحال,العقد اللمفاوية,الطحال,0.7710342407226562,0.814669132232666,0.7922512888908386,Incorrect
3365,ما هو المسبب لداء هجرة اليرقات الجلدي؟,ANSWER: دودة القلب,الديدان القوسية,دودة القلب,الديدان القوسية,0.7337968349456787,0.7096211910247803,0.7215065956115723,Incorrect
3371,ما هو العلاج المناسب للمتحولة العصبية naegleria fowleri؟,ANSWER: أمفوتيريسين بي,الأمفوتريسين,أمفوتيريسين بي,الأمفوتريسين,0.8100937008857727,0.8009387850761414,0.805490255355835,Correct
3386,أين تتوضع يرقات الأسطوانية الوعائية عند الإنسان؟,ANSWER: في الأوعية اللمفاوية,الجهاز العصبي المركزي,في الأوعية اللمفاوية,الجهاز العصبي المركزي,0.7121255993843079,0.7124230265617371,0.7122742533683777,Incorrect
3408,ما هو الشكل المعدي للإنسان من متفرعة الخصية الصينية؟,ANSWER: البكتيريا,خليفة المذنبة,البكتيريا,خليفة المذنبة,0.6898711919784546,0.6660770773887634,0.6777653694152832,Incorrect
3410,أين تتوضع الأسطوانية البرازية عند الإنسان؟,ANSWER: في الأمعاء الغليظة,الجزء الأمامي من الصائم,في الأمعاء الغليظة,الجزء الأمامي من الصائم,0.7517749071121216,0.7477765679359436,0.7497704029083252,Incorrect
3472,ما هو العصب الذي يصاب في متلازمة قاع الحجاج؟,ANSWER: العصب القحفي الرابع,العصب الفكي العلوي,العصب القحفي الرابع,العصب الفكي العلوي,0.8572641611099243,0.8598734736442566,0.8585668206214905,Incorrect
3499,ما هو تعريف الحول المتقارب؟,ANSWER: انحراف العينين نحو الأنف,يتلاقي فيها محورا الرؤية في نقطة تقع أمام الجسم المنظور,انحراف العينين نحو الأنف,يتلاقي فيها محورا الرؤية في نقطة تقع أمام الجسم المنظور,0.7047111988067627,0.6779794692993164,0.6910868883132935,Correct
3514,ما هي أسباب حدوث فيض الدمع Epiphora؟,ANSWER: انسداد القنوات الدمعية,نقص في التصريف,انسداد القنوات الدمعية,نقص في التصريف,0.734368085861206,0.7584753036499023,0.7462270259857178,Correct
3527,أين تقع حفيرة البكرة في الجدار العلوي للحجاج؟,ANSWER: تحت الحجاج,الأمامي الأنسي,تحت الحجاج,الأمامي الأنسي,0.7881605625152588,0.7823333144187927,0.785236120223999,Incorrect
3542,ما هي النسبة التي تشكلها القرنية من سطح غلاف كرة العين الليفي؟,ANSWER: 1/6,السدس الأمامي,1/6,السدس الأمامي,0.6698501110076904,0.6584826707839966,0.6641177535057068,Correct
3554,ما هو أكثر تنكسات القرنية شيوعاً؟,ANSWER: الكيراتوكونوس,القوس الشيخية,الكيراتوكونوس,القوس الشيخية,0.7011289596557617,0.7403308749198914,0.7201967835426331,Incorrect
3580,ما هي الحالات التي تشاهد فيها الرؤية المزدوجة الأحادية الجانب؟,ANSWER: شلل العصب القحفي الثالث,تحت خلع العدسة,شلل العصب القحفي الثالث,تحت خلع العدسة,0.7273756265640259,0.728766918182373,0.7280706167221069,Incorrect
3601,ما هو المرض الذي يشاهد فيه حلقة كاي زر- فليشر عند المرضى؟,ANSWER: داء ويلسون,داء ويلسون,داء ويلسون,داء ويلسون,0.9999998807907104,0.9999998807907104,0.9999998807907104,Correct
3607,ما الذي يجب فعله في الحالات المعندة وغير المستجيبة للعلاج في الورم الكاذب للحجاج؟,ANSWER: استئصال الورم,يجب اخذ خزعة من الورم,استئصال الورم,يجب اخذ خزعة من الورم,0.8137668967247009,0.7756926417350769,0.7942737340927124,Incorrect
3609,ما هي النتائج التي تؤدي إليها إصابة الشعبة العينية من العصب الخامس في متلازمة الشق الحجاجي العلوي؟,ANSWER: فقدان الإحساس في الوجه,فقد حس الملتحمة والقرنية,فقدان الإحساس في الوجه,فقد حس الملتحمة والقرنية,0.7170150279998779,0.6787393689155579,0.697352409362793,Incorrect
3620,ما هو التشخيص الأقرب لمريض عمره 65 سنة لديه فقد رؤية في النصف العلوي من الساحة البصرية مع بدء مفاجئ؟,ANSWER: انسداد الشريان الشبكي المركزي,التهاب العصب البصري الاقفاري,انسداد الشريان الشبكي المركزي,التهاب العصب البصري الاقفاري,0.782846212387085,0.7943824529647827,0.7885721325874329,Incorrect
3667,ما الذي يدل عليه ظهور تقبب على شكل حويصل أسود في قعر القرحة القرنية الجرثومية؟,ANSWER: تقبب حويصلات سوداء,تقبب غشاء ديسميه وخطر انثقابه,تقبب حويصلات سوداء,تقبب غشاء ديسميه وخطر انثقابه,0.7681276202201843,0.7379144430160522,0.7527179718017578,Incorrect
3680,ما هي الطريقة التالية لتقدير حدة البصر لدى المريض إذا لم يتمكن من قراءة أكبر أحرف اللوحة؟,ANSWER: اختبار الإصبع,بعد أصابع الفاحص,اختبار الإصبع,بعد أصابع الفاحص,0.7952255010604858,0.7911315560340881,0.7931731939315796,Correct
3683,ما الذي يشكو منه المريض في الحول الشللي عند البالغين؟,ANSWER: ضعف عضلات العين,رؤية مزدوجة,ضعف عضلات العين,رؤية مزدوجة,0.7101191282272339,0.7112048864364624,0.7106615304946899,Incorrect
3700,متى ينعدم يوروبيلينوجين البول؟,ANSWER: نقص الكريات الحمراء,اليرقان الانسدادي,نقص الكريات الحمراء,اليرقان الانسدادي,0.6988004446029663,0.699520468711853,0.6991602778434753,Incorrect
3702,في الاحتباس الصفراوي ما هو الانزيم الأفضل للوصول للتشخيص؟,ANSWER: ألانين أمينوترانسفيراز,ALT,ألانين أمينوترانسفيراز,ALT,0.5113781094551086,0.6104294657707214,0.5565308332443237,Correct
3713,ما هي نتيجة رحلان البروتينات في الالتهابات الحادة؟,ANSWER: ارتفاع,ترتفع الموجة a_2غلوبيولين وترتفع الموجة a_1غلوبيولين,ارتفاع,ترتفع الموجة a_2غلوبيولين وترتفع الموجة a_1غلوبيولين,0.6795997619628906,0.5219301581382751,0.5904198884963989,Incorrect
3720,ما هو المركب الذي يتم اصطناعه بدءا من الحموض الأمينية؟,ANSWER: الببتيدات,أمونيا,الببتيدات,أمونيا,0.6879198551177979,0.7242878675460815,0.7056355476379395,Incorrect
3730,ما هي أعراض فقر الدم بعوز الحديد عند المريض؟,ANSWER: شحوب، تعب، ضيق في التنفس,الشحوب,شحوب، تعب، ضيق في التنفس,الشحوب,0.6920983195304871,0.7919439077377319,0.7386623620986938,Correct
3731,ما هي الحالة التي تعاني منها مريضة عمرها 44 سنة تشكو من تعب عام وكانت قيمة البولة الدموية 140 ملغ/دل وقيمة الكرياتنين 6 ملغ/دل وحمض البول 4 ملغ/دل؟,ANSWER: فشل كلوي حاد,اليوريميا,فشل كلوي حاد,اليوريميا,0.6673269271850586,0.6682782769203186,0.6678022742271423,Incorrect
3733,ما هو سبب تشمع الكبد عند مريض عمره 12 سنة؟,ANSWER: مرض ويلسون,داء ويلسون,مرض ويلسون,داء ويلسون,0.8580942153930664,0.8315752744674683,0.8446266651153564,Correct
3734,ما هو الاحتمال الأكثر ترجيحاً لسبب تشمع الكبد عند مريض عمره 12 سنة؟,ANSWER: مرض ويلسون,داء ويلسون,مرض ويلسون,داء ويلسون,0.8580942153930664,0.8315752744674683,0.8446266651153564,Correct
3736,ما هو تصنيف مريض عنده الغلوكوز 210 ملغ / دل؟,ANSWER: ارتفاع سكر الدم,مريض سكري,ارتفاع سكر الدم,مريض سكري,0.766981303691864,0.7387035489082336,0.7525768876075745,Incorrect
3737,ما هو تصنيف مريض تم تحليل الغلوكوز الصيامي له فكانت النتيجة 128 ملغ/دل؟,ANSWER: مريض سكري,مريض سكري,مريض سكري,مريض سكري,1.0,1.0,1.0,Correct
3738,ما هو المركب الذي يعتبر ايتلين ديامين تترا استات مركباً لاقطاً له؟,ANSWER: EDTA,الكالسيوم,EDTA,الكالسيوم,0.7304017543792725,0.6948513984680176,0.7121831774711609,Incorrect
3739,ما هو المركب الذي يستخدم في تدبير حمى البحر الأبيض المتوسط؟,ANSWER: كولشيسين,الكولشيمين,كولشيسين,الكولشيمين,0.8532333970069885,0.8387956619262695,0.8459529280662537,Correct
3742,ما هو النمط التحسسي الذي يعود إليه داء الفقاع المحرض دوائياً؟,ANSWER: النمط التحسسي الرابع,الثاني.,النمط التحسسي الرابع,الثاني.,0.5444298982620239,0.6983381509780884,0.6118537783622742,Incorrect
3743,ما هي آلية تأثير المركب دابيريدامول؟,ANSWER: مثبط تجلط الدم,تثبيط PDE,مثبط تجلط الدم,تثبيط PDE,0.8108378648757935,0.7887867093086243,0.7996602058410645,Incorrect
3774,"ما هي جرعة الدواء عند طفل وزنه 17,5 كغ إذا كانت جرعة البالغ 100 ملغ؟",ANSWER: 20 ملغ,25 ملغ.,20 ملغ,25 ملغ.,0.8208229541778564,0.8157303333282471,0.8182687759399414,Incorrect
3792,ما هو معدل التصفية الكلوية للكرياتينين عند رجل عمره 40 سنة ومستوى كرياتينين الدم 1 ملغ/دل ووزنه 72 كغ؟,ANSWER: 100 مل/دقيقة,100,100 مل/دقيقة,100,0.6763992309570312,0.7732680439949036,0.7215971946716309,Correct
3804,ما هي الخلايا التي تقوم بإفراز بروتين برفورين الذي يفتح ثقوب في غشاء الخلية الهدف؟,ANSWER: الخلايا اللمفاوية التائية القاتلة,الخلايا القاتلة.,الخلايا اللمفاوية التائية القاتلة,الخلايا القاتلة.,0.8174907565116882,0.8912817239761353,0.8527929782867432,Correct
3807,كيف يتأثر الغاز كلما زاد وزنه الجزيئي؟,ANSWER: ينخفض قابلية الذوبان,انخفض معدل الانتشار.,ينخفض قابلية الذوبان,انخفض معدل الانتشار.,0.8042721152305603,0.8121160268783569,0.8081750869750977,Incorrect
3809,ما هو المبدأ الأساسي للتشتت؟,ANSWER: تقليل التركيز,الانتشار,تقليل التركيز,الانتشار,0.7394745349884033,0.7501676082611084,0.7447826862335205,Incorrect
3810,ما هو العامل الذي يسرع العامل السابع تشكله؟,ANSWER: فيتامين K,الثالث,فيتامين K,الثالث,0.5499680042266846,0.6130568981170654,0.5798013210296631,Incorrect
3813,ما هو السائل الموجود داخل الخلايا؟,ANSWER: سائل خلوي,السيتوبلازما.,سائل خلوي,السيتوبلازما.,0.7025586366653442,0.7031987905502319,0.7028785347938538,Incorrect
3816,ما هي مقدرة شخص على إدراك منبهين لمسيين مطبقين على منطقة من سطح الجسم على أنهما منفصلان؟,ANSWER: حساسية اللمس,تمييز حس النقطتين,حساسية اللمس,تمييز حس النقطتين,0.8101234436035156,0.788223385810852,0.7990233898162842,Incorrect
3817,ما هو سبب عدم قدرة ألياف الجهاز العصبي المركزي على التجدد؟,ANSWER: عدم وجود الخلايا الدبقية المغلفة,غياب غمد شوان,عدم وجود الخلايا الدبقية المغلفة,غياب غمد شوان,0.6381468772888184,0.6350213289260864,0.636580228805542,Correct
3820,ما هو المجال الذي تكون فيه النسخ السيتولوجية شفافة نسبياً؟,ANSWER: النسخ السيتولوجية الشفافة,تحت الأحمر القريب,النسخ السيتولوجية الشفافة,تحت الأحمر القريب,0.7132685780525208,0.760035514831543,0.7359097599983215,Incorrect
3823,ما هو العامل الرئيسي الذي يحدد ارتباط الأكسجين بخضاب الدم؟,ANSWER: ضغط الأكسجين,الضغط الجزئي للأوكسجين في الدم PO2.,ضغط الأكسجين,الضغط الجزئي للأوكسجين في الدم PO2.,0.8208892345428467,0.745195209980011,0.7812129855155945,Correct
3828,ما الذي يؤدي إليه العامل ٣ مع الكالسيوم؟,ANSWER: فرط كالسيوم الدم,تلقيم راجع إيجابي للثرومبين.,فرط كالسيوم الدم,تلقيم راجع إيجابي للثرومبين.,0.6836951971054077,0.6792392730712891,0.6814599633216858,Incorrect
3831,متى يزداد الانحلال في التلاسيميا؟,ANSWER: أثناء الالتهابات,التعرض للشدة والحمى.,أثناء الالتهابات,التعرض للشدة والحمى.,0.7411848306655884,0.7478328347206116,0.7444939613342285,Incorrect
3832,ما هو الفيتامين الأساسي في عملية تشكيل عوامل التخثر؟,ANSWER: فيتامين ك,K,فيتامين ك,K,0.6119228601455688,0.7214909791946411,0.6622052192687988,Correct
3838,ما هو المستوى من الفيزيولوجيا الذي تنتمي إليه دراسة آلية وتوليد ونقل كوامن الفعل في القلب؟,ANSWER: الفيزيولوجيا الكهربائية,النسيجي,الفيزيولوجيا الكهربائية,النسيجي,0.7007771134376526,0.7449252605438232,0.7221771478652954,Incorrect
3839,أين توجد المستقبلات النيكوتينية؟,ANSWER: في الألياف العصبية,العقدة الجيبية الأذينية في القلب,في الألياف العصبية,العقدة الجيبية الأذينية في القلب,0.7899852991104126,0.7752885818481445,0.7825679183006287,Incorrect
3848,ما الذي تعتمد عليه سرعة انتشار الأوكسجين عبر غشاء الخلية؟,ANSWER: التدرج التركيزي,مقدار ذوبانه في الشحوم,التدرج التركيزي,مقدار ذوبانه في الشحوم,0.7440541982650757,0.7120696306228638,0.7277106642723083,Incorrect
3852,ماذا يحدث عندما يصل التيروكسين إلى المستوى الدوراني المطلوب؟,ANSWER: تثبيط إفراز TSH,تتوقف الغدة النخامية عن افراز THS,تثبيط إفراز TSH,تتوقف الغدة النخامية عن افراز THS,0.7770331501960754,0.729776918888092,0.7526640295982361,Correct
3853,ما هي الوظيفة الرئيسية للعقدة الأذينية البطينية في الحالات السوية؟,ANSWER: نقل الإشارات الكهربائية,توليد إشارات تجعلها ناظمة للقلب,نقل الإشارات الكهربائية,توليد إشارات تجعلها ناظمة للقلب,0.7449402213096619,0.7105495929718018,0.7273385524749756,Incorrect
3855,ما هي العوامل التي تحرض إفراز عصارة بنكرياسية غنية بالإنزيمات؟,ANSWER: هرمون السيكريتين,الأستيل كولين والكوليسيستوكينين,هرمون السيكريتين,الأستيل كولين والكوليسيستوكينين,0.7442882061004639,0.710143506526947,0.7268150448799133,Incorrect
3857,أين يتم إعادة امتصاص القسم الأعظم من الماء المرتشح؟,ANSWER: الأمعاء الغليظة,النبيبات الدانية,الأمعاء الغليظة,النبيبات الدانية,0.7653302550315857,0.7708046436309814,0.768057644367218,Incorrect
3861,ما هو سبب الصوت الأول للقلب؟,ANSWER: إغلاق الصمامات الأبهري والثلاثي,انغلاق الصمامات الأذينية البطينية,إغلاق الصمامات الأبهري والثلاثي,انغلاق الصمامات الأذينية البطينية,0.8155604600906372,0.8530794382095337,0.83389812707901,Incorrect
3866,ما هي الخلايا التي تمتلك أسرع معدل لزوال الاستقطاب؟,ANSWER: الخلايا العصبية,العقدة الجيبية الأذينية.,الخلايا العصبية,العقدة الجيبية الأذينية.,0.7596158385276794,0.7527350783348083,0.7561598420143127,Incorrect
3868,ما هو الذي وظيفته تسريع عملية تشكل الترومبوبلاستين الصفيحي؟,ANSWER: عامل التجلط الثالث,العامل السابع,عامل التجلط الثالث,العامل السابع,0.744024395942688,0.8012477159500122,0.7715765237808228,Incorrect
3869,ما الذي يعمل على تسهيل الانتقال بين الشهيق والزفير؟,ANSWER: العضلة الحجابية,مركز التنفس الجسري,العضلة الحجابية,مركز التنفس الجسري,0.7316944599151611,0.7391291856765747,0.7353930473327637,Incorrect
3871,ما الذي يزداد في الأسناخ الرئوية؟,ANSWER: غاز ثاني أكسيد الكربون,بتضيق فوهة القصيبات,غاز ثاني أكسيد الكربون,بتضيق فوهة القصيبات,0.6334400177001953,0.6482804417610168,0.6407743096351624,Incorrect
3872,ما يعرف بالموجهة الجسدية؟,ANSWER: الإحساس بالوضعية,هرمون النمو,الإحساس بالوضعية,هرمون النمو,0.7515684366226196,0.7696180939674377,0.7604861259460449,Incorrect
3874,ما هي العقدة الرأسية للجهاز العصبي المستقل؟,ANSWER: العقدة الشمية,الوطاء,العقدة الشمية,الوطاء,0.7931673526763916,0.8174464702606201,0.8051239252090454,Incorrect
3876,ما هي المحطة الرئيسية الدماغية التي تتكامل فيها وظائف الجهاز العصبي المستقل مع وظائف البنى العصبية الأخرى؟,ANSWER: جذع الدماغ,الوطاء,جذع الدماغ,الوطاء,0.7259117960929871,0.7469072937965393,0.7362598776817322,Incorrect
3880,ما هو الناقل العصبي المحرر من طرفيات الألياف بعد العقدية في القسم الودي؟,ANSWER: نورإبينفرين,الاستيل كولين أو النور أدرينالين,نورإبينفرين,الاستيل كولين أو النور أدرينالين,0.699658989906311,0.6662290096282959,0.68253493309021,Incorrect
3891,ما هو الدور المهم الذي تؤديه خلايا سيرتولي في الخصية؟,ANSWER: دعم الخلايا المنوية,تغذية النطاف,دعم الخلايا المنوية,تغذية النطاف,0.8035938143730164,0.782721757888794,0.7930204272270203,Correct
3897,ما هو الذي يروي النسيج الضام للرئة؟,ANSWER: الشريان الرئوي,الفروع القصبية للأبهر.,الشريان الرئوي,الفروع القصبية للأبهر.,0.7648284435272217,0.7475700378417969,0.7561007142066956,Incorrect
3902,ما هي البوابات التي تتحكم بنفوذية القنوات للشوارد التي تسهم في تشكيل كامن الفعل؟,ANSWER: قنوات الصوديوم المتطايرة,القنوات المبوبة بالفولطاج,قنوات الصوديوم المتطايرة,القنوات المبوبة بالفولطاج,0.781951904296875,0.7709962725639343,0.7764354348182678,Incorrect
3909,ما هي أجهزة التحكم والضبط والمراقبة في الجسم؟,ANSWER: الجهاز العصبي,العصبى الصماوى,الجهاز العصبي,العصبى الصماوى,0.7894101142883301,0.7634845972061157,0.7762309312820435,Incorrect
3914,ما هي المواد التي تحررها نهايات المحاوير العصبية في المشابك والموصلات المشبكية؟,ANSWER: الناقلات العصبية,النواقل عصبية,الناقلات العصبية,النواقل عصبية,0.86497962474823,0.8902800679206848,0.8774474859237671,Correct
3916,ماذا ينقل الترانسفيرين؟,ANSWER: الحديد,الحديدي,الحديد,الحديدي,0.9020482301712036,0.8813177347183228,0.8915624618530273,Correct
3918,ما هو الإحساس الذي يمكن أن يُدرك كلياً في المهاد؟,ANSWER: الألم,حس الألم,الألم,حس الألم,0.9074656963348388,0.846746563911438,0.8760553002357483,Correct
3919,أين توجد المستقبلات المسكارينية؟,ANSWER: مستقبلات عصبية,الخلايا المستجيبة للتنبيه بالعصبونات الكولينية الفعل بعد العقدية,مستقبلات عصبية,الخلايا المستجيبة للتنبيه بالعصبونات الكولينية الفعل بعد العقدية,0.7563987970352173,0.70806485414505,0.731434166431427,Incorrect
3930,ما هي الزمرة الدموية إذا كانت الكرية الحمراء لا تحوي مولد ارتصاص؟,ANSWER: O,O,O,O,1.0,1.0,1.0,Correct
3935,ما هو ناظم القلب؟,ANSWER: موجه ضربات القلب,العقدة الجيبية.,موجه ضربات القلب,العقدة الجيبية.,0.6833264827728271,0.6835659742355347,0.6834462285041809,Incorrect
3941,ما الذي يشكله الجهاز الانزيمي في الخلايا البطانية السليمة اعتباراً من حمض الاراشيدونيك؟,ANSWER: بروستاغلاندين,الترومبوكسان A2,بروستاغلاندين,الترومبوكسان A2,0.681607723236084,0.6687824130058289,0.6751341223716736,Incorrect
3948,ما الذي تتناسب معه سرعة النقل في الألياف العصبية اللانخاعينية؟,ANSWER: قطر الألياف,الجذر التربيعي ل قطر الليف,قطر الألياف,الجذر التربيعي ل قطر الليف,0.7320865392684937,0.7297149896621704,0.7308987975120544,Incorrect
3958,أين تقع أجسام عصبونات المرتبة الثانية للإحساسات المنقولة بمسلك العمود الظهري؟,ANSWER: النواة الشوكية الظهرية,المهاد,النواة الشوكية الظهرية,المهاد,0.7247087955474854,0.7774759531021118,0.750165581703186,Incorrect
3960,ما هي العوامل التي تتناسب معها سرعة الانتشار البسيط؟,ANSWER: درجة الحرارة,طردا مع مدروج تركيز المادة المنتشرة,درجة الحرارة,طردا مع مدروج تركيز المادة المنتشرة,0.6953768730163574,0.6202216744422913,0.655652642250061,Incorrect
3962,ما هي آلية تحرر شوارد الكالسيوم من الشبكة الهيولية في العضلات الهيكلية؟,ANSWER: إطلاق الكالسيوم من الشبكة الإندوبلازمية,الانتشار,إطلاق الكالسيوم من الشبكة الإندوبلازمية,الانتشار,0.6594539880752563,0.7135823965072632,0.6854512691497803,Incorrect
3964,ما الذي يؤكد الدور الأهم للمراكز الشوكية والبصلية في وظيفة الجهاز العصبي المستقل؟,ANSWER: قطع الحبل الشوكي,عدم حدوث تبدلت مهمة في وظائف الجهاز العصبي المستقبل عند قطع جذع الدماغ فوق مستوى البصلة,قطع الحبل الشوكي,عدم حدوث تبدلت مهمة في وظائف الجهاز العصبي المستقبل عند قطع جذع الدماغ فوق مستوى البصلة,0.738816499710083,0.6753742694854736,0.7056723237037659,Incorrect
3965,ما هو الهدف الأساسي للنقل الفاعل عبر الغشاء؟,ANSWER: نقل المواد ضد التدرج التركيزي,الحفاظ على مدروج تركيز مرتفع للمادة عبر الغشاء,نقل المواد ضد التدرج التركيزي,الحفاظ على مدروج تركيز مرتفع للمادة عبر الغشاء,0.7639486789703369,0.7249249815940857,0.7439253926277161,Correct
3968,ما الذي يتأثر بتغير كمية الأوكسجين في الأسناخ؟,ANSWER: التنفس الخلوي,الأوعية الدموية للسنخ,التنفس الخلوي,الأوعية الدموية للسنخ,0.7964632511138916,0.7660098671913147,0.7809398174285889,Incorrect
3975,ما هي أقصى مدة لحفظ الدم؟,ANSWER: 42 يومًا,20 يوم,42 يومًا,20 يوم,0.8460795879364014,0.8662137985229492,0.8560283184051514,Incorrect
3978,ماذا يحدث عندما تكون تهوية السنخ أعلى من ترويته الدموية؟,ANSWER: نخر,حيز ميت فيزيولوجي,نخر,حيز ميت فيزيولوجي,0.7313440442085266,0.6889828443527222,0.7095316648483276,Incorrect
4000,ما هي الحالات التي تزداد فيها كمية الماء الموجودة في الأحياز الخاصة؟,ANSWER: احتباس السوائل,الجنب وانصباب الجنب,احتباس السوائل,الجنب وانصباب الجنب,0.7441498637199402,0.7260566353797913,0.7349919080734253,Incorrect
4001,ما هو الهرمون المطلق للموجهة القشرية؟,ANSWER: هرمون موجه القشرية,CRH,هرمون موجه القشرية,CRH,0.6512861251831055,0.6993241310119629,0.6744508147239685,Incorrect
4004,ما هي الشاردة الإيجابية الأساسية في السائل داخل الخلوي؟,ANSWER: البوتاسيوم,بوتاسيوم,البوتاسيوم,بوتاسيوم,0.8868635296821594,0.9140251874923706,0.9002394676208496,Correct
4013,ما هو نوع المصل الذي يحمله شخص من الزمرة الدموية B؟,ANSWER: مصل مضاد A,يحوي الراصة Anti A,مصل مضاد A,يحوي الراصة Anti A,0.6987389922142029,0.6910410523414612,0.6948686838150024,Correct
4016,ما هي الحالة التي يكون فيها انقلاب الصيغة أكثر شيوعاً؟,ANSWER: الحمل,الأطفال.,الحمل,الأطفال.,0.6903623342514038,0.7256581783294678,0.7075703740119934,Incorrect
4026,ما هو حجم الضربة (Stroke Volume)؟,ANSWER: حجم الدم الذي يطرحه البطين الأيسر في كل ضربة,كمّية الدم التي يضخها البطين الأيمن في ضربة واحدة,حجم الدم الذي يطرحه البطين الأيسر في كل ضربة,كمّية الدم التي يضخها البطين الأيمن في ضربة واحدة,0.9099338054656982,0.8782151937484741,0.8937931656837463,Incorrect
4034,ما هي أقصى كمية هواء يمكن استنشاقها زيادة على كمية الحجم الجاري السوية؟,ANSWER: الحجم الاحتياطي الاستنشاقي,حجم الشهيق المخر,الحجم الاحتياطي الاستنشاقي,حجم الشهيق المخر,0.7830706238746643,0.7770963907241821,0.780072033405304,Correct
4040,ما هي الآلية التي يتم من خلالها التنظيم المديد للجريان الموضعي؟,ANSWER: تنظيم الأوعية الدموية,إفراز الأنجيوجنين وعامل النمو البطاني.,تنظيم الأوعية الدموية,إفراز الأنجيوجنين وعامل النمو البطاني.,0.7555333971977234,0.7316118478775024,0.7433803081512451,Incorrect
4045,ما هي الشوارد التي تسبب قوى الجذب بين خيوط الاكتين والميوزين مما يؤدي إلى انزلاق بعضها على بعض؟,ANSWER: جسيمات الصلب,الكالسيوم,جسيمات الصلب,الكالسيوم,0.7167125344276428,0.7256362438201904,0.721146821975708,Incorrect
4060,ما هو الهدف من آلية المزلاج في العضلات الملساء؟,ANSWER: تثبيت العضلات,تحافظ على تقلّص مقوٍمديد فى العضلات الملمس باستخدام كمية قليلة جداً من الطاقه,تثبيت العضلات,تحافظ على تقلّص مقوٍمديد فى العضلات الملمس باستخدام كمية قليلة جداً من الطاقه,0.8155198097229004,0.681685209274292,0.7426208257675171,Incorrect
4062,ما هي الخلايا الدبقية التي تشكل جزء من الحاجز الوعائي الدموي؟,ANSWER: الخلايا الدبقية النجمية,الخلايا النجمية,الخلايا الدبقية النجمية,الخلايا النجمية,0.9103326797485352,0.9521694779396056,0.9307812452316284,Correct
4065,ما هي الآلية التي يتم من خلالها التنظيم المديد للضغط الشرياني؟,ANSWER: تنظيم عصبي هرمي,افراز الانجيوجينين وعامل النمو البطاني,تنظيم عصبي هرمي,افراز الانجيوجينين وعامل النمو البطاني,0.7302272319793701,0.6619908213615417,0.6944367289543152,Incorrect
4069,ما هي المستقبلة الأسرع تلاؤماً؟,ANSWER: مستقبلات الكولينيستيراز,باشيني.,مستقبلات الكولينيستيراز,باشيني.,0.5870913863182068,0.6570528149604797,0.6201050281524658,Incorrect
4074,لماذا لا تتمكن الألياف العصبية المركزية من التجديد؟,ANSWER: عدم وجود الخلايا الداعمة,عدم وجود غمد شوان,عدم وجود الخلايا الداعمة,عدم وجود غمد شوان,0.7400255799293518,0.7563998699188232,0.7481231689453125,Incorrect
4083,ما هي كمية الهواء الموجودة في الرئتين في نهاية شهيق سوي؟,ANSWER: حجم المتبقي,السعة الوظيفية المدخرة + الحجم الجاري,حجم المتبقي,السعة الوظيفية المدخرة + الحجم الجاري,0.7889443039894104,0.7532837390899658,0.7707017660140991,Incorrect
4086,ما هي الفائدة الوظيفية من التأخير الزمني لكامن الفعل لمدة 0.1 ثانية عند مروره في العقدة الأذينية البطينية؟,ANSWER: منع التقلصات البطينية المبكرة,إنهاء تقلص الأذينات قبل تقلص البطينات,منع التقلصات البطينية المبكرة,إنهاء تقلص الأذينات قبل تقلص البطينات,0.7743167877197266,0.7716979384422302,0.7730050683021545,Incorrect
4093,ما هي المواد التي يقتصر عليها الامتصاص المعدي؟,ANSWER: الماء والأملاح,الماء والشوارد,الماء والأملاح,الماء والشوارد,0.8839170932769775,0.8430766463279724,0.8630139827728271,Correct
4094,ما هو المركب الذي يتشكل من تفاعل الهيموغلوبين مع حمض أو قلوي؟,ANSWER: هيموكروم,هيماتين.,هيموكروم,هيماتين.,0.7694638967514038,0.8016518950462341,0.7852282524108887,Incorrect
4095,ما الذي يتناسب إفراغه عكسياً مع إفراغ الهيدروجين؟,ANSWER: ثاني أكسيد الكربون,البوتاسيوم,ثاني أكسيد الكربون,البوتاسيوم,0.7319358587265015,0.7363497018814087,0.734136164188385,Incorrect
4096,ما هو الغشاء الكبيبي نفوذ له؟,ANSWER: الغشاء الكبيبي,الالبومين.,الغشاء الكبيبي,الالبومين.,0.723238468170166,0.7435441613197327,0.7332507371902466,Incorrect
4097,ما هو المسؤول عن إرسال السيالات في العصبونات؟,ANSWER: المحول العصبي,المحوار,المحول العصبي,المحوار,0.7713464498519897,0.8074197769165039,0.788970947265625,Incorrect
4098,ما هو المستوى الذي يعتبر ضخ الدم مثالاً على دراسته؟,ANSWER: مستوى العضلات,الأعضاء,مستوى العضلات,الأعضاء,0.7173070311546326,0.7597391605377197,0.7379135489463806,Incorrect
4101,ما هي العملية التي يتم بها تحويل النورادرينالين إلى أدرينالين؟,ANSWER: ن-ميثيل ترانسفيراز,ميتلة,ن-ميثيل ترانسفيراز,ميتلة,0.7043470740318298,0.7352011203765869,0.7194433808326721,Correct
4103,ما الذي يشكل جسراً بين ألياف الكولاجين والصفيحات الدموية؟,ANSWER: بروتين الفايبرونكتين,الترومبوكسان A2,بروتين الفايبرونكتين,الترومبوكسان A2,0.7370343804359436,0.7386481761932373,0.7378404140472412,Incorrect
4108,ما هي الفائدة الوظيفية من وجود الكليونات المجاورة للّب؟,ANSWER: إفراز الأنسولين,زيادة القدرة على تكثيف البول,إفراز الأنسولين,زيادة القدرة على تكثيف البول,0.7170271873474121,0.7183446884155273,0.7176852822303772,Incorrect
4121,ما هو السبب الذي يحمي العضلة القلبية من التكزز؟,ANSWER: نظام التوصيل الكهربائي,طول فترة كامن فعل الليف العضلي القلبي,نظام التوصيل الكهربائي,طول فترة كامن فعل الليف العضلي القلبي,0.741461992263794,0.7288696765899658,0.7351119518280029,Incorrect
4122,ما هو الهرمون الذي يخضع لتأثير مزدوج منبه ومثبط من الوطاء؟,ANSWER: هرمون محفز الدرقية,GH,هرمون محفز الدرقية,GH,0.6136370301246643,0.6825442314147949,0.646259069442749,Incorrect
4127,أين تقع المساحة الصغرى في ساحة الحس الأولية عند الإنسان؟,ANSWER: القشرة الجبهية,الجذع,القشرة الجبهية,الجذع,0.7883973717689514,0.7969188690185547,0.7926352620124817,Incorrect
4131,ما هو مصدر الATP الذي تحتاجه الليفات العضلية بشدة؟,ANSWER: التنفس الخلوي,المتقدرات الغزيرة الموازية للبيفات,التنفس الخلوي,المتقدرات الغزيرة الموازية للبيفات,0.7553929090499878,0.7204242944717407,0.7374942898750305,Incorrect
4134,ما هو الذي يفعل السبيل الخارجي للتخثر؟,ANSWER: بروثرومبيناز,رض الأنسجة,بروثرومبيناز,رض الأنسجة,0.6437346339225769,0.6543359756469727,0.6489920020103455,Incorrect
4137,ما الذي تتناسب معه سرعة انتشار الغاز عبر الغشاء التنفسي عكسياً؟,ANSWER: ضغط جزئي,ثخانة الغشاء,ضغط جزئي,ثخانة الغشاء,0.7489190101623535,0.7411389350891113,0.7450087070465088,Incorrect
4147,ما هي القيمة العظمى لضغط الأوكسجين في الأسناخ عند زيادة التهوية السنخية في الحالات السوية؟,ANSWER: 100 ملم زئبق,149 ملم زئبقي,100 ملم زئبق,149 ملم زئبقي,0.8941136598587036,0.8941136598587036,0.8941136598587036,Incorrect
4148,أين يحدث الامتصاص بشكل أساسي؟,ANSWER: الأمعاء الدقيقة,الامعاء الدقيقة,الأمعاء الدقيقة,الامعاء الدقيقة,0.9601824283599854,0.9601824283599854,0.9601824283599854,Correct
4149,ما هو الهرمون الذي يتم إفرازه نتيجة الشدة (الكروب)؟,ANSWER: الأدرينالين,الكورتيزول,الأدرينالين,الكورتيزول,0.8278834819793701,0.8395187258720398,0.8336605429649353,Incorrect
4152,ما هي آلية تحرر شوارد الكالسيوم من الشبكة الهيولية في العضلات الهيكلية؟,ANSWER: إطلاق الكالسيوم من الشبكة الإندوبلازمية,الانتشار,إطلاق الكالسيوم من الشبكة الإندوبلازمية,الانتشار,0.6594539880752563,0.7135823965072632,0.6854512691497803,Incorrect
4157,ماذا يسبب التنبيه اللاودي على القلب؟,ANSWER: تسرع القلب,تباطؤ ضربات القلب.,تسرع القلب,تباطؤ ضربات القلب.,0.871086597442627,0.8353468179702759,0.8528424501419067,Incorrect
4159,ما هو المسؤول عن زوال الاستقطاب؟,ANSWER: قنوات الصوديوم,دخول شوارد الصوديوم,قنوات الصوديوم,دخول شوارد الصوديوم,0.8945925235748291,0.8650002479553223,0.8795475959777832,Correct
4164,ما هو الرقم الهيدروجيني الطبيعي للبول؟,ANSWER: 4.5 إلى 8,بين 4.7 و 8,4.5 إلى 8,بين 4.7 و 8,0.8923109769821167,0.8609691858291626,0.8763599395751953,Correct
4172,ماذا يحدث عند وصول كمية كبيرة من NaCl إلى اللطخة الكثيفة؟,ANSWER: ترسب الكالسيوم,تقبيض الشرين الوارد,ترسب الكالسيوم,تقبيض الشرين الوارد,0.7397972345352173,0.7297130227088928,0.7347205281257629,Incorrect
4175,ما هي كمية الدم التي تمر في نقطة معينة من الدوران خلال فترة محددة من الزمن؟,ANSWER: تدفق الدم,تدفق الدم,تدفق الدم,تدفق الدم,0.9999997615814208,0.9999997615814208,0.9999997615814208,Correct
4179,ما هو الانزيم المعوي الذي يقوم بهضم الدسم في الأمعاء؟,ANSWER: ليباز,الليباز,ليباز,الليباز,0.8487713932991028,0.8365707993507385,0.8426269292831421,Correct
4193,ماذا يسبب نقص فيتامين B12 وحمض الفوليك؟,ANSWER: فقر الدم الضخم الكريات,فقر دم زائد الصباغ زائد الحجم,فقر الدم الضخم الكريات,فقر دم زائد الصباغ زائد الحجم,0.7487696409225464,0.7208263278007507,0.734532356262207,Correct
4195,ما هي وظيفة الصمامات القلبية؟,ANSWER: تنظيم تدفق الدم,توجيه مجرى الدم باتجاه واحد,تنظيم تدفق الدم,توجيه مجرى الدم باتجاه واحد,0.8186681270599365,0.7551378011703491,0.7856207489967346,Incorrect
4196,ما هو المستوى الذي يعد عليه تنظيم الضغط الشرياني؟,ANSWER: النخاع المستطيل,الأجهزه,النخاع المستطيل,الأجهزه,0.776340126991272,0.815009593963623,0.7952049970626831,Incorrect
4202,ما هو نوع العضلات الذي يمتاز بخاصية الارتخاء بعد الكرب؟,ANSWER: العضلات الملساء,العضلات وحيدة الوحدة الحشوية,العضلات الملساء,العضلات وحيدة الوحدة الحشوية,0.8858181238174438,0.8222599625587463,0.852856457233429,Incorrect
4209,ما هو أسرع أجزاء الجهاز الناقل في القلب في توصيل السيالة؟,ANSWER: الألياف البكرية,ألياف بوركنج.,الألياف البكرية,ألياف بوركنج.,0.7299392819404602,0.7373972535133362,0.7336493134498596,Incorrect
4219,ما هو اسم الأسناخ التي يصلها دم ولا يصلها هواء؟,ANSWER: الأسناخ القاعدية,التحويلة الفيزيولوجية,الأسناخ القاعدية,التحويلة الفيزيولوجية,0.7307642102241516,0.6994007229804993,0.7147385478019714,Incorrect
4221,ما هي الطريقة التي يمكن بها تحرير النص الفعال حيوياً بتقنية الأسر الصوتي؟,ANSWER: الترانسكريبتاز العكسي,تفعيله بالامتصاص مستدعي الفوتونه,الترانسكريبتاز العكسي,تفعيله بالامتصاص مستدعي الفوتونه,0.7052621245384216,0.6792504191398621,0.6920118927955627,Incorrect
4222,ما هي الشاردة ذات التركيز الأكبر داخل العصبون؟,ANSWER: البوتاسيوم,البوتاسيوم,البوتاسيوم,البوتاسيوم,1.0,1.0,1.0,Correct
4223,ما هو العظم الذي يتمفصل معه الغضروف الطرجهالي؟,ANSWER: عظم الترقوة,الغضروف الحلقي,عظم الترقوة,الغضروف الحلقي,0.7573094367980957,0.7642223834991455,0.7607501745223999,Incorrect
4226,ماذا يحدث في طور الانقباض الأذيني؟,ANSWER: انقباض الأذين,الصمامات الأذينية البطينية مفتوحة و السينية مغلقة,انقباض الأذين,الصمامات الأذينية البطينية مفتوحة و السينية مغلقة,0.7518490552902222,0.6979328393936157,0.7238883972167969,Incorrect
4231,ما هو الحجم الرئوي الذي يزداد مع التقدم بالعمر؟,ANSWER: الحجم المتبقي,الحجم المتبقي.,الحجم المتبقي,الحجم المتبقي.,0.960372507572174,0.9452612400054932,0.952756941318512,Correct
4237,ما الذي يحرض إفراز عصارة غنية بالإنزيمات الهاضمة من البنكرياس؟,ANSWER: هرمون السيكريتين,CCK,هرمون السيكريتين,CCK,0.6366928815841675,0.6949182748794556,0.6645326018333435,Incorrect
4243,ما الذي يتمثل به زوال استقطاب البطينات على مخطط القلب؟,ANSWER: توقف نشاط القلب,الموجة QRS.,توقف نشاط القلب,الموجة QRS.,0.6884485483169556,0.7289395332336426,0.7081156969070435,Incorrect
4245,ما هو العامل المحرض على زيادة إفراز الألدوستيرون؟,ANSWER: ارتفاع بوتاسيوم الدم,زيادة تركيز البوتاسيوم في السائل خارج الخلوي,ارتفاع بوتاسيوم الدم,زيادة تركيز البوتاسيوم في السائل خارج الخلوي,0.8433011770248413,0.7546137571334839,0.7964962720870972,Correct
4246,ما هي الطريقة المستخدمة لحل الخثرة إذا تشكلت في أوعية القلب والرئتين؟,ANSWER: العلاج الثرومي,البلازمين,العلاج الثرومي,البلازمين,0.7467091083526611,0.7401984930038452,0.7434395551681519,Incorrect
4247,ما الذي تسمح به خاصية الارتخاء بعد الكرب للأعضاء الجوفاء التي تحوي عضلات ملساء؟,ANSWER: التمدد,المحافظة على مقدار الضغط نفسه على الرغم من تغير الحجم ضمن حدود معينة,التمدد,المحافظة على مقدار الضغط نفسه على الرغم من تغير الحجم ضمن حدود معينة,0.6982235908508301,0.6387330293655396,0.6671547293663025,Incorrect
4249,ما هو معدل التهوية السنخية؟,ANSWER: 400 مل/دقيقة,كمية الهواء الذي يصل للمناطق التنفسية مضروب,400 مل/دقيقة,كمية الهواء الذي يصل للمناطق التنفسية مضروب,0.6383346319198608,0.6097705364227295,0.6237257122993469,Incorrect
4255,متى يتوقف التقلص العضلي؟,ANSWER: عند الوصول إلى الطول القصير,ارتباط الكالسيوم بالتربونين,عند الوصول إلى الطول القصير,ارتباط الكالسيوم بالتربونين,0.7167419195175171,0.6738216280937195,0.6946194171905518,Incorrect
4258,ما هي عصبونات المرتبة الثانية في المسلك الظهري؟,ANSWER: العصبونات الحركية,النواتين الناحلة واإلسفينية,العصبونات الحركية,النواتين الناحلة واإلسفينية,0.74363774061203,0.6921745538711548,0.7169838547706604,Incorrect
4265,ما هو القشراني المعدني الرئيسي؟,ANSWER: الهيموجلوبين,الالدوسترون (معدني),الهيموجلوبين,الالدوسترون (معدني),0.784206748008728,0.7463855743408203,0.7648288607597351,Incorrect
4266,ما هي أقل أنسجة الجسم البشري احتواءً على الماء؟,ANSWER: الأنسجة الدهنية,الدهنى,الأنسجة الدهنية,الدهنى,0.7560304403305054,0.8294664025306702,0.7910476922988892,Correct
4270,ما هو طليعة الانزيم الذي يتحول إلى شكله الفعال تحت تأثير الخنثرين؟,ANSWER: بروثرومبين,العامل الحادي عشر,بروثرومبين,العامل الحادي عشر,0.647506594657898,0.6658663153648376,0.6565581560134888,Incorrect
4277,ما هي الآلية التي يستطيع من خلالها الجهاز التنفسي تأمين كميات كبيرة من الأكسجين أثناء التمارين المجهدة؟,ANSWER: زيادة التنفس,يحصل كامل التبادل الغازي للأكسجين خلال قطع الدم ثلث المسافة عبر الوعاء الشعري.,زيادة التنفس,يحصل كامل التبادل الغازي للأكسجين خلال قطع الدم ثلث المسافة عبر الوعاء الشعري.,0.7237849831581116,0.655348539352417,0.6878687739372253,Incorrect
4278,ما الذي يحول الببسين إلى مولد ببسين؟,ANSWER: حمض الهيدروكلوريك,حمض كلور الماء,حمض الهيدروكلوريك,حمض كلور الماء,0.7538822293281555,0.8183773159980774,0.7848069667816162,Correct
4280,ما هي الوظائف التي يتآزر فيها الجهازان الودي واللاودي؟,ANSWER: الوظائف الأيضية,تنظيم افراز اللعاب,الوظائف الأيضية,تنظيم افراز اللعاب,0.7256626486778259,0.7236214876174927,0.7246406078338623,Incorrect
4281,من أين يتم إفراز الإريثروبويتين؟,ANSWER: الكلى,الكلية,الكلى,الكلية,0.7307485938072205,0.7507182359695435,0.7405988574028015,Correct
4282,ما الجزء من الأجسام الضدية من IgG التي يتم قطعها وأخذها في المراكز الحديثة؟,ANSWER: منطقة Fc,الجزء المفرط التغير,منطقة Fc,الجزء المفرط التغير,0.7051053047180176,0.6687231063842773,0.6864324808120728,Incorrect
4284,ما الذي يؤدي إلى نقصان حجم الدفقة بزيادته؟,ANSWER: نقصان مقاومة الوعائية,معدل دقات القلب.,نقصان مقاومة الوعائية,معدل دقات القلب.,0.7472145557403564,0.7832090854644775,0.7647885084152222,Incorrect
4285,ما تدعى الترنجات العشوائية لشدة الإشعاع المترابط المنتشرة انتشاراً متعدداً؟,ANSWER: ترنحات رينولدز,البقع,ترنحات رينولدز,البقع,0.6833186149597168,0.7199869155883789,0.701173722743988,Incorrect
4286,ما هو المسؤول عن إعادة الاستقطاب؟,ANSWER: قنوات الصوديوم,دخول شوارد الصوديوم,قنوات الصوديوم,دخول شوارد الصوديوم,0.8945925235748291,0.8650002479553223,0.8795475959777832,Incorrect
4287,ما هي المادة التي تشتق منها الهرمونات الأمينية؟,ANSWER: الأحماض الأمينية,التيروزين,الأحماض الأمينية,التيروزين,0.5896618962287903,0.6189623475074768,0.6039569973945618,Incorrect
4296,كيف يؤدي التأثير الحاصر غير المباشر تأثيره على الجهاز العصبي المستقل؟,ANSWER: عن طريق الإفراز العصبي,إنقاص فعالية العصبون قبل المشبكي,عن طريق الإفراز العصبي,إنقاص فعالية العصبون قبل المشبكي,0.8030879497528076,0.7618169784545898,0.7819082736968994,Incorrect
4297,ما هو الطريق الهندسي الذي يمكن للضوء أن يقطعه في الخلاء مضروبا بقرينة انكسار الوسط؟,ANSWER: سرعة الضوء في الفراغ,المسار الضوئي,سرعة الضوء في الفراغ,المسار الضوئي,0.7464181780815125,0.7574942111968994,0.7519153952598572,Incorrect
4298,ما هي الألياف العصبية التي تتميز بالنقل القفزي؟,ANSWER: الألياف العصبية المغلفة بالميلين,الألياف المغمدة بالنخاعين,الألياف العصبية المغلفة بالميلين,الألياف المغمدة بالنخاعين,0.8593623638153076,0.8725778460502625,0.8659197092056274,Correct
4299,ما هو الكمون تقريباً عندما يتكون الليف نفوذ لشوارد البوتاسيوم فقط؟,ANSWER: 70 مللي فولت,سالب 94 ميلي فولط,70 مللي فولت,سالب 94 ميلي فولط,0.7112011909484863,0.6663321256637573,0.6880359053611755,Incorrect
4302,ماذا ينقص في حال نقص المتناول من الماء؟,ANSWER: نقص الماء في الجسم,حجم البول,نقص الماء في الجسم,حجم البول,0.7865283489227295,0.8002474308013916,0.793328583240509,Incorrect
4307,ما هو الجزء الذي يملك فعالية ATPase؟,ANSWER: العضلة الهيكلية,رأس الميوزين,العضلة الهيكلية,رأس الميوزين,0.7241864204406738,0.7307963371276855,0.7274763584136963,Incorrect
4308,أين يوجد مركز العطش؟,ANSWER: منطقة تحت المهاد,الوطاء,منطقة تحت المهاد,الوطاء,0.7751123905181885,0.7970280647277832,0.7859175205230713,Correct
4310,أين يحدث الامتصاص بشكل رئيسي؟,ANSWER: الأمعاء الدقيقة,أمعاء دقيقة,الأمعاء الدقيقة,أمعاء دقيقة,0.7675106525421143,0.8150710463523865,0.790576159954071,Correct
4311,ما هو الناقل العصبي الذي تحرره الألياف قبل العقدية في القسمين الودي ونظير الودي؟,ANSWER: الأسيتيل كولين,الأستيل كولين,الأسيتيل كولين,الأستيل كولين,0.9306812286376952,0.9306812286376952,0.9306812286376952,Correct
4315,ما هو الصوت الذي يسمع عند بدء الانبساط البطيني؟,ANSWER: صوت س1,الثاني,صوت س1,الثاني,0.6904386878013611,0.7344958782196045,0.711786150932312,Incorrect
4317,ما الذي يُنقص الإفراز المعدي؟,ANSWER: نقص حمض المعدة,السكرتين,نقص حمض المعدة,السكرتين,0.6960656642913818,0.7407591342926025,0.7177172899246216,Incorrect
4321,كيف يتم إلغاء التأثير التثبيطي للتروبونين؟,ANSWER: زيادة الكالسيوم,الكالسيوم,زيادة الكالسيوم,الكالسيوم,0.8607953190803528,0.8962533473968506,0.8781666159629822,Correct
4322,ما هي الوظائف التي يتآزر فيها القسمين الودّي ونظير الودّي للجهاز العصبي المستقل؟,ANSWER: الوظائف غير القابلة للاختيار,تنظيم إفراز اللعاب,الوظائف غير القابلة للاختيار,تنظيم إفراز اللعاب,0.6864008903503418,0.7020305395126343,0.6941277384757996,Incorrect
4332,ماذا يؤدي نقص تركيز الأوكسجين في الأسناخ؟,ANSWER: نقص الأكسجين في الأنسجة,تقبض الأوعية الدموية لهذه الأسناخ.,نقص الأكسجين في الأنسجة,تقبض الأوعية الدموية لهذه الأسناخ.,0.7689812183380127,0.744796872138977,0.7566958665847778,Incorrect
4335,ما هي الظاهرة التي تحدث عندما تتجمع المراكز المثارة ويستطيع الإشعاع أن ينتشر مرات كثيرة؟,ANSWER: تردد الرنين,الانتثار المتعدد,تردد الرنين,الانتثار المتعدد,0.7564204335212708,0.7434283494949341,0.7498680353164673,Incorrect
4341,ما هو المسؤول عن تحفيز تحرر الكالسيوم من الشبكة الهيولية؟,ANSWER: IP3,كامن الفعل,IP3,كامن الفعل,0.6969742774963379,0.6567461490631104,0.6762624979019165,Incorrect
4343,ما هي آلية عمل الحاصرات الغير مباشرة في الجهاز العصبي المستقل؟,ANSWER: منع الإفراز العصبي,تنقص فعالية العصبون قبل المشبكي,منع الإفراز العصبي,تنقص فعالية العصبون قبل المشبكي,0.8110852837562561,0.7811921238899231,0.7958580851554871,Incorrect
4349,ما هو نمط المستقبلات الموجودة في العضو؟,ANSWER: مستقبلات ميكانيكية,إرخاء مصرة المثانة,مستقبلات ميكانيكية,إرخاء مصرة المثانة,0.7037699818611145,0.7077209949493408,0.7057399749755859,Incorrect
4352,ما الذي يؤدي إلى انخفاض ضغط الدم عند زيادته؟,ANSWER: انخفاض مقاومة الأوعية الدموية,قطر الاوعية الدموية,انخفاض مقاومة الأوعية الدموية,قطر الاوعية الدموية,0.7612907290458679,0.8368844985961914,0.7972998023033142,Correct
4353,ما هي الحالات التي تنقص فيها سرعة موجة النبض؟,ANSWER: قصور القلب,بازدياد المرونة.,قصور القلب,بازدياد المرونة.,0.7280070781707764,0.7132332921028137,0.7205445170402527,Incorrect
4356,ما هي الخلايا التي تستجيب للعصبونات بعد العقد اللاودية؟,ANSWER: الخلايا العضلية الملساء,الأستيل كولين,الخلايا العضلية الملساء,الأستيل كولين,0.6914976239204407,0.6995331048965454,0.695492148399353,Incorrect
4360,ما هو الجزء من النفرون الكتيم تماماً للماء؟,ANSWER: الحالب الكتيم,الجزء الصاعد من عروة هانله,الحالب الكتيم,الجزء الصاعد من عروة هانله,0.6861368417739868,0.670698881149292,0.6783300638198853,Incorrect
4361,أين يتم تخرب الكريات الحمر بشكل رئيسي؟,ANSWER: الطحال,الطحال,الطحال,الطحال,0.9999998807907104,0.9999998807907104,0.9999998807907104,Correct
4367,ما هو العامل الأساسي الذي يحدد ارتباط الخضاب بالأوكسجين؟,ANSWER: الضغط الجزئي للأكسجين,ضغط الأوكسجين في الدم.,الضغط الجزئي للأكسجين,ضغط الأوكسجين في الدم.,0.7874157428741455,0.8246147632598877,0.805586040019989,Correct
4369,ما هو العامل الذي تفرزه الكلية ويؤثر في تشكيل الكريات الحمر؟,ANSWER: إريثروبويتين,التروميو موديولين,إريثروبويتين,التروميو موديولين,0.7493064999580383,0.7524427175521851,0.7508713006973267,Incorrect
4371,إلام يؤدي زيحان منحنى تفارق الأكسجين الخضاب نحو اليمين؟,ANSWER: نقص الأكسجين,نقص النسبة المئوية لإشباع الخضاب بالأكسجين,نقص الأكسجين,نقص النسبة المئوية لإشباع الخضاب بالأكسجين,0.9138731956481934,0.7374663352966309,0.8162473440170288,Incorrect
4373,ما الذي يشكل غمد النخاعين في الجهاز العصبي المركزي؟,ANSWER: الغمد المايليني,الخلايا الدبقية قليلة التغصنات,الغمد المايليني,الخلايا الدبقية قليلة التغصنات,0.7106114029884338,0.6911553144454956,0.7007482647895813,Incorrect
4378,ما الذي يثبط إفراز الـ FSH؟,ANSWER: هرمون البروجسترون,البروجسترون,هرمون البروجسترون,البروجسترون,0.8734694719314575,0.9278708696365356,0.8998486995697021,Correct
4385,ماذا تمثل الموجة QRS؟,ANSWER: انقباض البطينين,زوال استقطاب البطينين,انقباض البطينين,زوال استقطاب البطينين,0.9005314707756042,0.8740754723548889,0.8871062397956848,Incorrect
4402,ما الذي يعتمد عليه هرمون النمو في تأثيره على الخلية الهدف؟,ANSWER: مستقبلات هرمون النمو,السوماتوميدين,مستقبلات هرمون النمو,السوماتوميدين,0.6817973852157593,0.694556713104248,0.6881179213523865,Incorrect
4405,ما الذي يضمن سرعة توصيل كامن الفعل إلى جميع أنحاء الليف العضلي؟,ANSWER: الشجرة العصبية,انابيب المستعرضة,الشجرة العصبية,انابيب المستعرضة,0.7640697360038757,0.7504990696907043,0.7572236061096191,Incorrect
4406,ما الذي يسمع بوضوح في الحالة الطبيعية للإنسان؟,ANSWER: الأصوات,الصوتان الأول و الثاني,الأصوات,الصوتان الأول و الثاني,0.7324450612068176,0.6438236832618713,0.6852810978889465,Incorrect
4410,ماذا يحدث لمعدل الترشيح الكبيبي عندما يصبح ضغط الدم 100 ممز؟,ANSWER: ينخفض,يبقي ثابتا,ينخفض,يبقي ثابتا,0.794048547744751,0.7843592166900635,0.7891741394996643,Incorrect
4414,ما هو المستوى الذي يعد عليه تنظيم الضغط الشرياني؟,ANSWER: النخاع المستطيل,الأجهزة,النخاع المستطيل,الأجهزة,0.6959333419799805,0.7868764400482178,0.7386160492897034,Incorrect
4424,ما الذي يثبط فعالية جهاز الهضم؟,ANSWER: الإجهاد,التنبيه اللاودي.,الإجهاد,التنبيه اللاودي.,0.7708054184913635,0.7570982575416565,0.7638903260231018,Incorrect
4437,ما هي الأسباب التي تُعزى إليها ظاهرة الانتشار الخلفي المترابط؟,ANSWER: خلل في التنسج العصبي,تموضع ضعيف,خلل في التنسج العصبي,تموضع ضعيف,0.6691921949386597,0.6996837854385376,0.6840983629226685,Incorrect
4441,ما الذي يحدث مباشرة قبل صوت القلب الثاني؟,ANSWER: انغلاق الصمامات الأبهري والثلاثي,الموجة T.,انغلاق الصمامات الأبهري والثلاثي,الموجة T.,0.63507080078125,0.697192907333374,0.66468346118927,Incorrect
4444,ما هو الأنزيم المعوي الذي يحول مولد التربسين إلى تربسين؟,ANSWER: إنتروبسيناز,الإنتيروكيناز,إنتروبسيناز,الإنتيروكيناز,0.8326655030250549,0.8258573412895203,0.8292474150657654,Correct
4448,ما هي أهمية التأخير الذي يحدث أثناء مرور كامن الفعل في العقدة الأذينية البطينية؟,ANSWER: السماح للبطينين بالملء,كل ما سبق صحيح.,السماح للبطينين بالملء,كل ما سبق صحيح.,0.6367284655570984,0.6847174167633057,0.6598515510559082,Incorrect
4449,ما هو سبب ظهور طور الهضبة في كامن فعل العضلة القلبية؟,ANSWER: انغلاق الصمامات الأبهري والثلاثي,دخول شوارد الكالسيوم.,انغلاق الصمامات الأبهري والثلاثي,دخول شوارد الكالسيوم.,0.6983202695846558,0.7425044775009155,0.7197349071502686,Incorrect
4452,ما الأقنية التي يسبب انتفاحها بطور الهضبة في كمون عمل الليف العضلي القلبي؟,ANSWER: الأقنية التاجية,الكالسيوم,الأقنية التاجية,الكالسيوم,0.7166649103164673,0.7109771966934204,0.7138097286224365,Incorrect
4471,ما هو المخطط الذي عبارة عن صندوق ذو قرنين ممتدين بشكل موازي للمحور الشاقولي الذي تتوزع عليه القياسات؟,ANSWER: مخطط الصندوق والشاربين,المخطط الصندوقي,مخطط الصندوق والشاربين,المخطط الصندوقي,0.8020663261413574,0.8514173626899719,0.8260053992271423,Correct
4474,ما هو المقياس الذي يسمح بترتيب السمات دون اعتبار لتساوي الفروق بين أي رتبتين؟,ANSWER: مقياس ترتيبي,الرتبي,مقياس ترتيبي,الرتبي,0.7214516401290894,0.7353401184082031,0.7283296585083008,Correct
4475,ماذا يعني أن تكون قيمة معامل الارتباط تساوي −0.92؟,ANSWER: ارتباط سلبي قوي,وجود علاقة عكسية قوية,ارتباط سلبي قوي,وجود علاقة عكسية قوية,0.8626585602760315,0.8555102348327637,0.8590695261955261,Correct
4477,ما هي مصادر البيانات السكانية؟,ANSWER: السجلات المدنية,التعداد ومسوح العينة والسجلات السكانية,السجلات المدنية,التعداد ومسوح العينة والسجلات السكانية,0.8395549654960632,0.7516961693763733,0.7932000160217285,Incorrect
4478,ماذا نحصل عليه بعد تحديد مجتمع الدراسة والعينة وقياس قيم المتغير على أفراد العينة؟,ANSWER: بيانات,البيانات الخام,بيانات,البيانات الخام,0.8113579750061035,0.7308362722396851,0.7689949870109558,Incorrect
4480,ما هو نوع المتغير الذي يمثله عدد الكريات الحمر؟,ANSWER: متغير مستمر,عشوائي منفصل,متغير مستمر,عشوائي منفصل,0.7594902515411377,0.7308541536331177,0.7448970675468445,Incorrect
4481,ما هو المقياس الذي تكون فيه قيمة الصفر نسبية وليست مطلقة؟,ANSWER: مقياس فاهرنهايت,المقياس الفتروي,مقياس فاهرنهايت,المقياس الفتروي,0.7447526454925537,0.7548083066940308,0.7497467398643494,Incorrect
4482,ما هو مخطط تنظيم البيانات الذي يشبه أسلوب الجداول التكرارية والأعمدة؟,ANSWER: مخطط شريطي,مخطط الساق والورقة,مخطط شريطي,مخطط الساق والورقة,0.8566912412643433,0.7768144011497498,0.8147999048233032,Incorrect
4484,ما هو التوقع الرياضي للعدد الثابت؟,ANSWER: 1.0,العدد الثابت ذاته,1.0,العدد الثابت ذاته,0.6550949811935425,0.5880459547042847,0.6197623014450073,Incorrect
4491,ما هو التوزيع المستخدم من أجل اختبار الفروض حول معامل الارتباط الخطي؟,ANSWER: توزيع t,ستيودنت بدرجة حرية n-2,توزيع t,ستيودنت بدرجة حرية n-2,0.7333519458770752,0.7037333250045776,0.7182374000549316,Incorrect
4494,ما هو الإحصاء الذي يسعى لعرض وتوضيح سلوك الظاهرة؟,ANSWER: الإحصاء الوصفي,إحصاء وصفي,الإحصاء الوصفي,إحصاء وصفي,0.8102316856384277,0.8525623679161072,0.8308582305908203,Correct
4495,ما هو الغرض الرئيسي من حساب معامل الارتباط الخطي؟,ANSWER: قياس العلاقة الخطية,قياس قوة العلاقة الخطية بين متغيرين,قياس العلاقة الخطية,قياس قوة العلاقة الخطية بين متغيرين,0.9279831647872924,0.8301432132720947,0.8763408064842224,Incorrect
4497,ما هو الخط المنكسر الذي يصل النقاط التي فواصلها مراكز الفئات وترتيبها تكرارات الفئات؟,ANSWER: منحنى التردد,المضلع التكراري,منحنى التردد,المضلع التكراري,0.7732853889465332,0.7626842260360718,0.7679482698440552,Incorrect
4498,من أين نحصل على المصادر الداخلية لجمع البيانات؟,ANSWER: داخل الجسم,داخل الشركة أو المؤسسة,داخل الجسم,داخل الشركة أو المؤسسة,0.8507634401321411,0.7464101314544678,0.7951777577400208,Incorrect
4502,ما هو الإحصاء؟,ANSWER: عدد الوفيات,أي دالة في العينة لا تتبع وسيط مجهول,عدد الوفيات,أي دالة في العينة لا تتبع وسيط مجهول,0.7263381481170654,0.6728041768074036,0.6985470652580261,Incorrect
4505,ماذا يحتسب اليوم إذا قُبل المريض في يوم وتخرج في نفس اليوم؟,ANSWER: يوم واحد,مدة استشفاء,يوم واحد,مدة استشفاء,0.7489696145057678,0.6935771703720093,0.7202098965644836,Incorrect
4508,ما هي طريقة جمع البيانات التي تتناسب مع الأطفال؟,ANSWER: الملاحظة,الملاحظة,الملاحظة,الملاحظة,0.9999999403953552,0.9999999403953552,0.9999999403953552,Correct
4522,ما هي الدراسات التي بحكم الميدان تنفيذ العمل وجمع البيانات؟,ANSWER: الدراسات الميدانية,الدراسات الكيفية,الدراسات الميدانية,الدراسات الكيفية,0.8650387525558472,0.8884274959564209,0.8765771389007568,Incorrect
4527,ما هو الغرض من استخدام الجداول التكرارية؟,ANSWER: تقييم التكرار,البيانات الوصفية والكمية,تقييم التكرار,البيانات الوصفية والكمية,0.7221184968948364,0.7176250219345093,0.7198647260665894,Incorrect
4528,ما هما نوعا البيانات الموجودان؟,ANSWER: بيانات كمية وبيانات نوعية,كمية ووصفية,بيانات كمية وبيانات نوعية,كمية ووصفية,0.8254815340042114,0.8267459869384766,0.8261132836341858,Correct
4531,ما الذي تعطينا إياه دالة التوزيع الاحتمالي المتجمع؟,ANSWER: الاحتمال التراكمي,احتمال ان ياخد المتغير العشوائى x قيمه اقل او تساوى قيمه محددة,الاحتمال التراكمي,احتمال ان ياخد المتغير العشوائى x قيمه اقل او تساوى قيمه محددة,0.660178005695343,0.5943899750709534,0.6255590915679932,Incorrect
4541,كل متى يتكرر التعداد السكاني عادة؟,ANSWER: كل 10 سنوات,عشرة أعوام,كل 10 سنوات,عشرة أعوام,0.7695015668869019,0.7594083547592163,0.7644216418266296,Correct
4546,ما هو الفارق في عدد السكان بين تعدادين متعاقبين تفصلهما فترة معينة كعشر سنوات؟,ANSWER: النمو السكاني,التغير المطلق,النمو السكاني,التغير المطلق,0.7477279901504517,0.7318885922431946,0.7397235035896301,Incorrect
4551,ما هو المسجل الذي يهدف إلى تجميع المعلومات عن المرضى؟,ANSWER: سجلات المرضى,السجلات الطبية,سجلات المرضى,السجلات الطبية,0.7798218131065369,0.7568898797035217,0.7681847214698792,Correct
4563,ما هي من أقدم الطرق المستخدمة لجمع البيانات لمراقبة الكثير من الظواهر لا سيما التي يصعب السؤال عنها؟,ANSWER: الملاحظة المباشرة,الملاحظة أو المشاهدة,الملاحظة المباشرة,الملاحظة أو المشاهدة,0.7590190172195435,0.7546489238739014,0.7568276524543762,Correct
4564,ما هو المقياس المستخدم لوصف حالة التدخين (مدخن - غير مدخن)؟,ANSWER: مؤشر التدخين,الاسمي,مؤشر التدخين,الاسمي,0.6370173692703247,0.7110904455184937,0.6720188856124878,Incorrect
4566,ما هي الطريقة التي يتم بها الحصول على بيانات تتعلق بضغط الدم وسرعة نبضات القلب ونسبة الكوليسترول في الدم لعينة من المرضى خلال فترة أسبوع؟,ANSWER: قياس متكرر,التسجيل,قياس متكرر,التسجيل,0.7426413297653198,0.7589542865753174,0.7507091760635376,Incorrect
4567,ما هي وظائف السجلات الطبية؟,ANSWER: تتبع وتوثيق الرعاية الصحية,ترميز الامراض والعمليات .,تتبع وتوثيق الرعاية الصحية,ترميز الامراض والعمليات .,0.7377150058746338,0.7391545176506042,0.7384340763092041,Incorrect
4568,ما هو المقياس الذي يمكن استخدام الطرق الإحصائية الوسيطية فيه؟,ANSWER: مقياس ترتيبي,النسبي,مقياس ترتيبي,النسبي,0.7134443521499634,0.729256808757782,0.7212640047073364,Incorrect
4572,ما هو التوزيع الذي يتبعه مربع المتغير العشوائي Z² إذا كان للمتغير العشوائي Z توزيع طبيعي معياري؟,ANSWER: توزيع كاي مربع,توزيع كاي مربع بدرجة حرية واحدة,توزيع كاي مربع,توزيع كاي مربع بدرجة حرية واحدة,0.920180082321167,0.7908369898796082,0.8506197333335876,Incorrect
4574,ما هي المنظمة التي وضعت التصنيف الدولي للأمراض؟,ANSWER: منظمة الصحة العالمية,منظمة الصحة العالمية .,منظمة الصحة العالمية,منظمة الصحة العالمية .,0.8441135883331299,0.8316516876220703,0.8378363251686096,Correct
4580,ما هي الجهة المسؤولة عن السجلات الطبية؟,ANSWER: إدارة السجلات الطبية,قسم السجلات الطبية في المشفى,إدارة السجلات الطبية,قسم السجلات الطبية في المشفى,0.8849698305130005,0.8171185851097107,0.8496918082237244,Correct
4586,ما هو التوقع الرياضي لمتحول عشوائي يخضع لتوزيع برنولي؟,ANSWER: المتغير العشوائي,P,المتغير العشوائي,P,0.5515627861022949,0.665651798248291,0.6032605171203613,Incorrect
4588,ما هو التصنيف الدولي للأمراض؟,ANSWER: التصنيف الدولي للأمراض,ثلاثة أجزاء .,التصنيف الدولي للأمراض,ثلاثة أجزاء .,0.5678092837333679,0.6378066539764404,0.600775957107544,Incorrect
4589,ما هو المستقيم الذي يكون منحنى التوزيع الطبيعي المعياري مناظراً حوله؟,ANSWER: المحور السيني,x=0,المحور السيني,x=0,0.6045036911964417,0.5916693210601807,0.598017692565918,Incorrect
4594,ما هي أيام الخدمة الإجمالية للمرضى الداخليين؟,ANSWER: 10 أيام,مجموع خدمة جميع المرضى الداخليين خلال مدة معينة,10 أيام,مجموع خدمة جميع المرضى الداخليين خلال مدة معينة,0.6889640092849731,0.618059515953064,0.651588499546051,Incorrect
4595,ما هي قيمة معامل التجديد؟,ANSWER: 0.7,مربع معامل الارتباط الخطي,0.7,مربع معامل الارتباط الخطي,0.6052212715148926,0.5788710713386536,0.5917530059814453,Incorrect
4596,ما هي وحدة المعاينة؟,ANSWER: وحدة العناية المركزة,عنصر من العينة,وحدة العناية المركزة,عنصر من العينة,0.7274174690246582,0.7599325180053711,0.743319571018219,Incorrect
4597,ما هو الجدول التكراري الذي يضم عدد البيانات في فئة معينة وكل الفئات التي تسبقها؟,ANSWER: الجدول التكراري التراكمي,تكرار المجتمع الصاعد,الجدول التكراري التراكمي,تكرار المجتمع الصاعد,0.7672758102416992,0.778955340385437,0.7730714678764343,Correct
4598,ما هو معدل الوفيات في المشفى؟,ANSWER: معدل الوفيات في المشفى,عدد الوفيات خلال فترة زمنية محددة على عدد المتخرجين والوفيات في نفس الفترة مضروب بـ 100,معدل الوفيات في المشفى,عدد الوفيات خلال فترة زمنية محددة على عدد المتخرجين والوفيات في نفس الفترة مضروب بـ 100,0.7997599840164185,0.7253234386444092,0.760725200176239,Incorrect
4601,ما هو متوسط التوزيع الاحتمالي في تجربة رمي قطعة نقود 3 مرات متتالية حيث x تدل على عدد ظهور H؟,ANSWER: توزيع ثنائي,1.5,توزيع ثنائي,1.5,0.6457645893096924,0.6493899822235107,0.6475722193717957,Incorrect
4604,ما هو المجتمع الإحصائي (الجمهرة)؟,ANSWER: مجموعة من الأفراد,التي تشترك فيما بينها ببعض الخواص والمميزات,مجموعة من الأفراد,التي تشترك فيما بينها ببعض الخواص والمميزات,0.7005510926246643,0.615330159664154,0.6551809906959534,Incorrect
4618,ما هو الرسم البياني الذي يتكون من مجموعة من الأعمدة المتجاورة المقامة على المحور الأفقي الذي تمثل عليه حالات الصفة المدروسة عندما تكون البيانات وصفية وفترات الفئات عندما تكون البيانات كمية ويساوي ارتفاع كل عمود تكرارات الفئة المقام عليها؟,ANSWER: مخطط شريطي,المدرج التكراري,مخطط شريطي,المدرج التكراري,0.7607718706130981,0.7634172439575195,0.7620922327041626,Incorrect
4622,ما هي طريقة جمع البيانات التي من أمثلتها قياس شدة تأثير نوع من الهرمونات في مجموعة من الفئران؟,ANSWER: دراسة حالة,التجربة,دراسة حالة,التجربة,0.7800469994544983,0.7640030384063721,0.7719417214393616,Incorrect
4623,ما نوع المتغير الذي يمثله طول شخص بالغ وقياس السكر في الدم؟,ANSWER: متغير مستمر,عشوائي مستمر,متغير مستمر,عشوائي مستمر,0.8502904176712036,0.7905467748641968,0.8193309903144836,Correct
4628,متى يكون المجتمع غير متجانس في العينة غير العشوائية؟,ANSWER: عند وجود تباين في الخصائص,الحصصية,عند وجود تباين في الخصائص,الحصصية,0.655065655708313,0.6964391469955444,0.6751191020011902,Incorrect
4629,ما الذي يعتمد عليه توزيع ستيودنت؟,ANSWER: توزيع طبيعي,درجة الحرية,توزيع طبيعي,درجة الحرية,0.713873028755188,0.7199217081069946,0.7168846130371094,Incorrect
4630,ما هي محتويات السجل الطبي؟,ANSWER: التاريخ المرضي والعلامات والأعراض والنتائج المخبرية والنتائج الإشعاعية,صفحة الموافقة على العلاج,التاريخ المرضي والعلامات والأعراض والنتائج المخبرية والنتائج الإشعاعية,صفحة الموافقة على العلاج,0.6222546100616455,0.6957547664642334,0.6569553017616272,Incorrect
4631,ما هو التصنيف الدولي للأمراض وما الغرض من الرموز والأرقام المستخدمة فيه؟,ANSWER: التصنيف الدولي للأمراض,عن الامراض .,التصنيف الدولي للأمراض,عن الامراض .,0.6872817277908325,0.7516452074050903,0.718023955821991,Incorrect
4634,ما نوع العينة التي نسحبها إذا كنا أمام مجتمع غير متجانس؟,ANSWER: عينة عشوائية متجمعة,طبقية,عينة عشوائية متجمعة,طبقية,0.7190529108047485,0.7886357307434082,0.7522386312484741,Incorrect
4636,ما هو الغرض من استخدام الجداول التكرارية في عرض البيانات؟,ANSWER: تحليل التردد,الكمية والاسمية,تحليل التردد,الكمية والاسمية,0.7458871603012085,0.7292157411575317,0.7374572157859802,Incorrect
4640,ما هي الطريقة التي يتم بها الحصول على بيانات تتعلق بضغط الدم ونسبة الكوليسترول بالدم لعينة من المرضى خلال فترة زمنية معينة؟,ANSWER: تحليل الدم,الملاحظة أو المشاهدة,تحليل الدم,الملاحظة أو المشاهدة,0.7208999395370483,0.6391379237174988,0.6775612831115723,Incorrect
4644,ما هي أعلى مستويات القياس؟,ANSWER: القياس الكمي,المقياس الرتبي,القياس الكمي,المقياس الرتبي,0.8525117635726929,0.839720606803894,0.8460678458213806,Incorrect
4645,ما هو الهدف من تغيير الطرائق في الدراسات بالنسبة للبيانات؟,ANSWER: تقليل التحيز,أفضل دقة ممكنة,تقليل التحيز,أفضل دقة ممكنة,0.6875013113021851,0.6938661336898804,0.690669059753418,Incorrect
4646,ما هي طريقة جمع البيانات التي تمتاز بالتكلفة العالية؟,ANSWER: دراسة حالة,المقابلة الشخصية,دراسة حالة,المقابلة الشخصية,0.7516040205955505,0.7097638845443726,0.730085015296936,Incorrect
4647,ما هو الفارق في عدد السكان بين تعدادين متعاقبين تفصلهما فترة معينة كعشر سنوات؟,ANSWER: النمو السكاني,التغير المطلق,النمو السكاني,التغير المطلق,0.7477279901504517,0.7318885922431946,0.7397235035896301,Incorrect
4650,ما هو الجزء من الإحصاء الذي يعنى بوصف طبيعة وسلوك الظاهرة المدروسة وعرضها؟,ANSWER: الوصف الإحصائي,الإحصاء الوصفي,الوصف الإحصائي,الإحصاء الوصفي,0.7966125011444092,0.8189135789871216,0.8076091408729553,Correct
4651,ما هي الفئة التي تشكل قاعدة الهرم السكاني؟,ANSWER: الفئة العمرية 0-14,الأطفال,الفئة العمرية 0-14,الأطفال,0.6333237886428833,0.6817005276679993,0.6566222906112671,Correct
4655,ما هي فرضية العدم لاختبار الفرضيات حول معامل الارتباط الخطي لبيرسون؟,ANSWER: عدم وجود ارتباط خطي,قيمة معامل ارتباط المجتمع تساوي الصفر,عدم وجود ارتباط خطي,قيمة معامل ارتباط المجتمع تساوي الصفر,0.7404290437698364,0.7032234072685242,0.7213468551635742,Correct
4657,ما هو التكرار المتجمع الهابط لفئة معينة؟,ANSWER: معدل الوفيات,عدد البيانات في الفئة والفئات التي تليها,معدل الوفيات,عدد البيانات في الفئة والفئات التي تليها,0.7310444712638855,0.6772344708442688,0.703111469745636,Incorrect
4661,ما هو التوزيع الذي تتبعه التجربة الثنائية الوحيدة؟,ANSWER: توزيع ثنائي,البرنولي,توزيع ثنائي,البرنولي,0.65190589427948,0.6427401304244995,0.6472905874252319,Incorrect
4663,ما هو نتاج العوامل المؤثرة في النمو السكاني من مواليد ووفيات وهجرة؟,ANSWER: النمو الطبيعي,التركيب العمري,النمو الطبيعي,التركيب العمري,0.7871259450912476,0.7969093322753906,0.791987419128418,Incorrect
4667,ما هو المقياس المستخدم لقياس خضاب الدم؟,ANSWER: مقياس هيموغلوبين,النسبي,مقياس هيموغلوبين,النسبي,0.6643365025520325,0.6816677451133728,0.6728905439376831,Incorrect
4672,ما هو نوع المصدر الذي تمثله البيانات التي نحصل عليها من الشركة أو المؤسسة من واقع مستنداتها وسجلاتها وفواتيرها وتقاريرها الدورية؟,ANSWER: مصدر وثائقي,داخلي,مصدر وثائقي,داخلي,0.7214348316192627,0.7913850545883179,0.7547927498817444,Incorrect
4679,ما هي الجهة المسؤولة عن السجلات الطبية؟,ANSWER: إدارة السجلات الطبية,قسم السجلات الطبيه فى المشفى,إدارة السجلات الطبية,قسم السجلات الطبيه فى المشفى,0.8620272278785706,0.7680186033248901,0.8123120069503784,Correct
4680,ما هو نوع الإحصاء الذي يتضمن جمع البيانات وتنظيمها وتوصيفها وتبويبها وتلخيصها؟,ANSWER: إحصاء وصفي,الوصفي,إحصاء وصفي,الوصفي,0.8444669246673584,0.822050929069519,0.833108127117157,Correct
4683,ما نوع العينة التي تمثلها مجموعة من المرضى الذين يراجعون طبيباً معيناً عندما يجري عليهم دراسة؟,ANSWER: عينة عشوائية,مصادفة,عينة عشوائية,مصادفة,0.7145230770111084,0.7426997423171997,0.7283390164375305,Incorrect
4684,ما نوع العلاقة إذا كانت قيمة بيرسون R=0.92؟,ANSWER: علاقة إيجابية قوية,طردية قوية,علاقة إيجابية قوية,طردية قوية,0.8528450727462769,0.8536472916603088,0.8532459735870361,Correct
4687,ما هي وحدة المعاينة؟,ANSWER: وحدة العناية المركزة,عنصر من العينة,وحدة العناية المركزة,عنصر من العينة,0.7274174690246582,0.7599325180053711,0.743319571018219,Incorrect
4688,ما هي الطريقة التي يتم بها الحصول على بيانات تتعلق بضغط الدم وسرعة نبضات القلب ونسبة الكولسترول في الدم لعينة من المرضى خلال فترة أسبوع؟,ANSWER: قياس متكرر,الملاحظة أو المشاهدة,قياس متكرر,الملاحظة أو المشاهدة,0.6857494115829468,0.6680107116699219,0.6767638325691223,Incorrect
4690,ما نوع الارتباط بين المتغير العشوائي X والمتغير التابع Y إذا كان تزايد X يؤدي إلى تزايد Y؟,ANSWER: ارتباط إيجابي,إيجابي,ارتباط إيجابي,إيجابي,0.897159993648529,0.9203158020973206,0.9085904359817504,Correct
4692,"ماذا تعبر عنه العبارة ""احتمال أي حدث لا يزيد عن الواحد""؟",ANSWER: احتمال مستحيل,المسلمة الاحتمالية,احتمال مستحيل,المسلمة الاحتمالية,0.7367838621139526,0.7322076559066772,0.7344886064529419,Incorrect
4693,ما تسمى الظاهرة التي يحدث فيها انحدار معدل أطوال الأبناء من معامل المجتمع؟,ANSWER: انحدار ريجريس,الانحدار نحو المعدل,انحدار ريجريس,الانحدار نحو المعدل,0.7781683206558228,0.7699189782142639,0.7740216851234436,Incorrect
4694,ما هي التقديرات التي تستخدم لتقدير نسبة النجاح لمجتمع؟,ANSWER: مؤشرات الصحة العامة,التقدير النقطي,مؤشرات الصحة العامة,التقدير النقطي,0.6982895135879517,0.6836365461349487,0.6908853054046631,Incorrect
4696,ما نوع المتغير العشوائي الذي يدل على عدد القذفات عند قذف قطعة نقود حتى يظهر الوجه H للمرة الأولى؟,ANSWER: متغير عشوائي جيومترى,متقطع قيمة الاعداد الطبيعية,متغير عشوائي جيومترى,متقطع قيمة الاعداد الطبيعية,0.7166130542755127,0.7459128499031067,0.7309694886207581,Correct
4699,ما هو متوسط عدد الأطفال الذي يمكن أن تنجبهم المرأة أحياء إذا أمضت حياتها منذ ميلادها بما يتماشى مع معدلات الخصوبة العمرية في سنة معينة؟,ANSWER: عدد الأطفال المولودين أحياء,معدل الخصوبة الكلية,عدد الأطفال المولودين أحياء,معدل الخصوبة الكلية,0.7232999801635742,0.7452356219291687,0.7341039180755615,Incorrect
4700,ما هي الطريقة التي تمكننا من مراقبة رد الفعل على بعض الأسئلة والحصول على إجابات دقيقة؟,ANSWER: اختبار الاستجابات,المواجهة,اختبار الاستجابات,المواجهة,0.7596228122711182,0.7912920713424683,0.7751340866088867,Incorrect
4702,ما هو نوع البيانات المستخدمة لإنشاء الجدول التكراري؟,ANSWER: بيانات تكرارية,كمية و وصفية,بيانات تكرارية,كمية و وصفية,0.7598415613174438,0.7526135444641113,0.7562102675437927,Incorrect
4714,ما هي طبيعة الأفراد أو العناصر التي تشكل المجتمع الإحصائي؟,ANSWER: الأفراد الإحصائية,التي تشترك فيما بينها ببعض الخواص والمميزات,الأفراد الإحصائية,التي تشترك فيما بينها ببعض الخواص والمميزات,0.6334229707717896,0.5977372527122498,0.615062952041626,Incorrect
4717,ما هو عدد الكريات الحمر في الجسم؟,ANSWER: 20-30 تريليون,عشوائي منفصل,20-30 تريليون,عشوائي منفصل,0.6310644745826721,0.6683542728424072,0.6491743326187134,Incorrect
4720,ما هو معدل وفيات الأمهات الذي يحسب بقسمة عدد الوفيات لدى النساء الحوامل التي حدثت أثناء الحمل أو الولادة أو النفاس على عدد المواليد الأحياء خلال نفس السنة مضروباً في 100000؟,ANSWER: معدل وفيات الأمهات,معدل وفيات الأمهات,معدل وفيات الأمهات,معدل وفيات الأمهات,1.0,1.0,1.0,Correct
4723,ما هي المعدلات التي يكون تركيزها على معدلات الخصوبة لفئة معينة من العمر لغرض المقارنة على امتداد زمن ما ودراسة الفروق في ظاهرة الخصوبة بمختلف الأعمار؟,ANSWER: معدلات الخصوبة العامة,معدل الخصوبة العمري,معدلات الخصوبة العامة,معدل الخصوبة العمري,0.9167538285255432,0.9099202156066896,0.9133242964744568,Incorrect
4724,ما هي العلاقة بين المتغيرين عندما يؤدي تزايد المتغير العشوائي x إلى تناقص المتغير التابع y؟,ANSWER: علاقة عكسية,سلبي,علاقة عكسية,سلبي,0.7863499522209167,0.8008257746696472,0.7935218811035156,Correct
4729,ما هو المقياس المستخدم لوصف حالة التدخين (مدخن / غير مدخن)؟,ANSWER: مؤشر التدخين,مقياس اسمي,مؤشر التدخين,مقياس اسمي,0.7166666984558105,0.7784837484359741,0.746297299861908,Incorrect
4730,ما هي الشروط التي يجب توفرها في مجموعة من المتغيرات العشوائية لتشكل عينة عشوائية؟,ANSWER: استقلال وتوزيع متطابق,مستقلة ولها قانون التوزيع نفسه,استقلال وتوزيع متطابق,مستقلة ولها قانون التوزيع نفسه,0.6883357763290405,0.6849722862243652,0.6866499185562134,Correct
4731,ما هو المستوى الذي يمكن حساب فيه المتوسطات والانحرافات المعيارية ومقاييس العلاقة الخطية؟,ANSWER: مستوى البيانات,العنقودي,مستوى البيانات,العنقودي,0.7229187488555908,0.6737966537475586,0.6974939107894897,Incorrect
4736,كم يتراوح عدد الفئات غالباً؟,ANSWER: 12 إلى 16 فئة,بين 5 و15 فئة,12 إلى 16 فئة,بين 5 و15 فئة,0.8592798709869385,0.8363803029060364,0.8476754426956177,Incorrect
4740,ما هي فرضية العدم لاختبار الفرضيات حول معامل الارتباط الخطي لبيرسون؟,ANSWER: عدم وجود ارتباط خطي,قيمة معامل ارتباط المجتمع تساوي الصفر,عدم وجود ارتباط خطي,قيمة معامل ارتباط المجتمع تساوي الصفر,0.7404290437698364,0.703223466873169,0.7213468551635742,Correct
4743,ما هو معدل الوفيات الخام؟,ANSWER: عدد الوفيات لكل 1000 شخص,عدد الوفيات لكل الف من السكان في سنة معينة,عدد الوفيات لكل 1000 شخص,عدد الوفيات لكل الف من السكان في سنة معينة,0.8834449052810669,0.8016589283943176,0.8405671715736389,Correct
4744,ما هي الجهة المسؤولة عن السجلات الطبية؟,ANSWER: إدارة السجلات الطبية,قسم السجلات الطبية في المستشفى,إدارة السجلات الطبية,قسم السجلات الطبية في المستشفى,0.8826114535331726,0.8147276043891907,0.8473120331764221,Correct
4748,ما هو الغرض من استخدام مخطط الانتشار في الدراسة الإحصائية بين خاصتين؟,ANSWER: تحديد الارتباط,متغيرين,تحديد الارتباط,متغيرين,0.7363682389259338,0.7415527701377869,0.7389514446258545,Incorrect
4758,ما هو التوقع الرياضي لمجموع متغيرين عشوائيين؟,ANSWER: مجموع المتغيرات العشوائية,مجموع التوقعين الرياضيين للمتغيرين العشوائيين,مجموع المتغيرات العشوائية,مجموع التوقعين الرياضيين للمتغيرين العشوائيين,0.9000526666641235,0.8424431681632996,0.8702955842018127,Incorrect
4761,ما هو التكرار المتجمع الصاعد لفئة معينة؟,ANSWER: التكرار المتجمع الصاعد,عدد البيانات المتضمنة في الفئة والفئات التي تسبقها,التكرار المتجمع الصاعد,عدد البيانات المتضمنة في الفئة والفئات التي تسبقها,0.6589337587356567,0.6215699911117554,0.6397067308425903,Incorrect
4765,ما هي المنطقة التي تتألف من قيم دالة الاختبار قليلة الاحتمال عندما Ho صحيحة؟,ANSWER: المنطقة الحرجة,منطقة الرفض,المنطقة الحرجة,منطقة الرفض,0.8387883305549622,0.8387883305549622,0.8387882709503174,Correct
4768,ما هو المجتمع الإحصائي؟,ANSWER: المجتمع الإحصائي,التي تشترك فيما بينها ببعض الخواص والميزات,المجتمع الإحصائي,التي تشترك فيما بينها ببعض الخواص والميزات,0.6207913756370544,0.586637556552887,0.6032313704490662,Incorrect
4770,ما الذي يقوم عليه الإحصاء الاستنتاجي؟,ANSWER: العينات,على اتخاذ القرارات والتنبؤ والاستقرار والاستدلال,العينات,على اتخاذ القرارات والتنبؤ والاستقرار والاستدلال,0.7574460506439209,0.6053922176361084,0.6729366779327393,Incorrect
4772,ما هي الجهة التي تصدر التصنيف الدولي للأمراض؟,ANSWER: منظمة الصحة العالمية,منظمة الصحة العالمية,منظمة الصحة العالمية,منظمة الصحة العالمية,1.0,1.0,1.0,Correct
4778,ما الذي تختلف تبعاً له دلالات قيم المتغيرات العشوائية؟,ANSWER: توزيع الاحتمالات,نوعية المقياس المستخدم,توزيع الاحتمالات,نوعية المقياس المستخدم,0.7442243099212646,0.7557143568992615,0.7499253153800964,Incorrect
4781,ما هي الطريقة التي تستخدم فيها بعض التقنيات الإلكترونية للمراقبة والعد وتسجيل الملاحظات؟,ANSWER: المراقبة الإلكترونية,التسجيل,المراقبة الإلكترونية,التسجيل,0.7394222021102905,0.7901772856712341,0.7639577388763428,Incorrect
4782,ما الذي يحدد زمن حفظ السجلات الطبية؟,ANSWER: القانون المحلي,حسب الأسس المتبعة محليا في كل بلد,القانون المحلي,حسب الأسس المتبعة محليا في كل بلد,0.7210388779640198,0.6728208661079407,0.696095883846283,Correct
4783,ما هو التوزيع الذي يتبعه مجموع متغيرات عينة عشوائية حجمها n من توزيع برنولي بالوسيط P؟,ANSWER: توزيع ثنائي,الثنائي,توزيع ثنائي,الثنائي,0.7764358520507812,0.7822691202163696,0.7793416380882263,Correct
4787,ما هي مجموعة قيم المتغير العشوائي x الذي يدل على عدد أخوات طالب ما؟,"ANSWER: 0, 1, 2, 3, ...",صحيح موجب,"0, 1, 2, 3, ...",صحيح موجب,0.5715357065200806,0.6060173511505127,0.5882716774940491,Incorrect
4789,ما هو معدل المواليد الخام؟,ANSWER: عدد المواليد لكل 1000 نسمة,عدد المواليد الاحياء لكل ألف من السكان في سنة معينة,عدد المواليد لكل 1000 نسمة,عدد المواليد الاحياء لكل ألف من السكان في سنة معينة,0.8830366134643555,0.8143737316131592,0.8473163843154907,Correct
4790,ما هي الفئة العمرية المهمة جداً من الناحية الصحية والتنموية؟,ANSWER: مرحلة المراهقة,فئة الأطفال,مرحلة المراهقة,فئة الأطفال,0.7026538848876953,0.7632741928100586,0.7317106127738953,Incorrect
4798,ما هي الطريقة التي تمتاز بوصول الإجابات خلال وقت قصير وتتميز ببساطتها وقلة تكاليفها وسرعتها؟,ANSWER: اختبار ELISA,استخدام الانترنيت والمواقع الاجتماعية,اختبار ELISA,استخدام الانترنيت والمواقع الاجتماعية,0.7082129120826721,0.6779831647872925,0.692768394947052,Incorrect
4802,ما هو المخطط الذي يساعد بدراسة العلاقة بين متغيرين وطبيعتها؟,ANSWER: مخطط التشتت,مخطط الانتشار,مخطط التشتت,مخطط الانتشار,0.8777868151664734,0.879636824131012,0.8787108063697815,Correct
4806,ما الذي يحدد زمن حفظ السجلات الطبية في المشفى؟,ANSWER: القوانين المحلية,بناء على الأسس المتبعة محلياً في كل بلد,القوانين المحلية,بناء على الأسس المتبعة محلياً في كل بلد,0.7283922433853149,0.6732682585716248,0.6997463703155518,Correct
4812,ما هو التوزيع الذي يستخدم في اختبار الفرضيات حول ميل خط الانحدار؟,ANSWER: توزيع t,ستيودنت,توزيع t,ستيودنت,0.6554934978485107,0.6427352428436279,0.6490517258644104,Correct
4816,ما هي أسباب تفضيل أسلوب العينة على أسلوب الحصر الشامل؟,ANSWER: التكلفة والوقت,صعوبة حصر افراد المجتمع,التكلفة والوقت,صعوبة حصر افراد المجتمع,0.7043294906616211,0.7251352667808533,0.7145808935165405,Incorrect
4823,ما هو السجل الذي يهدف إلى تجميع المعلومات عن المريض؟,ANSWER: السجل الطبي,السجلات الطبية .,السجل الطبي,السجلات الطبية .,0.8384203910827637,0.8482677340507507,0.8433152437210083,Correct
4832,ما هو نوع التوزيع الإحصائي إذا علمت أن احتمال شفاء مريض مصاب بالزكام خلال أسبوع دون اللجوء للطبيب هو 0.6 وكان لدينا 10 مرضى بالزكام ولم يراجعوا الطبيب؟,ANSWER: توزيع ثنائي,حداني,توزيع ثنائي,حداني,0.7391279339790344,0.7489821314811707,0.7440224289894104,Incorrect
4848,ما هو الشريان الذي ينزف غالباً من قرحة اثني عشرية؟,ANSWER: الشريان الغاشري الأيسر,المعدي العفجي.,الشريان الغاشري الأيسر,المعدي العفجي.,0.7756632566452026,0.8037575483322144,0.7894605398178101,Incorrect
4854,ما هي الأورام التي تعالج في القسم البعيد للمعدة؟,ANSWER: ورم غدي معدي,4. كل ما سبق صحيح.,ورم غدي معدي,4. كل ما سبق صحيح.,0.6439756155014038,0.6420741081237793,0.6430234909057617,Incorrect
4855,ما هو التشخيص للآفة التي قد تسبب فقراً دموياً والنزف الحاد منها غير شائع والتي تم اكتشافها بالتنظير الهضمي العلوي لرجل عمره 55 سنة؟,ANSWER: ورم غدي معدي معوي بؤري,سرطانة معدية.,ورم غدي معدي معوي بؤري,سرطانة معدية.,0.6731743216514587,0.6959971189498901,0.6843954920768738,Incorrect
4856,ما هي الخطوة الأولى الأهم في تدبير مريض يبلغ من العمر 32 سنة أتى لقسم الطوارئ بقصة إقياء لكميات كبيرة من الدم الأحمر القاني؟,ANSWER: استقرار المريض,إنعاش بالسوائل.,استقرار المريض,إنعاش بالسوائل.,0.7668355703353882,0.764657735824585,0.7657451033592224,Incorrect
4857,ما هو التشخيص المحتمل لمريضة تبلغ من العمر 45 سنة تشكو من ألم في ثديها الأيسر لمدة أسبوعين مع وجود خيط يشبه الحبل مؤلم وأودة بارزة فوقه بالفحص السريري؟,ANSWER: ورم دموي في الثدي,داء,ورم دموي في الثدي,داء,0.6857994794845581,0.743577241897583,0.7135205864906311,Incorrect
4858,ما هو التشخيص المحتمل لمريضة تبلغ من العمر 40 عاماً من أصول آسيوية وصلت إلى بريطانيا تشكو من كتلة غير مؤلمة في ثديها الأيمن منذ عدة أشهر مع نز الخراج في إبطها الأيمن الذي يشفى ويعاود من جديد؟,ANSWER: سرطان الثدي,سل ثدي.,سرطان الثدي,سل ثدي.,0.7482690811157227,0.7585901021957397,0.7533942461013794,Incorrect
4859,ما هو التشخيص المحتمل لمريضة تبلغ من العمر 25 سنة راجعت بكتلة شاهدتها صدفة منذ 3 أسابيع في ثديها الأيسر ويمكن تحريك الكتلة من قبل المريضة ضمن نسيج الثدي؟,ANSWER: ورم ليفي في الثدي,غدوم ليفي.,ورم ليفي في الثدي,غدوم ليفي.,0.7468253374099731,0.7665276527404785,0.7565482258796692,Correct
4860,ما هو التشخيص المحتمل لمريضة تبلغ من العمر 50 عاماً تعاني من ألم واحمرار في الثدي الأيمن منذ شهر وقد عولجت بالصادات لمدة أسبوعين دون تحسن وازدادت الحالة سوءاً؟,ANSWER: سرطان الثدي,سرطان التهابي.,سرطان الثدي,سرطان التهابي.,0.76434326171875,0.8112457394599915,0.7870964407920837,Incorrect
4863,ما هو التشخيص المحتمل لمريضة مسنة مشخص لديها سابقاً داء هاشيموتو وتراجع بعقدة قاسية غير منتظمة في الفص الدرقي الأيمن؟,ANSWER: ورم درقي خبيث,لمفوما.,ورم درقي خبيث,لمفوما.,0.6563356518745422,0.700718104839325,0.6778011322021484,Incorrect
4864,ما هو التشخيص المحتمل لطفل يبلغ من العمر 12 سنة يراجع بعقدة درقية مع ضخامة عقد لمفية ناحية؟,ANSWER: ورم هودجكين,سرطان حليمي.,ورم هودجكين,سرطان حليمي.,0.7316300272941589,0.757667064666748,0.7444208860397339,Incorrect
4865,ما هو التشخيص المحتمل لمريضة في منتصف العمر تعاني من سلعة درقية لفترة طويلة مع تضخم الفص الأيمن أكبر من الأيسر وهي سريرياً في حالة سواء درقي؟,ANSWER: ورم درقي جدي,سلعة متعددة العقد.,ورم درقي جدي,سلعة متعددة العقد.,0.6736686825752258,0.6904553174972534,0.6819586753845215,Incorrect
4866,ما هو التشخيص الأكثر احتمالاً لفتاة في الربيع الخامس تشكو من عسرة تنفس مع وجود كتلة في جوف الفم بقطر 3 سم على الخط الناصف وعلى مؤخرة اللسان؟,ANSWER: ورم ليمفاوي,درق لسانية.,ورم ليمفاوي,درق لسانية.,0.6677837371826172,0.6874328255653381,0.6774658560752869,Incorrect
4867,ما هو العلاج غير المرغوب به في حالة شابة في ربيعها الأربعين تشكو من نقص وزن مع خفقان وجحوظ في العينين مع وجود سلعة درقية متوسطة الحجم منتشرة ومتجانسة وفرط نشاط درق بدني؟,ANSWER: علاج اليود المشع,المعالجة الشعاعية باليود I 131,علاج اليود المشع,المعالجة الشعاعية باليود I 131,0.7298235297203064,0.7048935294151306,0.7171419262886047,Correct
4868,ما هو الإجراء الأول الذي يجب إجراؤه قبل عملية sleeve gastrectomy لمريض البدانة الذي لديه BMI يساوي 40؟,ANSWER: تقييم طبي شامل,الحصول على موافقة المريض.,تقييم طبي شامل,الحصول على موافقة المريض.,0.689033031463623,0.6992952823638916,0.6941261887550354,Incorrect
4869,ما هو الإجراء الأول الذي يجب إجراؤه قبل عملية Sleeve gastrectomy لمريض البدانة الذي لديه BMI يساوي 40؟,ANSWER: تقييم طبي شامل,الحصول على موافقة المريض.,تقييم طبي شامل,الحصول على موافقة المريض.,0.689033031463623,0.6992952823638916,0.6941261887550354,Incorrect
4870,ما هو التشخيص المحتمل لمريض عمره 25 سنة يعاني من عدم ارتياح عام ونقصان في الوزن وترفع حروري وبراز ملطخ بالدم على نحو متقطع خلال الست أسابيع الأخيرة بعد عودته من شبه القارة الهندية حيث عمل هناك لمدة ستة أشهر، مع وجود كبدية ومضض في الربع العلوي الأيمن وإيكو يظهر جوفا ناقص الصدى في الفص الكبدي الأيمن ذو حوا,ANSWER: داء الأميبات,خراجة كبدية زحارية.,داء الأميبات,خراجة كبدية زحارية.,0.7180736660957336,0.7149408459663391,0.7165037989616394,Incorrect
4871,ما هو التشخيص المحتمل لمريض عمره 50 سنة يعاني من أصمية حديثة وألم في الربع العلوي الأيمن لمدة 3-4 أشهر مع فحص سريري سلبي ووظائف كبد طبيعية وتنظير هضمي علوي طبيعي بينما أظهر الإيكو وجود آفة كيسية وحيدة تبلغ 6 سم؟,ANSWER: ورم كيسي كبدي,داء كيسي بسيط,ورم كيسي كبدي,داء كيسي بسيط,0.8366093635559082,0.8119516968727112,0.8240962028503418,Incorrect
4872,ما هو التشخيص المحتمل لمريضة تبلغ من العمر 30 سنة تعاني من ألم مستمر في الربع العلوي الأيمن من البطن مع إقياء وارتفاع حرارة وإيجابية علامة مورفي؟,ANSWER: التهاب المرارة,التهاب مرارة حاد.,التهاب المرارة,التهاب مرارة حاد.,0.7854489088058472,0.7837619781494141,0.784604549407959,Correct
4873,ما هو التشخيص المحتمل لمريض يبلغ من العمر 60 سنة لديه سابقة حصيات مرارية يراجع بقصة ألم بطني شديد ومستمر لمدة 6 ساعات وبالفحص السريري كان المريض غير مرتاح ومصدوم مع انتفاخ البطن ومضض راجع معممين؟,ANSWER: التهاب المرارة الحادة,التهاب بريتوان تالي لانثقاب مرارة.,التهاب المرارة الحادة,التهاب بريتوان تالي لانثقاب مرارة.,0.7403949499130249,0.7121883630752563,0.7260177731513977,Incorrect
4874,ما هو التشخيص المحتمل لمريض يبلغ من العمر 56 سنة يعاني من ألم شديد في أعلى البطن منذ أسبوع مع حمى متقطعة وعدم راحة شديدة مع وجود علامات لتخريش بريتواني في الربع العلوي الأيمن مع جس كتلة؟,ANSWER: التهاب المرارة الحادة,تقيح مرارة.,التهاب المرارة الحادة,تقيح مرارة.,0.6850457191467285,0.6950336694717407,0.690003514289856,Incorrect
4875,ما هو التشخيص المحتمل لمريض يبلغ من العمر 60 سنة يراجع بقصة ألم بطني ويرقان وحرارة مع عروءات؟,ANSWER: التهاب المرارة الحادة,التهاب طرق صفراوية صاعد.,التهاب المرارة الحادة,التهاب طرق صفراوية صاعد.,0.7911167144775391,0.8007961511611938,0.7959269881248474,Incorrect
4876,ما هو التشخيص المحتمل لمريضة تبلغ من العمر 40 سنة عولجت لالتهاب مرارة حاد حيث لوحظ وجود مرارة مجسوسة غير ممضة، لم يكن هناك ترفع حروري وكانت المريضة بشكل عام بصحة جيدة؟,ANSWER: التهاب المرارة المزمن,قيلة مخاطية في المرارة.,التهاب المرارة المزمن,قيلة مخاطية في المرارة.,0.7733167409896851,0.73456871509552,0.7534448504447937,Incorrect
4877,ما هو التشخيص المحتمل لمريض عمره 80 سنة لديه تصبغ جلدي ملحوظ ونسيج ندبي ولديه ندبات بطنية لاستئصال كظر ثنائي الجانب؟,ANSWER: مرض أديسون,متلازمة نيلسون.,مرض أديسون,متلازمة نيلسون.,0.8549625277519226,0.8084391355514526,0.8310502767562866,Incorrect
4878,ما هو التشخيص المحتمل لمريض عمره 48 سنة يعاني من اضطراب رئوي وصداع وارتفاع ضغط؟,ANSWER: ارتفاع ضغط الدم الرئوي,متلازمة كون.,ارتفاع ضغط الدم الرئوي,متلازمة كون.,0.6895760893821716,0.7131779193878174,0.7011784315109253,Incorrect
4879,ما هو التشخيص المحتمل لمريض ربو مع تفاقم متكرر لحالته تطور لديه بشكل تدريجي شعرانية مع بدانة جذعية وكدمات؟,ANSWER: متلازمة كوشينغ,متلازمة كوشينغ.,متلازمة كوشينغ,متلازمة كوشينغ.,0.96555358171463,0.9547839164733888,0.9601385593414308,Correct
4881,ما هو التشخيص المحتمل لسيدة حامل تبلغ من العمر 30 سنة تبين أثناء إجراء ايكو بطن لها وجود كتلة متكلسة في الشرسوف يبلغ قطرها 1 سم مع سماع لغط في منطقة الشرسوف دون وجود أي أعراض؟,ANSWER: ورم شحمي,أم دم شريان طحالي.,ورم شحمي,أم دم شريان طحالي.,0.762274980545044,0.733605146408081,0.7476653456687927,Incorrect
4882,ما هو التشخيص الأكثر احتمالاً لطفل عمره 7 سنوات يعاني من فقر دم منجلي ويشكو منذ ساعتين من ألم بطني حاد في الربع العلوي الأيسر مع ضغط 60/100 ملم زئبقي ونبض 110 ن/د وحرارة 37 درجة ومضض في الربع العلوي الأيسر للبطن بدون إيلام مرتد مع صعوبة جس الطحال وخضاب 6.1 غ/دل؟,ANSWER: انصمام طحالي,نوبة ألمية بسبب انسداد الأوعية الدموية.,انصمام طحالي,نوبة ألمية بسبب انسداد الأوعية الدموية.,0.7324371337890625,0.6933459043502808,0.7123556137084961,Incorrect
4883,ما هي نسبة الاستفادة من استئصال الطحال في حالة سيدة عمرها 40 سنة تعاني من فرفرية مناعية مزمنة معندة على العلاج بالستيروئيدات؟,ANSWER: 70%,أقل من 20%,70%,أقل من 20%,0.8209322690963745,0.7559202909469604,0.7870860695838928,Incorrect
4884,ما هي الخطوة التالية في تدبير مريض بعمر 70 سنة دون سوابق جراحية يعاني من ألم بطني متقطع منذ أسبوع وتوسع بطني وإقياء مستمر منذ يوم، مع عدم وجود فتوق بالفحص وتعداد 3000 كرية بيضاء / مم؟,ANSWER: تصوير البطن بالأشعة المقطعية,إجراء (CT) التصوير الطبقي المحوسب للبطن.,تصوير البطن بالأشعة المقطعية,إجراء (CT) التصوير الطبقي المحوسب للبطن.,0.7693207263946533,0.7530063986778259,0.7610761523246765,Correct
4894,ما هي الخطوة التالية في تدبير مريض بعمر 70 سنة دون سوابق جراحية يعاني من ألم بطني متقطع منذ أسبوع وتوسع بطني وإقياء مستمر منذ يوم، مع عدم وجود فتوق بالفحص وتعداد 3000 كرية بيضاء / مم؟,ANSWER: تصوير البطن بالأشعة المقطعية,إجراء (CT) التصوير الطبقي المحوسب للبطن.,تصوير البطن بالأشعة المقطعية,إجراء (CT) التصوير الطبقي المحوسب للبطن.,0.7693207263946533,0.7530063986778259,0.7610761523246765,Correct
4896,ما هي الخطوة التالية في تدبير شاب عمره 20 سنة راجع الإسعاف بعد 20 يوماً من استئصال زائدة ملتهبة ويعاني من إقياء مع تمدد بطن وإيلام خفيف، وتعداد WBC كان 14000 كرية/مم3 والكهارل طبيعية؟,ANSWER: تصوير البطن,مراقبة 24 ساعة أخرى مع وضع NG.,تصوير البطن,مراقبة 24 ساعة أخرى مع وضع NG.,0.7159796953201294,0.6914043426513672,0.7034774422645569,Incorrect
4897,ما هي العلامات الأكثر توافقاً مع بالغ عمره 45 سنة لديه ألم بطني حاد وتم تشخيصه بالتهاب مرارة حاد؟,ANSWER: ألم في أعلى البطن الأيمن,ألم بطني مستمر ومضض مراق أيمن وارتفاع الكريات البيضاء.,ألم في أعلى البطن الأيمن,ألم بطني مستمر ومضض مراق أيمن وارتفاع الكريات البيضاء.,0.7591676712036133,0.712416410446167,0.7350493669509888,Incorrect
4898,ما هي الخطوة الأولى الأهم في تدبير مريض يبلغ من العمر 32 سنة أتى لقسم الطوارئ بقصة إقياء لكميات كبيرة من الدم الأحمر القاني؟,ANSWER: استقرار المريض,الإنعاش بالسوائل.,استقرار المريض,الإنعاش بالسوائل.,0.7616487145423889,0.7545055150985718,0.7580602765083313,Incorrect
4899,ما هو التشخيص المحتمل لمريض عمره 70 سنة تطور لديه بعد 3 أيام من احتشاء قلبي ألم بطني مع تعدد البطن وخفوت في أصوات الأمعاء وتحليل غازات الدم يشير إلى احمضاض استقلابي؟,ANSWER: إقفار معوي,احتشاء مساريقي.,إقفار معوي,احتشاء مساريقي.,0.810361385345459,0.7930879592895508,0.8016316294670105,Correct
4902,ما هي القاعدة الجراحية الأصح حالياً في مراقبة المريض أثناء تدبير مريض الانسداد المعوي ووضع القرار الجراحي المناسب في المراكز الجراحية المتطورة؟,ANSWER: مراقبة ديناميكية,يجب دائماً عدم إجراء الجراحة حتى يتم استقرا المريض بعد الإنعاش.,مراقبة ديناميكية,يجب دائماً عدم إجراء الجراحة حتى يتم استقرا المريض بعد الإنعاش.,0.6490980386734009,0.625199556350708,0.636924684047699,Incorrect
4905,ما هو التشخيص المحتمل للمريضة إذا كانت الصورة البسيطة تدل على سويات معوية دقيقة وغياب لارتسام الكولونات وكانت مقاطع التصوير الطبقي المحوري تشير لتوسع عرى المعي؟,ANSWER: انسداد معوي,التصاقات معوية.,انسداد معوي,التصاقات معوية.,0.806262731552124,0.8004563450813293,0.8033490777015686,Incorrect
4907,ما هو التشخيص الأقوى لمريض عمره 65 سنة تطور لديه ألم بطني حاد مفاجئ مستمر في الربع العلوي الأيمن منذ ساعة، تلاه آلام مغصية سرية مع غثيان، والفحص السريري يبدي سحنة سمية مع فحص بطني سوي تقريباً؟,ANSWER: حصوة مرارية,انسداد أمعاء بنقص التروية.,حصوة مرارية,انسداد أمعاء بنقص التروية.,0.732010006904602,0.7293593883514404,0.7306822538375854,Incorrect
4911,ما هو التشخيص المحتمل في المريضة التي تظهر صورتها البسيطة سويات معوية دقيقة وغياب الارتسام الكولوني، وتشير مقاطع التصوير الطبقي المحوري لتوسع عرى المعي الدقيق وزيادة في شحم المساريقا مع عدم ارتسام الكولون بالكامل؟,ANSWER: انسداد معوي,التصاقات معوية.,انسداد معوي,التصاقات معوية.,0.806262731552124,0.8004563450813293,0.8033490777015686,Incorrect
4912,ما هو التشخيص لمريض عمره 60 سنة مصاب بداء كرون منذ عشر سنوات راجع المشفى بقصة حمى وعرواءات تلاها خروج هواء ومفرزات معوية عند التبول؟,ANSWER: تمزق المثانة المعوية,ناسور معدي مثاني.,تمزق المثانة المعوية,ناسور معدي مثاني.,0.6744502782821655,0.6997889280319214,0.6868859529495239,Incorrect
4926,ما هي الحالة التي لا تدخل في التشخيص التفريقي لطفلة عمرها 10 سنوات تعاني منذ ساعتين من ألم حفرة حرقفية يمنى دون إيلام مرتد؟,ANSWER: التهاب الزائدة الدودية,نزف رتج ميكل.,التهاب الزائدة الدودية,نزف رتج ميكل.,0.6065422296524048,0.6323831081390381,0.6191931962966919,Incorrect
4928,ما هو التشخيص المحتمل لمريضة عمرها 50 سنة تعرضت لألم بطني حاد طاعن منذ نصف ساعة في الشرسوف تعمم في أنحاء البطن مع إقياءات بنية اللون وفحص البطن لين؟,ANSWER: ثقب قرحي,صمة شريان مساريقي علوي.,ثقب قرحي,صمة شريان مساريقي علوي.,0.7923475503921509,0.7675663232803345,0.7797600626945496,Incorrect
4929,ما هو الفحص الذي يجب إجراؤه أولاً لمريض يشتكي من ألم بطني حاد ومفاجئ؟,ANSWER: الفحص البدني,صورة بطن شعاعية.,الفحص البدني,صورة بطن شعاعية.,0.6755683422088623,0.7129915356636047,0.6937757134437561,Incorrect
4930,ما هو التشخيص الأقوى لمريض عمره 65 سنة تطور لديه ألم بطني حاد مفاجئ ومستمر في الربع السفلي الأيمن منذ ساعة، تلاه آلام مغصة سرية مع غثيان، والفحص السريري يبدي سحنة سمية مع فحص بطن سوي تقريباً؟,ANSWER: التهاب الزائدة الدودية,انسداد أمعاء بنقص التروية.,التهاب الزائدة الدودية,انسداد أمعاء بنقص التروية.,0.7597345113754272,0.7242192029953003,0.7415518760681152,Incorrect
4932,ما هي الخطوة الأولى الأهم في تدبير شاب عمره 32 سنة يراجع قسم الطوارئ بقصة إقياء كميات كبيرة من الدم الأحمر القاني؟,ANSWER: استقرار الحالة,الإنعاش بالسوائل.,استقرار الحالة,الإنعاش بالسوائل.,0.7516789436340332,0.7171086072921753,0.7339869141578674,Incorrect
4934,ما هو التشخيص للآفة التي قد تسبب فقراً دموياً والنزف الحاد منها غير شائع والتي تم اكتشافها بالتنظير الهضمي العلوي لرجل عمره 55 سنة؟,ANSWER: ورم غدي معدي معوي بؤري,2. سرطانة معدية.,ورم غدي معدي معوي بؤري,2. سرطانة معدية.,0.6666989326477051,0.642695426940918,0.6544771790504456,Incorrect
4935,ما هي الخطوة الأولى الأهم في تدبير مريض يبلغ من العمر 32 سنة أتى لقسم الطوارئ بقصة إقياء لكميات كبيرة من الدم الأحمر القاني؟,ANSWER: استقرار المريض,3. الإنعاش بالسوائل.,استقرار المريض,3. الإنعاش بالسوائل.,0.7456554174423218,0.7099140286445618,0.727345883846283,Incorrect
4936,ما هو العلاج الأمثل لمريض عمره 40 سنة وجد لديه بالتنظير الهضمي العلوي لمفوما معدية؟,ANSWER: العلاج الكيميائي,4. علاج كيماوي.,العلاج الكيميائي,4. علاج كيماوي.,0.7646986842155457,0.7234776020050049,0.7435172200202942,Correct
4937,ما هو التشخيص المحتمل لطفل يبلغ من العمر 12 سنة يراجع بعقدة درقية مع ضخامة عقد لمفية ناحية؟,ANSWER: ورم هودجكين,4. سرطان حليمي.,ورم هودجكين,4. سرطان حليمي.,0.7201567888259888,0.7089685201644897,0.7145188450813293,Incorrect
4938,ما هو التشخيص المحتمل لمريضة في منتصف العمر تعاني من سلعة درقية لفترة طويلة مع تضخم الفص الأيمن أكبر من الأيسر وهي سريرياً في حالة سواء درقي؟,ANSWER: ورم درقي جدي,3. سلعة متعددة العقد.,ورم درقي جدي,3. سلعة متعددة العقد.,0.6609781384468079,0.6448010206222534,0.6527893543243408,Incorrect
4939,ما هو التشخيص الأكثر احتمالاً لفتاة في الربيع الخامس تشكو من عسرة تنفس مع وجود كتلة في جوف الفم بقطر 3 سم على الخط الناصف وعلى مؤخرة اللسان؟,ANSWER: ورم ليمفاوي,2. درق لسانية.,ورم ليمفاوي,2. درق لسانية.,0.6624103784561157,0.6565595269203186,0.6594719290733337,Incorrect
4940,ما هو العلاج غير المرغوب به في حالة شابة في ربيعها الأربعين تشكو من نقص وزن مع خفقان وجحوظ في العينين مع وجود سلعة درقية متوسطة الحجم منتشرة ومتجانسة وفرط نشاط درق بدني؟,ANSWER: علاج اليود المشع,3. المعالجة الشعاعية باليود I 131,علاج اليود المشع,3. المعالجة الشعاعية باليود I 131,0.7199935913085938,0.6773937344551086,0.6980443596839905,Correct
4941,ما هو الإجراء الأول الذي يجب إجراؤه قبل عملية Sleeve gastrectomy لمريض البدانة الذي لديه BMI يساوي 40؟,ANSWER: تقييم طبي شامل,3. الحصول على موافقة المريض.,تقييم طبي شامل,3. الحصول على موافقة المريض.,0.689961314201355,0.681465208530426,0.6856868863105774,Incorrect
4942,ما هو التشخيص المحتمل لمريض عمره 50 سنة يعاني من أصمية حديثة وألم في الربع العلوي الأيمن لمدة 3-4 أشهر مع فحص سريري سلبي ووظائف كبد طبيعية وتنظير هضمي علوي طبيعي بينما أظهر الإيكو وجود آفة كيسية وحيدة تبلغ 6 سم؟,ANSWER: ورم كيسي كبدي,4. داء كيسي بسيط,ورم كيسي كبدي,4. داء كيسي بسيط,0.7966055870056152,0.7217932939529419,0.7573564052581787,Incorrect
4943,ما هو التشخيص المحتمل لمريض يبلغ من العمر 60 سنة لديه سابقة حصيات مرارية يراجع بقصة ألم بطني شديد ومستمر لمدة 6 ساعات وبالفحص السريري كان المريض غير مرتاح ومصدوم مع انتفاخ البطن ومضض راجع معممين؟,ANSWER: التهاب المرارة الحادة,4. التهاب بريتوان تالي لانثقاب مرارة.,التهاب المرارة الحادة,4. التهاب بريتوان تالي لانثقاب مرارة.,0.7200615406036377,0.6806455850601196,0.6997989416122437,Incorrect
4944,ما هو التشخيص المحتمل لمريض يبلغ من العمر 56 سنة يعاني من ألم شديد في أعلى البطن منذ أسبوع مع حمى متقطعة وعدم راحة شديدة مع وجود علامات لتخريش بريتواني في الربع العلوي الأيمن مع جس كتلة؟,ANSWER: التهاب المرارة الحادة,1. تقيح مرارة.,التهاب المرارة الحادة,1. تقيح مرارة.,0.6901609897613525,0.6562522649765015,0.6727796792984009,Incorrect
4945,ما هو التشخيص المحتمل لمريض يبلغ من العمر 60 سنة يعاني من ألم بطني ويرقان وحرارة مع عروءات؟,ANSWER: التهاب المرارة,4. التهاب طرق صفراوية صاعد.,التهاب المرارة,4. التهاب طرق صفراوية صاعد.,0.7683292627334595,0.7143228054046631,0.740342378616333,Incorrect
4946,ما هو التشخيص المحتمل لمريضة تبلغ من العمر 40 سنة عولجت لالتهاب مرارة حاد حيث لوحظ وجود مرارة مجسوسة غير ممضة، لم يكن هناك ترفع حروري وكانت المريضة بشكل عام بصحة جيدة؟,ANSWER: التهاب المرارة المزمن,3. قيلة مخاطية في المرارة.,التهاب المرارة المزمن,3. قيلة مخاطية في المرارة.,0.7757358551025391,0.7096213698387146,0.7412071824073792,Incorrect
4947,ما هو التشخيص المحتمل لمريض عمره 48 سنة يعاني من اضطراب رئوي وصداع وارتفاع ضغط؟,ANSWER: ارتفاع ضغط الدم الرئوي,3. متلازمة كون.,ارتفاع ضغط الدم الرئوي,3. متلازمة كون.,0.6705763339996338,0.6672271490097046,0.6688975691795349,Incorrect
4948,ما هو التشخيص المحتمل لمريض ربو مع تفاقم متكرر لحالته تطور لديه بشكل تدريجي شعرانية مع بدانة جذعية وكدمات؟,ANSWER: متلازمة كوشينغ,1. متلازمة كوشينغ.,متلازمة كوشينغ,1. متلازمة كوشينغ.,0.944723904132843,0.8705986142158508,0.906147837638855,Correct
4950,ما هو التشخيص المحتمل لسيدة حامل تبلغ من العمر 30 سنة تبين أثناء إجراء ايكو بطن لها وجود كتلة متكلسة في الشرسوف يبلغ قطرها 1 سم مع سماع لغط في منطقة الشرسوف دون وجود أي أعراض؟,ANSWER: ورم شحمي,3. أم دم شريان طحالي.,ورم شحمي,3. أم دم شريان طحالي.,0.7946280241012573,0.7413825988769531,0.7670823931694031,Incorrect
4952,ما هي نسبة الاستفادة من استئصال الطحال في حالة سيدة عمرها 40 سنة تعاني من فرفرية مناعية مزمنة معندة على العلاج بالستيروئيدات؟,ANSWER: 70%,1. أقل من 20%,70%,1. أقل من 20%,0.7834177613258362,0.6881219148635864,0.7326841950416565,Incorrect
4953,ما هي الخطوة التالية في تدبير مريض بعمر 70 سنة دون سوابق جراحية يعاني من ألم بطني متقطع منذ أسبوع وتوسع بطني وإقياء مستمر منذ يوم، مع عدم وجود فتوق بالفحص وتعداد 3000 كرية بيضاء / مم؟,ANSWER: تصوير البطن بالأشعة المقطعية,4. إجراء (CT) التصوير الطبقي المحوسب للبطن.,تصوير البطن بالأشعة المقطعية,4. إجراء (CT) التصوير الطبقي المحوسب للبطن.,0.7577311992645264,0.7233166694641113,0.7401241064071655,Correct
4957,ما هي الخطوة التالية في تدبير مريض بعمر 70 سنة دون سوابق جراحية يعاني من ألم بطني متقطع منذ أسبوع وتوسع بطني وإقياء مستمر منذ يوم، مع عدم وجود فتوق بالفحص وتعداد 3000 كرية بيضاء / مم؟,ANSWER: تصوير البطن بالأشعة المقطعية,4. إجراء (CT) التصوير الطبقي المحوسب للبطن.,تصوير البطن بالأشعة المقطعية,4. إجراء (CT) التصوير الطبقي المحوسب للبطن.,0.7577311992645264,0.7233166694641113,0.7401241064071655,Correct
4958,ما هي الخطوة التالية في تدبير شاب عمره 20 سنة راجع الإسعاف بعد 20 يوماً من استئصال زائدة ملتهبة ويعاني من إقياء مع تمدد بطن وإيلام خفيف وتعداد WBC 14000 كرية/مم2 والكهارل طبيعية؟,ANSWER: تصوير البطن,1. مراقبة 24 ساعة أخرى مع وضع NG.,تصوير البطن,1. مراقبة 24 ساعة أخرى مع وضع NG.,0.7085789442062378,0.6647011041641235,0.6859390735626221,Incorrect
4960,ما هي الخطوة الأولى الأهم في تدبير مريض يبلغ من العمر 32 سنة يعاني من إقياء كميات كبيرة من الدم الأحمر القاني؟,ANSWER: استقرار الحالة,3. الإنعاش بالسوائل.,استقرار الحالة,3. الإنعاش بالسوائل.,0.7184692621231079,0.6741409301757812,0.6955996155738831,Incorrect
4961,ما هو التشخيص المحتمل لمريض عمره 70 سنة تطور لديه بعد 3 أيام من احتشاء قلبي ألم بطني مع تطبل البطن وخفوت في أصوات الأمعاء وتحليل غازات الدم يشير إلى حماض استقلابي؟,ANSWER: إسهال معوي إقفاري,2. احتشاء مساريقي.,إسهال معوي إقفاري,2. احتشاء مساريقي.,0.7222537994384766,0.704293966293335,0.7131608128547668,Incorrect
