id,input,prediction,ground_truth,prediction_clean,ground_truth_clean,bert_precision_example,bert_recall_example,bert_f1_example,judge_label
4,ما هو العصب الذي ينقل إحساس الذوق من ثلث اللسان الخلفي؟,ANSWER: عصب الخلفي اللساني,التاسع,عصب الخلفي اللساني,التاسع,0.503144383430481,0.5585986971855164,0.5294234156608582,Incorrect
8,ما هي القوس البيضاء عند حدود جسم الظفر مع جذره؟,ANSWER: عضلة الظفر البيضاء,هليل الظفر,عضلة الظفر البيضاء,هليل الظفر,0.7975361347198486,0.8290829062461853,0.8130035996437073,Incorrect
12,أين يقع الخط الالوي السفلي؟,ANSWER: خط الالوي السفلي يقع فوق العين العلوية,السطح الخارجي للحرقفة,خط الالوي السفلي يقع فوق العين العلوية,السطح الخارجي للحرقفة,0.7530398368835449,0.7509016990661621,0.7519692778587341,Incorrect
16,ما هي الحافة من الفرع التي تشكل زاوية الفك السفلي؟,ANSWER: جنب الفك السفلي العام,الخلفية,جنب الفك السفلي العام,الخلفية,0.7093938589096069,0.7505164742469788,0.729375958442688,Incorrect
17,ما هي البنية التشريحية التي تتعصب بالعصب الشظوي السطحي؟,ANSWER: برعيل السطحي,العضله الشظويه الطويله,برعيل السطحي,العضله الشظويه الطويله,0.7310032844543457,0.7397660613059998,0.7353585362434387,Incorrect
19,أين تشاهد الجسور بين الخلوية؟,ANSWER: بين الخلويتين,الطبقة الشائكة من النسيج الظهاري المطبق,بين الخلويتين,الطبقة الشائكة من النسيج الظهاري المطبق,0.7440061569213867,0.7000540494918823,0.7213612198829651,Incorrect
21,ما الذي يحول الثلمتين الاسكيتين إلى ثقبتين؟,ANSWER: تقطيع اللسان الاسكيتي,الرباط العجزي الشوكي العجزي الحدبي,تقطيع اللسان الاسكيتي,الرباط العجزي الشوكي العجزي الحدبي,0.7190176248550415,0.7066456079483032,0.7127779722213745,Incorrect
28,ما هو الهرمون الذي يفرز PTH؟,ANSWER: عضلة الشعر العقلية,الغدد جارات الدرق,عضلة الشعر العقلية,الغدد جارات الدرق,0.7731032967567444,0.7768664360046387,0.7749803066253662,Incorrect
35,ما الذي يقع بين جسم الفقرة والقوس الفقرية؟,ANSWER: بوسم الفقرة,الثقبة الفقرية,بوسم الفقرة,الثقبة الفقرية,0.8387398719787598,0.8278394937515259,0.8332540392875671,Incorrect
49,أين تقع المنطقة الشمية؟,ANSWER: أعلى الجسم,سقف الأنف,أعلى الجسم,سقف الأنف,0.7853448390960693,0.7588276863098145,0.7718586325645447,Incorrect
50,ما الذي يتصل به المدورين بالأمام في الفخذ؟,ANSWER: عضلة الفخذ العلوية الأمامية,الخط بين المدورين,عضلة الفخذ العلوية الأمامية,الخط بين المدورين,0.6871033310890198,0.7201628684997559,0.7032448053359985,Incorrect
51,أين يوجد التلم الكعبري في جسم العضد؟,ANSWER: في العضلة العظمية العلوية,على الوجه الخلفي.,في العضلة العظمية العلوية,على الوجه الخلفي.,0.7404251098632812,0.7807542085647583,0.7600550651550293,Incorrect
54,ما الذي تتشكل منه ضفيرة راشكوف في لب السن؟,ANSWER: خلايا راشكوفية لب السن,ألياف حسية.,خلايا راشكوفية لب السن,ألياف حسية.,0.6875443458557129,0.7340307235717773,0.7100274562835693,Incorrect
55,أين يقع المستقيم؟,ANSWER: قبل الكلم الإنتهائي,القولون السيني والقناة الشرجية,قبل الكلم الإنتهائي,القولون السيني والقناة الشرجية,0.749990701675415,0.7400810718536377,0.7450029850006104,Incorrect
56,إلى أي صنف من أصناف الغدد تنتمي حديثات المونتغمري؟,ANSWER: غدة المونتغمري,دهنية,غدة المونتغمري,دهنية,0.6710463762283325,0.7517269849777222,0.7090991139411926,Incorrect
64,ما هو العصب المحرك لعضلات اللسان؟,ANSWER: نورثكوكس اللساني (Nucleus dentalis lingualis),12,نورثكوكس اللساني (Nucleus dentalis lingualis),12,0.4739810228347778,0.5722325444221497,0.5184932947158813,Incorrect
73,ما هي الضفيرة التي يتفرع منها العصب الحجابي؟,"ANSWER: عضلة العصب الحجابي العلوية (Cervical plexus, upper)",الرقبية,"عضلة العصب الحجابي العلوية (Cervical plexus, upper)",الرقبية,0.5896681547164917,0.6738532781600952,0.6289561986923218,Correct
74,من أين يفرز الأدرينالين؟,ANSWER: جهة الجلد العلوي,لب الكظر,جهة الجلد العلوي,لب الكظر,0.6935957074165344,0.6842616200447083,0.6888970136642456,Incorrect
75,ما هو الوريد الذي يتشكل منه الوريد الأجوف السفلي؟,ANSWER: عضلة الوريد العلوية (Cortex pallidus),الوريدين الحرقفيين المشتركين الأيمن والأيسر,عضلة الوريد العلوية (Cortex pallidus),الوريدين الحرقفيين المشتركين الأيمن والأيسر,0.6659770011901855,0.6793229579925537,0.6725837588310242,Incorrect
78,ما هي الطبقة الأكثر تمايزاً وكثافة في الشرايين؟,ANSWER: طبقة الجلد الخارجي,المتوسطة,طبقة الجلد الخارجي,المتوسطة,0.6515002250671387,0.6877166032791138,0.6691187024116516,Incorrect
79,مما ينتج هرمون T4؟,ANSWER: شعر بني,الدرق,شعر بني,الدرق,0.7935132384300232,0.7727947235107422,0.7830169200897217,Incorrect
85,ما هي العضلة التي ترتكز بشكل أساسي على العظم الزورقي؟,ANSWER: العضلة الزورقية الرئيسية,الظنبوبي الخلفي,العضلة الزورقية الرئيسية,الظنبوبي الخلفي,0.7252880930900574,0.721228837966919,0.7232527732849121,Incorrect
87,أين تقع المنطقة الشمية؟,ANSWER: أعلى الجسم,سقف الأنف,أعلى الجسم,سقف الأنف,0.7853448390960693,0.7588276863098145,0.7718586325645447,Incorrect
88,ما هو اسم الوسادة من النسيج الدهني فوق الارتفاق العاني؟,ANSWER: سبان بوشيري,جبل العانة,سبان بوشيري,جبل العانة,0.7500221729278564,0.7553775310516357,0.752690315246582,Incorrect
98,أين يتوضع الكولون السيني؟,ANSWER: عضلة الكولون السينية,الناحية المغبنية اليسرى,عضلة الكولون السينية,الناحية المغبنية اليسرى,0.7150486707687378,0.735166609287262,0.7249680161476135,Incorrect
103,ما هو القسم من العظم الجبهي الذي يفصل بين القسمين الحجاجيين من الخلف؟,ANSWER: عضلة الفاصل الحجاجي,الثلمة الغربالية,عضلة الفاصل الحجاجي,الثلمة الغربالية,0.744851291179657,0.763385534286499,0.7540044784545898,Incorrect
105,ما هي الفروع الانتهائية للسبات الظاهر؟,ANSWER: عضلات الجنين الخارجية,الفكي والصدغي والسطحي,عضلات الجنين الخارجية,الفكي والصدغي والسطحي,0.6950192451477051,0.6808125972747803,0.6878425478935242,Incorrect
113,أين يمر عصب الفك العلوي؟,ANSWER: عضلة الجنين العلوية,الثقبة المدورة,عضلة الجنين العلوية,الثقبة المدورة,0.7406295537948608,0.7554110884666443,0.7479473352432251,Incorrect
114,ما هي النقطة التشريحية على الوجه السفلي لجسم العظم الوتدي؟,ANSWER: نقطة البروشية الجنينية,المنقار الوتدي,نقطة البروشية الجنينية,المنقار الوتدي,0.7618447542190552,0.7600786089897156,0.7609606981277466,Incorrect
115,ما اسم العظم الذي يتوضع كيس الدمع عليه؟,ANSWER: عظم العين الأمامي,الدمعي أنسي الحجاج,عظم العين الأمامي,الدمعي أنسي الحجاج,0.7474169731140137,0.7327054738998413,0.7399880886077881,Incorrect
116,من أين ينشأ الشريان السباتي المشترك الأيسر؟,ANSWER: عضلة الشريان العظمية السباتي الأيسر,قوس الأبهر مباشرة,عضلة الشريان العظمية السباتي الأيسر,قوس الأبهر مباشرة,0.7100913524627686,0.7361487150192261,0.7228853106498718,Incorrect
120,ما طول الأسهر؟,ANSWER: 2-3 أيام,45 سم,2-3 أيام,45 سم,0.6681082844734192,0.6975476741790771,0.6825107336044312,Incorrect
128,ما هو المكان الذي يعبر من خلاله الشريان السحائي الأوسط؟,ANSWER: عضلة الجنين الأوسط,الثقبة الشوكية,عضلة الجنين الأوسط,الثقبة الشوكية,0.7490659952163696,0.745630145072937,0.7473440766334534,Incorrect
138,ما هي الطية الجلدية التي تغطي رأس القضيب؟,ANSWER: بولوس فوليكس,القلفة,بولوس فوليكس,القلفة,0.7246670722961426,0.7494093775749207,0.7368305325508118,Incorrect
145,ما هي البنية التشريحية التي ترتكز على الحفرة المدورية؟,ANSWER: عضلة الحفرة المدورية (Pterygopalatine fossa),العضلة السدادية الظاهرة,عضلة الحفرة المدورية (Pterygopalatine fossa),العضلة السدادية الظاهرة,0.7009032964706421,0.7788892984390259,0.7378413677215576,Incorrect
147,أين يتوضع الدرز الأكليلي؟,ANSWER: فوق الكلم الإنتهائي,يتوضع بين العظم الجبهي والجداريين.,فوق الكلم الإنتهائي,يتوضع بين العظم الجبهي والجداريين.,0.7475636601448059,0.7208920121192932,0.7339856028556824,Incorrect
152,ماذا يفعل الرباط المتصالب الأمامي؟,ANSWER: تحديد العظم الجنيني الأمامي,يمنع انزياح الساق للأمام,تحديد العظم الجنيني الأمامي,يمنع انزياح الساق للأمام,0.7711437940597534,0.7342970967292786,0.7522695064544678,Incorrect
157,ما العصب القحفي الذي يعبر الثقبة البيضية؟,ANSWER: عصب الجنين الأول,الفكي السفلي,عصب الجنين الأول,الفكي السفلي,0.7709057927131653,0.7579811811447144,0.7643888592720032,Incorrect
159,إلى أي قصبات تتفرع القصبات الفصية؟,ANSWER: إلى القصبات العظمية المتفرعة,قطعية شدفية,إلى القصبات العظمية المتفرعة,قطعية شدفية,0.6635977029800415,0.692241370677948,0.6776170134544373,Incorrect
161,أين توجد نوى الأعصاب القحفية من الثالث حتى الثاني عشر؟,ANSWER: عضلة الأعصاب الثالثة حتى الثاني عشر,جذع الدماغ,عضلة الأعصاب الثالثة حتى الثاني عشر,جذع الدماغ,0.677505612373352,0.7396852970123291,0.7072314023971558,Incorrect
166,على ماذا يحتوي البلعوم الفموي من اللوزتين؟,ANSWER: سكر وفسفات,الحنكيتين,سكر وفسفات,الحنكيتين,0.7393898963928223,0.7563819885253906,0.7477894425392151,Incorrect
167,على أي من وجوه الكبد يوجد مسكن المرارة؟,ANSWER: حقل المرارة العام,السفلي,حقل المرارة العام,السفلي,0.694554328918457,0.6980586647987366,0.6963021159172058,Incorrect
168,ما هو العصب القحفي الثاني؟,ANSWER: عصب القحف العلوي,البصري - حاسي,عصب القحف العلوي,البصري - حاسي,0.7332319021224976,0.7508282661437988,0.7419257164001465,Incorrect
175,ما وظيفة العضلة تحت الكتفية؟,ANSWER: منتشرة العضلة التي تحت الكتفية,دوران أنسي للكتف.,منتشرة العضلة التي تحت الكتفية,دوران أنسي للكتف.,0.6525785326957703,0.6918249130249023,0.6716288328170776,Incorrect
178,أين تتوضع المشيمة في ارتكاز المشيمة المعيب؟,ANSWER: فوق العين العلوية,بين الجنين والمهبل.,فوق العين العلوية,بين الجنين والمهبل.,0.7634613513946533,0.7435725927352905,0.7533857226371765,Incorrect
181,ما اسم الطبقة من السحايا التي تغطي الجيوب الوريدية؟,ANSWER: سطح الجيوب الوريدية,الام الجافية,سطح الجيوب الوريدية,الام الجافية,0.7617167234420776,0.7766531705856323,0.7691124081611633,Incorrect
184,ما هي الألياف التي تربط المراكز القشرية بالمحيط؟,ANSWER: الألياف الشبكية البروازيكية (Brain-Blood Barrier),إسقاطية,الألياف الشبكية البروازيكية (Brain-Blood Barrier),إسقاطية,0.5874171853065491,0.7014265060424805,0.6393793225288391,Incorrect
185,ما الذي تشكله البصلة عندما تتمادى في الأمام في جسم القضيب؟,ANSWER: بوقعة بصلة,الجسم الاسفنجي,بوقعة بصلة,الجسم الاسفنجي,0.7095451951026917,0.6963599920272827,0.7028906941413879,Incorrect
193,ما هي أكبر غدد الجسم؟,ANSWER: جنب الجسم العقبي,الكبد,جنب الجسم العقبي,الكبد,0.7734984755516052,0.8087123036384583,0.7907135486602783,Incorrect
194,ما هي الشرايين الخمسة التي يتفرع إليها الشريان الكلوي؟,ANSWER: أرتيريات الجهاز الكلوي,قطعية,أرتيريات الجهاز الكلوي,قطعية,0.6680023670196533,0.7362796664237976,0.700481116771698,Incorrect
196,بماذا ينتهي الشريان الوجهي؟,ANSWER: خلف الكلم الإنتهائي,الشريان الزاوي,خلف الكلم الإنتهائي,الشريان الزاوي,0.7711777091026306,0.8057025671005249,0.7880622148513794,Incorrect
201,ما هي طبقة لب السن الأكثر عمقا والأقرب لجوهر اللب؟,ANSWER: طبقة الجوهرية العمودية الأوسط (Pulpa Verticalis Media),المنطقة الغنية بالخلايا.,طبقة الجوهرية العمودية الأوسط (Pulpa Verticalis Media),المنطقة الغنية بالخلايا.,0.6594530344009399,0.7185887694358826,0.6877521276473999,Incorrect
202,أين تقع فوهة مصب الجيب الأكليلي؟,ANSWER: فوهة الجيب الأكليلي العلوية,أمام وأسفل مصب الأجوف السفلي,فوهة الجيب الأكليلي العلوية,أمام وأسفل مصب الأجوف السفلي,0.7095335721969604,0.6766716241836548,0.6927130818367004,Incorrect
203,ما هي الزاوية الأمامية السفلية للعظم الجداري؟,ANSWER: زاوية الجدار السفلية,وتدية,زاوية الجدار السفلية,وتدية,0.6060457229614258,0.6667582988739014,0.634954035282135,Incorrect
206,أي عصب هو المحرك لعضلات اللسان؟,ANSWER: نورثكوكس بروكسيدال,12,نورثكوكس بروكسيدال,12,0.548110842704773,0.62420254945755,0.5836871862411499,Incorrect
208,ما هو البروز العظمي الذي يحتوي عليه الوجه الداخلي لفرع الفك السفلي؟,ANSWER: فيروس هربس زيكا,اللسين,فيروس هربس زيكا,اللسين,0.7237869501113892,0.7480029463768005,0.7356957793235779,Incorrect
209,ما هي المواد التي تفرزها الغدد استجابة للتنبيه وترحل عبر الدم؟,ANSWER: همويات تروسية (Thrombocytes),الهرمونات,همويات تروسية (Thrombocytes),الهرمونات,0.6537209749221802,0.7002911567687988,0.6762052178382874,Incorrect
210,ما هي الزاوية بين قبضة وجسم القص؟,ANSWER: زاوية قبضة-قص,لويس,زاوية قبضة-قص,لويس,0.6816531419754028,0.7544825077056885,0.7162212133407593,Incorrect
215,من أين يخرج العصب الفكي العلوي من الجمجمة؟,ANSWER: أنابيب العصب الفكي العلوي,الثقبة المدورة,أنابيب العصب الفكي العلوي,الثقبة المدورة,0.7165454030036926,0.7350612878799438,0.7256852388381958,Incorrect
217,ما الذي يحدد المنصف العلوي جانبياً؟,ANSWER: عضلة الجنين العلوية المنصفة,الجنية المنصفية.,عضلة الجنين العلوية المنصفة,الجنية المنصفية.,0.772635817527771,0.8279421329498291,0.7993334531784058,Incorrect
219,ما هما الممران اللذان يمر عبرهما الهواء إلى جوف الأنف؟,ANSWER: ناسيل الأنف العلوي والسفلي,المنخرين,ناسيل الأنف العلوي والسفلي,المنخرين,0.6268185973167419,0.7061570882797241,0.6641267538070679,Incorrect
223,أين ترتكز العضلة العريضة الظهرية؟,ANSWER: عضلة الظهر العريضة الظهرية,قاع أخدود ذات الرأسين.,عضلة الظهر العريضة الظهرية,قاع أخدود ذات الرأسين.,0.6774731278419495,0.6762423515319824,0.6768572330474854,Incorrect
225,ما هو القولون الذي يمتد بشكل أفقي؟,ANSWER: قولون عفوقي (Horizontal fissure),الكولون المعترض,قولون عفوقي (Horizontal fissure),الكولون المعترض,0.640235424041748,0.6563138961791992,0.6481749415397644,Incorrect
228,كم عدد القطع العصعصية في النخاع الشوكي؟,ANSWER: ثلاثة قطعة,1,ثلاثة قطعة,1,0.7149927616119385,0.7426899075508118,0.7285782098770142,Incorrect
230,ما الطبقة التي تمثلها العضلة الدافعة في المثانة؟,ANSWER: عضلة المثانة الدافعة (Musculus diaphragmaticus),العضلية,عضلة المثانة الدافعة (Musculus diaphragmaticus),العضلية,0.6464383006095886,0.7728152275085449,0.7040001749992371,Incorrect
231,ما هي الخلايا التي توجد في الجلد وتعمل كمستقبلات آلية حسية؟,ANSWER: جذع التحفة الحسية (Pacinian corpuscles),خلايا ميركل.,جذع التحفة الحسية (Pacinian corpuscles),خلايا ميركل.,0.6655195951461792,0.7200409173965454,0.6917075514793396,Incorrect
235,ما اسم الكرة الصغيرة فوق قمة الغضروف؟,ANSWER: كرة البريطانية (Globus pallidus),القريني,كرة البريطانية (Globus pallidus),القريني,0.6409868001937866,0.6859305500984192,0.6626974940299988,Incorrect
236,أين لا توجد الغدد الزهمية؟,ANSWER: لسان العقل,راحة اليد وأخمص القدم,لسان العقل,راحة اليد وأخمص القدم,0.7219030261039734,0.7018728256225586,0.7117469906806946,Incorrect
240,ما هو العصب المسؤول عن حركات عضلات الوجه التعبيرية؟,ANSWER: نورثكوكسية الوجهية (Facial Nerve),السابع,نورثكوكسية الوجهية (Facial Nerve),السابع,0.5247389078140259,0.6332892179489136,0.5739264488220215,Correct
241,ما هي الزاوية الخلفية السفلية في العظم الجداري؟,ANSWER: زاوية الشعران السفلية (Angulus spheno-occipitalis inferior),خشانية,زاوية الشعران السفلية (Angulus spheno-occipitalis inferior),خشانية,0.5574443340301514,0.6653646230697632,0.6066421270370483,Incorrect
245,ما هو الاسم الآخر لفرع الفك السفلي؟,ANSWER: فرع الفك العلوي,الرأد.,فرع الفك العلوي,الرأد.,0.6876033544540405,0.7018358707427979,0.6946467161178589,Incorrect
253,ماذا يفعل الرباط المتصالب الأمامي؟,ANSWER: تحديد العظم الجنيني الأمامي,يمنع ازياح الساق للأمام,تحديد العظم الجنيني الأمامي,يمنع ازياح الساق للأمام,0.7484959363937378,0.7036005258560181,0.7253541946411133,Incorrect
255,ما هي الثقبة التي يعبر من خلالها العصب الوجهي؟,ANSWER: نرف الجنيني,الثقبة الإبرية الخشانية,نرف الجنيني,الثقبة الإبرية الخشانية,0.7654920816421509,0.7475593090057373,0.7564194202423096,Incorrect
262,ماذا تفرز خلايا بيتا في البنكرياس؟,ANSWER: في الجنين العلوي,الأنسولين,في الجنين العلوي,الأنسولين,0.7220015525817871,0.7137647271156311,0.7178595662117004,Incorrect
267,ما هو التامور الخارجي الذي لا يرتبط بالقلب؟,ANSWER: عضلة الكبد,التامور الليفي,عضلة الكبد,التامور الليفي,0.7321915030479431,0.7432953119277954,0.7377016544342041,Incorrect
269,ما هو القسم من الضلع الواقع بين الرأس والحديبة؟,ANSWER: قسم الضلع المتوسط,العنق,قسم الضلع المتوسط,العنق,0.7296326160430908,0.7342134118080139,0.7319158911705017,Incorrect
273,مع أي عظم يتمفصل الظنبوب في الأسفل؟,ANSWER: عظم الظهر السفلي (Pubis bone),القعب,عظم الظهر السفلي (Pubis bone),القعب,0.6656486988067627,0.7164707183837891,0.6901253461837769,Incorrect
277,أي من العضلات العميقة التالية للمثلث الخلفي للعنق ترتبط بحدبة الأطلس الخلفية؟,ANSWER: عضلة الأطلس الخلفية,المستقيمه الرأسيه الخلفيه الصغيرة,عضلة الأطلس الخلفية,المستقيمه الرأسيه الخلفيه الصغيرة,0.7381167411804199,0.7475130558013916,0.7427852153778076,Incorrect
279,ما هو التركيب الذي يتصل بالخلف مع البلعوم الفموي عبر برزخ الحلق؟,ANSWER: عضلة الجنين الفمية,جوف الفم المخصوص,عضلة الجنين الفمية,جوف الفم المخصوص,0.7949937582015991,0.8001343011856079,0.7975557446479797,Incorrect
281,ما هي البنية التي تغطي السطوح الأمامي والإنسي والوحشي للخصية؟,ANSWER: بوتاتيوس وميزوفينجيوس,الغلالة الغمدية,بوتاتيوس وميزوفينجيوس,الغلالة الغمدية,0.6512677669525146,0.6751781105995178,0.6630074381828308,Incorrect
282,أين يقع موقع الغدة الدرقية؟,ANSWER: عنق العظم الجنيني,تحت الحنجرة وعلى جانبي الرغامي وأمامها,عنق العظم الجنيني,تحت الحنجرة وعلى جانبي الرغامي وأمامها,0.727515459060669,0.6921467781066895,0.7093905806541443,Incorrect
283,أين تتوضع مستقبلات الشم؟,ANSWER: عين الشم الأيمنة واليمنة,سقف الأنف.,عين الشم الأيمنة واليمنة,سقف الأنف.,0.6826752424240112,0.7190099954605103,0.7003716826438904,Incorrect
284,ما هي طبيعة هرمونات الغدة النخامية؟,ANSWER: هرمونات نخامية ثابتة,بيتيدية,هرمونات نخامية ثابتة,بيتيدية,0.6456578969955444,0.6936442852020264,0.6687914133071899,Incorrect
285,ما هو مفصل المرفق؟,ANSWER: عضلة المرفق العظمية,نموذج رزى,عضلة المرفق العظمية,نموذج رزى,0.7218906879425049,0.744092583656311,0.7328234910964966,Incorrect
286,ما هو المكان الذي تنشأ منه العضلة المدورة الكبيرة بشكل أساسي؟,ANSWER: عضلة العقل الأعلى,أسفل الحافة الوحشية لعظم لوح الكتف.,عضلة العقل الأعلى,أسفل الحافة الوحشية لعظم لوح الكتف.,0.7178194522857666,0.7028830647468567,0.7102727293968201,Incorrect
287,أين يتوضع الأبهر النازل البطني؟,ANSWER: فوق العظم العظمي العلوي,أيسر الأجوف السفلي,فوق العظم العظمي العلوي,أيسر الأجوف السفلي,0.7868995666503906,0.7477343082427979,0.7668171525001526,Incorrect
288,ما الذي يجاور السطح العلوي لمثانة الرجل؟,ANSWER: عظم الإصابع,عرى اللفائفي والكولون السيني,عظم الإصابع,عرى اللفائفي والكولون السيني,0.7343974113464355,0.7116193771362305,0.7228289842605591,Incorrect
289,ما هي عضلة الشهيق الرئيسية؟,ANSWER: عضلة الشهيق العظمية العلوية (Mandibula),الحجاب الحاجز.,عضلة الشهيق العظمية العلوية (Mandibula),الحجاب الحاجز.,0.6541992425918579,0.7038698792457581,0.6781262159347534,Incorrect
290,ما هو ترتيب دخول التراكيب إلى سرة الكلية من الخلف للأمام؟,ANSWER: ترتيب عمودي,حويضة – شريان – وريد,ترتيب عمودي,حويضة – شريان – وريد,0.6844610571861267,0.6665763854980469,0.6754003167152405,Incorrect
302,أين تشاهد التلمة الكعبرية للزند؟,ANSWER: عضلة الزند العلوية,الوجه الوحشي للناتئ المنقاري.,عضلة الزند العلوية,الوجه الوحشي للناتئ المنقاري.,0.7572948336601257,0.732048511505127,0.7444576621055603,Incorrect
308,أين تتوضع الثقبة العوراء في اللسان؟,ANSWER: خلف الكلم الإنتهائي,خلف الكلم الإنتهائي,خلف الكلم الإنتهائي,خلف الكلم الإنتهائي,1.0,1.0,1.0,Correct
313,ما هو أطول أجزاء الأنبوب الهضمي؟,ANSWER: عضلة العقل العلوية وعضلة العقل السفلية,المعي الدقيق,عضلة العقل العلوية وعضلة العقل السفلية,المعي الدقيق,0.6591048240661621,0.7097213268280029,0.6834772229194641,Incorrect
315,ما هو ترتيب العضلات من الأعلى للأسفل على الناحية الخلفية للألية؟,ANSWER: العضلة العلوية - العضلة الوسطية - العضلة السفلية,كمثرية - توأمية علوية - سادة باطنة - توأمية سفلية,العضلة العلوية - العضلة الوسطية - العضلة السفلية,كمثرية - توأمية علوية - سادة باطنة - توأمية سفلية,0.6911869049072266,0.6942156553268433,0.6926979422569275,Incorrect
325,ما هي الطبقة المبطنة للتامور الليفي؟,ANSWER: طبقة الجلد الشاملة (Total Dermis),التامور المصلي الجداري,طبقة الجلد الشاملة (Total Dermis),التامور المصلي الجداري,0.6817221641540527,0.683043897151947,0.6823824048042297,Incorrect
330,ما هو أطول أجزاء أنبوب الهضم؟,ANSWER: عضلة العقل العلوي والسفلي,المعي الدقيق,عضلة العقل العلوي والسفلي,المعي الدقيق,0.6654373407363892,0.7311902046203613,0.6967659592628479,Incorrect
331,ما هو الهرمون الذي يسرع عملية تصنيع الأحماض الدهنية من الغلوكوز في الخلايا الشحمية؟,ANSWER: Insulin Ghrelin,الانسولين,Insulin Ghrelin,الانسولين,0.7229410409927368,0.7407450675964355,0.7317347526550293,Incorrect
338,ما هو الرباط الذي يربط الرحم بجدران الحوض الجانبية؟,ANSWER: عضلة الرباط الجنيني,العريض,عضلة الرباط الجنيني,العريض,0.721190869808197,0.7659065127372742,0.742876410484314,Incorrect
339,ما هو لون لب الكظر؟,ANSWER: أسود الأسود (Black of blacks),بني غامق,أسود الأسود (Black of blacks),بني غامق,0.6575125455856323,0.6907632350921631,0.6737278699874878,Incorrect
347,ما الذي يشكل معظم الكتلة العضلية للسان؟,ANSWER: العضلة العظمية العلوية,ذقنية لسانية,العضلة العظمية العلوية,ذقنية لسانية,0.6758958101272583,0.6930072903633118,0.6843445897102356,Incorrect
349,ما هي أصغر الحليمات الذوقية وأكثرها عدداً؟,ANSWER: حليمات الناريج,الخيطية,حليمات الناريج,الخيطية,0.7319222092628479,0.7286714315414429,0.7302931547164917,Incorrect
354,ما هي العضلات الطويلة التي تربط الفقرات مع بعضها؟,ANSWER: عضلات الفقرات العظمية (Bones of the Sutures),عضلات العمود الفقري,عضلات الفقرات العظمية (Bones of the Sutures),عضلات العمود الفقري,0.7793464660644531,0.8542989492416382,0.8151032328605652,Incorrect
355,ما هو أضيق قسم في جذع الدماغ؟,ANSWER: نقطة البريميديون,مستوى الدماغ المتوسط,نقطة البريميديون,مستوى الدماغ المتوسط,0.6967757344245911,0.7642466425895691,0.7289532423019409,Incorrect
358,أين يقع التلفيف خلف المركزي؟,ANSWER: خلف المركزي,الفص الجداري.,خلف المركزي,الفص الجداري.,0.7258791923522949,0.7182945013046265,0.7220669388771057,Incorrect
361,ما هي الباحة التي يحويها التلفيف خلف المركزي؟,ANSWER: العضلة العظمية العلوية,الحس الجسدي الأولية,العضلة العظمية العلوية,الحس الجسدي الأولية,0.7669771909713745,0.7651264667510986,0.7660506963729858,Incorrect
367,ما هي أصغر الحليمات الذوقية وأكثرها عدداً؟,ANSWER: حليمات الناريج,الخيطية,حليمات الناريج,الخيطية,0.7319222092628479,0.7286714315414429,0.7302931547164917,Incorrect
368,ما هي المجموعة العضلية التي تنتمي إليها العضلة الحرقفية؟,ANSWER: عضلة الجلد العظمي,عضلات الزنار الحوضي الأمامية,عضلة الجلد العظمي,عضلات الزنار الحوضي الأمامية,0.8577101230621338,0.8210407495498657,0.8389749526977539,Incorrect
372,ما هو القسم المسؤول عن تنظيم الفعالية الحياتية الذاتية؟,ANSWER: نظام النظارات الدهنية (Nervus nervousus),جذع الدماغ,نظام النظارات الدهنية (Nervus nervousus),جذع الدماغ,0.6468604803085327,0.68246990442276,0.6641882061958313,Incorrect
373,ما هي المادة شبيهة بالهلام التي تشغل أربعة أخماس المقلة؟,ANSWER: ألواح المقلة العضلية,الخلط الزجاجي,ألواح المقلة العضلية,الخلط الزجاجي,0.7571479678153992,0.7902370095252991,0.7733386754989624,Incorrect
374,أين تقع أجسام العصبونات التي تفرز الهرمون المضاد للإدرار ADH؟,ANSWER: لقمة الجنين العلوية,الأنوية فوق البصرية,لقمة الجنين العلوية,الأنوية فوق البصرية,0.7394421100616455,0.7298334836959839,0.7346063852310181,Incorrect
377,ما هي العضلات التي لها منشأ عظمي وترتكز على باطن جلد الوجه؟,ANSWER: عضلات الوجه العظمية (Bones of the facial skeleton),عضلات الوجه التعبيرية,عضلات الوجه العظمية (Bones of the facial skeleton),عضلات الوجه التعبيرية,0.7241280674934387,0.8213229179382324,0.7696691751480103,Incorrect
378,ما هو مصدر التروية الرئيسية للمعدة؟,ANSWER: عضلة العظمية العظمية العظمية العظمية,فروع الجذع الزلاقي,عضلة العظمية العظمية العظمية العظمية,فروع الجذع الزلاقي,0.7198008298873901,0.7221881151199341,0.7209925055503845,Incorrect
380,ما هي أطول أجزاء أنبوب الهضم؟,ANSWER: عضلة العقل العلوي والسفلي,المعي الدقيق,عضلة العقل العلوي والسفلي,المعي الدقيق,0.6654373407363892,0.7311902046203613,0.6967659592628479,Incorrect
382,من أين ينشأ الجذع الرئوي؟,ANSWER: عضلة الجنين الأولى,البطين الأيمن,عضلة الجنين الأولى,البطين الأيمن,0.7671537399291992,0.7844067215919495,0.7756843566894531,Incorrect
383,ما هو اسم المنعكس الذي يحدث عند رفع الخصية والصفن للأعلى؟,ANSWER: هيموراغيا سبانية سباحية,المشمري,هيموراغيا سبانية سباحية,المشمري,0.6541398167610168,0.6843955516815186,0.6689257621765137,Incorrect
389,ما هو العظم الذي يحتوي على تلم في وجهه السفلي لمرور وتر الشظية الطويلة؟,ANSWER: عظم الجنين,النردي,عظم الجنين,النردي,0.7669104933738708,0.7822415828704834,0.7745001912117004,Incorrect
392,ما هي المنطقة المتوسطة من نواحي البطن؟,ANSWER: منطقة البطن المتوسطة,السرية,منطقة البطن المتوسطة,السرية,0.7086299657821655,0.7267727255821228,0.7175866961479187,Incorrect
394,ما الذي يصل بين الأذينة اليسرى والبطين الأيسر؟,ANSWER: ناب العين الأيمن,فوهة التاجي,ناب العين الأيمن,فوهة التاجي,0.7543662190437317,0.7413917779922485,0.7478227019309998,Incorrect
395,ما الذي يعطي الرباط الحرقفي القطني منشأ له؟,ANSWER: تهاب الرباط الحرقفي القطني,العضلة المربعة القطنية.,تهاب الرباط الحرقفي القطني,العضلة المربعة القطنية.,0.7671712636947632,0.7832892537117004,0.7751464247703552,Incorrect
399,ماذا يحفز ACTH إفرازه؟,ANSWER: كلمة الاستحمام المنحية المنحية (ADH),الكورتيزول,كلمة الاستحمام المنحية المنحية (ADH),الكورتيزول,0.6544845104217529,0.6710820198059082,0.6626793742179871,Incorrect
401,ما هو أكثر أقسام الإحليل قابلية للتمدد وأعرضها؟,ANSWER: عضلات العظمة العلوية,الموثي,عضلات العظمة العلوية,الموثي,0.6867284178733826,0.6923491954803467,0.6895273327827454,Incorrect
402,مما يتكون الزنار الحوضي؟,ANSWER: عضلات الزنار العضلية,من العظمين الوركيين و العجز.,عضلات الزنار العضلية,من العظمين الوركيين و العجز.,0.7177400588989258,0.7073866128921509,0.7125257253646851,Incorrect
403,أين تقع الباحة الحركية الأولية؟,ANSWER: عضلة الباحة الأولية العلوية (Brachium primum superius),في التلفيف أمام المركزي .,عضلة الباحة الأولية العلوية (Brachium primum superius),في التلفيف أمام المركزي .,0.6227424144744873,0.6794480085372925,0.6498605608940125,Incorrect
412,ما هي العضلة المسؤولة عن قبض الفخذ وقبض الساق؟,ANSWER: عضلة الفخذ والساق (Femur et Tibia),الخياطية,عضلة الفخذ والساق (Femur et Tibia),الخياطية,0.6128435134887695,0.6805545687675476,0.6449266672134399,Incorrect
420,أين تتوضع الغدة تحت الطية اللسانية؟,ANSWER: فوق الفتحة اللسانية,تحت اللسان,فوق الفتحة اللسانية,تحت اللسان,0.8248387575149536,0.8664540648460388,0.845134437084198,Incorrect
424,أين يتوضع السرج التركي؟,ANSWER: عنق الجنين,على الوجه العلوي لجسم العظم الوتدي.,عنق الجنين,على الوجه العلوي لجسم العظم الوتدي.,0.7168738842010498,0.6982146501541138,0.7074212431907654,Incorrect
426,ما هو القسم مع الضلع الواقع بين الرأس والحدبية؟,ANSWER: بوس الرأسي,العنق,بوس الرأسي,العنق,0.7708123922348022,0.7878994941711426,0.7792623043060303,Incorrect
443,كم عدد شدف النخاع الشوكي؟,ANSWER: 4-6,31,4-6,31,0.7058403491973877,0.7047044634819031,0.7052718997001648,Incorrect
450,ما هي العضلة الموسعة المسؤولة عن فتح الحنجرة؟,ANSWER: عضلة الفتحة العظمية,الحلقية الطرجهالية الخلفية,عضلة الفتحة العظمية,الحلقية الطرجهالية الخلفية,0.7467726469039917,0.743696928024292,0.7452316284179688,Incorrect
453,ما يُدعى القسم العلوي المتسع من الحالب؟,ANSWER: عمود الحالب العلوي,الحويضة,عمود الحالب العلوي,الحويضة,0.733903706073761,0.7602072358131409,0.7468239068984985,Incorrect
468,أين توجد نقطة التعظم البدئية في لوح الكتف؟,ANSWER: فوق الكتف اليمنى,الحفرة تحت الشوك,فوق الكتف اليمنى,الحفرة تحت الشوك,0.7402133941650391,0.7672333717346191,0.7534812092781067,Incorrect
469,ما هو الشريان الذي يستمر به الشريان تحت الترقوة؟,ANSWER: شريان فوق الترقوة (Superficial veins),الابطي,شريان فوق الترقوة (Superficial veins),الابطي,0.6529821157455444,0.694566011428833,0.6731324791908264,Incorrect
474,ما هو الشريان الذي يمكن الشعور بنبضه عند الحافة السفلية للفك السفلي أمام العضلة الماضغة؟,ANSWER: انتهاء الفك السفلي,الوجهي.,انتهاء الفك السفلي,الوجهي.,0.7126182913780212,0.7900107502937317,0.7493215203285217,Incorrect
489,ما هو الشريان الذي يعتبر الشريان المخي الخلفي فرعاً منه؟,ANSWER: شريان العظمي العظمي العظمي,القاعدي,شريان العظمي العظمي العظمي,القاعدي,0.6868692636489868,0.6993584632873535,0.6930575966835022,Incorrect
501,ما هو أكبر أعضاء الجسم وزناً ومساحة؟,ANSWER: جعلة الجسم (Body mass),الجلد,جعلة الجسم (Body mass),الجلد,0.6983063220977783,0.7249135971069336,0.711361289024353,Incorrect
505,ما الذي يشكله نصفا الكرة المخية مع الدماغ البيني؟,ANSWER: نوظاء الجنيني,المخ,نوظاء الجنيني,المخ,0.725867509841919,0.7549586296081543,0.7401272654533386,Incorrect
510,ما هو اسم الحافة اليسرى للمعدة التي تمتد من الفؤاد إلى البواب؟,ANSWER: جنين اليسار,الانحناء الكبير,جنين اليسار,الانحناء الكبير,0.7355576753616333,0.737513542175293,0.7365342974662781,Incorrect
515,ما هو مصدر نشأة الشريان الشوكي الأمامي؟,ANSWER: عضلة الشوكي الأمامية,الفقري,عضلة الشوكي الأمامية,الفقري,0.6921356320381165,0.7286239266395569,0.7099111676216125,Incorrect
517,أين يقع الثرب الصغير؟,ANSWER: في العظم الصغير العلوي,المعدة والكبد,في العظم الصغير العلوي,المعدة والكبد,0.7168937921524048,0.7167396545410156,0.7168166637420654,Incorrect
526,أين تقع صفيحة الأكيمات؟,ANSWER: فوق العين الأيمن,الدماغ المتوسط .,فوق العين الأيمن,الدماغ المتوسط .,0.6798841953277588,0.7295857667922974,0.7038586735725403,Incorrect
529,ما هي الباحة التي يحويها التلفيف خلف المركزي؟,ANSWER: العضلة العظمية العلوية,الحس الجسدي الأولية,العضلة العظمية العلوية,الحس الجسدي الأولية,0.7669771909713745,0.7651264667510986,0.7660506963729858,Incorrect
530,ما هي الألياف التي تربط المراكز القشرية بالمحيط؟,ANSWER: الألياف الشبكية البروازيكية (Brain-Blood Barrier),إسقاطية,الألياف الشبكية البروازيكية (Brain-Blood Barrier),إسقاطية,0.5874171853065491,0.7014265060424805,0.6393793225288391,Incorrect
531,ما نوع المفصل الحلقي الطرجهالي؟,ANSWER: فيصل حلقي الطرجة اليدوي,الزليلي,فيصل حلقي الطرجة اليدوي,الزليلي,0.6974807977676392,0.7324881553649902,0.7145559787750244,Incorrect
533,ما هو رقم العصب الحركي للعضلات الماضغة؟,ANSWER: رقم 12,الخامس,رقم 12,الخامس,0.7605074048042297,0.7783936858177185,0.7693465948104858,Incorrect
541,كم عدد فصيصات الخصية؟,ANSWER: ثلاثة,250,ثلاثة,250,0.707606315612793,0.707606315612793,0.7076062560081482,Incorrect
548,أين ترتكز العضلة الأخمعية الخلفية بوتر رقيق؟,ANSWER: عضلة الأخمعية الخلفية بوتر رقيق,الضلع الثاني.,عضلة الأخمعية الخلفية بوتر رقيق,الضلع الثاني.,0.6804662942886353,0.751248836517334,0.714107871055603,Incorrect
554,أين يتوضع الثلم المهمازي؟,ANSWER: جنب العظم العظمي الأوسط,الأنسي,جنب العظم العظمي الأوسط,الأنسي,0.6899889707565308,0.7032380104064941,0.6965504884719849,Correct
557,ما هي المنطقة التي يقع بينها القسيم العضلي (sarcomere)؟,ANSWER: عضلة الفيلاميد,الخطين -Z-,عضلة الفيلاميد,الخطين -Z-,0.6858634948730469,0.7109408378601074,0.6981770396232605,Incorrect
562,ما الذي تنتجه الخلايا المجاورة للجريبات في الدرق؟,ANSWER: إنفلاممات,كاليستونين,إنفلاممات,كاليستونين,0.7789210081100464,0.7623744010925293,0.7705588936805725,Incorrect
563,ما الذي تتحول إليه الوحيدات Monocytes بعد مغادرتها الدوران؟,ANSWER: Macrophage,بالعات,Macrophage,بالعات,0.640691339969635,0.7213547229766846,0.678634524345398,Correct
568,ما هو الشريان الذي ينتهي به الشريان الوجهي؟,ANSWER: خلف الكلم الإنتهائي,الزاوي,خلف الكلم الإنتهائي,الزاوي,0.7064906358718872,0.7305733561515808,0.7183302640914917,Incorrect
571,أين يتوضع الثلم المهمازي؟,ANSWER: جنب العظم العظمي الأوسط,الانسي,جنب العظم العظمي الأوسط,الانسي,0.6630479097366333,0.701504647731781,0.6817343831062317,Incorrect
573,ما هو العصب القحفي الذي يحمل التعصيب نظير الودي للقلب؟,ANSWER: عصب المنحلة العقلية (Cerebellum),10,عصب المنحلة العقلية (Cerebellum),10,0.5379450917243958,0.6059327721595764,0.5699184536933899,Incorrect
575,ما هي العضلة التي يمر العصب تحت اللساني في الناحية تحت الفك عميقاً منها؟,ANSWER: عضلة اللسان العمودية (Nervus lingualis),لامية لسانية.,عضلة اللسان العمودية (Nervus lingualis),لامية لسانية.,0.6094055771827698,0.6783872842788696,0.6420488357543945,Incorrect
576,تحت أي قسم من أقسام التشريح يندرج التنبيب الرغامي؟,ANSWER: قسم الرغام,التشريح التقني .,قسم الرغام,التشريح التقني .,0.7446768283843994,0.7222671508789062,0.7333008646965027,Incorrect
578,ما هي العظام التي يتشكل منها مفصل الركبة؟,ANSWER: عظم الساق وعظم الفخذ,المفصل بين عظمي الفخذ والظنبوب والمفصل بين عظمي الفخذ والرضفة.,عظم الساق وعظم الفخذ,المفصل بين عظمي الفخذ والظنبوب والمفصل بين عظمي الفخذ والرضفة.,0.8171053528785706,0.7599236965179443,0.7874778509140015,Incorrect
579,ما هي الحركة الخاصة بالساعد؟,ANSWER: إنعاش الساعد,الكب,إنعاش الساعد,الكب,0.7599558234214783,0.8345523476600647,0.7955091595649719,Incorrect
582,ما الذي يحويه القسم الأمامي للثلم الأمامي الخلفي الأيسر للكبد؟,ANSWER: فرنيكس كبدي,تلم الرباط الوريدي,فرنيكس كبدي,تلم الرباط الوريدي,0.6831951141357422,0.7056730389595032,0.6942521929740906,Incorrect
586,ماذا تشكل الصفيحتان السفليتان للشفرين الصغيرين عند اتحادهما؟,ANSWER: فتحة فيضة,لجيم البظر,فتحة فيضة,لجيم البظر,0.7830246090888977,0.759504497051239,0.771085262298584,Incorrect
591,ما هي الانطباعات التي توجد على العظم الجداري؟,ANSWER: توجد علامات تهابية على العظم الجداري,السحائي الأوسط,توجد علامات تهابية على العظم الجداري,السحائي الأوسط,0.6639459133148193,0.7089579105377197,0.685714066028595,Incorrect
592,ما هو العصب الحركي للعضلات الماضغة؟,ANSWER: عضلة الماضغة العصبية (Corticospinal tract),الخامس,عضلة الماضغة العصبية (Corticospinal tract),الخامس,0.4681620895862579,0.6054826974868774,0.5280406475067139,Incorrect
593,أين يقع الشق الحجاجي السفلي؟,ANSWER: فوق الكلم الإنتهائي,الجناح البير والفكي العلوي,فوق الكلم الإنتهائي,الجناح البير والفكي العلوي,0.7540876865386963,0.7294657230377197,0.741572380065918,Incorrect
597,ما هو العضو المتخصص بتشكيل الصوت والتدخل بالدور في الكلام؟,ANSWER: لسان,الحنجرة,لسان,الحنجرة,0.8031991124153137,0.7779102325439453,0.7903525233268738,Incorrect
601,ما هي حركة الركبة للخلف بمستوى سهمي؟,ANSWER: حركة الركبة للخلف: السحابة العظمية (Sahabat 'A'zmiyah),عطف,حركة الركبة للخلف: السحابة العظمية (Sahabat 'A'zmiyah),عطف,0.6024479269981384,0.6900457143783569,0.6432784199714661,Incorrect
603,ما هو العصب القحفي المتواسط بإفراز الغدد الدمعية واللعابية؟,ANSWER: نرف الشمسي,السابع,نرف الشمسي,السابع,0.661490261554718,0.6923757195472717,0.6765807271003723,Incorrect
609,أين تتوضع الصفيحة الأفقية للعظم الغربالي؟,ANSWER: خلف الكلم الإنتهائي,الثلمة الغربالية في العظم الدمعي.,خلف الكلم الإنتهائي,الثلمة الغربالية في العظم الدمعي.,0.7365952730178833,0.7531676888465881,0.7447893023490906,Incorrect
612,ما هو لون لب الكظر؟,ANSWER: أسود الأسود (Black of blacks),بني غامق,أسود الأسود (Black of blacks),بني غامق,0.6575125455856323,0.6907632350921631,0.6737278699874878,Incorrect
616,ما هو وجه العظم الجبهي الذي ينتمي للقحف العصبي؟,ANSWER: عضلة الجبهة العظمية,الداخلى,عضلة الجبهة العظمية,الداخلى,0.7386666536331177,0.7590596675872803,0.7487243413925171,Incorrect
618,ما هو لون لب الكظر؟,ANSWER: أسود الأسود (Black of blacks),بني غامق,أسود الأسود (Black of blacks),بني غامق,0.6575125455856323,0.6907632350921631,0.6737278699874878,Incorrect
627,ما هي اللفافة التي تحيط بجسم القضيب؟,ANSWER: بوابات القضيب الخارجية,بوك,بوابات القضيب الخارجية,بوك,0.7055871486663818,0.7730585336685181,0.7377834320068359,Incorrect
632,ما هي العضلة التي تعد من العضلات الوحشية للساق وقد تعد من العضلات الأمامية للساق؟,ANSWER: العضلة المنتشرة في الساق الأمامي,العضلة الشظويةالثالثة,العضلة المنتشرة في الساق الأمامي,العضلة الشظويةالثالثة,0.7865676283836365,0.7934021949768066,0.7899700999259949,Incorrect
635,ما هو أول ما يتأثر من الخلايا الكبدية في حالة الإصابة بنقص الأكسجة؟,ANSWER: هيماتيكوزيد هيماتيكي,الخلايا الكبدية المركزية,هيماتيكوزيد هيماتيكي,الخلايا الكبدية المركزية,0.6372212171554565,0.6655298471450806,0.6510679721832275,Incorrect
636,ما هي العضلات الطويلة التي تربط الفقرات مع بعضها؟,ANSWER: عضلات الفقرات العظمية (Bones of the Sutures),عضلات العمود الفقري,عضلات الفقرات العظمية (Bones of the Sutures),عضلات العمود الفقري,0.7793464660644531,0.8542989492416382,0.8151032328605652,Incorrect
640,ما هي الطية الجلدية التي تغطي رأس القضيب؟,ANSWER: بولوس فوليكس,القلفة,بولوس فوليكس,القلفة,0.7246670722961426,0.7494093775749207,0.7368305325508118,Incorrect
644,من أين يتفرع الشريان الأكليلي الأيمن والأيسر؟,ANSWER: شريان الأيمن يتفرع للأيمن، والشريان الأيسر يتفرع للأيسر.,الأبهر الصاعد,شريان الأيمن يتفرع للأيمن، والشريان الأيسر يتفرع للأيسر.,الأبهر الصاعد,0.6695451736450195,0.708702802658081,0.6885677576065063,Incorrect
645,متى ينشأ برزخ الأبهر؟,ANSWER: في العمر المتوسط,بعد منشأ الشريان تحت الترقوة الأيسر,في العمر المتوسط,بعد منشأ الشريان تحت الترقوة الأيسر,0.7481892108917236,0.6660169363021851,0.7047157883644104,Incorrect
647,ما هو أصغر الفروع الأمامية للأبهر البطني؟,ANSWER: عضلة المندب الأمامي الصغيرة (Radix femoralis anterior minor),المساريقي السفلي,عضلة المندب الأمامي الصغيرة (Radix femoralis anterior minor),المساريقي السفلي,0.6389172077178955,0.6734776496887207,0.655742347240448,Incorrect
655,ما هي الألياف التي تربط التلافيف والفصوص في نصف كرة مخية واحد؟,ANSWER: فصوص الكرة المخية,ترابطية,فصوص الكرة المخية,ترابطية,0.7040467262268066,0.7460120916366577,0.7244221568107605,Incorrect
656,ما هي ميزابة النبض بين أوتار العضلات؟,ANSWER: فيستالسيات النبض,العضدية الكعبرية قابضة الرسغ الكعبرية,فيستالسيات النبض,العضدية الكعبرية قابضة الرسغ الكعبرية,0.6873278021812439,0.6877185702323914,0.6875231266021729,Incorrect
657,ما هو الوريد السطحي الذي يشكل الابطي؟,ANSWER: لجنة الجلد العظمية,القاعدي,لجنة الجلد العظمية,القاعدي,0.6842726469039917,0.685271143913269,0.6847715377807617,Incorrect
660,ماذا تفرز الخلايا ألفا في البنكرياس؟,ANSWER: في الجزء العلوي القريب من الجزء العقمي,الفلوكاغون,في الجزء العلوي القريب من الجزء العقمي,الفلوكاغون,0.6584475040435791,0.6676496267318726,0.663016676902771,Incorrect
664,ما هو اسم أعمق الانخفاضات في الصيوان؟,ANSWER: سفليات الصيوان العميقة (Siflat al-siwaniyat al-kathira),المحار,سفليات الصيوان العميقة (Siflat al-siwaniyat al-kathira),المحار,0.570426344871521,0.6726267337799072,0.6173252463340759,Incorrect
665,ما هي وظيفة هرمون الغدة جار الدرقية PTH؟,ANSWER: تحكم العينات العظمية,يرفع كالسيوم الدم,تحكم العينات العظمية,يرفع كالسيوم الدم,0.7341603636741638,0.734681248664856,0.7344207763671875,Incorrect
669,ما الذي يمتد من المنخر حتى المنعر؟,ANSWER: عضلة المنخر العظمية,جوف الأنف,عضلة المنخر العظمية,جوف الأنف,0.7561154961585999,0.7791410684585571,0.7674555778503418,Incorrect
671,ما الذي يقع بين جسم الفقرة والقوس الفقرية؟,ANSWER: بوسم الفقرة,الثقبة الفقرية,بوسم الفقرة,الثقبة الفقرية,0.8387398719787598,0.8278394937515259,0.8332540392875671,Incorrect
676,أين تتوضع الطية المخملة؟,ANSWER: فوق الكلم الإنتهائي,الوجه السفلي للسان,فوق الكلم الإنتهائي,الوجه السفلي للسان,0.7579139471054077,0.74593186378479,0.7518751621246338,Incorrect
680,ما هو الهرمون الذي يفرز PTH؟,ANSWER: عضلة الشعر العقلية,الغدد جارات الدرق.,عضلة الشعر العقلية,الغدد جارات الدرق.,0.7461601495742798,0.7656496167182922,0.7557792067527771,Incorrect
683,ما هو الهرمون الذي يسرع عملية تصنيع الأحماض الدهنية من الغلوكوز في الخلايا الشحمية؟,ANSWER: Insulin Ghrelin,الأنسولين,Insulin Ghrelin,الأنسولين,0.6812033653259277,0.698042631149292,0.6895201802253723,Incorrect
688,ما هي العضلات التي تعمل على توازن الرأس على الجذع؟,ANSWER: عضلات الجذع المتعاملة,عضلات العنق.,عضلات الجذع المتعاملة,عضلات العنق.,0.8125137090682983,0.8637118935585022,0.8373308777809143,Incorrect
693,من أين يخرج العصب الوجهي من الجمجمة؟,ANSWER: عضلة الجمجمة العصبية الوجهية,الثقبة الأبرية الخشائية,عضلة الجمجمة العصبية الوجهية,الثقبة الأبرية الخشائية,0.7771140336990356,0.7827514410018921,0.779922604560852,Incorrect
696,ما الذي يتصل به المدورين بالخلف في الفخذ؟,ANSWER: عضلة السفلية الخلفية,العرف بين المدورين,عضلة السفلية الخلفية,العرف بين المدورين,0.668756902217865,0.6980735659599304,0.6831008195877075,Incorrect
698,أين يدخل الحالبان المثانة؟,ANSWER: بوابة المنظرة العلوية,الخلفي,بوابة المنظرة العلوية,الخلفي,0.7439000606536865,0.7927552461624146,0.7675510048866272,Incorrect
700,ما هي الباحة المسؤولة عن حركات العين؟,ANSWER: نورثكوكس,8,نورثكوكس,8,0.5598315000534058,0.6097745299339294,0.583736777305603,Incorrect
709,ما هو الشريان الذي ينشأ منه الجذع المشترك للشريان بين العظمين؟,ANSWER: شريان المتفاوت,الزندي,شريان المتفاوت,الزندي,0.7265900373458862,0.7683510780334473,0.7468872666358948,Incorrect
710,ما هو وجه عظم الترقوة الذي عليه ميزابة طولانية؟,ANSWER: جزء الجنين العلوي,الوجه السفلي,جزء الجنين العلوي,الوجه السفلي,0.8217874765396118,0.8382052779197693,0.8299152255058289,Incorrect
713,من أين يفرز الغلوكاغون؟,ANSWER: دم العين,خلايا الفا في المعثكلة,دم العين,خلايا الفا في المعثكلة,0.7933015823364258,0.7359306812286377,0.7635399699211121,Incorrect
715,ما هي الطبقة المبطنة للتامور الليفي؟,ANSWER: طبقة الجلد الشاملة (Total Dermis),التامور المصلي الجداري,طبقة الجلد الشاملة (Total Dermis),التامور المصلي الجداري,0.6817221641540527,0.683043897151947,0.6823824048042297,Incorrect
718,ما هو معنى التوسع في نهاية الأسهر؟,ANSWER: توسع نهاية الأسهر (Hypertelorism),مجل الأسهر,توسع نهاية الأسهر (Hypertelorism),مجل الأسهر,0.7257720232009888,0.8266229629516602,0.772921621799469,Incorrect
720,كم عدد فقرات الجزء الصدري من العمود الفقري؟,ANSWER: ستة فقرة,12,ستة فقرة,12,0.6775633096694946,0.6994518637657166,0.6883336305618286,Incorrect
722,من أين ينتج هرمون الأستروجين؟,ANSWER: شعرة الشعرة المنحوتة العلوية,المبيض,شعرة الشعرة المنحوتة العلوية,المبيض,0.7249407768249512,0.7478473782539368,0.7362160086631775,Incorrect
739,ما هي الفروع الانتهائية للسباني الخارجي؟,ANSWER: فروع السباني الخارجية العلوية والسفلية,حنكي وصدغي سطحي,فروع السباني الخارجية العلوية والسفلية,حنكي وصدغي سطحي,0.632816731929779,0.6673682928085327,0.6496334671974182,Incorrect
743,ما هو مصدر التعصيب الحركي لعضلات الظهر العميقة؟,ANSWER: علامة بيوتين,الشعب الاوليه الظهريه,علامة بيوتين,الشعب الاوليه الظهريه,0.6413416862487793,0.640540599822998,0.6409408450126648,Incorrect
748,ما هو الجيب الوريدي الذي يصب في الوريد الوداجي الباطن؟,ANSWER: جيب الوريد الباطني الوداجي,الجيب السيني,جيب الوريد الباطني الوداجي,الجيب السيني,0.7769819498062134,0.8186513185501099,0.7972725033760071,Incorrect
752,أين يتوضع العظم الكتفي؟,ANSWER: عضلة الكتفين,الاضلاع الثانية حتى السابعة,عضلة الكتفين,الاضلاع الثانية حتى السابعة,0.667617678642273,0.6329891681671143,0.6498424410820007,Incorrect
753,ما هي المنطقة الأعمق في الغدة الكظرية؟,ANSWER: قاع الكلب,اللب,قاع الكلب,اللب,0.7648583650588989,0.7903660535812378,0.7774030566215515,Incorrect
756,ما الذي يقع بين النواة العدسية من جهة والنواة والمهاد من الجهة الأخرى؟,ANSWER: عضلة الفم العلوية الأمامية,المحفظة الداخلية.,عضلة الفم العلوية الأمامية,المحفظة الداخلية.,0.6701194643974304,0.7046387195587158,0.6869456768035889,Incorrect
760,ما الذي ينفتح على القرين الأنفي العلوي؟,ANSWER: بورتوراك,الجيب الوتدي,بورتوراك,الجيب الوتدي,0.7092983722686768,0.6985504627227783,0.7038834095001221,Incorrect
761,أين يمكن إجراء الحقن العضلي في القسم العلوي؟,ANSWER: عضلة الرأس العلوية (Frontalis superior),الدالية,عضلة الرأس العلوية (Frontalis superior),الدالية,0.6259794235229492,0.6656911969184875,0.645224928855896,Incorrect
763,أين تتوضع الاحدوبة الدالية في العضد؟,ANSWER: في العضلة العضلية العلوية الأمامية,الوحشي,في العضلة العضلية العلوية الأمامية,الوحشي,0.6951027512550354,0.7503280639648438,0.7216604948043823,Incorrect
768,ما هو أكبر الجيوب جانب الأنف؟,ANSWER: جيب الجنين العظمي,الفكي,جيب الجنين العظمي,الفكي,0.6822067499160767,0.7122944593429565,0.6969259977340698,Incorrect
775,ما هو العصب المحرك لعضلات اللسان؟,ANSWER: نورثكوكس اللساني (Nucleus dentalis lingualis),12,نورثكوكس اللساني (Nucleus dentalis lingualis),12,0.4739809930324554,0.5722325444221497,0.5184932947158813,Incorrect
777,ما الذي يتوضع تحت الخط الضرسي اللامي؟,ANSWER: فواتير اللسان,حفرة الغدة تحت الفك السفلي,فواتير اللسان,حفرة الغدة تحت الفك السفلي,0.7665576934814453,0.7266319990158081,0.7460610866546631,Incorrect
791,ما هي الطبقة المحيطة بالقلب والمرتبطة به؟,ANSWER: قلب الجسم (Myocardium),التامور المصلي الحشوي,قلب الجسم (Myocardium),التامور المصلي الحشوي,0.6534436941146851,0.6356129050254822,0.6444050073623657,Incorrect
793,ما هو الشريان الذي ينشأ منه الشريان الزاوي؟,ANSWER: شريان العظمي,الشريان الوجهي,شريان العظمي,الشريان الوجهي,0.8168498277664185,0.8366718292236328,0.8266420364379883,Incorrect
796,ما هو تشكل الوريد المأبضي؟,ANSWER: تشكيل الوريد المأبضي: تشكيل بواسطة البلورات المأبضة والمعدنية,الوريد الظنبوبي الامامي والوريد الظنبوبي الخلفي,تشكيل الوريد المأبضي: تشكيل بواسطة البلورات المأبضة والمعدنية,الوريد الظنبوبي الامامي والوريد الظنبوبي الخلفي,0.7073514461517334,0.7312995195388794,0.7191261649131775,Incorrect
799,ما هي المنطقة الأعمق في قشر الكظر؟,ANSWER: قطب الكظر الداخلي,الشبكية,قطب الكظر الداخلي,الشبكية,0.7282181978225708,0.7275586724281311,0.7278882265090942,Incorrect
802,أين يقع التلم الوحشي؟,ANSWER: عضلة الجنين الأقصى,فص الجزيرة,عضلة الجنين الأقصى,فص الجزيرة,0.6704361438751221,0.7289931178092957,0.6984894871711731,Incorrect
803,أين يصب الوريد الكلوي؟,ANSWER: حيث الكلم الإنتهائية,الأجوف السفلي,حيث الكلم الإنتهائية,الأجوف السفلي,0.7220531105995178,0.7133265733718872,0.7176632285118103,Incorrect
808,أين ترتكز العضلة المدورة الصغيرة؟,ANSWER: عضلة المدورة الصغيرة العضلية العضلية العضلية العضلية العضلية العضلية العضلية العضلية العضلية العضلية العضلية العضلية العضلية العضلية العضلية العضلية العضلية العضلية العضلية العضلية العضلية العضلية العضلية العضلية العضلية العضلية العضلية العضلية العضلية العضلية العضلية العضلية العضلية العضلية العضلية العضلية العضلية العضلية العضلية ال,حديبة العضد الكبرى.,عضلة المدورة الصغيرة العضلية العضلية العضلية العضلية العضلية العضلية العضلية العضلية العضلية العضلية العضلية العضلية العضلية العضلية العضلية العضلية العضلية العضلية العضلية العضلية العضلية العضلية العضلية العضلية العضلية العضلية العضلية العضلية العضلية العضلية العضلية العضلية العضلية العضلية العضلية العضلية العضلية العضلية العضلية ال,حديبة العضد الكبرى.,0.5265448093414307,0.6901789307594299,0.5973585247993469,Incorrect
811,ما هو الجزء من البلعوم الذي يتبعه الردب الكمثري؟,ANSWER: عضلة الردب الكمثري,الحنجري,عضلة الردب الكمثري,الحنجري,0.731126070022583,0.7996459007263184,0.7638524770736694,Incorrect
815,كم عدد الأعصاب القحفية؟,ANSWER: 4 عضلة قحفية,12 شفعًا,4 عضلة قحفية,12 شفعًا,0.7548805475234985,0.7799901366233826,0.7672299742698669,Incorrect
816,أين تتوضع نواة العصب العاشر؟,ANSWER: قلب العصب العاشر,البصلة,قلب العصب العاشر,البصلة,0.7742346525192261,0.7858213186264038,0.7799850106239319,Incorrect
817,ما هو العنصر الذي يجاور الرغامي من الخلف؟,ANSWER: العظم العظمي,المري,العظم العظمي,المري,0.7532287836074829,0.775025486946106,0.763971745967865,Incorrect
818,ما هو العصب القحفي الذي يجتاز النفق الصدري؟,ANSWER: عصب النفق الصدري (Vagus nerve),2,عصب النفق الصدري (Vagus nerve),2,0.5269577503204346,0.6495290994644165,0.5818584561347961,Incorrect
819,ما هو العظم الأضخم في هيكل القدم؟,ANSWER: كف القدم الأعلى,العقب,كف القدم الأعلى,العقب,0.7394113540649414,0.736503005027771,0.737954318523407,Incorrect
822,أين يوجد النفير البلعومي السمعي؟,ANSWER: فوق العين العلوية,البلعوم الانفي,فوق العين العلوية,البلعوم الانفي,0.719970166683197,0.7059853076934814,0.7129091620445251,Incorrect
826,ما الذي يحد فتحة وينسلو من الأسفل؟,ANSWER: فتحة فيمه,الإثني عشر.,فتحة فيمه,الإثني عشر.,0.6416702270507812,0.6463117003440857,0.6439825892448425,Incorrect
830,ما يُسمى الوجه الأمامي للوح الكتف؟,ANSWER: جانب الشمسي,الحفرة تحت الكتفية,جانب الشمسي,الحفرة تحت الكتفية,0.7321153879165649,0.6725303530693054,0.701059103012085,Incorrect
832,ما هو الشريان الذي يروي القولون الصاعد؟,ANSWER: عضلة القولون العلوية,المساريقي العلوي,عضلة القولون العلوية,المساريقي العلوي,0.7570298910140991,0.7728204727172852,0.7648437023162842,Incorrect
834,ما هي الطية الجلدية التي تغطي رأس القضيب؟,ANSWER: بولوس فوليكس,القلفة,بولوس فوليكس,القلفة,0.7246671319007874,0.7494093775749207,0.7368305921554565,Incorrect
835,ما يُدعى القسم العلوي المتسع من الحالب؟,ANSWER: عمود الحالب العلوي,الحويضة,عمود الحالب العلوي,الحويضة,0.733903706073761,0.7602072358131409,0.7468239068984985,Incorrect
839,ما هي المنطقة الفاصلة بين الطيتين الصوتيين؟,ANSWER: حزيران الصوتيين,مشق المزمار,حزيران الصوتيين,مشق المزمار,0.7760961055755615,0.7747610807418823,0.7754279971122742,Incorrect
840,ما هي الطبقة من الكظر التي تتألف من حبال مقوسة من خلايا عمودية متقاربة؟,ANSWER: طبقة الشعر المقوسة (Layer of compact hair),الطبقة الكبيبة,طبقة الشعر المقوسة (Layer of compact hair),الطبقة الكبيبة,0.6656329035758972,0.733368456363678,0.6978608965873718,Incorrect
841,ما هي الخلايا التي تتوضع في اللحمة بين النبيبات؟,ANSWER: فصيلات اللحمة (Fasciculi musculares),لايديغ,فصيلات اللحمة (Fasciculi musculares),لايديغ,0.5416057109832764,0.6283174157142639,0.5817481279373169,Incorrect
860,ما هو السطح الخلفي للفخذ تحت المدور الكبير؟,ANSWER: سطح الفخذ الخلفي,الأحدوبة الأولوية,سطح الفخذ الخلفي,الأحدوبة الأولوية,0.7027820348739624,0.7025289535522461,0.7026554942131042,Incorrect
861,ما الذي يحويه القسم الأمامي للثلم الأمامي الخلفي الأيسر للكبد؟,ANSWER: فرنيكس كبدي,ثلم الرباط المدور,فرنيكس كبدي,ثلم الرباط المدور,0.6741175651550293,0.7009191513061523,0.6872571706771851,Incorrect
864,ما هو الشريان الذي يروي معظم الوجه الوحشي للمخ؟,ANSWER: شريان الفوق والتحتي,المخى الأوسط.,شريان الفوق والتحتي,المخى الأوسط.,0.7092171311378479,0.7643294334411621,0.7357426881790161,Incorrect
870,ما هي المنطقة الفاصلة بين الطيتين الصوتيين؟,ANSWER: حزيران الصوتيين,مشق المزمار,حزيران الصوتيين,مشق المزمار,0.7760961055755615,0.7747610807418823,0.7754279971122742,Incorrect
872,ما هو العصب القحفي الذي يعبر الثقبة البيضية؟,ANSWER: عصب الجلد الأبشار,الفكي السفلي,عصب الجلد الأبشار,الفكي السفلي,0.7352511882781982,0.7476328611373901,0.7413902878761292,Incorrect
873,ما هو الهرمون الذي يسبب دفقه الشديد حدوث عملية الإباضة؟,ANSWER: أدراجلين,LH,أدراجلين,LH,0.6717062592506409,0.7005926370620728,0.6858454346656799,Incorrect
876,ما هو الهرمون الذي يستهدف الدرق ويحفز إفراز الهرمون الدرقي؟,ANSWER: أدراجلون,TSH,أدراجلون,TSH,0.6870967745780945,0.721203088760376,0.7037369012832642,Incorrect
882,ما هي أكبر عقدة مفردة من النسيج اللمفاوي؟,ANSWER: عضلة الجنين الأكبر,الطحال,عضلة الجنين الأكبر,الطحال,0.7151164412498474,0.7411712408065796,0.7279108166694641,Incorrect
884,ما هي العضلة الرئيسية المسؤولة عن قبض المرفق؟,ANSWER: عضلة المرفق العظمية (Bone of the Vertebral Column),العضدية,عضلة المرفق العظمية (Bone of the Vertebral Column),العضدية,0.5991664528846741,0.6839085817337036,0.6387390494346619,Incorrect
887,ما هي التراكيب التي توجد على حافتي اللسان وتحوي براعم ذوقية كثيرة؟,ANSWER: فواتير اللسان (Fossae linguae),الورقية,فواتير اللسان (Fossae linguae),الورقية,0.6523773670196533,0.7346899509429932,0.6910913586616516,Incorrect
888,ما هي الشعيرات الدموية التي تغلفها محفظة بومان؟,ANSWER: عضلة الكبد الأبورتينالية,الكبيبة الكلوية,عضلة الكبد الأبورتينالية,الكبيبة الكلوية,0.714312732219696,0.7715998888015747,0.7418519854545593,Incorrect
891,ما هي الحافة من الفرع التي تشكل زاوية الفك السفلي؟,ANSWER: جنب الفك السفلي العام,الخلفية,جنب الفك السفلي العام,الخلفية,0.7093938589096069,0.7505164742469788,0.729375958442688,Incorrect
904,ما الذي تغلفه العضلة البصلية الإسفنجية؟,ANSWER: عضلة البصلية الإسفنجية,بصلة القضيب,عضلة البصلية الإسفنجية,بصلة القضيب,0.7505780458450317,0.7747856974601746,0.7624897956848145,Incorrect
909,من أين يخرج العصب الشوكي؟,ANSWER: عضلة الشوكية العضلية العلوية,الثقبة بين الفقرية,عضلة الشوكية العضلية العلوية,الثقبة بين الفقرية,0.7392719388008118,0.7582178115844727,0.7486250996589661,Incorrect
911,ما هي الألياف التي تعصب العضلة مصرة الحدقة؟,ANSWER: فيبروين العضلة المصرة الحدقة,نظيرة ودية,فيبروين العضلة المصرة الحدقة,نظيرة ودية,0.6631948351860046,0.6884483695030212,0.6755856871604919,Incorrect
915,ما هو البطين الذي يحويه الدماغ البيني داخله؟,ANSWER: الجيحات البينية,الثالث,الجيحات البينية,الثالث,0.5817354917526245,0.6416051983833313,0.610205352306366,Incorrect
919,ما الذي يشغل الجزء العلوي من قبة القحف؟,ANSWER: جزء العلوي القحفي,العظم الجداري,جزء العلوي القحفي,العظم الجداري,0.7965385913848877,0.8176994323730469,0.806980311870575,Incorrect
920,ما هو العصب الذي يعصب الغدة النكفية؟,ANSWER: عصب النكف,تحت اللساني,عصب النكف,تحت اللساني,0.7670035362243652,0.7968931794166565,0.7816627621650696,Incorrect
921,من أين يخرج العصب تحت اللساني؟,ANSWER: عضلة اللسان الأعلى,النفق تحت اللساني,عضلة اللسان الأعلى,النفق تحت اللساني,0.7528261542320251,0.7794654965400696,0.765914261341095,Incorrect
922,ما هي الخلايا البالعة الكبدية؟,ANSWER: هيموليرات الكلسترين,خلايا كوبفر.,هيموليرات الكلسترين,خلايا كوبفر.,0.6832253932952881,0.6930904388427734,0.688122570514679,Incorrect
932,أين يصب الوريد الصافن الكبير (الأنسي)؟,ANSWER: عضلة الجنين العلوية الأيمن,الوريد الفخذي,عضلة الجنين العلوية الأيمن,الوريد الفخذي,0.7699116468429565,0.7672895193099976,0.7685983777046204,Incorrect
948,ما هو الشريان الذي يستمر به الريان تحت الترقوة؟,ANSWER: عضلة الريان الدائمة,الإبطي,عضلة الريان الدائمة,الإبطي,0.7324778437614441,0.768972635269165,0.7502816915512085,Incorrect
950,ما تُدعى الردب بين عنق الرحم والمهبل؟,ANSWER: عضلة الرحم العلوية,قبو المهبل,عضلة الرحم العلوية,قبو المهبل,0.7289836406707764,0.7510851621627808,0.7398694157600403,Incorrect
954,في أي مستوى من الفقرات الصدرية يتم التمفصل بين قبضة وجسم القص؟,ANSWER: في مستوى الجسم القص العلوي,الرابعة.,في مستوى الجسم القص العلوي,الرابعة.,0.5588909983634949,0.6187270879745483,0.5872889161109924,Incorrect
958,ما هو الرباط الذي يربط الرحم بجدران الحوض الجانبية؟,ANSWER: عضلة الرباط الجنيني,العريض,عضلة الرباط الجنيني,العريض,0.721190869808197,0.7659065127372742,0.742876410484314,Incorrect
959,ما هي العضلة التي تنشأ من الشوكة الحرقفية الأمامية العلوية وترتكز انسي الظنبوب؟,ANSWER: عضلة الشوكة الحرقفية الأمامية العلوية (Glandula thyroidea superior),الخياطية,عضلة الشوكة الحرقفية الأمامية العلوية (Glandula thyroidea superior),الخياطية,0.6086850762367249,0.6739346981048584,0.6396502256393433,Incorrect
964,ما هي الطبقة البطانية الرحمية التي تتعرض إلى تغيرات ملحوظة أثناء الدورة الشهرية؟,ANSWER: عضلة المنتشر,الطبقة الوظيفية.,عضلة المنتشر,الطبقة الوظيفية.,0.7321361303329468,0.7528656721115112,0.7423561811447144,Incorrect
982,ما هو موقع مستقبلات الضغط المسؤولة عن المنعكس القلبي التثبيطي؟,ANSWER: عضلة القلب الأمامية,الجيب السباتي.,عضلة القلب الأمامية,الجيب السباتي.,0.7076741456985474,0.7183414101600647,0.7129678130149841,Incorrect
985,ما هو أكبر أعضاء الجسم وزناً ومساحة؟,ANSWER: جعلة الجسم (Body mass),الجلد,جعلة الجسم (Body mass),الجلد,0.6983063220977783,0.7249135971069336,0.711361289024353,Incorrect
988,ما هي البنية الأكثر علواً في جذر الرئة اليسرى؟,ANSWER: عضلة الرئة اليسرى العلوية,الشريان الرئوي,عضلة الرئة اليسرى العلوية,الشريان الرئوي,0.7635318040847778,0.7911592721939087,0.7771000266075134,Incorrect
994,ما هو المكان الذي يعبر من خلاله الشريان السحاني الأوسط؟,ANSWER: عضلة الجنين الأوسط,الثقبة الشوكية,عضلة الجنين الأوسط,الثقبة الشوكية,0.7490659952163696,0.745630145072937,0.7473440766334534,Incorrect
995,ما هو الجوف الهوائي الذي يحوي عظيمات السمع؟,ANSWER: عضلة الوجه العلوية الأمامية (Frontal sinus),الأذن الوسطى,عضلة الوجه العلوية الأمامية (Frontal sinus),الأذن الوسطى,0.6823441982269287,0.7128335237503052,0.6972557306289673,Incorrect
1008,ما هي وظيفة النهايات العصبية الحرة الواردة ضمن ألياف العضلة القلبية؟,ANSWER: تحكم القلب,الإحساس بالألم.,تحكم القلب,الإحساس بالألم.,0.717403769493103,0.7041107416152954,0.7106951475143433,Incorrect
1015,ما هي الخلايا التي تخزن فيتامين A في الكبد؟,ANSWER: هيماتيوستيل,خلايا إيتو,هيماتيوستيل,خلايا إيتو,0.7363535761833191,0.7267968654632568,0.731544017791748,Incorrect
1021,من أين يحمل الشريان الرئوي الدم غير المؤكسج؟,ANSWER: أثناء التمرير,البطين الأيمن,أثناء التمرير,البطين الأيمن,0.7260266542434692,0.7228792905807495,0.7244495153427124,Incorrect
1022,ما هو العصب القحفي الثاني؟,ANSWER: عصب القحف العلوي,البصري - حاسي,عصب القحف العلوي,البصري - حاسي,0.7332319021224976,0.7508282661437988,0.7419257164001465,Incorrect
1023,ما هو العظم الذي تنتمي إليه الثلمة الاسكية الصغيرة؟,ANSWER: عظم الجنين,الاسك,عظم الجنين,الاسك,0.7531130313873291,0.766125500202179,0.7595635652542114,Incorrect
1028,ما هو الغضروف المرتبط مع الحلقة الرغامية الأولى؟,ANSWER: إنتهاء الحياة الجنسية,الحلقي,إنتهاء الحياة الجنسية,الحلقي,0.6743530035018921,0.7002754211425781,0.687069833278656,Incorrect
1035,ما هو المفصل الذي يتألف من سطحين كل منهما محدب في اتجاه ومقعر في اتجاه آخر؟,ANSWER: عضلة المفصل الثلاثية,سرجي saddle,عضلة المفصل الثلاثية,سرجي saddle,0.6091636419296265,0.6431382894515991,0.6256901025772095,Incorrect
1039,ما هو أكبر أعصاب الجسم؟,ANSWER: الجعل الدموي الكبير,الوركي,الجعل الدموي الكبير,الوركي,0.7747595310211182,0.7934009432792664,0.7839694023132324,Incorrect
1041,كم عدد العضلات بين العظمية الأخمصية؟,ANSWER: ثلاثة عضلة,3,ثلاثة عضلة,3,0.6693911552429199,0.7276750206947327,0.697317361831665,Correct
1052,أين ينتهي الأبهر النازل؟,ANSWER: عضلة العظم الأخضر العلوية,L4,عضلة العظم الأخضر العلوية,L4,0.6039344668388367,0.6725690364837646,0.6364065408706665,Incorrect
1062,ما هي المراكز المسؤولة عن تنسيق الفعالية الحركية وضمان الثباتية؟,ANSWER: نظام العصب المركزي والعصب العضلي,النوى القاعدية,نظام العصب المركزي والعصب العضلي,النوى القاعدية,0.7165051102638245,0.7396494150161743,0.7278932929039001,Incorrect
1066,ما هو وجه العظم الجبهي الذي ينتمي للقحف العصبي؟,ANSWER: عضلة الجبهة العظمية,الداخلي,عضلة الجبهة العظمية,الداخلي,0.749773383140564,0.7731515169143677,0.7612830400466919,Incorrect
1070,أين ينفتح الجيب الفكي؟,ANSWER: فوق الكلم الإنتهائي,الصماخ المتوسط,فوق الكلم الإنتهائي,الصماخ المتوسط,0.7098920941352844,0.7196837663650513,0.7147543430328369,Incorrect
1071,ما هو أكبر أقسام المعثكلة؟,ANSWER: العظم الجنيني الأعلى والعظم الجنيني الأسفل,الرأس,العظم الجنيني الأعلى والعظم الجنيني الأسفل,الرأس,0.6708229780197144,0.7472555637359619,0.7069794535636902,Incorrect
1077,ما هي الحدود التشريحية للحجرة الخلفية للعين؟,ANSWER: حدود الزرقان,القزحية في الأمام والعدسة في الخلف,حدود الزرقان,القزحية في الأمام والعدسة في الخلف,0.7442431449890137,0.7079984545707703,0.7256684899330139,Incorrect
1079,أين ترتكز العضلة الشظوية القصيرة؟,ANSWER: عضلة الشظايا القصيرة (Lumbosacralis),قاعدة المشط الخامس,عضلة الشظايا القصيرة (Lumbosacralis),قاعدة المشط الخامس,0.6545716524124146,0.7212635278701782,0.6863011717796326,Incorrect
1083,ما هي المنطقة في الحنجرة التي تشمل الطيتين الصوتيتين والمسافة بينهما؟,ANSWER: حوض المسافة الصوتيتين,المزمار,حوض المسافة الصوتيتين,المزمار,0.7155272960662842,0.7432483434677124,0.7291244268417358,Incorrect
1085,أين تقع الوهدة في البلعوم؟,ANSWER: فوق العظم المنقول,الفموي,فوق العظم المنقول,الفموي,0.7600706815719604,0.7744903564453125,0.7672127485275269,Incorrect
1086,ما هي الغدة التي تتوضع تحت الطية اللسانية؟,ANSWER: فضل اللسان,اللسان,فضل اللسان,اللسان,0.8432278037071228,0.907036304473877,0.8739688992500305,Incorrect
1102,ما هو العصب الذي ينتقل عبره الحس غير العام (حس الذوق) من الثلث الأمامي للسان؟,ANSWER: نرف اللسان الأمامي,العصب الوجهي.,نرف اللسان الأمامي,العصب الوجهي.,0.7353119850158691,0.7633398175239563,0.7490637898445129,Incorrect
1106,ماذا يروي المساريقي العلوي؟,ANSWER: عضلة الجنين العلوية,الأمعاء الدقيقة,عضلة الجنين العلوية,الأمعاء الدقيقة,0.7703084945678711,0.7956875562667847,0.7827923893928528,Incorrect
1123,ما هي المنطقة الأعمق من قشر الكظر؟,ANSWER: قطب الكظر السفلي,المنطقة الشبكية,قطب الكظر السفلي,المنطقة الشبكية,0.7325098514556885,0.739795982837677,0.736134946346283,Incorrect
1126,ما هي الفقرة التي تحتوي على ثقبة فقرية كبيرة ومثلثية الشكل؟,ANSWER: فقرة الفم العلوية الأمامية (Maxillary canine fossa),الفقرة الرقبية,فقرة الفم العلوية الأمامية (Maxillary canine fossa),الفقرة الرقبية,0.6327911019325256,0.7025918960571289,0.665867269039154,Incorrect
1127,ما هو لون قشر الكظر؟,ANSWER: أسود الأبيض,مائل للصفرة,أسود الأبيض,مائل للصفرة,0.764386773109436,0.7462700009346008,0.7552197575569153,Incorrect
1130,ما هو النسيج الضام الليفي الذي يرتكز حول السطوح المفصلية؟,ANSWER: لسان البشرية (Fascia linguae),المحفظة المفصلية,لسان البشرية (Fascia linguae),المحفظة المفصلية,0.6520780324935913,0.6878079771995544,0.6694666743278503,Incorrect
1137,كم عدد شدف النخاع الشوكي؟,ANSWER: 4-6,31,4-6,31,0.7058403491973877,0.7047044634819031,0.7052718997001648,Incorrect
1151,ما هو التصريف اللمفاوي للثلث الخلفي للسان؟,ANSWER: فواتير اللسان الخلفي,العقد الرقبيه العميقه,فواتير اللسان الخلفي,العقد الرقبيه العميقه,0.7662644386291504,0.7867506742477417,0.7763724327087402,Incorrect
1153,ما هي الغدة التي تقوم بإفراز الميلاتونين؟,ANSWER: غدة الميلاتونين (Glandulae parotidae),الخاليا الصنوبرية.,غدة الميلاتونين (Glandulae parotidae),الخاليا الصنوبرية.,0.6200909614562988,0.6713628768920898,0.6447091698646545,Incorrect
1156,ما هو الشريان الذي له انطباعات على الوجه الداخلي للعظم الصدغي وهو فرع من أي شريان؟,ANSWER: شريان الصدغة العظمية الخلفية (Sharīān al-ṣadaghat al-ʿaẓmiyah al-khalfiyyah),الفكي,شريان الصدغة العظمية الخلفية (Sharīān al-ṣadaghat al-ʿaẓmiyah al-khalfiyyah),الفكي,0.5297379493713379,0.6812397241592407,0.5960118770599365,Incorrect
1160,ما هو التصنيف الذي يمكننا من معرفة العضلات التي تشارك في كل مرحلة مفصلية وتطبيق ذلك أثناء الفحص؟,ANSWER: سلسلة ترتيب العضلات (Chronological series of muscles),وظيفي.,سلسلة ترتيب العضلات (Chronological series of muscles),وظيفي.,0.5606039762496948,0.6158813834190369,0.5869441032409668,Incorrect
1162,ما هي الشرايين التي تسير بين الفصوص بإتجاه القشرة على كل جانب من جانبي الهرم الكلوي؟,ANSWER: فصوص الهرم الكلوي,الشرايين بين الفصوص,فصوص الهرم الكلوي,الشرايين بين الفصوص,0.7750254273414612,0.7698545455932617,0.7724313735961914,Incorrect
1200,ما هو الدواء الأمثل لبدء التخدير لمريض مصاب بنزف حاد؟,ANSWER: انتقال نزف,كيتامين,انتقال نزف,كيتامين,0.7534047961235046,0.7309961318969727,0.7420313358306885,Incorrect
1205,ما هو المخدر الذي يتميز بالمباشرة والصحو السريعين؟,ANSWER: كوكايين,الديسفلوران,كوكايين,الديسفلوران,0.751509428024292,0.7435921430587769,0.7475298047065735,Incorrect
1211,ما هو الدواء الأمثل لبدء التخدير لمريض مصاب بنزف رضي حاد؟,ANSWER: بوتيكالين وفلوكسين,كيتامين,بوتيكالين وفلوكسين,كيتامين,0.730831503868103,0.7445446252822876,0.7376242876052856,Incorrect
1219,ما هو المرخي العضلي الأمثل لتسهيل تنبيب مريض ذي خطورة عالية للاستنشاق؟,ANSWER: شريط تنبيه انتقالي (Stent),السوكسنيل كولين,شريط تنبيه انتقالي (Stent),السوكسنيل كولين,0.6529996395111084,0.6475105285644531,0.6502435207366943,Incorrect
1222,ما هو الترياق المناسب للتسمم بالمورفين؟,ANSWER: 200-300 ملليغرام,A. النالوكسون,200-300 ملليغرام,A. النالوكسون,0.5727258324623108,0.615242063999176,0.5932231545448303,Incorrect
1270,ما الذي يشير إليه بقاء عيني المريض مفتوحتين مع رأرأة خفيفة وحركات غير هادفة بعد إعطائه جرعة من الكيتامين؟,ANSWER: عينيتان عميقة,أن الجرعة السابقة مركنة ومخدرة,عينيتان عميقة,أن الجرعة السابقة مركنة ومخدرة,0.6775346994400024,0.662266731262207,0.6698136925697327,Incorrect
1273,ما هو الدواء المنتخب للإرخاء العضلي والتنبيب لمريض يعاني من قصور كلوي ويحتاج لعملية إسعافية؟,ANSWER: هيبوكلامين وفيبريكولين,اتراكوريوم,هيبوكلامين وفيبريكولين,اتراكوريوم,0.7639750242233276,0.7839382886886597,0.7738279104232788,Incorrect
1275,ما هو المرخي العضلي المفضل استعماله لمريض سيخضع لجراحة إسعافية ويعاني من قصور كلوي؟,ANSWER: عضلة الفم العلوية الأمامية (Maxilla),B. أتراكوريوم,عضلة الفم العلوية الأمامية (Maxilla),B. أتراكوريوم,0.5862811207771301,0.6039011478424072,0.5949607491493225,Incorrect
1296,ماذا يفكك الببسين؟,ANSWER: عضلة الببسين,البروتين,عضلة الببسين,البروتين,0.6867992281913757,0.726046085357666,0.7058775424957275,Incorrect
1309,ما التعبير الصحيح لوصف جزيئات الإيثين في تفاعل تشكيل البولي إيثين؟,ANSWER: بولي إيثيلين (Polyethylene),مونوميرات (موحودات),بولي إيثيلين (Polyethylene),مونوميرات (موحودات),0.6431323289871216,0.6880776882171631,0.6648462414741516,Incorrect
1351,ماذا يسبب عوز إنزيم البيروفات كيناز؟,ANSWER: تغيير في النسبة المئوية لدهي الداخلي,فقر دم انحلالي,تغيير في النسبة المئوية لدهي الداخلي,فقر دم انحلالي,0.6401278972625732,0.7078609466552734,0.6722927093505859,Incorrect
1354,ماذا ندعو آلية تفاعل الكلور مع البروبان في ضوء الشمس لإنتاج 1-كلورو بروبان؟,ANSWER: فعالية دائرة التحول الكلورية,استبدال الجذور الحرة,فعالية دائرة التحول الكلورية,استبدال الجذور الحرة,0.7896361351013184,0.7708143591880798,0.7801116704940796,Incorrect
1356,ما هي الاسطوانات المنحنية التي تكون سهلة التمييز لمحتواها الكاسر للضوء؟,ANSWER: عينين العقل (Venetian Blind Sign),شمعية,عينين العقل (Venetian Blind Sign),شمعية,0.6535094976425171,0.7076573371887207,0.6795064210891724,Incorrect
1359,ما هي الحموض الأمينية المشحونة سلبياً؟,ANSWER: حموض البوتاسيوم المزدوجة (Hyperkalemia),اسباريتك,حموض البوتاسيوم المزدوجة (Hyperkalemia),اسباريتك,0.5912351012229919,0.6414197683334351,0.6153059005737305,Incorrect
1362,ما هي أعراض عوز فيتامين البيوتين؟,ANSWER: عوامل عوز وتهابات جلدية,من أعراضه التخلف العقلي.,عوامل عوز وتهابات جلدية,من أعراضه التخلف العقلي.,0.7161632180213928,0.698790431022644,0.7073701024055481,Incorrect
1363,ما هي مفرزات الصفراء؟,ANSWER: مفردات الصفراء,الأملاح الصفراوية.,مفردات الصفراء,الأملاح الصفراوية.,0.7697005271911621,0.7783214449882507,0.7739869356155396,Incorrect
1366,ما هي خصائص الشجرة الوراثية لخلة متنحية جسدية فيها الأبوين مصابين؟,ANSWER: خلايا جسدية متنحية ذات الأبوين المصابين لديها شجرة وراثية متعددة الأنواع,كل الأبناء مصابين,خلايا جسدية متنحية ذات الأبوين المصابين لديها شجرة وراثية متعددة الأنواع,كل الأبناء مصابين,0.6925312280654907,0.7552838325500488,0.7225475907325745,Incorrect
1369,ما هي النواتج المتشكلة عند تفاعل معدن الصوديوم مع الإيثانول؟,ANSWER: إنتاج الفلوروريت,اوكسيد الصوديوم وهيدروجين,إنتاج الفلوروريت,اوكسيد الصوديوم وهيدروجين,0.7436299920082092,0.6946916580200195,0.7183283567428589,Incorrect
1370,ما هي خصائص أنزيم RNA Polymerase؟,ANSWER: تنتج RNA وتحتوي على 3 علامة,يشكل الروابط التكافؤية الإستيرية.,تنتج RNA وتحتوي على 3 علامة,يشكل الروابط التكافؤية الإستيرية.,0.6605715751647949,0.6451138257980347,0.6527512073516846,Incorrect
1372,ما هو النكليوتيد في جزيء DNA؟,ANSWER: ديويد حسابي (Deoxyribose sugar),يمكن أنيرتبط به أكثر من مجموعة فوسفات واحدة.,ديويد حسابي (Deoxyribose sugar),يمكن أنيرتبط به أكثر من مجموعة فوسفات واحدة.,0.6121455430984497,0.6326438188552856,0.6222258806228638,Incorrect
1374,ما هو فيتامين البيوتين؟,ANSWER: فيتامين B9 (فولات),يصنع من قبل الجراثيم المعوية,فيتامين B9 (فولات),يصنع من قبل الجراثيم المعوية,0.6627004146575928,0.6597182750701904,0.6612059473991394,Incorrect
1375,ما هي حالة عدم تحمل اللاكتوز؟,"ANSWER: عدم التحمل لللاكتوز (Lactation Amenorrhea Method, LAM)",من أسبابها الإسهالات الشديدة,"عدم التحمل لللاكتوز (Lactation Amenorrhea Method, LAM)",من أسبابها الإسهالات الشديدة,0.5627695322036743,0.6152040362358093,0.5878198146820068,Incorrect
1403,ما هو اسم الاستر المتشكل عندما يتفاعل الميتانول مع حمض البوتانوئيك بوجود بضع قطرات من حمض الكبريت المركز؟,ANSWER: بلوب بوتانوئيك-كبريتي,بوتانوات الميتيل,بلوب بوتانوئيك-كبريتي,بوتانوات الميتيل,0.7101681232452393,0.7411167025566101,0.7253124117851257,Incorrect
1437,ما هو سبب الوفاة لدى مرض التلاسيميا؟,ANSWER: إنفصال القلب والدماغ,تراكم الحديد,إنفصال القلب والدماغ,تراكم الحديد,0.7308870553970337,0.7607462406158447,0.7455178499221802,Incorrect
1454,ما هي الصبغيات التي يوجد فيها الكروماتين المغاير؟,ANSWER: صبغيات بوليميرية خامسة,1,صبغيات بوليميرية خامسة,1,0.6096139550209045,0.7236918210983276,0.661772608757019,Incorrect
1460,ما المركب الذي ينقص منه نتيجة التأخر في فصل البلازما أو المصل من الكريات في الدم؟,ANSWER: دافوس,الغلوكوز.,دافوس,الغلوكوز.,0.729133129119873,0.7264169454574585,0.7277725338935852,Incorrect
1503,ما هو المركب الذي يستخدم كزمرة ملحقة لجميع الإنزيمات الناقلة الزمرة الأمين؟,ANSWER: كوبلين سلفونيل,البيرودوكسال فوسفات,كوبلين سلفونيل,البيرودوكسال فوسفات,0.7388230562210083,0.7032854557037354,0.720616340637207,Incorrect
1508,ما هو العلاج الثاني لمرض الثلاسيميا بيتا؟,ANSWER: دواء الثلاثيميات,زرع نقي عظام,دواء الثلاثيميات,زرع نقي عظام,0.6676587462425232,0.6826083660125732,0.6750507950782776,Incorrect
1554,ما هو الاضطراب الذي يتميز بفرط شديد في بيليروبين المصل غير المرتبط وعوز جزئي في UDPGT؟,ANSWER: فرط بيليروبين المصل الغير مرتبط,كريجلر نجار,فرط بيليروبين المصل الغير مرتبط,كريجلر نجار,0.6372518539428711,0.6513385772705078,0.6442182064056396,Incorrect
1577,ما هو سبب الوفاة لدى مرضى التلاسيميا؟,ANSWER: تغيرات عضلية ونرويجية,تراكم الحديد,تغيرات عضلية ونرويجية,تراكم الحديد,0.6941410303115845,0.7516249418258667,0.721740186214447,Incorrect
1581,ماذا يسبب عوز الثيامين الشديد؟,ANSWER: إنفصال ترابي,البري بري,إنفصال ترابي,البري بري,0.726494550704956,0.7465635538101196,0.7363923788070679,Incorrect
1591,كم يبلغ عدد الجينات التي تشفر لجزيئات الرنا الأصغري miRNAs في مجين الإنسان؟,ANSWER: 2200-2500,125,2200-2500,125,0.7044326066970825,0.6881812214851379,0.6962120532989502,Incorrect
1600,أين يتم اصطناع الدقائق الكيلوسية؟,ANSWER: عضلة الكيلوس,الأمعاء,عضلة الكيلوس,الأمعاء,0.7404228448867798,0.7708643674850464,0.7553370594978333,Incorrect
1616,ما هو الإنزيم الذي يتم بوساطته ربط شدف أوكازاكي؟,ANSWER: إنزيم الترابوزيل,أنزيم الليغاز,إنزيم الترابوزيل,أنزيم الليغاز,0.8476390838623047,0.8604400157928467,0.8539915680885315,Incorrect
1617,ما هو أكثر الأنزيمات فعالية تحفيزية في جسم الإنسان؟,ANSWER: أدراتين,كاربونيك انهيدراز.,أدراتين,كاربونيك انهيدراز.,0.7720069289207458,0.7657243013381958,0.7688527703285217,Incorrect
1619,ما هو الشكل الفعال لفيتامين B6؟,ANSWER: بنيوامين B6 بنسبة أكثر من 2 مغنيسيوم,البيريدوكسال فوسفات,بنيوامين B6 بنسبة أكثر من 2 مغنيسيوم,البيريدوكسال فوسفات,0.6705976128578186,0.6981394290924072,0.6840914487838745,Incorrect
1669,ما هو الموقع الطبيعي للجين الورمي ABL؟,ANSWER: عضلة العقل الأعلى (Cerebrum),9q34,عضلة العقل الأعلى (Cerebrum),9q34,0.594241738319397,0.6296309232711792,0.6114246845245361,Incorrect
1694,كم عدد طبقات الفوسفولبيد في المذيلة؟,ANSWER: 3 طبقة,3,3 طبقة,3,0.7531434297561646,0.80238276720047,0.7769837379455566,Correct
1695,ما هو التركيب الذي يدخل فيه الكولاجين 4؟,ANSWER: عضلة الجنين الأولى والثانية والثالثة والرابعة,الغشاء القاعدي .,عضلة الجنين الأولى والثانية والثالثة والرابعة,الغشاء القاعدي .,0.6116406917572021,0.7407472729682922,0.6700313687324524,Incorrect
1696,ما الذي تؤدي إليه استلة الهيستونات؟,ANSWER: إنتهاء الهيستونات,تفعيل الانتساخ.,إنتهاء الهيستونات,تفعيل الانتساخ.,0.7738271355628967,0.7883013486862183,0.7809971570968628,Incorrect
1707,ما هي الخصائص التي تتميز بها شجرة النسب الحاوية على حالة وراثة متعلقة بالمتقدرات والأم فقط فيها مصابة؟,ANSWER: حالة X-Linked Dominant,كل الأولاد مصابون.,حالة X-Linked Dominant,كل الأولاد مصابون.,0.6053752303123474,0.6420485973358154,0.6231727600097656,Incorrect
1715,ما هو الحمض الأميني الذي تتم أستلة الهستونات له؟,ANSWER: حمض البوتاسيوم (HCOOH),اللوسين,حمض البوتاسيوم (HCOOH),اللوسين,0.6582611799240112,0.7350404858589172,0.6945353150367737,Incorrect
1740,ما هي المكونات التي تتألف منها الفوسفولبيدات بالإضافة إلى حمضين دسمين والفوسفات؟,ANSWER: فوسفوليبيدات ودسمين وفوسفات,الغليسرول .,فوسفوليبيدات ودسمين وفوسفات,الغليسرول .,0.6896805763244629,0.7346112132072449,0.7114372253417969,Incorrect
1741,ما هي الوظيفة الوحيدة لسيغما في إنزيم بوليمراز RNA البكتيري؟,ANSWER: تحويل النوع الناعم للرنك النوع الشديد,التعرف على المحضض.,تحويل النوع الناعم للرنك النوع الشديد,التعرف على المحضض.,0.7016376256942749,0.7189725637435913,0.7101992964744568,Incorrect
1746,ما هي الأجزاء التي تتبادل بينها الإشارات الجزيئية التي يعتمد عليها ضبط النظام الخلوي الجذعي؟,ANSWER: عضلات الجذعية الثلاثة,الخلايا الجذعية وذريتها والنسج المحيطة .,عضلات الجذعية الثلاثة,الخلايا الجذعية وذريتها والنسج المحيطة .,0.806244969367981,0.7629632949829102,0.7840072512626648,Incorrect
1755,ما تدعى البروتينات المشكلة لمعقدات الثقوب النووية؟,ANSWER: تيوبوي بروتينات,النكليوبورين .,تيوبوي بروتينات,النكليوبورين .,0.680168628692627,0.6827982068061829,0.6814809441566467,Incorrect
1756,كيف تتم إزالة المتقدرات الحاوية على طفرات بالية؟,ANSWER: إزالة سريعة للمتقدرات باللازمة,الجيني الاختناق.,إزالة سريعة للمتقدرات باللازمة,الجيني الاختناق.,0.6616443991661072,0.6837383508682251,0.6725099682807922,Incorrect
1760,ما هو عامل الإطلاق في حقيقيات النوى؟,ANSWER: عوامل الإطلاق النووية,RF2,عوامل الإطلاق النووية,RF2,0.6537889242172241,0.6834756731987,0.6683028340339661,Incorrect
1818,ما هي الروابط التي تربط سلسلتي عديدي النكليوتيد مع بعضهما البعض؟,ANSWER: علامات شبكة هامش,هيدروجينية.,علامات شبكة هامش,هيدروجينية.,0.6959112882614136,0.7126996517181396,0.7042054533958435,Incorrect
1823,ما هي خصائص الشجرة الوراثية لخلة متنحية فيها الأبوين مصابين؟,ANSWER: خلايا بنية دويلية متنحية,كل الأبناء مصابين.,خلايا بنية دويلية متنحية,كل الأبناء مصابين.,0.6231858730316162,0.6469183564186096,0.6348304152488708,Incorrect
1851,ما هو أكبر مستوى من المستويات التراتبية للحياة؟,ANSWER: درجة الموت الثانية (Second degree of death),المنظومة البيئية .,درجة الموت الثانية (Second degree of death),المنظومة البيئية .,0.6364690065383911,0.6690870523452759,0.6523705720901489,Incorrect
1861,ما هو الحمض الأميني الذي تبدأ به جميع عديدات الببتيد في بدائيات النوى؟,ANSWER: أساسي الببتيد (Ascorbic acid),المعدل الميثيونين.,أساسي الببتيد (Ascorbic acid),المعدل الميثيونين.,0.6495018005371094,0.7070435285568237,0.6770522594451904,Incorrect
1862,ما الذي يدل عليه تقدير نسبة تنوع النمط الظاهري لخلة ما بسبب الاختلافات الجينية؟,ANSWER: نسبة الهوية الجينية (Genetic Diversity Ratio),قابلية الانتقال بالوراثة.,نسبة الهوية الجينية (Genetic Diversity Ratio),قابلية الانتقال بالوراثة.,0.6600508689880371,0.6770898103713989,0.668461799621582,Incorrect
1866,ما هي الآلية التي تضمن للخلية الجذعية استمرارها إلى ما لا نهاية؟,ANSWER: عملية الترقية الجذعية,التجديد الذاتي,عملية الترقية الجذعية,التجديد الذاتي,0.7687915563583374,0.765147864818573,0.766965389251709,Incorrect
1868,ما هو الحمض الأميني الذي نتج عن ترجمة أول جزيء رنا مرسال صنعي؟,ANSWER: أكسيد الأمونيوم (Sodium Hydroxide),الهستيدين,أكسيد الأمونيوم (Sodium Hydroxide),الهستيدين,0.5884300470352173,0.661725640296936,0.6229292154312134,Incorrect
1869,ما هي الإنزيمات التي تقوم القلنسوة بحماية سلسلة الرنا من التدرك بها؟,ANSWER: بويكلين وميكوزين,الليغاز,بويكلين وميكوزين,الليغاز,0.762486457824707,0.7768194675445557,0.7695862054824829,Incorrect
1871,ما هو مقدار المادة الوراثية التي يتشاركها أقرباء من الدرجة الثانية مع المستلفت؟,ANSWER: 25%,سدس مادتهم الوراثية,25%,سدس مادتهم الوراثية,0.6048534512519836,0.5742349624633789,0.5891466736793518,Incorrect
1881,أين يلتحم الغشاءان النوويان؟,ANSWER: بين الجنينين الداخليين,معدات الثقوب النووية .,بين الجنينين الداخليين,معدات الثقوب النووية .,0.7251341342926025,0.7437241077423096,0.7343114614486694,Incorrect
1903,ما هي النتائج المتوقعة في حال إصابة أب بصفة تخضع لوراثة متنحية مرتبطة بالصبغي X؟,ANSWER: تلوث الدم,ينقل الصفة فقط لبناته,تلوث الدم,ينقل الصفة فقط لبناته,0.7187575101852417,0.6749525666236877,0.6961666345596313,Incorrect
1923,ما هي النظرية التي تفسر ظهور المتقدرات والصانعات بإدخال جراثيم داخل الخلايا تقوم بالفسفرة والتركيب الضوئي؟,ANSWER: نظرية الدنيا الفيزيائية,فرضية التعايش الداخلي,نظرية الدنيا الفيزيائية,فرضية التعايش الداخلي,0.7762644290924072,0.7665045261383057,0.7713536620140076,Incorrect
1933,ماذا يسبب وجود الألائل السائد في الأنماط الجينية المختلفة التالية RRYY و RrYy و RRYy و RrYY؟,ANSWER: نسبة الترونين المركبة,نمط ظاهري جديد,نسبة الترونين المركبة,نمط ظاهري جديد,0.6728613972663879,0.6897164583206177,0.6811846494674683,Incorrect
1950,ما هو المكان الذي توجد فيه أكبر نسبة للبروتينات في أغشية خلايا الجسم؟,ANSWER: دم الدماغ,الغشاء الخلوي للصانعات الخضراء .,دم الدماغ,الغشاء الخلوي للصانعات الخضراء .,0.7037414908409119,0.669079065322876,0.6859726309776306,Incorrect
1951,ما هو المسؤول عن إزالة مشراع الرنا قرب انتهاء تنسخ الدنا واستبدالها بنكليوتيدات الدنا؟,ANSWER: خبراء الجراحة العينية,بوليميراز الدنا من النمط الأول,خبراء الجراحة العينية,بوليميراز الدنا من النمط الأول,0.7223173379898071,0.6872095465660095,0.7043262720108032,Incorrect
1953,ما الذي ترتبط به الصبيغيات الشقيقة على أنيبيبات مغزل الانقسام؟,ANSWER: فيسكولاريزيديات الانقسام,الجسيم الحركي .,فيسكولاريزيديات الانقسام,الجسيم الحركي .,0.6897211074829102,0.7312008738517761,0.7098554968833923,Incorrect
1985,ما المميز بشجرة النسب الحاوية على حالة وراثة متعلقة بالمتقدرات والتي تكون فيها الأم فقط مصابة؟,ANSWER: حالة وراثية حاوية على متقدرات واحدة,الاولاد كلهم مصابون.,حالة وراثية حاوية على متقدرات واحدة,الاولاد كلهم مصابون.,0.6519491076469421,0.6708852052688599,0.6612816452980042,Incorrect
1989,ما هو الاختلاف بين الانترونات والاكسونات؟,ANSWER: انترونات غير معدنية، اكسونات عنصر معدني,لا تترجم إلى بروتين.,انترونات غير معدنية، اكسونات عنصر معدني,لا تترجم إلى بروتين.,0.620970606803894,0.641723096370697,0.6311763525009155,Incorrect
1991,ما الذي تمثله الخطوط الأفقية التي ترسم أعلى الدوائر والمربعات في شجرة النسب؟,ANSWER: أربعة أقسام,التواءم,أربعة أقسام,التواءم,0.7041703462600708,0.6782463192939758,0.6909652352333069,Incorrect
1998,علام تحتوي الخلايا التي يعبر عنها مصطلح الهيولي المتغايرة؟,ANSWER: خلايا هيولية متغيرة,متقدرات سليمة وطافرة,خلايا هيولية متغيرة,متقدرات سليمة وطافرة,0.7562161684036255,0.7546709179878235,0.7554426789283752,Incorrect
2001,ما هي الطرق التي يمكن من خلالها تمييز الصبغيات بعضها عن بعض؟,ANSWER: إختبارات التحديد البيولوجي,النمط الجيني,إختبارات التحديد البيولوجي,النمط الجيني,0.7459179162979126,0.7627836465835571,0.7542564868927002,Incorrect
2006,ما هو التعبير الذي يُستخدم للطاقة الكامنة المختزنة في مدروج للشحنات الكهربائية؟,ANSWER: بطارية ليثيوم-إيон,بالكمون الكهربائي.,بطارية ليثيوم-إيон,بالكمون الكهربائي.,0.668506383895874,0.6702258586883545,0.6693649888038635,Incorrect
2010,ما الذي تتشكل منه الأرجل الصفائحية؟,ANSWER: عضلات الساق,الأكتين.,عضلات الساق,الأكتين.,0.7500625848770142,0.7688808441162109,0.7593551278114319,Incorrect
2022,ما هي الرابطة في البنية الثانوية للحمض النووي؟,ANSWER: نويل تراس,هيدروجينية,نويل تراس,هيدروجينية,0.7498810291290283,0.7377133369445801,0.7437474727630615,Incorrect
2025,ما نوع الجينات التي تعد جينات الرنا الريباسي منها؟,ANSWER: جينات ريباسي (Ribosomal RNA),الخدمية.,جينات ريباسي (Ribosomal RNA),الخدمية.,0.5682275891304016,0.685022234916687,0.6211826205253601,Incorrect
2039,ما هو عدد الصبغيات المأشوبة إذا حدث تأشيب في 80 انقسام؟,ANSWER: 80 انقسام,320,80 انقسام,320,0.6607332229614258,0.6816530227661133,0.6710301041603088,Incorrect
2045,ما هي العملية التي يتم بها تكوين متعضية تشبه الأبوين من بيضة مخصبة؟,ANSWER: تكوين متعضية بيضية مخصبة: تشكيل بيضة مخصبة (Embryoid body formation),التنامي الجنيني,تكوين متعضية بيضية مخصبة: تشكيل بيضة مخصبة (Embryoid body formation),التنامي الجنيني,0.6043907403945923,0.6310087442398071,0.6174129843711853,Incorrect
2055,على من يظهر الاحلال الوراثي في الوراثة الجنسية المناحية؟,ANSWER: زوجي,على الذكور والإناث من الأبناء,زوجي,على الذكور والإناث من الأبناء,0.712060272693634,0.6368842124938965,0.6723775267601013,Incorrect
2058,ما هو المجهر الذي يدرس السطح الطبوغرافي؟,ANSWER: جهاز التحليل الطبوغرافي,مجهر القوة الذرية .,جهاز التحليل الطبوغرافي,مجهر القوة الذرية .,0.711333155632019,0.7652102112770081,0.7372887134552002,Incorrect
2068,ما هي البنى السيتوبلازمية المغلفة بغشاء واحد على الأقل؟,ANSWER: بنية سيتوبلازمية مغلفة واحدة,العضبيات,بنية سيتوبلازمية مغلفة واحدة,العضبيات,0.6722281575202942,0.6810988783836365,0.6766344308853149,Incorrect
2078,ما هي خصائص شجرة النسب الحاوية على حالة وراثة متعلقة بالمتقدرات والوالدين فيها مصابين؟,ANSWER: شجرة النسب المريضة,الأولاد كلهم مصابون.,شجرة النسب المريضة,الأولاد كلهم مصابون.,0.6692554950714111,0.697773814201355,0.6832171678543091,Incorrect
2088,ما الذي تختلف به الأحماض الأمينية عن بعضها؟,ANSWER: فرق الزيتية,المجموعة الكربوكسيلية,فرق الزيتية,المجموعة الكربوكسيلية,0.7477651834487915,0.7029215097427368,0.7246502041816711,Incorrect
2090,ما الذي يشير إليه المربع الصغير المملوء في شجرة الوراثة؟,ANSWER: نوع الهرمسين,طفل مصاب,نوع الهرمسين,طفل مصاب,0.6763062477111816,0.690601110458374,0.6833789348602295,Incorrect
2103,ما هو سبب حدوث التلاسيميا بيتا؟,ANSWER: تغير توجيه العمود الشمسي,خلة جسدية متنحية.,تغير توجيه العمود الشمسي,خلة جسدية متنحية.,0.7106137871742249,0.7540979385375977,0.7317104339599609,Incorrect
2105,ماذا يؤدي وجود التربتوفان في مشغل التيربتوفان؟,ANSWER: تعرض المشغل للإصابة,تثبيط انتساخ الجينات,تعرض المشغل للإصابة,تثبيط انتساخ الجينات,0.7227315902709961,0.7008223533630371,0.711608350276947,Incorrect
2115,ما الذي تساعد عليه حلقة الأكتين المتقلصة؟,ANSWER: فيستون فيبرون,انقسام النواة,فيستون فيبرون,انقسام النواة,0.6547663807868958,0.6506418585777283,0.6526976227760315,Incorrect
2121,ما الذي يدل عليه المعين في شجرة النسب؟,ANSWER: نوع النسب المشار إليه,الفرد مات في مرحلة مبكرة,نوع النسب المشار إليه,الفرد مات في مرحلة مبكرة,0.6266465783119202,0.6486461758613586,0.6374566555023193,Incorrect
2123,كم عدد الجينات المسؤولة عن الاصطناع الحيوي للحمض الأميني التربتوفان في جينوم بكتيريا E.Coli؟,ANSWER: 1 مليون جينة,6,1 مليون جينة,6,0.5995892882347107,0.6568418145179749,0.6269111037254333,Incorrect
2125,ما هي وظيفة حويصلات كوب ٢؟,ANSWER: تحميل الدم,النقل التقدمى من الشبكة البلازمية الى مدخل غولجي فقط .,تحميل الدم,النقل التقدمى من الشبكة البلازمية الى مدخل غولجي فقط .,0.6979177594184875,0.6499145030975342,0.6730613708496094,Incorrect
2138,ما هو معدل الحاملين في مجتمع إذا كان انتشار مرض التالاسيميا معروفاً في ذلك المجتمع؟,ANSWER: نسبة تواجد التالاسيميا,50M,نسبة تواجد التالاسيميا,50M,0.5717167258262634,0.6585936546325684,0.6120877861976624,Incorrect
2139,أين تجري عملية التمثيل الضوئي؟,ANSWER: عين المتمثل الضوئي,الصائعات الخضراء,عين المتمثل الضوئي,الصائعات الخضراء,0.7610177397727966,0.7534067630767822,0.7571930885314941,Incorrect
2154,ماذا يحدث عند انخفاض نسبة الكوليسترول في الغشاء الخلوي؟,ANSWER: تحرك إلى الأعلى ضغط الدم,تزداد مرونة الغشاء.,تحرك إلى الأعلى ضغط الدم,تزداد مرونة الغشاء.,0.706132173538208,0.7006550431251526,0.7033829689025879,Incorrect
2166,أين يتحد الغشاءان النوويان الداخلي والخارجي؟,ANSWER: في المنطقة الجنوبية,معقدات الثقوب النووية,في المنطقة الجنوبية,معقدات الثقوب النووية,0.7362531423568726,0.6874160170555115,0.7109969854354858,Incorrect
2167,كم عدد القواعد الآزوتية اللازمة لإنتاج بروتين الأنسولين المكوّن من 51 حمض أميني إنتاجاً كاملاً؟,ANSWER: 4 قواعد,153,4 قواعد,153,0.6441055536270142,0.6358233094215393,0.6399375796318054,Incorrect
2170,ما هي الترسبات الصباغية التي تحوي بروتين الفيرتين؟,ANSWER: بروتين الفيرتين المحتوي بالترسبات الصباغية: هيوموستات,حبيبات هيمرسيدرين,بروتين الفيرتين المحتوي بالترسبات الصباغية: هيوموستات,حبيبات هيمرسيدرين,0.662452220916748,0.7158049941062927,0.6880959272384644,Incorrect
2179,ما هو أول عنصر من عناصر الدراسة العلمية المنهجية؟,ANSWER: هدف الدراسة,الاختبار والنتائج .,هدف الدراسة,الاختبار والنتائج .,0.6805574297904968,0.6224998235702515,0.6502352356910706,Incorrect
2181,ماذا تشير النجمة بعد رمز الجين؟,ANSWER: عين الحمراء,لترميز الجينات,عين الحمراء,لترميز الجينات,0.7238302230834961,0.6829404830932617,0.7027910947799683,Incorrect
2191,ما يُعرف بامتصاص بعض المواد الضوء بطول موجة ومن ثم إصداره بطول موجة أطول؟,ANSWER: إصدار موجة ثابت,التألق,إصدار موجة ثابت,التألق,0.6978184580802917,0.6965179443359375,0.6971675753593445,Incorrect
2200,ما يُدعى نوع وترتيب الأحماض الأمينية في البروتين؟,ANSWER: نوع وترتيب الأحماض الأمينية: نوع: α-α، β-β، γ-γ، δ-δ، ε-ε، ... ترتيب: N-terminal ثم C-terminal,البنية الأولية,نوع وترتيب الأحماض الأمينية: نوع: α-α، β-β، γ-γ، δ-δ، ε-ε، ... ترتيب: N-terminal ثم C-terminal,البنية الأولية,0.533605694770813,0.6842833757400513,0.5996236205101013,Incorrect
2202,ماذا ينتج عند حدوث خلل في تنظيم السبيل الإشاري WNT؟,ANSWER: WNT-signaling disorder,سرطان أمعاء,WNT-signaling disorder,سرطان أمعاء,0.6592716574668884,0.6977717876434326,0.6779755353927612,Incorrect
2204,ما هي الشعبة التي ينتمي إليها الإنسان؟,ANSWER: الجسم البشري,الثدييات .,الجسم البشري,الثدييات .,0.6890738010406494,0.6984309554100037,0.6937207579612732,Incorrect
2216,ما هي نتيجة التطور التي تؤدي إلى التكيف؟,ANSWER: تكيف نتيجة التطور المتعمد,الاصطفاء الطبيعي .,تكيف نتيجة التطور المتعمد,الاصطفاء الطبيعي .,0.7322428226470947,0.7422866225242615,0.7372304797172546,Incorrect
2218,أين تكثر جزر CpG؟,ANSWER: داخل الدناء الداخلي,المحضضات.,داخل الدناء الداخلي,المحضضات.,0.697478175163269,0.7026857137680054,0.7000722885131836,Incorrect
2222,ما هو الأساس الأزوتي المتمم للتايمين في الرنا؟,ANSWER: عين الرنا,اليوراسيل,عين الرنا,اليوراسيل,0.7517914175987244,0.7225334048271179,0.7368720769882202,Incorrect
2224,ما هو الموقع الذي يبدأ فيه انتساخ الجينات المرمزة للبروتينات بارتباط انزيم الرنا بوليميراز؟,ANSWER: نقطة الرنا الباسلينية,المطلق القريب .,نقطة الرنا الباسلينية,المطلق القريب .,0.7301284074783325,0.7552856802940369,0.7424940466880798,Incorrect
2228,أين تقع الجينات المسؤولة عن الزمر الدموية عند البشر؟,ANSWER: دم العينين,الصيغي 9,دم العينين,الصيغي 9,0.7246309518814087,0.7122483253479004,0.7183862328529358,Incorrect
2232,ما هو الدور الرئيسي في تعرف جسيم التضفير مواقع التضفير؟,ANSWER: تحديد الموقع التضفيري,snRNPs.,تحديد الموقع التضفيري,snRNPs.,0.6392526626586914,0.6565742492675781,0.647797703742981,Incorrect
2236,ما هي الصبغيات التي يحدث بينها إزفاء متبادل في حالة ابيضاض الدم النقوي المزمن CML؟,ANSWER: بوستين دي ميلويد (BCR-ABL),9 و 11,بوستين دي ميلويد (BCR-ABL),9 و 11,0.5876990556716919,0.6061011552810669,0.596758246421814,Incorrect
2249,ما هو عدد الأنماط الظاهرية المختلفة في الجيل الثاني في حال التفارز المستقل بين المورثتين A و B؟,ANSWER: 2 (دوين),8,2 (دوين),8,0.6890857219696045,0.726047158241272,0.7070837616920471,Incorrect
2250,ما هو عدد الأنماط الجينية في أعراس فرد متغاير الأليلات AB/ab إذا كان الارتباط بين المورثتين A و B كاملاً؟,ANSWER: 0,2,0,2,0.8361804485321045,0.8361804485321045,0.8361805081367493,Incorrect
2273,ما نوع الوراثة التي يكون فيها والدا الطفل المصاب حاملين متغايري الألائل عديمين الأمراض؟,ANSWER: حيلة اولوية خاصة,الجسدية المتنحية,حيلة اولوية خاصة,الجسدية المتنحية,0.7311187982559204,0.6955087184906006,0.7128693461418152,Incorrect
2274,ما هو نمط هذا المرض إذا عانى فرد متخالف الألائل من أعراض مرض وكان موضع الجين على الصبغي 5؟,ANSWER: نمط المرض: فيروسي,صبغي جسدي سائد,نمط المرض: فيروسي,صبغي جسدي سائد,0.6559507846832275,0.6655483245849609,0.6607146859169006,Incorrect
2281,ما هو خطر إصابة الطفل بالورم التليفي العصبي في الحمل التالي لأم مصابة أنجبت ذكرًا مصابًا بالمرض علمًا أن زوجها سليم؟,ANSWER: فيروس الزيكا,0.5,فيروس الزيكا,0.5,0.6145542860031128,0.6337488889694214,0.624004065990448,Incorrect
2282,ما هو الاحتمال الأول لطراز انتقال هذا المرض الوراثي عندما ينجب أبوان سليمان طفلين (ذكر وأنثى) مصابين بمرض استقلابي بدأت تظاهراته مبكراً؟,ANSWER: إنتقال ديوموتيك,صبغي جسدي سائد,إنتقال ديوموتيك,صبغي جسدي سائد,0.7021887302398682,0.7216323614120483,0.7117777466773987,Incorrect
2285,ما هو القانون الذي ينص على أن زاوية الورود تساوي زاوية الانعكاس؟,ANSWER: قانون اللازمية المستقبلية (Law of Reciprocal Determinism),للانعكاس,قانون اللازمية المستقبلية (Law of Reciprocal Determinism),للانعكاس,0.563302755355835,0.6252619624137878,0.5926673412322998,Incorrect
2289,ما هي الصيغة التي تعطينا التفاصيل الأقل والنسبة الأبسط للذرات الموجودة في الجزيء؟,ANSWER: تعداد وحجم الجذرات,الصيغة التجريبية,تعداد وحجم الجذرات,الصيغة التجريبية,0.692963719367981,0.7161099910736084,0.7043467164039612,Incorrect
2290,ما هو الذي يعطي لأشعة جاما مصدرا آخر للأشعة السينية التي يمكن أن تكون مفيدة وطاقتها قريبة من طاقة أشعة جاما الأصلية بحيث يمكن عدهما أشعة واحدة؟,ANSWER: لاسر نيون,التحول الداخلي,لاسر نيون,التحول الداخلي,0.6750564575195312,0.6608543395996094,0.6678799390792847,Incorrect
2295,ما هو التواتر المناسب للأمواج التي يمكن استخدامها للكشف عن المواد غير المرئية بالنسبة للتواتر 500GHz؟,ANSWER: تواتر MRI 64-فقرة,الأعلى,تواتر MRI 64-فقرة,الأعلى,0.6483920216560364,0.7350211143493652,0.6889942288398743,Incorrect
2296,ما هو المجال الذي تكون فيه الأمواج تحت الصوتية أصغر منه؟,ANSWER: ألفا ولامبا,20 Hz,ألفا ولامبا,20 Hz,0.6785967350006104,0.7300847172737122,0.7033997774124146,Incorrect
2299,ما هو المقدار الذي يتزايد لدى انتثار فوتون عن الكترون بمفعول كومتون؟,ANSWER: قوة الكومتون,طوله الموجي,قوة الكومتون,طوله الموجي,0.75664222240448,0.7704170942306519,0.7634674906730652,Incorrect
2305,ما الذي يعبر عن شدة الموجة الصوتية؟,ANSWER: ضغط الصوت,بالواط على المتر المربع .,ضغط الصوت,بالواط على المتر المربع .,0.7124619483947754,0.6937220096588135,0.70296710729599,Incorrect
2306,ما هي خصائص الأشعة السينية؟,ANSWER: ضوء نموذجي - طول وعرض - دقة - انتصاب - ضوء ناقص,اشعاعات كهرطيسية وبأطوال موجية أقصر بكثير منها في حالة الضوء المرئي.,ضوء نموذجي - طول وعرض - دقة - انتصاب - ضوء ناقص,اشعاعات كهرطيسية وبأطوال موجية أقصر بكثير منها في حالة الضوء المرئي.,0.6556957960128784,0.6548901796340942,0.6552927494049072,Incorrect
2309,ما هي القوة التي تحدث تشوهاً في الجسم وتكون مطبقة على وحدة السطح؟,ANSWER: ضغط تحتي,الاجهاد,ضغط تحتي,الاجهاد,0.7294707298278809,0.712134838104248,0.7206985950469971,Incorrect
2311,ماذا تعتبر درجة حرارة النواة والغلاف في جسم الإنسان؟,ANSWER: 37°C (98.6°F),ثابتة - متغيرة,37°C (98.6°F),ثابتة - متغيرة,0.4876450896263122,0.5222580432891846,0.5043584108352661,Incorrect
2312,ما هو ثابت التناسب بين تدرج السرعة؟,ANSWER: ترتيب السرعة الفيزيائي,معامل لزوجه المائع,ترتيب السرعة الفيزيائي,معامل لزوجه المائع,0.720329761505127,0.7314512729644775,0.7258478999137878,Incorrect
2319,ما هو الناتج عندما تتفاعل الألدهيدات مع NaBH5؟,ANSWER: ناتج النيتروجين,أغوال أولية,ناتج النيتروجين,أغوال أولية,0.6938672065734863,0.7377266883850098,0.7151250839233398,Incorrect
2320,ما هي الطريقة التي يجري بها التبادل الحراري بين الجسم والوسط المحيط؟,ANSWER: دماغ الجسم,الأوعية الدموية,دماغ الجسم,الأوعية الدموية,0.733002245426178,0.7271803617477417,0.7300796508789062,Incorrect
2322,ما هو المعيار الذي يستخدمه العلماء لحساب الكتل الذرية النسبية؟,ANSWER: فريق المعيارات الدولية للكتل الذرية (WHO),نظير الكربون 12,فريق المعيارات الدولية للكتل الذرية (WHO),نظير الكربون 12,0.6716448664665222,0.6885964274406433,0.6800150275230408,Incorrect
2324,ما هي الوحدة التي يقاس بها الضغط في إطار السيارة في الولايات المتحدة؟,ANSWER: باسكوب (PSI),الباوند لكل موجه مربعه,باسكوب (PSI),الباوند لكل موجه مربعه,0.6378535628318787,0.6446494460105896,0.641233503818512,Incorrect
2325,ما هو القانون الذي ينص على أن تغير الحقل المغنطيسي يولد حقلا كهربائيا؟,ANSWER: ثاني قانون فرديس,فارادي,ثاني قانون فرديس,فارادي,0.7358345985412598,0.7291086316108704,0.7324562072753906,Incorrect
2328,ما هو وصف جريان المائع المستقر من ناحية سرعته في أي نقطة منه مع الزمن؟,ANSWER: نقطة السرعة كروية (Point of Critical Wave Speed),ثابتة .,نقطة السرعة كروية (Point of Critical Wave Speed),ثابتة .,0.6058864593505859,0.7060123682022095,0.6521285772323608,Incorrect
2332,ما هي المادة التي تتخذ شكل أسفل الوعاء الذي يحتويها ولها حجم خاص بها؟,ANSWER: عين العظم (Ossiculum),سائلة,عين العظم (Ossiculum),سائلة,0.6503608226776123,0.6830178499221802,0.6662894487380981,Incorrect
2338,ما تسمى القوى عندما يكون عمر الحالة المثارة طويلا؟,ANSWER: بيئة مرضية دائمة (Chronic Persistent State Environment),شبه مستقرة,بيئة مرضية دائمة (Chronic Persistent State Environment),شبه مستقرة,0.6522096991539001,0.6942323446273804,0.6725652813911438,Incorrect
2340,ما هو الذي يعطى لأشعة غاما مصدراً آخر للأشعة السينية التي يمكن أن تكون مفيدة وطاقتها قريبة من طاقة أشعة غاما الأصلية بحيث يمكن الحصول على أشعة واحدة؟,ANSWER: لاسر غاما اختلاطة,التحول الداخلي,لاسر غاما اختلاطة,التحول الداخلي,0.7066138386726379,0.7137081623077393,0.7101433277130127,Incorrect
2341,ما نوع الكثافة التي تعتبر منها العظام ومستحضرات التباين العائمة مثل اليود والباريوم؟,ANSWER: العظمية العائمة,الكلسية.,العظمية العائمة,الكلسية.,0.7755773067474365,0.806896448135376,0.7909269332885742,Incorrect
2342,ما هي طبيعة الأشعة السينية؟,ANSWER: نوع لازمي بالمراقبة,اشعاعات كهر طيسية,نوع لازمي بالمراقبة,اشعاعات كهر طيسية,0.6671013832092285,0.6630347371101379,0.6650618314743042,Incorrect
2346,ما هو مجموع الكتل الذرية النسبية في مركب أيوني؟,ANSWER: فردوس النسبية (Fractional charge),الكتلة الصيغية النسبية,فردوس النسبية (Fractional charge),الكتلة الصيغية النسبية,0.7121949195861816,0.7339217662811279,0.7228951454162598,Incorrect
2347,أين يقع مجال التيراهرتز؟,ANSWER: منطقة التيراهرتز العظمية,الأشعة تحت الحمراء والأمواج المكروية .,منطقة التيراهرتز العظمية,الأشعة تحت الحمراء والأمواج المكروية .,0.6839398145675659,0.722800076007843,0.7028331756591797,Incorrect
2349,لماذا يُستخدم الماء في درجة معينة كمادة مرجعية للوزن النوعي؟,ANSWER: دقيق الماء,قيمتها العظمى,دقيق الماء,قيمتها العظمى,0.6869243383407593,0.6778311729431152,0.6823474764823914,Incorrect
2352,ما هي مكونات صمام الأشعة السينية؟,ANSWER: غاز هليوم - نيتروجين,المسدد,غاز هليوم - نيتروجين,المسدد,0.6042609810829163,0.7045247554779053,0.6505523920059204,Incorrect
2361,ما الذي تتعلق به الطاقة التي يصدرها الجسم الأسود وفقاً لدراسة تغير تابع إشعاع الجسم الأسود؟,ANSWER: هواء الجسم الأسود (Gas of the black body),درجة حرارته المطلقة,هواء الجسم الأسود (Gas of the black body),درجة حرارته المطلقة,0.5996266603469849,0.6233227252960205,0.6112451553344727,Incorrect
2363,ما هي قوة اللزوجة بالنسبة لاتجاه جريان المائع؟,ANSWER: داخلية,تعاكسه .,داخلية,تعاكسه .,0.7926104068756104,0.7716024518013,0.7819653749465942,Incorrect
2364,ما هي الطاقة التي يمكن بها تفكيك رابطة في خلايا النسج؟,ANSWER: فيزياء دقيقة (Precision Physics),فوتون أشعة سينينة.,فيزياء دقيقة (Precision Physics),فوتون أشعة سينينة.,0.676192581653595,0.6853294372558594,0.6807303428649902,Incorrect
2369,ما يجب أن يكون عليه ضغط الهواء داخل القاعة في حالة الثوران بالنسبة لضغط الماء خارجها حيث تتوازن قوة الضغط نحو الخارج مع قوة التوتر السطحي نحو الداخل؟,ANSWER: غضبان داخلي,اکبر,غضبان داخلي,اکبر,0.6884390115737915,0.7146815061569214,0.7013148069381714,Incorrect
2372,ما هو المجال الموجي لأشعة UVC؟,ANSWER: غير موجود في البيئة الطبيعية,100-280nm,غير موجود في البيئة الطبيعية,100-280nm,0.6316871643066406,0.5988219380378723,0.6148156523704529,Incorrect
2373,ما هي طبيعة الارتباط بين قرينة الانكسار لوسط مادي معين وسرعة الأمواج في ذلك الوسط؟,ANSWER: عمق الوسط وسرعة الأمواج متساوية,عكسيا - سرعة,عمق الوسط وسرعة الأمواج متساوية,عكسيا - سرعة,0.6972419023513794,0.718080997467041,0.7075080275535583,Incorrect
2381,ما هي الخاصية التي يميزها التواتر والطول الموجي؟,ANSWER: توجد الموجات في الجسم بطول وعرض وعمق محدد,الموجة,توجد الموجات في الجسم بطول وعرض وعمق محدد,الموجة,0.6266303062438965,0.7538819313049316,0.6843912601470947,Incorrect
2384,ما هي الطاقة التي تحملها الموجة في وحدة الزمن؟,ANSWER: طاقة حركة,استطاعة الموجة الضوئية,طاقة حركة,استطاعة الموجة الضوئية,0.7814822196960449,0.7089168429374695,0.7434329390525818,Incorrect
2387,ما هي قابلية العين التي تسمح بالمطابقة لكل أبعاد الجسم عن العين مع الاستمرار بتشكيل خيال على بعد ثابت من العدسة يتحدد بالفاصل بين العدسة والشبكية؟,ANSWER: دائمة التوازن البصري,تعديل شكل العدسة,دائمة التوازن البصري,تعديل شكل العدسة,0.7743737101554871,0.7895469665527344,0.7818866968154907,Incorrect
2388,كيف يؤثر الضغط على توازن التفاعلات التي تكون متفاعلاتها ومنتجاتها؟,ANSWER: إنفاق التفاعلات البشرية,غازات,إنفاق التفاعلات البشرية,غازات,0.7315946817398071,0.7698447704315186,0.7502325177192688,Incorrect
2389,ما هو التواتر في حالة الأمواج الصوتية؟,ANSWER: تحرك الانتشار,عدد الإنضغاطات الاي تمر في نقطة معينة في الثانية,تحرك الانتشار,عدد الإنضغاطات الاي تمر في نقطة معينة في الثانية,0.7222805023193359,0.6849584579467773,0.7031245827674866,Incorrect
2391,ما هو شكل الطاقة التي تصدرها أجسامنا حتى في درجات الحرارة العادية؟,ANSWER: كهرباء جو,إشعاع كهرطيسي,كهرباء جو,إشعاع كهرطيسي,0.803503155708313,0.7588187456130981,0.7805219292640686,Incorrect
2400,ما هي التحولات التي تحافظ على العدد الكتلي؟,ANSWER: تحولات كتلية (Cellular Changes),الايزوبارية,تحولات كتلية (Cellular Changes),الايزوبارية,0.6038258075714111,0.632874608039856,0.6180090308189392,Incorrect
2410,ما هو القانون الذي يربط بين معدل الجريان الحجمي في وعاء دموي من جهة وفارق الضغط بين طرفي الوعاء ونصف قطره الداخلي وطوله ولزوجة الدم؟,ANSWER: فريق هارلويك,قانون بورواري,فريق هارلويك,قانون بورواري,0.7618825435638428,0.7831857204437256,0.7723872661590576,Incorrect
2412,ما نوع الجريان عندما تكون سرعة المائع في أي نقطة منه ثابتة مع مرور الزمن؟,ANSWER: جريان لامع,مستقر,جريان لامع,مستقر,0.7137110233306885,0.720089852809906,0.7168861627578735,Incorrect
2413,ما هي آلية انتقال الحرارة في الموائع؟,ANSWER: دورة بلوند,الحمل,دورة بلوند,الحمل,0.6919457912445068,0.7037887573242188,0.6978170275688171,Incorrect
2417,ما هي صفات الخيال في المصورات ذات الثقب؟,ANSWER: ثقب موجودة,خیال حقيقي مقلوب.,ثقب موجودة,خیال حقيقي مقلوب.,0.7864586710929871,0.773914635181427,0.780136227607727,Incorrect
2419,ما هي العلاقة التناسبية لقرينة الانكسار لأي وسط معين؟,ANSWER: عضلة الجنين المتقطعة,عكسيا مع سرعة الأمواج في ذلك الوسط,عضلة الجنين المتقطعة,عكسيا مع سرعة الأمواج في ذلك الوسط,0.7352372407913208,0.7209754586219788,0.7280364632606506,Incorrect
2422,ما هي الأشعة التي حققت حلم الإنسان القديم في رؤية داخل الجسم من دون بضع؟,ANSWER: راديواكتيفيوشن,الاشعة السينية,راديواكتيفيوشن,الاشعة السينية,0.6748335361480713,0.6955857276916504,0.6850525140762329,Incorrect
2427,ما هو المركب الذي يتشكل من تفاعل حمض الآزوت المركز بوجود حمض الكبريت المركز مع نترو البنزين؟,ANSWER: تربيد بينزيني,ميتا ثنائي نترو البنزن,تربيد بينزيني,ميتا ثنائي نترو البنزن,0.7131659388542175,0.69720458984375,0.7050949335098267,Incorrect
2429,ما هي التبادلات التي تجري بين الجسم الصلب والمانع المتحرك الذي يختلف عنه في درجة الحرارة؟,ANSWER: تبادل جودة الحرارة (Heat Conduction) وتبادل الإنتصاب (Diffusion),الحمل,تبادل جودة الحرارة (Heat Conduction) وتبادل الإنتصاب (Diffusion),الحمل,0.561428427696228,0.6925927400588989,0.6201509833335876,Incorrect
2430,ما هي وظيفة الحقل الكهربائي في الأفران الكروية؟,ANSWER: تحكم الحرارة,يجعل جزيئات الماء تقوم بحركة دورانية,تحكم الحرارة,يجعل جزيئات الماء تقوم بحركة دورانية,0.7714862823486328,0.7003834247589111,0.7342174053192139,Incorrect
2435,ما هي طبيعة الإشعاعات الكهرومغناطيسية؟,ANSWER: إشعاعات كهرومغناطيسية تكون تحتوي على طبيعة دورية أو غير دورية,مثنوية .,إشعاعات كهرومغناطيسية تكون تحتوي على طبيعة دورية أو غير دورية,مثنوية .,0.6492267847061157,0.7112149596214294,0.6788086891174316,Incorrect
2438,ما هو التفاعل الذي تخضع له هالوجينات الألكانات بالقلويات؟,ANSWER: إنتاج الفيروس السارسكوفيروس,استبدال نكليوفيلي,إنتاج الفيروس السارسكوفيروس,استبدال نكليوفيلي,0.7010933756828308,0.7128785848617554,0.7069368958473206,Incorrect
2443,ما هي استخدامات الليزر الصباغي؟,ANSWER: علاج وتجميل,معالجة الوحمات الوعائية .,علاج وتجميل,معالجة الوحمات الوعائية .,0.7246568202972412,0.721759021282196,0.7232049703598022,Incorrect
2462,ماذا تصدر النظائر المشعة في التصوير بالأصدر البوزتروني؟,ANSWER: توزيع بوزتروني,بوزترونات,توزيع بوزتروني,بوزترونات,0.8086464405059814,0.8488656282424927,0.8282681107521057,Correct
2473,ما هي الأشعة التي ساهمت في تقدم علم البلورات؟,ANSWER: راديواتون الفيسيكية (Radiotherapy),X-RAY,راديواتون الفيسيكية (Radiotherapy),X-RAY,0.5995763540267944,0.6501883268356323,0.6238574981689453,Incorrect
2482,ما الذي يتم التحكم في ارتفاع النهاية المدببة للحفاظ عليه عندما نمسح سطح المعدن في مجهر STM؟,ANSWER: إعادة تشطيب المستوي,ثبات التيار النفقي,إعادة تشطيب المستوي,ثبات التيار النفقي,0.7519276142120361,0.7801581621170044,0.7657828330993652,Incorrect
2483,ما هو معدل الإشعاع من سطح إلى معدل الإشعاع من مساحة مساوية من سطح مشع مثالي في درجة الحرارة نفسها؟,ANSWER: عدد الانتصابات (N) / سطح الانتصاب (A) = 4πR^2,الإصدارية,عدد الانتصابات (N) / سطح الانتصاب (A) = 4πR^2,الإصدارية,0.5659019947052002,0.677973747253418,0.6168891191482544,Incorrect
2485,ما هي الجزئيات التي يمكن الاستفادة من تفاعلها في التصوير؟,ANSWER: أكسيد السيليكون والفوسفور,فوتونات الفلورة السينية .,أكسيد السيليكون والفوسفور,فوتونات الفلورة السينية .,0.6727302670478821,0.7311829328536987,0.7007396817207336,Incorrect
2501,ما هو الوسط الذي تكون فيه كثافة الأيونات الموجبة والسالبة أكبر من كثافة الأيونات المعتدلة؟,ANSWER: عين المياه البنية الخليوية,بلازما,عين المياه البنية الخليوية,بلازما,0.6148277521133423,0.6272677183151245,0.6209854483604431,Incorrect
2503,ما هو الإجراء المستخدم للاطمئنان على صحة الجنين عند المرأة الحامل؟,ANSWER: اختبار الحمل البيولوجي,الإيكو غرافي .,اختبار الحمل البيولوجي,الإيكو غرافي .,0.6863001585006714,0.6978532075881958,0.6920284628868103,Incorrect
2505,ما يُدعى الضغط الذي يسببه عمود من الزئبق ارتفاعه 1 مم؟,ANSWER: زئبقية 1 مم,التور .,زئبقية 1 مم,التور .,0.4977431297302246,0.5347024202346802,0.5155612230300903,Incorrect
2543,ما هي الظاهرة التي تنقسم فيها نواة ذات عدد كتلي كبير إلى نواتين أو أكثر لكل منهما عدد كتلي متوسط؟,ANSWER: تقطيع جسم الجسم العظمي (Fractura corporis ossis),ظاهرة الإنشطار النووي,تقطيع جسم الجسم العظمي (Fractura corporis ossis),ظاهرة الإنشطار النووي,0.6728372573852539,0.7247617244720459,0.6978349089622498,Incorrect
2555,ما هو مجال الأشعة الذي يشع فيه جسم الإنسان بشكل قريب جداً من إشعاع الجسم الأسود؟,ANSWER: جسم الشعر الأبيض,تحت الحمراء,جسم الشعر الأبيض,تحت الحمراء,0.762680172920227,0.7267892360687256,0.7443023324012756,Incorrect
2557,ما هي الأشعة التي اشتهرت بانتزاع جزيئات الماء لدى تفاعلها مع النسج؟,ANSWER: لاسر فريول,الأشعة تحت الحمراء.,لاسر فريول,الأشعة تحت الحمراء.,0.6131775975227356,0.6248412132263184,0.6189544796943665,Incorrect
2563,ما هي الظاهرة التي تنقسم فيها نواة ذات عدد كتلي كبير إلى نواتين أو أكثر لكل منهما عدد كتلي متوسط؟,ANSWER: تقطيع جسم الجسم العظمي (Fractura corporis ossis),ظاهرة الانشطار النووي.,تقطيع جسم الجسم العظمي (Fractura corporis ossis),ظاهرة الانشطار النووي.,0.6861639618873596,0.7371609210968018,0.7107488512992859,Incorrect
2575,ما هي طريقة العلاج الفيزيائي التي تستعمل فيها تيارات كهربائية عالية التردد لإحداث الحرارة في الأنسجة العميقة؟,ANSWER: تدفئة تيارات كهربائية عالية التردد (ECT),تسخين موضعي في الانسجة الحية,تدفئة تيارات كهربائية عالية التردد (ECT),تسخين موضعي في الانسجة الحية,0.7123053073883057,0.7369805574417114,0.7244328856468201,Incorrect
2577,كيف تتولد الأشعة السينية؟,ANSWER: إنتاج السينين,تسرع الالكترونات بكمون مرتفع في أنبوب الفراغ ويسمح لها بالسقوط على سطح داخل الانبوب .,إنتاج السينين,تسرع الالكترونات بكمون مرتفع في أنبوب الفراغ ويسمح لها بالسقوط على سطح داخل الانبوب .,0.7354047894477844,0.6331501007080078,0.6804574131965637,Incorrect
2579,ما هو الأساس الذي تترتب وفقه العناصر في الجدول الدوري حالياً؟,ANSWER: نظام الدوري الرياضي المستقل,إعدادها الذرية,نظام الدوري الرياضي المستقل,إعدادها الذرية,0.7215263247489929,0.741351842880249,0.7313047647476196,Incorrect
2590,ما هو الشرط الذي يجب أن تحققه النقطتان لتطبيق معادلة برنولي على جريان أي مائع مثالي؟,ANSWER: نقطتان بالنقطة الثانية أعلى من النقطة الأولى,خط الانحناء نفسه,نقطتان بالنقطة الثانية أعلى من النقطة الأولى,خط الانحناء نفسه,0.6790930032730103,0.7012024521827698,0.6899706125259399,Incorrect
2601,ما هي الأمواج التي تستخدم في تفتيت الحصى؟,ANSWER: ألوات الشوكولاتة,الأمواج فوق الصوتية,ألوات الشوكولاتة,الأمواج فوق الصوتية,0.6952937841415405,0.7205991744995117,0.7077203392982483,Incorrect
2611,ما هو المجهر الذي يمسح العينة نقطة فنقطة ولكنه يكشف عن الالكترونات النافذة؟,ANSWER: تلوث العينة المرئية المباشرة (Direct Retinal Oxygenation),STEM,تلوث العينة المرئية المباشرة (Direct Retinal Oxygenation),STEM,0.5482263565063477,0.6931606531143188,0.6122328042984009,Incorrect
2615,من أين تشتق قوة المقاومة من اللزوجة عندما تكون السرعة النسبية بين الجسم والمائع كافية لأن يكون الجريان حول الجسم رقائقياً؟,ANSWER: تحرك اللزوجة المقاومة,منخفضة,تحرك اللزوجة المقاومة,منخفضة,0.7180448770523071,0.7689223289489746,0.7426131963729858,Incorrect
2620,ما هي الرابطة التي تبقى صلبة دائماً؟,ANSWER: رابطة عضلية دائمة (Syndesmosis perennia),الأيونية,رابطة عضلية دائمة (Syndesmosis perennia),الأيونية,0.6296809911727905,0.6689155697822571,0.6487055420875549,Incorrect
2636,كم عدد العدسات في مجهر SEM؟,ANSWER: 4 عدسة,اثنتان,4 عدسة,اثنتان,0.7361834049224854,0.733980119228363,0.7350801229476929,Incorrect
2637,ما هي الحالة التي تتولد فيها الأمواج الصادمة بالنسبة لسرعة منبع الأمواج الصوتية؟,ANSWER: حالة المرتفعة الصوتية,تتجاوز سرعة الموجة الصوتية .,حالة المرتفعة الصوتية,تتجاوز سرعة الموجة الصوتية .,0.8132021427154541,0.7526982426643372,0.7817813754081726,Incorrect
2641,ما هو العدد النيوكلوني في نواة ذرة ما؟,ANSWER: 6 نيوكلون,مجموع البروتونات والنترونات,6 نيوكلون,مجموع البروتونات والنترونات,0.6338527202606201,0.6183264255523682,0.6259933114051819,Incorrect
2645,ما هو سبب تخامد الأشعة السينية في الجسم المدروس؟,ANSWER: إنهاء التدفق الدموي,امتصاص الجسم لها,إنهاء التدفق الدموي,امتصاص الجسم لها,0.7281641960144043,0.7642031908035278,0.7457485198974609,Incorrect
2648,ما يُستخدم لقياس درجة التشوه؟,ANSWER: سكوب بيومي,انفعال,سكوب بيومي,انفعال,0.709557294845581,0.7213802337646484,0.7154199481010437,Incorrect
2653,ما هي الوحدة التي يقيسها الروتنجن؟,ANSWER: عضلة الروتنجن,التعرض للإشعاع .,عضلة الروتنجن,التعرض للإشعاع .,0.681720495223999,0.6891065239906311,0.6853936314582825,Incorrect
2661,ما تتألف منه الحلقة البنزنية؟,ANSWER: حمض البنزي + نيتروجليد البوتاسيوم,ستة كربونات,حمض البنزي + نيتروجليد البوتاسيوم,ستة كربونات,0.6207380294799805,0.6845980882644653,0.6511059403419495,Incorrect
2670,ماذا يشير انزياح الضوء من المجرات البعيدة نحو الترددات الأخفض؟,ANSWER: تدفق ضوء ناقص,ابتعاد المجرات عنا,تدفق ضوء ناقص,ابتعاد المجرات عنا,0.6957839727401733,0.7124037742614746,0.7039958238601685,Incorrect
2674,ما هي الوحدة التي يقيسها الرونتجن؟,ANSWER: جسم الدهن البشري (Adipose tissue),التعرض للإشعاع.,جسم الدهن البشري (Adipose tissue),التعرض للإشعاع.,0.6672813892364502,0.6781105995178223,0.6726523637771606,Incorrect
2687,ما هي النظائر؟,ANSWER: النظائر العينية,لها نفس عدد البروتونات وتختلف بعدد النترونات,النظائر العينية,لها نفس عدد البروتونات وتختلف بعدد النترونات,0.6948531866073608,0.6437371969223022,0.6683192253112793,Incorrect
2702,ما هي زاوية الورود التي يكون الضوء المنعكس عندها مستقطبا كليا؟,ANSWER: زاوية لورود برادل,زاوية بروستو,زاوية لورود برادل,زاوية بروستو,0.8008423447608948,0.824123740196228,0.8123162388801575,Incorrect
2719,كيف يمكن توليد الأمواج فوق الصوتية؟,ANSWER: تحويل فوق الصوتي,بلورات كهر ضغطية,تحويل فوق الصوتي,بلورات كهر ضغطية,0.7476825714111328,0.7512964606285095,0.7494851350784302,Incorrect
2731,أين تشكل العين مديدة البصر (العين الطامسة) خيال الجسم القريب؟,ANSWER: في الجنين العيني الأقصاء,وراء الشبكية.,في الجنين العيني الأقصاء,وراء الشبكية.,0.7078825235366821,0.7321135997772217,0.7197941541671753,Incorrect
2734,ما هو الاضطراب الذي يمثل هذه الحالة؟,ANSWER: فيستاتينيا,الحدية للجريان المستقر,فيستاتينيا,الحدية للجريان المستقر,0.622273325920105,0.6087855696678162,0.6154556274414062,Incorrect
2740,متى يأخذ احتمال وجود الالكترون قيمة عظمى في الحالة الأساسية في ذرة هيدروجين؟,ANSWER: لا يوجد قيمة عظمية للالكترون في الحالة الأساسية في ذرة هيدروجين,بعده عن النواة أصغر من نصف قطر بور,لا يوجد قيمة عظمية للالكترون في الحالة الأساسية في ذرة هيدروجين,بعده عن النواة أصغر من نصف قطر بور,0.6758130788803101,0.7068889141082764,0.6910017728805542,Incorrect
2741,ما ينص عليه قانون الانعكاس الأول؟,ANSWER: قانون الانعكاس الثاني,زاوية الورود تساوي زاوية الانعكاس.,قانون الانعكاس الثاني,زاوية الورود تساوي زاوية الانعكاس.,0.8211740255355835,0.751717209815979,0.784912109375,Incorrect
2742,ما هو الانفعال في حالة التشوه التحددي أو الانضغاطي؟,ANSWER: إنفعال عصبي,التغير النسبي في الطول زيادة أو نقصانا,إنفعال عصبي,التغير النسبي في الطول زيادة أو نقصانا,0.7200304269790649,0.6892110109329224,0.7042837142944336,Incorrect
2750,ما هو وزن الحجم المنغمس من الجسم عندما يكون الجسم مغموساً وليس مغموراً كلياً نتيجة كون كثافة المائع أكبر من كثافة الجسم؟,ANSWER: وزن نسبي,وزن الجسم,وزن نسبي,وزن الجسم,0.8063870072364807,0.8447551727294922,0.8251253366470337,Incorrect
2769,ما اسم الجهاز الذي يصور مقاطع في الجسم البشري بالأشعة السينية والاستعانة بالحاسب؟,ANSWER: جهاز التصوير السيني المركزي,الماسح .,جهاز التصوير السيني المركزي,الماسح .,0.6393016576766968,0.6571782231330872,0.6481167078018188,Incorrect
2774,ما هو العنصر الأكثر استخداماً في التصوير بالتجاوب المغناطيسي؟,ANSWER: فيروس فيوم,الهيدروجين,فيروس فيوم,الهيدروجين,0.6843318939208984,0.6730691194534302,0.6786537766456604,Incorrect
2779,ما هو سبب تخامد الأشعة السينية في الجسم المدروس؟,ANSWER: إنهاء التدفق الدموي,امتصاص الجسم لها,إنهاء التدفق الدموي,امتصاص الجسم لها,0.7281641960144043,0.7642031908035278,0.7457485198974609,Incorrect
2792,ما هي الخطوة الأولى في التفاعلات؟,ANSWER: تحديد العلاج الأساسي,المبادرة,تحديد العلاج الأساسي,المبادرة,0.7074912190437317,0.6966873407363892,0.7020476460456848,Incorrect
2800,ماذا يزداد عندما ترتد الفوتونات التي تعبر الثقب في الحجرة عن الجدران مرات عديدة قبل أن تغادر؟,ANSWER: عدد المرات,احتمال امتصاتصها,عدد المرات,احتمال امتصاتصها,0.7237473130226135,0.7043790817260742,0.7139318585395813,Incorrect
2805,كيف تعمل الحزم الإلكترونية على معالجة الأورام؟,ANSWER: إعادة تشغيل الأواني المغناطيسية,القريبة من الجلد,إعادة تشغيل الأواني المغناطيسية,القريبة من الجلد,0.6626601815223694,0.717831015586853,0.6891431212425232,Incorrect
2806,ما هو السبب وراء تكرار الطراز (الدورية في الجدول الدوري) الناجم عن ترتيب العناصر؟,ANSWER: ترتيب العناصر يؤثر على النتيجة,ازدياد أعدادها البروتونية,ترتيب العناصر يؤثر على النتيجة,ازدياد أعدادها البروتونية,0.7007659077644348,0.6678855419158936,0.6839307546615601,Incorrect
2810,ما هو المركب الذي يتشكل عند أكسدة الكيلات البنزن (مثل ميتيل البنزن) ببرمنغنات البوتاسيوم (VII) القلوية أو بأي مؤكسد قوي آخر؟,ANSWER: برمنغنات البوتاسيوم القلوية (VII) أو مؤكسد قوي آخر,حمض البنزويك,برمنغنات البوتاسيوم القلوية (VII) أو مؤكسد قوي آخر,حمض البنزويك,0.7068077325820923,0.7569762468338013,0.7310323119163513,Incorrect
2822,ما هي النوى التي لها عدد N ثابت حيث تحوي العدد نفسه من النترونات؟,ANSWER: نوى بروتوني,ايزوتونات,نوى بروتوني,ايزوتونات,0.7821228504180908,0.7951948642730713,0.7886046767234802,Incorrect
2823,ماذا يحدث إذا كانت الحقول الكهربائية لمنبع الأمواج الكهرطيسية لها اتجاهات عشوائية عند انتشاره؟,ANSWER: تعاقبة الحقول الكهربائية,غير مستقطب,تعاقبة الحقول الكهربائية,غير مستقطب,0.704034686088562,0.7338645458221436,0.7186402082443237,Incorrect
2830,ما هو التفاعل الذي تخضع له الألكانات مع الهالوجينات في ضوء الشمس؟,ANSWER: إنتاج الأكسجين,استبدال,إنتاج الأكسجين,استبدال,0.7012342214584351,0.7272195816040039,0.7139905095100403,Incorrect
2854,ما هو الشيء الذي تهتز حوله الذرتان في الجزيء ثنائي الذرة؟,ANSWER: عضلة الجزيء الثنائي الذرة,مركز كتلتيهما,عضلة الجزيء الثنائي الذرة,مركز كتلتيهما,0.6564470529556274,0.6772617101669312,0.6666919589042664,Incorrect
2855,ما هي البنية لأكسيد المغنزيوم؟,ANSWER: أكسيد مغنيسيوم تريدريدال,ايونية عملاقة,أكسيد مغنيسيوم تريدريدال,ايونية عملاقة,0.6155762672424316,0.6772267818450928,0.6449314951896667,Incorrect
2868,ماذا يزداد عندما ترتد الفوتونات التي تعبر الثقب في الحجرة عن الجدران مرات عديدة قبل أن تغادر؟,ANSWER: عدد المرات,احتمال امتصاتصها,عدد المرات,احتمال امتصاتصها,0.7237473130226135,0.7043790817260742,0.7139318585395813,Incorrect
2877,ما هي وحدة قياس الجرعة المكافئة للإشعاع؟,ANSWER: درجة جرعة الإشعاع (Dose in Joules),بالسفرت .,درجة جرعة الإشعاع (Dose in Joules),بالسفرت .,0.5874256491661072,0.6603655815124512,0.6217637062072754,Incorrect
2883,ما هي طريقة التصوير التي يمكن اعتبارها الأقل ضرراً على الجسم؟,ANSWER: راديولوجية الفوتون العالية الطول,التصوير الحراري.,راديولوجية الفوتون العالية الطول,التصوير الحراري.,0.6811075806617737,0.7271394729614258,0.7033712267875671,Incorrect
2891,ما هي أعمار النصف للنظائر المشعة المستخدمة في تقنية الـ PET؟,ANSWER: نصف الدقيقة والدقيقة السابعة والثلاثون,قصيرة نسبيا,نصف الدقيقة والدقيقة السابعة والثلاثون,قصيرة نسبيا,0.5937426686286926,0.6598472595214844,0.6250520944595337,Incorrect
2898,ما هي المماكبات (الإيزوميرات)؟,ANSWER: ايزوميرات المماكبة,تختلف في طاقتها الداخلية فقط .,ايزوميرات المماكبة,تختلف في طاقتها الداخلية فقط .,0.6162000894546509,0.6472456455230713,0.6313414573669434,Incorrect
2913,ما هو القانون الذي تمثل معادلة برنولي المطبقة على جريان المائع أحد أشكال انحفاظه؟,ANSWER: قانون ديفري-بروستون,الطاقة .,قانون ديفري-بروستون,الطاقة .,0.6025779247283936,0.6851605176925659,0.6412212252616882,Incorrect
2926,ماذا يستخدم قانون ستوكس لقياسه؟,ANSWER: تقنية الستوكس,مقاومة اللزوجة .,تقنية الستوكس,مقاومة اللزوجة .,0.773591160774231,0.7995409965515137,0.7863520979881287,Incorrect
2949,ما هو العلم الذي يقوم بحساب البعد بين الذرات عند معرفة الطول الموجي للأشعة السينية وقياس الزاوية؟,ANSWER: فيزياء وعلوم الأشعة,علم البلورات,فيزياء وعلوم الأشعة,علم البلورات,0.7914453744888306,0.8144068717956543,0.802761971950531,Incorrect
2975,ما هي الأوساط التي تنتشر فيها الأمواج العرضانية؟,ANSWER: العينين العظمية (Bones of the Orbit),الجسم الصلب,العينين العظمية (Bones of the Orbit),الجسم الصلب,0.6819964647293091,0.7406584024429321,0.7101179957389832,Incorrect
2981,ما هي الخصائص التي تتمتع بها حزمة الفوتونات من أشعة X عالية الطاقة والتي تجعلها تستخدم في الطب النووي عند المعالجة عن بعد؟,ANSWER: خفيفة وناقلة الطاقة ولا تتعامل مع الكلورفيل,قدرة اختراق عالية تسمح بتدمير الأورام السطحية والعميقة .,خفيفة وناقلة الطاقة ولا تتعامل مع الكلورفيل,قدرة اختراق عالية تسمح بتدمير الأورام السطحية والعميقة .,0.6966480016708374,0.6884201765060425,0.692509651184082,Incorrect
2986,ما هو القانون الذي ينص على أن تشوه مادة يتناسب طرديا مع القوى التي تحدث التشوه؟,ANSWER: قانون لوريد,قانون هوك,قانون لوريد,قانون هوك,0.918601095676422,0.918601095676422,0.918601095676422,Incorrect
2987,علام نعتمد لتفسير لثنائية الإصدار في طيف بخار الصوديوم؟,ANSWER: عنصر غير معروف,النظرية الذرية,عنصر غير معروف,النظرية الذرية,0.6981430053710938,0.6858011484146118,0.6919170618057251,Incorrect
2989,ما هي المعادلة التي تعبر عن انخفاض الطاقة في الموائع؟,ANSWER: هيبة القدرة الفعالة (Power Output Reduction),معادلة بيرنولي,هيبة القدرة الفعالة (Power Output Reduction),معادلة بيرنولي,0.6020450592041016,0.6278573870658875,0.6146803498268127,Incorrect
3001,متى يحدث تفاعل اشعاع الليزر مع النسج؟,ANSWER: في حين النسج,تمتصه النسج .,في حين النسج,تمتصه النسج .,0.8234384059906006,0.8230754137039185,0.8232568502426147,Incorrect
3003,ما هي البنية التي تأخذها الشبكات الأيونية لكلوريد الصوديوم وأكسيد المغنزيوم؟,ANSWER: عضلة العظمية العلوية والعضلة العظمية السفلية,مكعبية,عضلة العظمية العلوية والعضلة العظمية السفلية,مكعبية,0.6073164343833923,0.6981379389762878,0.6495679020881653,Incorrect
3013,ما هو العمل الذي يقوم به المائع على المائع الذي يتقدمه في وحدة الجريان؟,ANSWER: تحليل الماء,الضغط,تحليل الماء,الضغط,0.7284201383590698,0.7537832260131836,0.7408847212791443,Incorrect
3024,ما هي الكمية الوسطية للأوزون في الغلاف الجوي؟,ANSWER: 30 نانومول/م³,300 DU,30 نانومول/م³,300 DU,0.6756010055541992,0.7252930998802185,0.6995657086372375,Incorrect
3027,ما هو النكليد الإشعاعي المماكب الذي يشيع استخدامه في التشخيص الطبي؟,ANSWER: تشخيص نموذجي بالنسبة,التكنسيوم - 99,تشخيص نموذجي بالنسبة,التكنسيوم - 99,0.6720280647277832,0.6803709864616394,0.676173746585846,Incorrect
3041,كيف يتغير نصف القطر الذري عبر الدور الثالث من اليسار إلى اليمين؟,ANSWER: تغيير نصف القطر الذري بالتحول الدوراني,يتناقص,تغيير نصف القطر الذري بالتحول الدوراني,يتناقص,0.6327754855155945,0.704793393611908,0.6668456196784973,Incorrect
3054,إذا كان الإشعاع وحيد الطول الموجي فمن أي نوع من الفوتونات يكون مؤلفاً؟,ANSWER: فوتون غamma (Gamma Photon),المتساوية الطاقات,فوتون غamma (Gamma Photon),المتساوية الطاقات,0.6076139807701111,0.6268744468688965,0.6170939207077026,Incorrect
3056,ما هي الأمواج الميكانيكية التي تنشأ عن الوحدات المحركة في الألياف ولا تدركها الأذن؟,ANSWER: ألوان الصوتية العالية (High-frequency sound waves),الأمواج تحت الصوتية,ألوان الصوتية العالية (High-frequency sound waves),الأمواج تحت الصوتية,0.7000197172164917,0.7763720750808716,0.7362215518951416,Incorrect
3064,ما هو مصدر العنصر المشع الذي يعطى للمريض عند استخدام تقنية التصوير SPECT؟,ANSWER: راديوايسود,لأشعة غاما .,راديوايسود,لأشعة غاما .,0.6892484426498413,0.7091858386993408,0.6990750432014465,Incorrect
3065,ما نوع الصورة التي نحصل عليها في التصوير الومضاني للجزء المصور من جسم المريض؟,ANSWER: صورة ثلاثية الأبعاد,ثنائية البعد .,صورة ثلاثية الأبعاد,ثنائية البعد .,0.7452815771102905,0.7759945392608643,0.7603280544281006,Incorrect
3066,إذا تضيق قطر الشريان إلى ثلث قيمته الأصلية عند مريض مصاب بمرض وعائي وقلبي وبقي هبوط الضغط فيه على حاله، إلى كم ينخفض معدل جريان الدم؟,ANSWER: 50%,81/1 من قيمته الأصلية .,50%,81/1 من قيمته الأصلية .,0.6644227504730225,0.6326462030410767,0.6481452584266663,Incorrect
3096,ما هي السكريات التي لا تحتاج أثناء امتصاصها من الأمعاء الدقيقة لوجود الصوديوم؟,ANSWER: سكريات الغلوتامين,الفركتوز.,سكريات الغلوتامين,الفركتوز.,0.7212795615196228,0.749536395072937,0.7351365685462952,Incorrect
3099,ما هو الأنزيم المعوي الذي يحول مولد التربسين إلى تربسين؟,ANSWER: بويكلين,الإنتيروكيناز.,بويكلين,الإنتيروكيناز.,0.672211229801178,0.6630386710166931,0.6675934791564941,Incorrect
3100,ما هو العامل الهرموني الذي يحرض إفراز عصارة بنكرياسية غنية بالإنزيمات الهاضمة؟,ANSWER: هرمون المستعجل,الكوليسيستوكينين CCK,هرمون المستعجل,الكوليسيستوكينين CCK,0.6574841737747192,0.646145224571228,0.6517654061317444,Incorrect
3101,ما هو الإنزيم الذي يفكك سكر اللبن (اللاكتوز) إلى غلوكوز وغالاكتوز؟,ANSWER: لاكتاز,اللاكتاز.,لاكتاز,اللاكتاز.,0.8675299882888794,0.8367377519607544,0.8518556952476501,Correct
3109,ما هو مستودع الصفراء خارج أوقات الهضم والذي يعمل على تكثيفها؟,ANSWER: أدوية الكلسيات المتعلقة بالماء,المرارة.,أدوية الكلسيات المتعلقة بالماء,المرارة.,0.6624325513839722,0.7301974296569824,0.6946662664413452,Incorrect
3115,ما هي الشوارد التي يكون تركيزها أقل في اللعاب منه في البلازما؟,ANSWER: هيماتوكريوز,صوديوم وكلور.,هيماتوكريوز,صوديوم وكلور.,0.6582873463630676,0.6797503232955933,0.6688466668128967,Incorrect
3117,ما هو الهرمون الذي يحفز إفراز عصارة بنكرياسية غنية بالأنزيمات الهاضمة؟,ANSWER: هرمون الفشار العصبي (ADH),الكوليسيستوكينين CCK,هرمون الفشار العصبي (ADH),الكوليسيستوكينين CCK,0.6978293657302856,0.6803382635116577,0.6889728307723999,Incorrect
3118,ما هو السكر الذي لا يحتاج للصوديوم من أجل عملية امتصاصه؟,ANSWER: سكر الداعم المتبلور,الفركتوز.,سكر الداعم المتبلور,الفركتوز.,0.7275352478027344,0.7522732615470886,0.7396973967552185,Incorrect
3120,ما هو الناقل العصبي الذي يتحرر من العصبونات بعد العقدة في القسم الودي؟,ANSWER: نرويك الودي,النورابينفرين أو الأستيل كولين.,نرويك الودي,النورابينفرين أو الأستيل كولين.,0.704352080821991,0.6932449340820312,0.6987543702125549,Incorrect
3121,ما الذي يحدد نمط استجابة العضو المعصب بواسطة الجهاز العصبي المستقل (استثارة أو تثبيط)؟,ANSWER: نسبة عصبية,نمط المستقبلات الموجودة في العضو.,نسبة عصبية,نمط المستقبلات الموجودة في العضو.,0.7542957067489624,0.7221054434776306,0.7378496527671814,Incorrect
3127,ما هو الناقل الكيميائي الذي تحرره جميع العصبونات قبل العقدة؟,ANSWER: Acetylcholine (ACh),الأستيل كولين.,Acetylcholine (ACh),الأستيل كولين.,0.6093761920928955,0.6306070685386658,0.6198098063468933,Correct
3130,ما هو الناقل العصبي الذي يتحرر من طرفيات جميع الألياف اللاودية بعد العقدية؟,ANSWER: فيسكولاريون العصبي,أستيل كولين.,فيسكولاريون العصبي,أستيل كولين.,0.6819676160812378,0.7057534456253052,0.6936566829681396,Incorrect
3140,ما هي الميزة التي تتمتع بها قنوات IF في النسيج العقدي القلبي التي تمكنها من توليد التنبيه عفوياً؟,ANSWER: إملاء بالبروتاين,عندما تنفتح يتجاوز التيار الداخل من الصوديوم التيار الخارج من البوتاسيوم,إملاء بالبروتاين,عندما تنفتح يتجاوز التيار الداخل من الصوديوم التيار الخارج من البوتاسيوم,0.6334922313690186,0.584220826625824,0.6078596711158752,Incorrect
3141,ما هي الفائدة الوظيفية من التأخير الزمني في كمون الفعل لمدة 0.1 ثانية عند مروره في العقدة الأذينية البطينية؟,ANSWER: تحسين التنبؤ المستقبلي,إنهاء تقلص الأذينات قبل بدء تقلص البطينات.,تحسين التنبؤ المستقبلي,إنهاء تقلص الأذينات قبل بدء تقلص البطينات.,0.7158961296081543,0.7079364061355591,0.7118940353393555,Incorrect
3147,ماذا يحدث للبطينات في حال توقف العقدة الجيبية الأذينية عن العمل؟,ANSWER: تصاب البطينات العقدة الجيبية الأذينية,تتباطأ انقباضاتها,تصاب البطينات العقدة الجيبية الأذينية,تتباطأ انقباضاتها,0.6688995957374573,0.689967930316925,0.6792704463005066,Incorrect
3149,ما هو سبب ظهور طور الهضبة في كامن فعل العضلة القلبية؟,ANSWER: تغير شكل القلب,دخول شوارد الكالسيوم.,تغير شكل القلب,دخول شوارد الكالسيوم.,0.7545571327209473,0.7098504304885864,0.7315213680267334,Incorrect
3152,ما هو سبب طور الهضبة في كمون عمل الليف العضلي القلبي؟,ANSWER: تغير حركة القلب,الكالسيوم.,تغير حركة القلب,الكالسيوم.,0.6502771973609924,0.6629092693328857,0.6565324664115906,Incorrect
3175,ما هي المناطق التي تطبق عليها المعالجة الإشعاعية في علاج أورام الخصية من النمط المنوي؟,ANSWER: عضلات العظمة العلوية والسفلية,سلسلة العقد اللمفاوية الحرقفية والأبهرية,عضلات العظمة العلوية والسفلية,سلسلة العقد اللمفاوية الحرقفية والأبهرية,0.7823231220245361,0.7719920873641968,0.7771232724189758,Incorrect
3180,ما هي الأورام التي لا تعتبر المعالجة الشعاعية معالجة شافية لها إذا استخدمت لوحدها في المراحل المبكرة؟,ANSWER: أورام العظم المتحركة غير المرئية,الثدي,أورام العظم المتحركة غير المرئية,الثدي,0.6789035797119141,0.6979686617851257,0.68830406665802,Incorrect
3186,ما هي الجرعة الكلية الموصى بها في حال تقرر إجراء تشعيع وقائي للقحف بجرعة ٢ غري في كل جلسة؟,ANSWER: جرعة انتهائية للاستمرارية,٣٠ غري,جرعة انتهائية للاستمرارية,٣٠ غري,0.6445468068122864,0.6803116202354431,0.6619464755058289,Incorrect
3187,ما هو الزمن الأقل الفاصل بين كل جلستين عند إجراء المعالجة الشعاعية بطريق التجزئة المفرطة؟,ANSWER: 1-2 أيام,٦ ساعات,1-2 أيام,٦ ساعات,0.7059673070907593,0.7611615657806396,0.7325262427330017,Incorrect
3191,ما الذي يحول مولد الببسين إلى ببسين؟,ANSWER: تحول المولد إلى ببسين (Development into meconium),حمض كلور الماء الموجود في المعدة.,تحول المولد إلى ببسين (Development into meconium),حمض كلور الماء الموجود في المعدة.,0.6661422848701477,0.6912938356399536,0.6784850358963013,Incorrect
3202,ما هو سبب حدوث عمى ربعي علوي أيمن مماثل؟,ANSWER: تهاجم دورة بروتينية,الفصل الصدغي,تهاجم دورة بروتينية,الفصل الصدغي,0.6841506361961365,0.6983330249786377,0.6911690831184387,Incorrect
3207,ما هي المدة الزمنية التي يتطور خلالها الصداع المزمن؟,ANSWER: 2-3 أسابيع,4أسابيع,2-3 أسابيع,4أسابيع,0.7174617052078247,0.7572751641273499,0.73683100938797,Incorrect
3209,ما هو نوع الصداع غير النابض ثنائي الجانب الذي قد يرتبط بتشنج عضلات الرقبة؟,ANSWER: صداع غير نابض ثنائي الجانب - الرقبة (Hernia non-communicating bilateral - Lumbar),صداع التوتر,صداع غير نابض ثنائي الجانب - الرقبة (Hernia non-communicating bilateral - Lumbar),صداع التوتر,0.6022312641143799,0.7511947154998779,0.6685152053833008,Incorrect
3284,أين يحدث التكيس للجيارديا اللمبلية؟,ANSWER: عضلة الجيارديا اللمبلية,أثناء التغوط,عضلة الجيارديا اللمبلية,أثناء التغوط,0.7129958868026733,0.7358477115631104,0.7242416143417358,Incorrect
3288,ما هي الذبابة ذهبية العيون Chrysop ثوي ناقل له؟,ANSWER: ناقل الدهب العيون (Chrysoid),اللوا لوا,ناقل الدهب العيون (Chrysoid),اللوا لوا,0.6617543697357178,0.688341498374939,0.6747861504554749,Incorrect
3293,ما هي الفترة الزمنية الذي تظهر فيها إيجابية اختبار سابين فيلدمان بعد العدوى به؟,ANSWER: 14 يوماً بعد العدوى,1-2 أسبوع,14 يوماً بعد العدوى,1-2 أسبوع,0.7052651643753052,0.6776058673858643,0.6911588907241821,Correct
3315,ما الذي تنتهي به المرحلة الخارج خلوية للمتصورات؟,ANSWER: فاصل المتصورات الخارجي,الأقاسيم المتحركة,فاصل المتصورات الخارجي,الأقاسيم المتحركة,0.7415398955345154,0.7431347966194153,0.7423364520072937,Incorrect
3335,أين تتكاثر خبيطيات الفخرية البنكروفتية؟,ANSWER: جنب الكلم الإنتهائي,الأوعية اللمفاوية للانسان,جنب الكلم الإنتهائي,الأوعية اللمفاوية للانسان,0.7196375727653503,0.7189745903015137,0.7193059325218201,Incorrect
3336,ما هو المرض الذي يستخدم عقار melarsporol في علاجه؟,ANSWER: سرطان الكلى,المثقبية الغامبية,سرطان الكلى,المثقبية الغامبية,0.7391040921211243,0.6915186643600464,0.7145199775695801,Incorrect
3338,ما هو الخمج الطفيلي الذي يمكن أن ينتقل من شخص لآخر؟,ANSWER: إنفيكس حامل,المرمية الدودية,إنفيكس حامل,المرمية الدودية,0.7051217555999756,0.6907135248184204,0.6978432536125183,Incorrect
3341,ما هي أفضل أماكن الخزع التشخيصية القندية في جسم الإنسان؟,ANSWER: عضلات الظهر والظهر الخلفي,الطحال,عضلات الظهر والظهر الخلفي,الطحال,0.682931125164032,0.7194472551345825,0.7007138133049011,Incorrect
3365,ما هو المسبب لداء هجرة اليرقات الجلدي؟,ANSWER: غياب الاندروجين,الديدان القوسية,غياب الاندروجين,الديدان القوسية,0.696631669998169,0.7200936079025269,0.7081683874130249,Incorrect
3371,ما هو العلاج المناسب للمتحولة العصبية naegleria fowleri؟,ANSWER: علاج خاص,الأمفوتريسين,علاج خاص,الأمفوتريسين,0.6983269453048706,0.639251708984375,0.6674847602844238,Incorrect
3386,أين تتوضع يرقات الأسطوانية الوعائية عند الإنسان؟,ANSWER: في العظم العظمي العلوي الأمامي,الجهاز العصبي المركزي,في العظم العظمي العلوي الأمامي,الجهاز العصبي المركزي,0.729012131690979,0.7364072799682617,0.7326910495758057,Incorrect
3408,ما هو الشكل المعدي للإنسان من متفرعة الخصية الصينية؟,ANSWER: شكل متفرع عظم الجنين الصيني,خليفة المذنبة,شكل متفرع عظم الجنين الصيني,خليفة المذنبة,0.7000031471252441,0.7066317200660706,0.7033018469810486,Incorrect
3410,أين تتوضع الأسطوانية البرازية عند الإنسان؟,ANSWER: في العظم الجنيني الأمامي,الجزء الأمامي من الصائم,في العظم الجنيني الأمامي,الجزء الأمامي من الصائم,0.8046939373016357,0.7784685492515564,0.7913639545440674,Incorrect
3472,ما هو العصب الذي يصاب في متلازمة قاع الحجاج؟,ANSWER: عصب القاع الحجاجي,العصب الفكي العلوي,عصب القاع الحجاجي,العصب الفكي العلوي,0.8011221885681152,0.817409336566925,0.8091838359832764,Incorrect
3499,ما هو تعريف الحول المتقارب؟,ANSWER: حول متقارب,يتلاقي فيها محورا الرؤية في نقطة تقع أمام الجسم المنظور,حول متقارب,يتلاقي فيها محورا الرؤية في نقطة تقع أمام الجسم المنظور,0.725829005241394,0.6653321981430054,0.6942651867866516,Incorrect
3514,ما هي أسباب حدوث فيض الدمع Epiphora؟,ANSWER: أسباب متعددة (Multiple causes),نقص في التصريف,أسباب متعددة (Multiple causes),نقص في التصريف,0.665854811668396,0.6460028290748596,0.6557785868644714,Incorrect
3527,أين تقع حفيرة البكرة في الجدار العلوي للحجاج؟,ANSWER: فوق الحجاج العلوية الأمامية,الأمامي الأنسي,فوق الحجاج العلوية الأمامية,الأمامي الأنسي,0.766671359539032,0.7716832160949707,0.7691690921783447,Incorrect
3542,ما هي النسبة التي تشكلها القرنية من سطح غلاف كرة العين الليفي؟,ANSWER: 1/3,السدس الأمامي,1/3,السدس الأمامي,0.682781457901001,0.6661645174026489,0.6743706464767456,Incorrect
3554,ما هو أكثر تنكسات القرنية شيوعاً؟,ANSWER: أكثر شيوعاً: تنكسات الأسنان العلوية,القوس الشيخية,أكثر شيوعاً: تنكسات الأسنان العلوية,القوس الشيخية,0.6747862100601196,0.7248532176017761,0.6989242434501648,Incorrect
3580,ما هي الحالات التي تشاهد فيها الرؤية المزدوجة الأحادية الجانب؟,ANSWER: حالة الدوامة الدويلة (Diplopia),تحت خلع العدسة,حالة الدوامة الدويلة (Diplopia),تحت خلع العدسة,0.7159428596496582,0.7150776386260986,0.7155100107192993,Incorrect
3601,ما هو المرض الذي يشاهد فيه حلقة كاي زر- فليشر عند المرضى؟,ANSWER: فيروس هيب,داء ويلسون,فيروس هيب,داء ويلسون,0.7719131708145142,0.756187915802002,0.7639696002006531,Incorrect
3607,ما الذي يجب فعله في الحالات المعندة وغير المستجيبة للعلاج في الورم الكاذب للحجاج؟,ANSWER: إنتاج البوليمير,يجب اخذ خزعة من الورم,إنتاج البوليمير,يجب اخذ خزعة من الورم,0.7712123394012451,0.7354525327682495,0.7529080510139465,Incorrect
3609,ما هي النتائج التي تؤدي إليها إصابة الشعبة العينية من العصب الخامس في متلازمة الشق الحجاجي العلوي؟,ANSWER: عين علوية غير رائعة,فقد حس الملتحمة والقرنية,عين علوية غير رائعة,فقد حس الملتحمة والقرنية,0.7134819030761719,0.6835346221923828,0.6981872916221619,Incorrect
3620,ما هو التشخيص الأقرب لمريض عمره 65 سنة لديه فقد رؤية في النصف العلوي من الساحة البصرية مع بدء مفاجئ؟,ANSWER: عملية تحديد التشخيص الفشلية البصرية (OCT),التهاب العصب البصري الاقفاري,عملية تحديد التشخيص الفشلية البصرية (OCT),التهاب العصب البصري الاقفاري,0.7617607116699219,0.7820507287979126,0.7717723250389099,Incorrect
3667,ما الذي يدل عليه ظهور تقبب على شكل حويصل أسود في قعر القرحة القرنية الجرثومية؟,ANSWER: تقبب قرحة جرثومية,تقبب غشاء ديسميه وخطر انثقابه,تقبب قرحة جرثومية,تقبب غشاء ديسميه وخطر انثقابه,0.7907276153564453,0.7767124772071838,0.7836573719978333,Incorrect
3680,ما هي الطريقة التالية لتقدير حدة البصر لدى المريض إذا لم يتمكن من قراءة أكبر أحرف اللوحة؟,ANSWER: تقدير حدة البصر بواسطة لوحة بصرية صغيرة,بعد أصابع الفاحص,تقدير حدة البصر بواسطة لوحة بصرية صغيرة,بعد أصابع الفاحص,0.6987509727478027,0.7129651308059692,0.7057864665985107,Incorrect
3683,ما الذي يشكو منه المريض في الحول الشللي عند البالغين؟,ANSWER: أردويل,رؤية مزدوجة,أردويل,رؤية مزدوجة,0.6867445111274719,0.6813566088676453,0.6840399503707886,Incorrect
3700,متى ينعدم يوروبيلينوجين البول؟,ANSWER: في العمر المتوسط,اليرقان الانسدادي,في العمر المتوسط,اليرقان الانسدادي,0.7182729244232178,0.6859356164932251,0.7017319202423096,Incorrect
3702,في الاحتباس الصفراوي ما هو الانزيم الأفضل للوصول للتشخيص؟,ANSWER: هيموglobin السائل,ALT,هيموglobin السائل,ALT,0.5033475160598755,0.6148985624313354,0.5535591244697571,Incorrect
3713,ما هي نتيجة رحلان البروتينات في الالتهابات الحادة؟,ANSWER: تكاثر المادة العضلية,ترتفع الموجة a_2غلوبيولين وترتفع الموجة a_1غلوبيولين,تكاثر المادة العضلية,ترتفع الموجة a_2غلوبيولين وترتفع الموجة a_1غلوبيولين,0.6841359734535217,0.6298750638961792,0.6558851599693298,Incorrect
3720,ما هو المركب الذي يتم اصطناعه بدءا من الحموض الأمينية؟,ANSWER: بوتيريل فوسفات (Potassium Phosphate),أمونيا,بوتيريل فوسفات (Potassium Phosphate),أمونيا,0.5701051950454712,0.6755529642105103,0.6183658838272095,Incorrect
3730,ما هي أعراض فقر الدم بعوز الحديد عند المريض؟,"ANSWER: همorrhage, هيبرتنية, تهاب الكلى, تهاب الجهاز المنحرف الدماوي",الشحوب,"همorrhage, هيبرتنية, تهاب الكلى, تهاب الجهاز المنحرف الدماوي",الشحوب,0.5985249280929565,0.6678025722503662,0.6312687397003174,Incorrect
3731,ما هي الحالة التي تعاني منها مريضة عمرها 44 سنة تشكو من تعب عام وكانت قيمة البولة الدموية 140 ملغ/دل وقيمة الكرياتنين 6 ملغ/دل وحمض البول 4 ملغ/دل؟,ANSWER: عمرية تعب وهيبة الكرياتين وحمض البول العالي,اليوريميا,عمرية تعب وهيبة الكرياتين وحمض البول العالي,اليوريميا,0.6213138103485107,0.6743313670158386,0.646737813949585,Incorrect
3733,ما هو سبب تشمع الكبد عند مريض عمره 12 سنة؟,ANSWER: تهاجم هيماتوماتيكي,داء ويلسون,تهاجم هيماتوماتيكي,داء ويلسون,0.6799043416976929,0.6943576335906982,0.6870549917221069,Incorrect
3734,ما هو الاحتمال الأكثر ترجيحاً لسبب تشمع الكبد عند مريض عمره 12 سنة؟,ANSWER: تهاجم فيروسي,داء ويلسون,تهاجم فيروسي,داء ويلسون,0.7060575485229492,0.7076859474182129,0.7068708539009094,Incorrect
3736,ما هو تصنيف مريض عنده الغلوكوز 210 ملغ / دل؟,ANSWER: تبويب الدابل 210 ملغ / دل,مريض سكري,تبويب الدابل 210 ملغ / دل,مريض سكري,0.6714274883270264,0.7300083637237549,0.6994935870170593,Incorrect
3737,ما هو تصنيف مريض تم تحليل الغلوكوز الصيامي له فكانت النتيجة 128 ملغ/دل؟,ANSWER: غلوكوزية داخلية متعمدة (DM),مريض سكري,غلوكوزية داخلية متعمدة (DM),مريض سكري,0.7168706655502319,0.7268717288970947,0.7218365669250488,Correct
3738,ما هو المركب الذي يعتبر ايتلين ديامين تترا استات مركباً لاقطاً له؟,ANSWER: ايتلين ترازومب,الكالسيوم,ايتلين ترازومب,الكالسيوم,0.6893447637557983,0.6970205903053284,0.6931614279747009,Incorrect
3739,ما هو المركب الذي يستخدم في تدبير حمى البحر الأبيض المتوسط؟,ANSWER: جيب نافورا,الكولشيمين,جيب نافورا,الكولشيمين,0.6901890635490417,0.6906920671463013,0.6904405355453491,Incorrect
3742,ما هو النمط التحسسي الذي يعود إليه داء الفقاع المحرض دوائياً؟,ANSWER: نمط التحسس المتكرر,الثاني.,نمط التحسس المتكرر,الثاني.,0.5458125472068787,0.6209424734115601,0.5809586048126221,Incorrect
3743,ما هي آلية تأثير المركب دابيريدامول؟,ANSWER: تأثير على النظام الهضمي,تثبيط PDE,تأثير على النظام الهضمي,تثبيط PDE,0.7211462259292603,0.7150098085403442,0.7180649042129517,Incorrect
3774,"ما هي جرعة الدواء عند طفل وزنه 17,5 كغ إذا كانت جرعة البالغ 100 ملغ؟","ANSWER: 7,5 ملغ",25 ملغ.,"7,5 ملغ",25 ملغ.,0.7586557269096375,0.8179452419281006,0.7871856093406677,Incorrect
3792,ما هو معدل التصفية الكلوية للكرياتينين عند رجل عمره 40 سنة ومستوى كرياتينين الدم 1 ملغ/دل ووزنه 72 كغ؟,ANSWER: كليوزا جينية نورمالة,100,كليوزا جينية نورمالة,100,0.633463978767395,0.6783155798912048,0.6551230549812317,Incorrect
3804,ما هي الخلايا التي تقوم بإفراز بروتين برفورين الذي يفتح ثقوب في غشاء الخلية الهدف؟,ANSWER: فيبرينوزيم,الخلايا القاتلة.,فيبرينوزيم,الخلايا القاتلة.,0.6788948774337769,0.7178955078125,0.6978507041931152,Incorrect
3807,كيف يتأثر الغاز كلما زاد وزنه الجزيئي؟,ANSWER: زيادة ضغط الغاز,انخفض معدل الانتشار.,زيادة ضغط الغاز,انخفض معدل الانتشار.,0.7885534167289734,0.7805795669555664,0.7845461964607239,Incorrect
3809,ما هو المبدأ الأساسي للتشتت؟,ANSWER: تشتت عضلية,الانتشار,تشتت عضلية,الانتشار,0.729630708694458,0.7315911054611206,0.730609655380249,Incorrect
3810,ما هو العامل الذي يسرع العامل السابع تشكله؟,ANSWER: أدرار العمود الشمسي,الثالث,أدرار العمود الشمسي,الثالث,0.5751000046730042,0.6524645686149597,0.6113443970680237,Incorrect
3813,ما هو السائل الموجود داخل الخلايا؟,ANSWER: ريحة الخلايا (cytoplasm),السيتوبلازما.,ريحة الخلايا (cytoplasm),السيتوبلازما.,0.6617381572723389,0.6959824562072754,0.6784284710884094,Incorrect
3816,ما هي مقدرة شخص على إدراك منبهين لمسيين مطبقين على منطقة من سطح الجسم على أنهما منفصلان؟,ANSWER: نعم يمكنهم,تمييز حس النقطتين,نعم يمكنهم,تمييز حس النقطتين,0.7313261032104492,0.7157297134399414,0.723443865776062,Incorrect
3817,ما هو سبب عدم قدرة ألياف الجهاز العصبي المركزي على التجدد؟,ANSWER: دام بالتناسل الدماوي,غياب غمد شوان,دام بالتناسل الدماوي,غياب غمد شوان,0.702095627784729,0.7066571712493896,0.7043690085411072,Incorrect
3820,ما هو المجال الذي تكون فيه النسخ السيتولوجية شفافة نسبياً؟,ANSWER: تشخيص الأمراض الجنسية الخارجية,تحت الأحمر القريب,تشخيص الأمراض الجنسية الخارجية,تحت الأحمر القريب,0.7019109725952148,0.7137439250946045,0.7077779769897461,Incorrect
3823,ما هو العامل الرئيسي الذي يحدد ارتباط الأكسجين بخضاب الدم؟,ANSWER: هيموglobin,الضغط الجزئي للأوكسجين في الدم PO2.,هيموglobin,الضغط الجزئي للأوكسجين في الدم PO2.,0.6337584257125854,0.6114674806594849,0.6224134564399719,Incorrect
3828,ما الذي يؤدي إليه العامل ٣ مع الكالسيوم؟,ANSWER: حساسية العظم العقلية,تلقيم راجع إيجابي للثرومبين.,حساسية العظم العقلية,تلقيم راجع إيجابي للثرومبين.,0.6853265762329102,0.6822116374969482,0.6837655305862427,Incorrect
3831,متى يزداد الانحلال في التلاسيميا؟,ANSWER: في الزمن الطويل,التعرض للشدة والحمى.,في الزمن الطويل,التعرض للشدة والحمى.,0.7070652842521667,0.7017331123352051,0.7043890953063965,Incorrect
3832,ما هو الفيتامين الأساسي في عملية تشكيل عوامل التخثر؟,ANSWER: فيتامين D,K,فيتامين D,K,0.5692196488380432,0.6577475070953369,0.6102898716926575,Incorrect
3838,ما هو المستوى من الفيزيولوجيا الذي تنتمي إليه دراسة آلية وتوليد ونقل كوامن الفعل في القلب؟,ANSWER: سطح الفيزيولوجي الاتريولوجي,النسيجي,سطح الفيزيولوجي الاتريولوجي,النسيجي,0.7115291357040405,0.763440728187561,0.7365714311599731,Incorrect
3839,أين توجد المستقبلات النيكوتينية؟,ANSWER: أنابيب النيكوتين,العقدة الجيبية الأذينية في القلب,أنابيب النيكوتين,العقدة الجيبية الأذينية في القلب,0.7017876505851746,0.711786150932312,0.7067515254020691,Incorrect
3848,ما الذي تعتمد عليه سرعة انتشار الأوكسجين عبر غشاء الخلية؟,ANSWER: Myoglobin,مقدار ذوبانه في الشحوم,Myoglobin,مقدار ذوبانه في الشحوم,0.6127020716667175,0.6161575317382812,0.6144249439239502,Incorrect
3852,ماذا يحدث عندما يصل التيروكسين إلى المستوى الدوراني المطلوب؟,ANSWER: تحديد الحيلة الجنسية,تتوقف الغدة النخامية عن افراز THS,تحديد الحيلة الجنسية,تتوقف الغدة النخامية عن افراز THS,0.7319376468658447,0.6916091442108154,0.7112022042274475,Incorrect
3853,ما هي الوظيفة الرئيسية للعقدة الأذينية البطينية في الحالات السوية؟,ANSWER: توصيل الصوت,توليد إشارات تجعلها ناظمة للقلب,توصيل الصوت,توليد إشارات تجعلها ناظمة للقلب,0.799623966217041,0.7107082605361938,0.7525488138198853,Incorrect
3855,ما هي العوامل التي تحرض إفراز عصارة بنكرياسية غنية بالإنزيمات؟,ANSWER: عدم التناسل والتغذية غير متبادلة,الأستيل كولين والكوليسيستوكينين,عدم التناسل والتغذية غير متبادلة,الأستيل كولين والكوليسيستوكينين,0.7057480216026306,0.669041633605957,0.686904788017273,Incorrect
3857,أين يتم إعادة امتصاص القسم الأعظم من الماء المرتشح؟,ANSWER: عضلة المرتشح العظمية,النبيبات الدانية,عضلة المرتشح العظمية,النبيبات الدانية,0.7400717735290527,0.7801160216331482,0.7595664858818054,Incorrect
3861,ما هو سبب الصوت الأول للقلب؟,ANSWER: تحرك القلب,انغلاق الصمامات الأذينية البطينية,تحرك القلب,انغلاق الصمامات الأذينية البطينية,0.7584133744239807,0.6742868423461914,0.7138802409172058,Incorrect
3866,ما هي الخلايا التي تمتلك أسرع معدل لزوال الاستقطاب؟,ANSWER: هيمويوست,العقدة الجيبية الأذينية.,هيمويوست,العقدة الجيبية الأذينية.,0.6784568428993225,0.6586098074913025,0.6683859825134277,Incorrect
3868,ما هو الذي وظيفته تسريع عملية تشكل الترومبوبلاستين الصفيحي؟,ANSWER: فيزوكون,العامل السابع,فيزوكون,العامل السابع,0.6979033946990967,0.7010092735290527,0.6994528770446777,Incorrect
3869,ما الذي يعمل على تسهيل الانتقال بين الشهيق والزفير؟,ANSWER: عضلة المنفصل المتوسطة,مركز التنفس الجسري,عضلة المنفصل المتوسطة,مركز التنفس الجسري,0.7384755611419678,0.7416995167732239,0.7400841116905212,Incorrect
3871,ما الذي يزداد في الأسناخ الرئوية؟,ANSWER: حمل الأسناخ الرئوية,بتضيق فوهة القصيبات,حمل الأسناخ الرئوية,بتضيق فوهة القصيبات,0.7171589732170105,0.7004004716873169,0.7086806893348694,Incorrect
3872,ما يعرف بالموجهة الجسدية؟,ANSWER: إنتهاء الجسم (Terminalis),هرمون النمو,إنتهاء الجسم (Terminalis),هرمون النمو,0.7208360433578491,0.7434695959091187,0.7319778800010681,Incorrect
3874,ما هي العقدة الرأسية للجهاز العصبي المستقل؟,ANSWER: نور الرأس,الوطاء,نور الرأس,الوطاء,0.800829291343689,0.8068574666976929,0.8038321137428284,Incorrect
3876,ما هي المحطة الرئيسية الدماغية التي تتكامل فيها وظائف الجهاز العصبي المستقل مع وظائف البنى العصبية الأخرى؟,ANSWER: حبل الجبل العصبي,الوطاء,حبل الجبل العصبي,الوطاء,0.7826536893844604,0.8092957139015198,0.7957517504692078,Incorrect
3880,ما هو الناقل العصبي المحرر من طرفيات الألياف بعد العقدية في القسم الودي؟,ANSWER: فيروفوكسين العصبي,الاستيل كولين أو النور أدرينالين,فيروفوكسين العصبي,الاستيل كولين أو النور أدرينالين,0.6924756169319153,0.6822876334190369,0.6873438358306885,Incorrect
3891,ما هو الدور المهم الذي تؤديه خلايا سيرتولي في الخصية؟,ANSWER: تنقل المواد,تغذية النطاف,تنقل المواد,تغذية النطاف,0.8232045769691467,0.7523179650306702,0.7861665487289429,Incorrect
3897,ما هو الذي يروي النسيج الضام للرئة؟,"ANSWER: عضلة الرئة العظمية (Bone of the skull, Os skullae)",الفروع القصبية للأبهر.,"عضلة الرئة العظمية (Bone of the skull, Os skullae)",الفروع القصبية للأبهر.,0.6660557985305786,0.7143526077270508,0.6893593072891235,Incorrect
3902,ما هي البوابات التي تتحكم بنفوذية القنوات للشوارد التي تسهم في تشكيل كامن الفعل؟,ANSWER: بوابات الشوارد العضلية,القنوات المبوبة بالفولطاج,بوابات الشوارد العضلية,القنوات المبوبة بالفولطاج,0.7399125099182129,0.7144879102706909,0.7269780039787292,Incorrect
3909,ما هي أجهزة التحكم والضبط والمراقبة في الجسم؟,ANSWER: أجهزة التحكم العصبية (CNSystem),العصبى الصماوى,أجهزة التحكم العصبية (CNSystem),العصبى الصماوى,0.6832621693611145,0.7087046504020691,0.695750892162323,Incorrect
3914,ما هي المواد التي تحررها نهايات المحاوير العصبية في المشابك والموصلات المشبكية؟,ANSWER: أكسيد الألمونيوم والكبريت,النواقل عصبية,أكسيد الألمونيوم والكبريت,النواقل عصبية,0.6233178377151489,0.6910337209701538,0.6554313898086548,Incorrect
3916,ماذا ينقل الترانسفيرين؟,ANSWER: دم أو دمويات,الحديدي,دم أو دمويات,الحديدي,0.6975457072257996,0.7286111116409302,0.7127401232719421,Incorrect
3918,ما هو الإحساس الذي يمكن أن يُدرك كلياً في المهاد؟,ANSWER: دورة المهاد العقلية,حس الألم,دورة المهاد العقلية,حس الألم,0.7734012603759766,0.7887778282165527,0.7810138463973999,Incorrect
3919,أين توجد المستقبلات المسكارينية؟,ANSWER: في العينين الأمامية,الخلايا المستجيبة للتنبيه بالعصبونات الكولينية الفعل بعد العقدية,في العينين الأمامية,الخلايا المستجيبة للتنبيه بالعصبونات الكولينية الفعل بعد العقدية,0.7589597105979919,0.6976970434188843,0.72704017162323,Incorrect
3930,ما هي الزمرة الدموية إذا كانت الكرية الحمراء لا تحوي مولد ارتصاص؟,ANSWER: داخلية كرية حمراء,O,داخلية كرية حمراء,O,0.6226664781570435,0.6848474144935608,0.6522783637046814,Incorrect
3935,ما هو ناظم القلب؟,ANSWER: نودوس القلب (ventriculus sinister),العقدة الجيبية.,نودوس القلب (ventriculus sinister),العقدة الجيبية.,0.6141834259033203,0.663455069065094,0.6378691792488098,Incorrect
3941,ما الذي يشكله الجهاز الانزيمي في الخلايا البطانية السليمة اعتباراً من حمض الاراشيدونيك؟,ANSWER: هيدروجين سولفات,الترومبوكسان A2,هيدروجين سولفات,الترومبوكسان A2,0.7186684012413025,0.7055649757385254,0.7120563983917236,Incorrect
3948,ما الذي تتناسب معه سرعة النقل في الألياف العصبية اللانخاعينية؟,ANSWER: فيزون ويلسون,الجذر التربيعي ل قطر الليف,فيزون ويلسون,الجذر التربيعي ل قطر الليف,0.657968282699585,0.6487678289413452,0.6533356308937073,Incorrect
3958,أين تقع أجسام عصبونات المرتبة الثانية للإحساسات المنقولة بمسلك العمود الظهري؟,ANSWER: حيث المرافق العصبية الثانية,المهاد,حيث المرافق العصبية الثانية,المهاد,0.655941367149353,0.7006128430366516,0.6775415539741516,Incorrect
3960,ما هي العوامل التي تتناسب معها سرعة الانتشار البسيط؟,ANSWER: عمر وجنس وعلاج قليل,طردا مع مدروج تركيز المادة المنتشرة,عمر وجنس وعلاج قليل,طردا مع مدروج تركيز المادة المنتشرة,0.6930561065673828,0.6688700318336487,0.6807483434677124,Incorrect
3962,ما هي آلية تحرر شوارد الكالسيوم من الشبكة الهيولية في العضلات الهيكلية؟,ANSWER: دراسة الشبكة الهيولية والتخلص من الكالسيوم,الانتشار,دراسة الشبكة الهيولية والتخلص من الكالسيوم,الانتشار,0.6654189229011536,0.6892213821411133,0.677111029624939,Incorrect
3964,ما الذي يؤكد الدور الأهم للمراكز الشوكية والبصلية في وظيفة الجهاز العصبي المستقل؟,ANSWER: تحميل المعلومات والتحكم,عدم حدوث تبدلت مهمة في وظائف الجهاز العصبي المستقبل عند قطع جذع الدماغ فوق مستوى البصلة,تحميل المعلومات والتحكم,عدم حدوث تبدلت مهمة في وظائف الجهاز العصبي المستقبل عند قطع جذع الدماغ فوق مستوى البصلة,0.6885409355163574,0.6632814407348633,0.6756752133369446,Incorrect
3965,ما هو الهدف الأساسي للنقل الفاعل عبر الغشاء؟,ANSWER: تحرير الدم,الحفاظ على مدروج تركيز مرتفع للمادة عبر الغشاء,تحرير الدم,الحفاظ على مدروج تركيز مرتفع للمادة عبر الغشاء,0.7246364951133728,0.6620035171508789,0.6919054388999939,Incorrect
3968,ما الذي يتأثر بتغير كمية الأوكسجين في الأسناخ؟,ANSWER: هيموglobin,الأوعية الدموية للسنخ,هيموglobin,الأوعية الدموية للسنخ,0.6269093155860901,0.6370058059692383,0.6319172382354736,Incorrect
3975,ما هي أقصى مدة لحفظ الدم؟,ANSWER: 42 يوم,20 يوم,42 يوم,20 يوم,0.926084280014038,0.926084280014038,0.926084280014038,Incorrect
3978,ماذا يحدث عندما تكون تهوية السنخ أعلى من ترويته الدموية؟,ANSWER: تهوية سنخ أعلى من ترويته الدموية (Epistaxis alta),حيز ميت فيزيولوجي,تهوية سنخ أعلى من ترويته الدموية (Epistaxis alta),حيز ميت فيزيولوجي,0.6390027403831482,0.6596381068229675,0.6491564512252808,Incorrect
4000,ما هي الحالات التي تزداد فيها كمية الماء الموجودة في الأحياز الخاصة؟,ANSWER: إنتاج الأحياز المختلفة,الجنب وانصباب الجنب,إنتاج الأحياز المختلفة,الجنب وانصباب الجنب,0.7242903709411621,0.6954763531684875,0.7095910310745239,Incorrect
4001,ما هو الهرمون المطلق للموجهة القشرية؟,ANSWER: هرمون الدهان الموجهة القشرية (Gonadotropin),CRH,هرمون الدهان الموجهة القشرية (Gonadotropin),CRH,0.5756328105926514,0.6818546652793884,0.6242573857307434,Incorrect
4004,ما هي الشاردة الإيجابية الأساسية في السائل داخل الخلوي؟,ANSWER: هيكل الربيعي,بوتاسيوم,هيكل الربيعي,بوتاسيوم,0.7049576044082642,0.7058199048042297,0.7053884863853455,Incorrect
4013,ما هو نوع المصل الذي يحمله شخص من الزمرة الدموية B؟,ANSWER: هيموليت,يحوي الراصة Anti A,هيموليت,يحوي الراصة Anti A,0.6621629595756531,0.6474806666374207,0.654739499092102,Incorrect
4016,ما هي الحالة التي يكون فيها انقلاب الصيغة أكثر شيوعاً؟,ANSWER: حالة الدولوبية المتكررة,الأطفال.,حالة الدولوبية المتكررة,الأطفال.,0.5962753891944885,0.6907835006713867,0.6400596499443054,Incorrect
4026,ما هو حجم الضربة (Stroke Volume)؟,ANSWER: حجم الضربة (Stroke Volume) هو مقدار الدم الذي ينتقل بالدماوي العام في كل ضربة للقلب.,كمّية الدم التي يضخها البطين الأيمن في ضربة واحدة,حجم الضربة (Stroke Volume) هو مقدار الدم الذي ينتقل بالدماوي العام في كل ضربة للقلب.,كمّية الدم التي يضخها البطين الأيمن في ضربة واحدة,0.7196910381317139,0.7538162469863892,0.7363584637641907,Correct
4034,ما هي أقصى كمية هواء يمكن استنشاقها زيادة على كمية الحجم الجاري السوية؟,ANSWER: إنتاج الهواء الاضطراري,حجم الشهيق المخر,إنتاج الهواء الاضطراري,حجم الشهيق المخر,0.7627873420715332,0.7505312561988831,0.7566097378730774,Incorrect
4040,ما هي الآلية التي يتم من خلالها التنظيم المديد للجريان الموضعي؟,ANSWER: شبكة فيلتر,إفراز الأنجيوجنين وعامل النمو البطاني.,شبكة فيلتر,إفراز الأنجيوجنين وعامل النمو البطاني.,0.6994149684906006,0.6644464135169983,0.6814824342727661,Incorrect
4045,ما هي الشوارد التي تسبب قوى الجذب بين خيوط الاكتين والميوزين مما يؤدي إلى انزلاق بعضها على بعض؟,ANSWER: فولاتين بين الكاتين والميوزين,الكالسيوم,فولاتين بين الكاتين والميوزين,الكالسيوم,0.6354396343231201,0.678607702255249,0.6563146114349365,Incorrect
4060,ما هو الهدف من آلية المزلاج في العضلات الملساء؟,ANSWER: تقليل الدورة الحياة,تحافظ على تقلّص مقوٍمديد فى العضلات الملمس باستخدام كمية قليلة جداً من الطاقه,تقليل الدورة الحياة,تحافظ على تقلّص مقوٍمديد فى العضلات الملمس باستخدام كمية قليلة جداً من الطاقه,0.7227832674980164,0.6411200761795044,0.6795068979263306,Incorrect
4062,ما هي الخلايا الدبقية التي تشكل جزء من الحاجز الوعائي الدموي؟,ANSWER: جزيئات بلودية,الخلايا النجمية,جزيئات بلودية,الخلايا النجمية,0.7497107982635498,0.7494431734085083,0.7495769262313843,Incorrect
4065,ما هي الآلية التي يتم من خلالها التنظيم المديد للضغط الشرياني؟,ANSWER: قناة الشريان,افراز الانجيوجينين وعامل النمو البطاني,قناة الشريان,افراز الانجيوجينين وعامل النمو البطاني,0.7497121095657349,0.6809953451156616,0.713703453540802,Incorrect
4069,ما هي المستقبلة الأسرع تلاؤماً؟,ANSWER: إنتاج السرطان العظمي المتقاعد,باشيني.,إنتاج السرطان العظمي المتقاعد,باشيني.,0.645082950592041,0.7109825015068054,0.6764314770698547,Incorrect
4074,لماذا لا تتمكن الألياف العصبية المركزية من التجديد؟,ANSWER: إنعاض الألياف العصبية المركزية,عدم وجود غمد شوان,إنعاض الألياف العصبية المركزية,عدم وجود غمد شوان,0.619227409362793,0.6751224994659424,0.6459680199623108,Incorrect
4083,ما هي كمية الهواء الموجودة في الرئتين في نهاية شهيق سوي؟,ANSWER: 0 (Zero),السعة الوظيفية المدخرة + الحجم الجاري,0 (Zero),السعة الوظيفية المدخرة + الحجم الجاري,0.6990926861763,0.5985435247421265,0.6449224948883057,Incorrect
4086,ما هي الفائدة الوظيفية من التأخير الزمني لكامن الفعل لمدة 0.1 ثانية عند مروره في العقدة الأذينية البطينية؟,ANSWER: تحسين التنبؤ المستقبلي,إنهاء تقلص الأذينات قبل تقلص البطينات,تحسين التنبؤ المستقبلي,إنهاء تقلص الأذينات قبل تقلص البطينات,0.7137819528579712,0.694150447845459,0.7038293480873108,Incorrect
4093,ما هي المواد التي يقتصر عليها الامتصاص المعدي؟,ANSWER: ألواح الحديد والزنك,الماء والشوارد,ألواح الحديد والزنك,الماء والشوارد,0.7649933099746704,0.7764095664024353,0.7706592082977295,Incorrect
4094,ما هو المركب الذي يتشكل من تفاعل الهيموغلوبين مع حمض أو قلوي؟,ANSWER: هيموسيليت,هيماتين.,هيموسيليت,هيماتين.,0.7382746934890747,0.7688053846359253,0.7532308101654053,Incorrect
4095,ما الذي يتناسب إفراغه عكسياً مع إفراغ الهيدروجين؟,ANSWER: هيدروكسيليزم,البوتاسيوم,هيدروكسيليزم,البوتاسيوم,0.7161332964897156,0.721254289150238,0.7186846137046814,Incorrect
4096,ما هو الغشاء الكبيبي نفوذ له؟,ANSWER: غشاء كبيبي النفوذي (Peritoneal Dialysis Catheter),الالبومين.,غشاء كبيبي النفوذي (Peritoneal Dialysis Catheter),الالبومين.,0.5688361525535583,0.6635280847549438,0.6125441789627075,Incorrect
4097,ما هو المسؤول عن إرسال السيالات في العصبونات؟,ANSWER: عين العصب,المحوار,عين العصب,المحوار,0.8051949739456177,0.790060818195343,0.7975560426712036,Incorrect
4098,ما هو المستوى الذي يعتبر ضخ الدم مثالاً على دراسته؟,ANSWER: 100 mmHg,الأعضاء,100 mmHg,الأعضاء,0.5956995487213135,0.6455628871917725,0.6196296811103821,Incorrect
4101,ما هي العملية التي يتم بها تحويل النورادرينالين إلى أدرينالين؟,ANSWER: خوارزمية الدخول النورادرينالين,ميتلة,خوارزمية الدخول النورادرينالين,ميتلة,0.6459911465644836,0.7021456360816956,0.6728988885879517,Incorrect
4103,ما الذي يشكل جسراً بين ألياف الكولاجين والصفيحات الدموية؟,ANSWER: سينوت,الترومبوكسان A2,سينوت,الترومبوكسان A2,0.7129920721054077,0.6889994740486145,0.7007904648780823,Incorrect
4108,ما هي الفائدة الوظيفية من وجود الكليونات المجاورة للّب؟,ANSWER: تحمل الكليونات الفائدة الوظيفية في التوفير الكيميائي للبوتاسيوم,زيادة القدرة على تكثيف البول,تحمل الكليونات الفائدة الوظيفية في التوفير الكيميائي للبوتاسيوم,زيادة القدرة على تكثيف البول,0.6902174353599548,0.7336320877075195,0.7112628221511841,Incorrect
4121,ما هو السبب الذي يحمي العضلة القلبية من التكزز؟,ANSWER: عضلة الحركة العظمية العلوية,طول فترة كامن فعل الليف العضلي القلبي,عضلة الحركة العظمية العلوية,طول فترة كامن فعل الليف العضلي القلبي,0.7861827611923218,0.7615116834640503,0.773650586605072,Incorrect
4122,ما هو الهرمون الذي يخضع لتأثير مزدوج منبه ومثبط من الوطاء؟,ANSWER: أدراجلين,GH,أدراجلين,GH,0.6911718845367432,0.7141742706298828,0.7024848461151123,Incorrect
4127,أين تقع المساحة الصغرى في ساحة الحس الأولية عند الإنسان؟,ANSWER: نقطة المريخ الأولى (Point of Monro 1),الجذع,نقطة المريخ الأولى (Point of Monro 1),الجذع,0.6168861389160156,0.6767746806144714,0.6454441547393799,Incorrect
4131,ما هو مصدر الATP الذي تحتاجه الليفات العضلية بشدة؟,ANSWER: غليظة الدهون المتبلورة (Mitochondria),المتقدرات الغزيرة الموازية للبيفات,غليظة الدهون المتبلورة (Mitochondria),المتقدرات الغزيرة الموازية للبيفات,0.6822317838668823,0.7116166949272156,0.6966145038604736,Incorrect
4134,ما هو الذي يفعل السبيل الخارجي للتخثر؟,ANSWER: عضلة المنتصف الخلفية,رض الأنسجة,عضلة المنتصف الخلفية,رض الأنسجة,0.7452405691146851,0.7643840312957764,0.754690945148468,Incorrect
4137,ما الذي تتناسب معه سرعة انتشار الغاز عبر الغشاء التنفسي عكسياً؟,ANSWER: تناسب السرعة بالمنخفضة,ثخانة الغشاء,تناسب السرعة بالمنخفضة,ثخانة الغشاء,0.7334924340248108,0.7575060129165649,0.7453057765960693,Incorrect
4147,ما هي القيمة العظمى لضغط الأوكسجين في الأسناخ عند زيادة التهوية السنخية في الحالات السوية؟,ANSWER: 20-30 mmHg,149 ملم زئبقي,20-30 mmHg,149 ملم زئبقي,0.6351954340934753,0.6708238124847412,0.6525236368179321,Incorrect
4148,أين يحدث الامتصاص بشكل أساسي؟,ANSWER: داخل الطعام,الامعاء الدقيقة,داخل الطعام,الامعاء الدقيقة,0.7935227751731873,0.7700358629226685,0.7816029787063599,Incorrect
4149,ما هو الهرمون الذي يتم إفرازه نتيجة الشدة (الكروب)؟,ANSWER: ادراديلين (Adrenaline),الكورتيزول,ادراديلين (Adrenaline),الكورتيزول,0.6848361492156982,0.6996766328811646,0.692176878452301,Incorrect
4152,ما هي آلية تحرر شوارد الكالسيوم من الشبكة الهيولية في العضلات الهيكلية؟,ANSWER: دراسة الشبكة الهيولية والتخلص من الكالسيوم,الانتشار,دراسة الشبكة الهيولية والتخلص من الكالسيوم,الانتشار,0.6654189229011536,0.6892213821411133,0.677111029624939,Incorrect
4157,ماذا يسبب التنبيه اللاودي على القلب؟,ANSWER: إصابة القلب بالتهابات أو الأمراض الداخلية,تباطؤ ضربات القلب.,إصابة القلب بالتهابات أو الأمراض الداخلية,تباطؤ ضربات القلب.,0.7501206398010254,0.8017531037330627,0.7750779390335083,Incorrect
4159,ما هو المسؤول عن زوال الاستقطاب؟,ANSWER: نظام الهيماتيوز,دخول شوارد الصوديوم,نظام الهيماتيوز,دخول شوارد الصوديوم,0.7301168441772461,0.724318265914917,0.7272059917449951,Incorrect
4164,ما هو الرقم الهيدروجيني الطبيعي للبول؟,ANSWER: رقم الهيدروجيني للبول: 17,بين 4.7 و 8,رقم الهيدروجيني للبول: 17,بين 4.7 و 8,0.5838547945022583,0.6171220541000366,0.6000276803970337,Incorrect
4172,ماذا يحدث عند وصول كمية كبيرة من NaCl إلى اللطخة الكثيفة؟,ANSWER: تعرض للإصابة الحليبية,تقبيض الشرين الوارد,تعرض للإصابة الحليبية,تقبيض الشرين الوارد,0.7675503492355347,0.7552247643470764,0.7613376975059509,Incorrect
4175,ما هي كمية الدم التي تمر في نقطة معينة من الدوران خلال فترة محددة من الزمن؟,ANSWER: قدر الدم المنقول في الوقت المحدد,تدفق الدم,قدر الدم المنقول في الوقت المحدد,تدفق الدم,0.7082581520080566,0.7688554525375366,0.7373138666152954,Correct
4179,ما هو الانزيم المعوي الذي يقوم بهضم الدسم في الأمعاء؟,ANSWER: هيموglobin C (HbC),الليباز,هيموglobin C (HbC),الليباز,0.5912013053894043,0.6697731018066406,0.6280393004417419,Incorrect
4193,ماذا يسبب نقص فيتامين B12 وحمض الفوليك؟,ANSWER: أنابيوليز وغياب الدهون المنقولة,فقر دم زائد الصباغ زائد الحجم,أنابيوليز وغياب الدهون المنقولة,فقر دم زائد الصباغ زائد الحجم,0.6631052494049072,0.6876450777053833,0.6751522421836853,Incorrect
4195,ما هي وظيفة الصمامات القلبية؟,ANSWER: تحكم الدورة الدموية,توجيه مجرى الدم باتجاه واحد,تحكم الدورة الدموية,توجيه مجرى الدم باتجاه واحد,0.7769113183021545,0.7464247941970825,0.7613629698753357,Incorrect
4196,ما هو المستوى الذي يعد عليه تنظيم الضغط الشرياني؟,ANSWER: درجة حافة القلب,الأجهزه,درجة حافة القلب,الأجهزه,0.7129321694374084,0.6978607177734375,0.7053159475326538,Incorrect
4202,ما هو نوع العضلات الذي يمتاز بخاصية الارتخاء بعد الكرب؟,ANSWER: عضلات الكربونات,العضلات وحيدة الوحدة الحشوية,عضلات الكربونات,العضلات وحيدة الوحدة الحشوية,0.7861719727516174,0.7623677253723145,0.7740868926048279,Incorrect
4209,ما هو أسرع أجزاء الجهاز الناقل في القلب في توصيل السيالة؟,ANSWER: عضلة القلب العلوية الأقصاء (Ventriculus dexter),ألياف بوركنج.,عضلة القلب العلوية الأقصاء (Ventriculus dexter),ألياف بوركنج.,0.6071011424064636,0.6450901031494141,0.625519335269928,Incorrect
4219,ما هو اسم الأسناخ التي يصلها دم ولا يصلها هواء؟,ANSWER: ثواني الدم,التحويلة الفيزيولوجية,ثواني الدم,التحويلة الفيزيولوجية,0.6994751691818237,0.6538673043251038,0.6759027242660522,Incorrect
4221,ما هي الطريقة التي يمكن بها تحرير النص الفعال حيوياً بتقنية الأسر الصوتي؟,ANSWER: تقنية الأسر الصوتية المباشرة,تفعيله بالامتصاص مستدعي الفوتونه,تقنية الأسر الصوتية المباشرة,تفعيله بالامتصاص مستدعي الفوتونه,0.7069768309593201,0.6860992312431335,0.6963815689086914,Incorrect
4222,ما هي الشاردة ذات التركيز الأكبر داخل العصبون؟,ANSWER: دهون العصبون العظمية العظمية,البوتاسيوم,دهون العصبون العظمية العظمية,البوتاسيوم,0.6892024278640747,0.6903783082962036,0.689789891242981,Incorrect
4223,ما هو العظم الذي يتمفصل معه الغضروف الطرجهالي؟,ANSWER: عظم الجنين,الغضروف الحلقي,عظم الجنين,الغضروف الحلقي,0.7702661752700806,0.7497549057006836,0.7598721385002136,Incorrect
4226,ماذا يحدث في طور الانقباض الأذيني؟,ANSWER: تحرك المنظرات,الصمامات الأذينية البطينية مفتوحة و السينية مغلقة,تحرك المنظرات,الصمامات الأذينية البطينية مفتوحة و السينية مغلقة,0.7239137291908264,0.6786487698554993,0.7005507946014404,Incorrect
4231,ما هو الحجم الرئوي الذي يزداد مع التقدم بالعمر؟,ANSWER: حجم الجسم الوزني,الحجم المتبقي.,حجم الجسم الوزني,الحجم المتبقي.,0.7910975217819214,0.7878667712211609,0.7894788980484009,Incorrect
4237,ما الذي يحرض إفراز عصارة غنية بالإنزيمات الهاضمة من البنكرياس؟,ANSWER: بنكرياس الفيروسية,CCK,بنكرياس الفيروسية,CCK,0.6801841855049133,0.725632905960083,0.7021739482879639,Incorrect
4243,ما الذي يتمثل به زوال استقطاب البطينات على مخطط القلب؟,ANSWER: إنفار بطينات القلب,الموجة QRS.,إنفار بطينات القلب,الموجة QRS.,0.6745748519897461,0.7092822790145874,0.6914933323860168,Incorrect
4245,ما هو العامل المحرض على زيادة إفراز الألدوستيرون؟,ANSWER: تلوث البيئة والتعدين,زيادة تركيز البوتاسيوم في السائل خارج الخلوي,تلوث البيئة والتعدين,زيادة تركيز البوتاسيوم في السائل خارج الخلوي,0.7341471910476685,0.6948034167289734,0.7139337062835693,Incorrect
4246,ما هي الطريقة المستخدمة لحل الخثرة إذا تشكلت في أوعية القلب والرئتين؟,ANSWER: فرصة بيولوجية أو جراحة بيولوجية,البلازمين,فرصة بيولوجية أو جراحة بيولوجية,البلازمين,0.627956748008728,0.6585635542869568,0.6428961157798767,Incorrect
4247,ما الذي تسمح به خاصية الارتخاء بعد الكرب للأعضاء الجوفاء التي تحوي عضلات ملساء؟,ANSWER: عدم وجود عضلات ملساء,المحافظة على مقدار الضغط نفسه على الرغم من تغير الحجم ضمن حدود معينة,عدم وجود عضلات ملساء,المحافظة على مقدار الضغط نفسه على الرغم من تغير الحجم ضمن حدود معينة,0.6877987384796143,0.6788768768310547,0.6833086609840393,Incorrect
4249,ما هو معدل التهوية السنخية؟,ANSWER: نسبة التهوية السنخية,كمية الهواء الذي يصل للمناطق التنفسية مضروب,نسبة التهوية السنخية,كمية الهواء الذي يصل للمناطق التنفسية مضروب,0.7780112028121948,0.7381772398948669,0.7575709819793701,Incorrect
4255,متى يتوقف التقلص العضلي؟,ANSWER: لا يوقف التقلص العضلي,ارتباط الكالسيوم بالتربونين,لا يوقف التقلص العضلي,ارتباط الكالسيوم بالتربونين,0.6863062381744385,0.679106593132019,0.6826874613761902,Incorrect
4258,ما هي عصبونات المرتبة الثانية في المسلك الظهري؟,"ANSWER: عصبونات الثانية في المسلك الظهري: العصبونات الثانية في المسلك الظهري تتوافق مع العصبونات الثانية في المسلك الشمسي. تتوافق هذه العصبونات مع العصبونات الثانية في المسلك الأرضي وتتوافق معها في الموقع والترتيب. في اللغة العربية، يُعرف هذا المجموعة من العصبونات باسم ""عصبونات المرتبة الثانية"" أو ""عصبونات المرتب",النواتين الناحلة واإلسفينية,"عصبونات الثانية في المسلك الظهري: العصبونات الثانية في المسلك الظهري تتوافق مع العصبونات الثانية في المسلك الشمسي. تتوافق هذه العصبونات مع العصبونات الثانية في المسلك الأرضي وتتوافق معها في الموقع والترتيب. في اللغة العربية، يُعرف هذا المجموعة من العصبونات باسم ""عصبونات المرتبة الثانية"" أو ""عصبونات المرتب",النواتين الناحلة واإلسفينية,0.5880810022354126,0.6435257196426392,0.6145553588867188,Incorrect
4265,ما هو القشراني المعدني الرئيسي؟,ANSWER: عضلة الجنين العظمية الأولى والثانية,الالدوسترون (معدني),عضلة الجنين العظمية الأولى والثانية,الالدوسترون (معدني),0.640529215335846,0.6820380091667175,0.6606322526931763,Incorrect
4266,ما هي أقل أنسجة الجسم البشري احتواءً على الماء؟,ANSWER: دم الجسم,الدهنى,دم الجسم,الدهنى,0.761633038520813,0.7537851333618164,0.7576887607574463,Incorrect
4270,ما هو طليعة الانزيم الذي يتحول إلى شكله الفعال تحت تأثير الخنثرين؟,ANSWER: انزيم الفيروزيم,العامل الحادي عشر,انزيم الفيروزيم,العامل الحادي عشر,0.6956931352615356,0.7009522318840027,0.6983128190040588,Incorrect
4277,ما هي الآلية التي يستطيع من خلالها الجهاز التنفسي تأمين كميات كبيرة من الأكسجين أثناء التمارين المجهدة؟,ANSWER: دمغ الدماغ,يحصل كامل التبادل الغازي للأكسجين خلال قطع الدم ثلث المسافة عبر الوعاء الشعري.,دمغ الدماغ,يحصل كامل التبادل الغازي للأكسجين خلال قطع الدم ثلث المسافة عبر الوعاء الشعري.,0.6711158752441406,0.6128537654876709,0.6406629681587219,Incorrect
4278,ما الذي يحول الببسين إلى مولد ببسين؟,ANSWER: تحويل الببسين إلى مولد ببسين: تحويل الببسين الخارجي إلى ببسين داخلي,حمض كلور الماء,تحويل الببسين إلى مولد ببسين: تحويل الببسين الخارجي إلى ببسين داخلي,حمض كلور الماء,0.6067600250244141,0.6521989107131958,0.6286594867706299,Incorrect
4280,ما هي الوظائف التي يتآزر فيها الجهازان الودي واللاودي؟,ANSWER: إنتاج السمنة والتناسل,تنظيم افراز اللعاب,إنتاج السمنة والتناسل,تنظيم افراز اللعاب,0.7297289371490479,0.7521089315414429,0.7407498955726624,Incorrect
4281,من أين يتم إفراز الإريثروبويتين؟,ANSWER: كلية العين,الكلية,كلية العين,الكلية,0.731376051902771,0.7805712223052979,0.7551732659339905,Incorrect
4282,ما الجزء من الأجسام الضدية من IgG التي يتم قطعها وأخذها في المراكز الحديثة؟,ANSWER: فراغ البلدية (Periplasmic space),الجزء المفرط التغير,فراغ البلدية (Periplasmic space),الجزء المفرط التغير,0.6505140662193298,0.6968786716461182,0.6728986501693726,Incorrect
4284,ما الذي يؤدي إلى نقصان حجم الدفقة بزيادته؟,ANSWER: تهاجم نسبي,معدل دقات القلب.,تهاجم نسبي,معدل دقات القلب.,0.699995219707489,0.7209528088569641,0.710319459438324,Incorrect
4285,ما تدعى الترنجات العشوائية لشدة الإشعاع المترابط المنتشرة انتشاراً متعدداً؟,ANSWER: سرطان الترنجات العشوائية,البقع,سرطان الترنجات العشوائية,البقع,0.6822910308837891,0.7426220774650574,0.711179256439209,Incorrect
4286,ما هو المسؤول عن إعادة الاستقطاب؟,ANSWER: الطبيب الجراح,دخول شوارد الصوديوم,الطبيب الجراح,دخول شوارد الصوديوم,0.7301721572875977,0.7047572135925293,0.7172396183013916,Incorrect
4287,ما هي المادة التي تشتق منها الهرمونات الأمينية؟,ANSWER: دهون الشعر المنقوشة (Glandulae suprarenales),التيروزين,دهون الشعر المنقوشة (Glandulae suprarenales),التيروزين,0.5668938159942627,0.6563440561294556,0.6083483695983887,Incorrect
4296,كيف يؤدي التأثير الحاصر غير المباشر تأثيره على الجهاز العصبي المستقل؟,ANSWER: إنفاق العصب,إنقاص فعالية العصبون قبل المشبكي,إنفاق العصب,إنقاص فعالية العصبون قبل المشبكي,0.8361704349517822,0.753534197807312,0.7927045226097107,Incorrect
4297,ما هو الطريق الهندسي الذي يمكن للضوء أن يقطعه في الخلاء مضروبا بقرينة انكسار الوسط؟,ANSWER: فراغ بورت هارت,المسار الضوئي,فراغ بورت هارت,المسار الضوئي,0.6711341142654419,0.6620997190475464,0.6665863394737244,Incorrect
4298,ما هي الألياف العصبية التي تتميز بالنقل القفزي؟,ANSWER: فيبر العصبي,الألياف المغمدة بالنخاعين,فيبر العصبي,الألياف المغمدة بالنخاعين,0.7502173781394958,0.7132009863853455,0.73124098777771,Incorrect
4299,ما هو الكمون تقريباً عندما يتكون الليف نفوذ لشوارد البوتاسيوم فقط؟,ANSWER: نفوذ بوتاسيومي,سالب 94 ميلي فولط,نفوذ بوتاسيومي,سالب 94 ميلي فولط,0.6673808097839355,0.6456629037857056,0.6563422083854675,Incorrect
4302,ماذا ينقص في حال نقص المتناول من الماء؟,ANSWER: تهاب العينين (Conjunctivitis),حجم البول,تهاب العينين (Conjunctivitis),حجم البول,0.6500859260559082,0.7519187927246094,0.6973041296005249,Incorrect
4307,ما هو الجزء الذي يملك فعالية ATPase؟,ANSWER: سلمة الريبوسومي,رأس الميوزين,سلمة الريبوسومي,رأس الميوزين,0.7881639003753662,0.8117231130599976,0.7997700572013855,Incorrect
4308,أين يوجد مركز العطش؟,ANSWER: عضلة العطش,الوطاء,عضلة العطش,الوطاء,0.7260875701904297,0.7628785967826843,0.7440285682678223,Incorrect
4310,أين يحدث الامتصاص بشكل رئيسي؟,ANSWER: داخل المعدة العظمية,أمعاء دقيقة,داخل المعدة العظمية,أمعاء دقيقة,0.6520283818244934,0.6791430115699768,0.6653095483779907,Incorrect
4311,ما هو الناقل العصبي الذي تحرره الألياف قبل العقدية في القسمين الودي ونظير الودي؟,ANSWER: Fasciculus cervicis medialis و Fasciculus cervicis lateralis,الأستيل كولين,Fasciculus cervicis medialis و Fasciculus cervicis lateralis,الأستيل كولين,0.606634259223938,0.646548330783844,0.6259556412696838,Incorrect
4315,ما هو الصوت الذي يسمع عند بدء الانبساط البطيني؟,ANSWER: سونوغرام,الثاني,سونوغرام,الثاني,0.6137388944625854,0.6868885159492493,0.6482566595077515,Incorrect
4317,ما الذي يُنقص الإفراز المعدي؟,ANSWER: عضلة العظمة العلوية,السكرتين,عضلة العظمة العلوية,السكرتين,0.7130603790283203,0.7368995547294617,0.7247839570045471,Incorrect
4321,كيف يتم إلغاء التأثير التثبيطي للتروبونين؟,ANSWER: إنهاء تروبونين - بوصفة,الكالسيوم,إنهاء تروبونين - بوصفة,الكالسيوم,0.647563636302948,0.649177610874176,0.6483696103096008,Incorrect
4322,ما هي الوظائف التي يتآزر فيها القسمين الودّي ونظير الودّي للجهاز العصبي المستقل؟,ANSWER: عمليات التحكم والتشخيص,تنظيم إفراز اللعاب,عمليات التحكم والتشخيص,تنظيم إفراز اللعاب,0.718489408493042,0.737427294254303,0.7278351783752441,Incorrect
4332,ماذا يؤدي نقص تركيز الأوكسجين في الأسناخ؟,ANSWER: تعرض الجسم للتهابات الدهنية,تقبض الأوعية الدموية لهذه الأسناخ.,تعرض الجسم للتهابات الدهنية,تقبض الأوعية الدموية لهذه الأسناخ.,0.7441331148147583,0.7354406118392944,0.7397612929344177,Incorrect
4335,ما هي الظاهرة التي تحدث عندما تتجمع المراكز المثارة ويستطيع الإشعاع أن ينتشر مرات كثيرة؟,ANSWER: إصابة المراكز المثارة المتجمعة,الانتثار المتعدد,إصابة المراكز المثارة المتجمعة,الانتثار المتعدد,0.7469853162765503,0.7762450575828552,0.7613341808319092,Incorrect
4341,ما هو المسؤول عن تحفيز تحرر الكالسيوم من الشبكة الهيولية؟,ANSWER: عضلة الكلية العلوية الأمامية (Parathyroid gland),كامن الفعل,عضلة الكلية العلوية الأمامية (Parathyroid gland),كامن الفعل,0.6094027757644653,0.6758582592010498,0.6409124732017517,Incorrect
4343,ما هي آلية عمل الحاصرات الغير مباشرة في الجهاز العصبي المستقل؟,ANSWER: عينات العصب المستقلة (Synapses),تنقص فعالية العصبون قبل المشبكي,عينات العصب المستقلة (Synapses),تنقص فعالية العصبون قبل المشبكي,0.7447699308395386,0.742641031742096,0.7437039017677307,Incorrect
4349,ما هو نمط المستقبلات الموجودة في العضو؟,ANSWER: نمط المستقبلات المتكرر,إرخاء مصرة المثانة,نمط المستقبلات المتكرر,إرخاء مصرة المثانة,0.6878710985183716,0.6882467269897461,0.6880588531494141,Incorrect
4352,ما الذي يؤدي إلى انخفاض ضغط الدم عند زيادته؟,ANSWER: زيادة العدد الجسمي,قطر الاوعية الدموية,زيادة العدد الجسمي,قطر الاوعية الدموية,0.803205668926239,0.7469907999038696,0.7740790247917175,Incorrect
4353,ما هي الحالات التي تنقص فيها سرعة موجة النبض؟,ANSWER: أمراض القلب والأنفلونزا,بازدياد المرونة.,أمراض القلب والأنفلونزا,بازدياد المرونة.,0.6744651198387146,0.7166006565093994,0.6948947310447693,Incorrect
4356,ما هي الخلايا التي تستجيب للعصبونات بعد العقد اللاودية؟,ANSWER: جذور العصب العقلية,الأستيل كولين,جذور العصب العقلية,الأستيل كولين,0.6845478415489197,0.6817958354949951,0.6831690073013306,Incorrect
4360,ما هو الجزء من النفرون الكتيم تماماً للماء؟,ANSWER: الجزء المياهي,الجزء الصاعد من عروة هانله,الجزء المياهي,الجزء الصاعد من عروة هانله,0.7675748467445374,0.6873190402984619,0.7252334356307983,Incorrect
4361,أين يتم تخرب الكريات الحمر بشكل رئيسي؟,ANSWER: المعدة العظمية العلوية,الطحال,المعدة العظمية العلوية,الطحال,0.7242002487182617,0.7598631381988525,0.7416031956672668,Incorrect
4367,ما هو العامل الأساسي الذي يحدد ارتباط الخضاب بالأوكسجين؟,ANSWER: Hemoglobin,ضغط الأوكسجين في الدم.,Hemoglobin,ضغط الأوكسجين في الدم.,0.661414384841919,0.6722041964530945,0.6667656302452087,Incorrect
4369,ما هو العامل الذي تفرزه الكلية ويؤثر في تشكيل الكريات الحمر؟,ANSWER: هيموبلاستين,التروميو موديولين,هيموبلاستين,التروميو موديولين,0.7289233207702637,0.7193073034286499,0.724083423614502,Incorrect
4371,إلام يؤدي زيحان منحنى تفارق الأكسجين الخضاب نحو اليمين؟,ANSWER: إنتهاء المنحنى الزيحاني,نقص النسبة المئوية لإشباع الخضاب بالأكسجين,إنتهاء المنحنى الزيحاني,نقص النسبة المئوية لإشباع الخضاب بالأكسجين,0.7004320621490479,0.6739078760147095,0.6869140267372131,Incorrect
4373,ما الذي يشكل غمد النخاعين في الجهاز العصبي المركزي؟,ANSWER: نيرونات البوليسين,الخلايا الدبقية قليلة التغصنات,نيرونات البوليسين,الخلايا الدبقية قليلة التغصنات,0.711129903793335,0.7076942324638367,0.7094078660011292,Incorrect
4378,ما الذي يثبط إفراز الـ FSH؟,ANSWER: عين المرأة,البروجسترون,عين المرأة,البروجسترون,0.7362103462219238,0.6921515464782715,0.7135013937950134,Incorrect
4385,ماذا تمثل الموجة QRS؟,ANSWER: وجهة QRS,زوال استقطاب البطينين,وجهة QRS,زوال استقطاب البطينين,0.7361732721328735,0.7135311365127563,0.7246754169464111,Incorrect
4402,ما الذي يعتمد عليه هرمون النمو في تأثيره على الخلية الهدف؟,ANSWER: هرمون التحكم بالنمو (Growth Factor),السوماتوميدين,هرمون التحكم بالنمو (Growth Factor),السوماتوميدين,0.6405561566352844,0.6630502343177795,0.6516091227531433,Incorrect
4405,ما الذي يضمن سرعة توصيل كامن الفعل إلى جميع أنحاء الليف العضلي؟,ANSWER: نرويج فصلي,انابيب المستعرضة,نرويج فصلي,انابيب المستعرضة,0.7437833547592163,0.7271476984024048,0.7353714108467102,Incorrect
4406,ما الذي يسمع بوضوح في الحالة الطبيعية للإنسان؟,ANSWER: صوت طبيعي,الصوتان الأول و الثاني,صوت طبيعي,الصوتان الأول و الثاني,0.7255140542984009,0.6537020206451416,0.6877385377883911,Incorrect
4410,ماذا يحدث لمعدل الترشيح الكبيبي عندما يصبح ضغط الدم 100 ممز؟,ANSWER: تعرض إلى ضغط دم عالي,يبقي ثابتا,تعرض إلى ضغط دم عالي,يبقي ثابتا,0.7279856204986572,0.7419033050537109,0.7348785400390625,Incorrect
4414,ما هو المستوى الذي يعد عليه تنظيم الضغط الشرياني؟,ANSWER: درجة حافة القلب,الأجهزة,درجة حافة القلب,الأجهزة,0.7085857391357422,0.7297215461730957,0.718998372554779,Incorrect
4424,ما الذي يثبط فعالية جهاز الهضم؟,ANSWER: نفس الهضم,التنبيه اللاودي.,نفس الهضم,التنبيه اللاودي.,0.7473659515380859,0.7328773140907288,0.740050733089447,Incorrect
4437,ما هي الأسباب التي تُعزى إليها ظاهرة الانتشار الخلفي المترابط؟,ANSWER: عوامل متعددة,تموضع ضعيف,عوامل متعددة,تموضع ضعيف,0.7188642621040344,0.683214545249939,0.7005861401557922,Incorrect
4441,ما الذي يحدث مباشرة قبل صوت القلب الثاني؟,ANSWER: قلق القلب الثاني,الموجة T.,قلق القلب الثاني,الموجة T.,0.7099180221557617,0.7065638303756714,0.7082369923591614,Incorrect
4444,ما هو الأنزيم المعوي الذي يحول مولد التربسين إلى تربسين؟,ANSWER: بويكلين,الإنتيروكيناز,بويكلين,الإنتيروكيناز,0.6921801567077637,0.6652308106422424,0.6784380078315735,Incorrect
4448,ما هي أهمية التأخير الذي يحدث أثناء مرور كامن الفعل في العقدة الأذينية البطينية؟,ANSWER: تأخير العلاج,كل ما سبق صحيح.,تأخير العلاج,كل ما سبق صحيح.,0.6630607843399048,0.6842107772827148,0.6734697818756104,Incorrect
4449,ما هو سبب ظهور طور الهضبة في كامن فعل العضلة القلبية؟,ANSWER: تغير شكل القلب,دخول شوارد الكالسيوم.,تغير شكل القلب,دخول شوارد الكالسيوم.,0.7545571327209473,0.7098504304885864,0.7315213680267334,Incorrect
4452,ما الأقنية التي يسبب انتفاحها بطور الهضبة في كمون عمل الليف العضلي القلبي؟,ANSWER: عضلة المنتفخ,الكالسيوم,عضلة المنتفخ,الكالسيوم,0.6600710153579712,0.6938819885253906,0.6765543222427368,Incorrect
4471,ما هو المخطط الذي عبارة عن صندوق ذو قرنين ممتدين بشكل موازي للمحور الشاقولي الذي تتوزع عليه القياسات؟,ANSWER: خط المرحلة المركزية الثلاثية,المخطط الصندوقي,خط المرحلة المركزية الثلاثية,المخطط الصندوقي,0.7449520826339722,0.7310757040977478,0.7379486560821533,Incorrect
4474,ما هو المقياس الذي يسمح بترتيب السمات دون اعتبار لتساوي الفروق بين أي رتبتين؟,ANSWER: استدلال بالمقاييس المقارنة,الرتبي,استدلال بالمقاييس المقارنة,الرتبي,0.6647369861602783,0.7158833146095276,0.6893628239631653,Incorrect
4475,ماذا يعني أن تكون قيمة معامل الارتباط تساوي −0.92؟,ANSWER: علقة ارتباط عام,وجود علاقة عكسية قوية,علقة ارتباط عام,وجود علاقة عكسية قوية,0.8031728267669678,0.7909445762634277,0.7970117926597595,Incorrect
4477,ما هي مصادر البيانات السكانية؟,ANSWER: مصادر البيانات السكانية: مراجع واحصاءات ونتائج الاستطلاعات السكانية,التعداد ومسوح العينة والسجلات السكانية,مصادر البيانات السكانية: مراجع واحصاءات ونتائج الاستطلاعات السكانية,التعداد ومسوح العينة والسجلات السكانية,0.7029573917388916,0.752466082572937,0.7268696427345276,Incorrect
4478,ماذا نحصل عليه بعد تحديد مجتمع الدراسة والعينة وقياس قيم المتغير على أفراد العينة؟,ANSWER: تحليل القيم المتغيرة,البيانات الخام,تحليل القيم المتغيرة,البيانات الخام,0.756826639175415,0.7763683795928955,0.7664729952812195,Incorrect
4480,ما هو نوع المتغير الذي يمثله عدد الكريات الحمر؟,ANSWER: هيموglobin (Hb),عشوائي منفصل,هيموglobin (Hb),عشوائي منفصل,0.6202770471572876,0.6331169605255127,0.6266312003135681,Incorrect
4481,ما هو المقياس الذي تكون فيه قيمة الصفر نسبية وليست مطلقة؟,ANSWER: نسبة النسبة (Percentage Percent),المقياس الفتروي,نسبة النسبة (Percentage Percent),المقياس الفتروي,0.6407124996185303,0.6738333702087402,0.6568557024002075,Incorrect
4482,ما هو مخطط تنظيم البيانات الذي يشبه أسلوب الجداول التكرارية والأعمدة؟,ANSWER: جدول متعدد الأبصار (Matrix),مخطط الساق والورقة,جدول متعدد الأبصار (Matrix),مخطط الساق والورقة,0.7227015495300293,0.7036567330360413,0.7130520343780518,Incorrect
4484,ما هو التوقع الرياضي للعدد الثابت؟,ANSWER: لا يمكن تحديد التوقع الرياضي للعدد الثابت في الطبيعة,العدد الثابت ذاته,لا يمكن تحديد التوقع الرياضي للعدد الثابت في الطبيعة,العدد الثابت ذاته,0.7025425434112549,0.7843249440193176,0.7411845922470093,Incorrect
4491,ما هو التوزيع المستخدم من أجل اختبار الفروض حول معامل الارتباط الخطي؟,ANSWER: توزيع المرفق المتحرك (MRI),ستيودنت بدرجة حرية n-2,توزيع المرفق المتحرك (MRI),ستيودنت بدرجة حرية n-2,0.6689180135726929,0.6661719679832458,0.6675422191619873,Incorrect
4494,ما هو الإحصاء الذي يسعى لعرض وتوضيح سلوك الظاهرة؟,ANSWER: إحصاء السلوك الظاهر,إحصاء وصفي,إحصاء السلوك الظاهر,إحصاء وصفي,0.7575295567512512,0.8360084295272827,0.7948364615440369,Incorrect
4495,ما هو الغرض الرئيسي من حساب معامل الارتباط الخطي؟,ANSWER: تحديد المسافة,قياس قوة العلاقة الخطية بين متغيرين,تحديد المسافة,قياس قوة العلاقة الخطية بين متغيرين,0.7756921052932739,0.7241371870040894,0.7490285634994507,Incorrect
4497,ما هو الخط المنكسر الذي يصل النقاط التي فواصلها مراكز الفئات وترتيبها تكرارات الفئات؟,ANSWER: خط الفئات المنكسر (Fracture Line),المضلع التكراري,خط الفئات المنكسر (Fracture Line),المضلع التكراري,0.7108913064002991,0.7286349534988403,0.7196537852287292,Incorrect
4498,من أين نحصل على المصادر الداخلية لجمع البيانات؟,ANSWER: المصدر الداخلي للبيانات,داخل الشركة أو المؤسسة,المصدر الداخلي للبيانات,داخل الشركة أو المؤسسة,0.686677873134613,0.7114362716674805,0.6988378167152405,Incorrect
4502,ما هو الإحصاء؟,ANSWER: إحصاء الجسم الجيني,أي دالة في العينة لا تتبع وسيط مجهول,إحصاء الجسم الجيني,أي دالة في العينة لا تتبع وسيط مجهول,0.7318812608718872,0.6952224969863892,0.7130810022354126,Incorrect
4505,ماذا يحتسب اليوم إذا قُبل المريض في يوم وتخرج في نفس اليوم؟,ANSWER: يوم واحد كامل,مدة استشفاء,يوم واحد كامل,مدة استشفاء,0.7293047904968262,0.7021660804748535,0.7154781818389893,Incorrect
4508,ما هي طريقة جمع البيانات التي تتناسب مع الأطفال؟,ANSWER: طريقة التحقيق المتعددة الوسائط,الملاحظة,طريقة التحقيق المتعددة الوسائط,الملاحظة,0.5752200484275818,0.5923202633857727,0.5836449265480042,Incorrect
4522,ما هي الدراسات التي بحكم الميدان تنفيذ العمل وجمع البيانات؟,ANSWER: دراسات كلية المديرية الصحية,الدراسات الكيفية,دراسات كلية المديرية الصحية,الدراسات الكيفية,0.758179783821106,0.7734624147415161,0.7657448649406433,Incorrect
4527,ما هو الغرض من استخدام الجداول التكرارية؟,ANSWER: للتعليم والتربية,البيانات الوصفية والكمية,للتعليم والتربية,البيانات الوصفية والكمية,0.7743960618972778,0.7568062543869019,0.7655001282691956,Incorrect
4528,ما هما نوعا البيانات الموجودان؟,ANSWER: بيانات إلكترونية وبيانات غير إلكترونية,كمية ووصفية,بيانات إلكترونية وبيانات غير إلكترونية,كمية ووصفية,0.6703165769577026,0.7085082530975342,0.6888834834098816,Incorrect
4531,ما الذي تعطينا إياه دالة التوزيع الاحتمالي المتجمع؟,ANSWER: توزيع الفردوسي,احتمال ان ياخد المتغير العشوائى x قيمه اقل او تساوى قيمه محددة,توزيع الفردوسي,احتمال ان ياخد المتغير العشوائى x قيمه اقل او تساوى قيمه محددة,0.6359161138534546,0.580496072769165,0.6069436073303223,Incorrect
4541,كل متى يتكرر التعداد السكاني عادة؟,ANSWER: كل 5 سنوات,عشرة أعوام,كل 5 سنوات,عشرة أعوام,0.7565648555755615,0.7483236789703369,0.7524216771125793,Incorrect
4546,ما هو الفارق في عدد السكان بين تعدادين متعاقبين تفصلهما فترة معينة كعشر سنوات؟,ANSWER: فرق السكان الجسدي,التغير المطلق,فرق السكان الجسدي,التغير المطلق,0.7460350394248962,0.7567105293273926,0.7513348460197449,Incorrect
4551,ما هو المسجل الذي يهدف إلى تجميع المعلومات عن المرضى؟,ANSWER: دفتر المستشفي,السجلات الطبية,دفتر المستشفي,السجلات الطبية,0.7415734529495239,0.7527733445167542,0.7471314072608948,Incorrect
4563,ما هي من أقدم الطرق المستخدمة لجمع البيانات لمراقبة الكثير من الظواهر لا سيما التي يصعب السؤال عنها؟,ANSWER: قبل المدة الطويلة,الملاحظة أو المشاهدة,قبل المدة الطويلة,الملاحظة أو المشاهدة,0.700503945350647,0.67566978931427,0.6878628134727478,Incorrect
4564,ما هو المقياس المستخدم لوصف حالة التدخين (مدخن - غير مدخن)؟,ANSWER: إنديكس التدخين (Index smoking),الاسمي,إنديكس التدخين (Index smoking),الاسمي,0.6026784181594849,0.7025325298309326,0.6487858891487122,Incorrect
4566,ما هي الطريقة التي يتم بها الحصول على بيانات تتعلق بضغط الدم وسرعة نبضات القلب ونسبة الكوليسترول في الدم لعينة من المرضى خلال فترة أسبوع؟,ANSWER: اختبار فيبروميكران,التسجيل,اختبار فيبروميكران,التسجيل,0.6728773713111877,0.7114596366882324,0.6916308403015137,Incorrect
4567,ما هي وظائف السجلات الطبية؟,ANSWER: تسجيل الأمراض والعمليات,ترميز الامراض والعمليات .,تسجيل الأمراض والعمليات,ترميز الامراض والعمليات .,0.8575295805931091,0.8445664048194885,0.8509986400604248,Correct
4568,ما هو المقياس الذي يمكن استخدام الطرق الإحصائية الوسيطية فيه؟,ANSWER: سكايل بيسل,النسبي,سكايل بيسل,النسبي,0.7094854116439819,0.7337040901184082,0.721391499042511,Incorrect
4572,ما هو التوزيع الذي يتبعه مربع المتغير العشوائي Z² إذا كان للمتغير العشوائي Z توزيع طبيعي معياري؟,ANSWER: توزيع بينوني-غاوري (Binomial-Gaussian),توزيع كاي مربع بدرجة حرية واحدة,توزيع بينوني-غاوري (Binomial-Gaussian),توزيع كاي مربع بدرجة حرية واحدة,0.6667347550392151,0.7013228535652161,0.6835915446281433,Incorrect
4574,ما هي المنظمة التي وضعت التصنيف الدولي للأمراض؟,ANSWER: WHO (World Health Organization),منظمة الصحة العالمية .,WHO (World Health Organization),منظمة الصحة العالمية .,0.717638373374939,0.7396550178527832,0.728480339050293,Correct
4580,ما هي الجهة المسؤولة عن السجلات الطبية؟,ANSWER: أدارة السجلات الطبية,قسم السجلات الطبية في المشفى,أدارة السجلات الطبية,قسم السجلات الطبية في المشفى,0.8429033756256104,0.8167316317558289,0.8296111226081848,Correct
4586,ما هو التوقع الرياضي لمتحول عشوائي يخضع لتوزيع برنولي؟,ANSWER: توزيع برنولي بالعدد المتساوي,P,توزيع برنولي بالعدد المتساوي,P,0.5487778186798096,0.6420130133628845,0.5917453765869141,Incorrect
4588,ما هو التصنيف الدولي للأمراض؟,ANSWER: ICD-10,ثلاثة أجزاء .,ICD-10,ثلاثة أجزاء .,0.6171939969062805,0.6587327122688293,0.6372871994972229,Incorrect
4589,ما هو المستقيم الذي يكون منحنى التوزيع الطبيعي المعياري مناظراً حوله؟,ANSWER: خط المستقيم الفيسيكي,x=0,خط المستقيم الفيسيكي,x=0,0.6143896579742432,0.6363615989685059,0.6251826286315918,Incorrect
4594,ما هي أيام الخدمة الإجمالية للمرضى الداخليين؟,ANSWER: أيام الإنتاج الجمعي,مجموع خدمة جميع المرضى الداخليين خلال مدة معينة,أيام الإنتاج الجمعي,مجموع خدمة جميع المرضى الداخليين خلال مدة معينة,0.726230800151825,0.6850189566612244,0.7050231099128723,Incorrect
4595,ما هي قيمة معامل التجديد؟,ANSWER: قيمة المعامل التجديدية (PD),مربع معامل الارتباط الخطي,قيمة المعامل التجديدية (PD),مربع معامل الارتباط الخطي,0.7576720714569092,0.7715864181518555,0.7645660042762756,Incorrect
4596,ما هي وحدة المعاينة؟,ANSWER: وحدة المعاينة الجسدية (Body Scanner Unit),عنصر من العينة,وحدة المعاينة الجسدية (Body Scanner Unit),عنصر من العينة,0.6399158835411072,0.7008652687072754,0.6690052151679993,Incorrect
4597,ما هو الجدول التكراري الذي يضم عدد البيانات في فئة معينة وكل الفئات التي تسبقها؟,ANSWER: جدول الفرقون,تكرار المجتمع الصاعد,جدول الفرقون,تكرار المجتمع الصاعد,0.7388069033622742,0.7066911458969116,0.7223923206329346,Incorrect
4598,ما هو معدل الوفيات في المشفى؟,ANSWER: نسبة الوفيات البيتية,عدد الوفيات خلال فترة زمنية محددة على عدد المتخرجين والوفيات في نفس الفترة مضروب بـ 100,نسبة الوفيات البيتية,عدد الوفيات خلال فترة زمنية محددة على عدد المتخرجين والوفيات في نفس الفترة مضروب بـ 100,0.7963943481445312,0.7132563591003418,0.7525361180305481,Incorrect
4601,ما هو متوسط التوزيع الاحتمالي في تجربة رمي قطعة نقود 3 مرات متتالية حيث x تدل على عدد ظهور H؟,ANSWER: توزيع بينوني (Binomial),1.5,توزيع بينوني (Binomial),1.5,0.5892678499221802,0.6257083415985107,0.6069415807723999,Incorrect
4604,ما هو المجتمع الإحصائي (الجمهرة)؟,ANSWER: الجمهرة الإحصائية,التي تشترك فيما بينها ببعض الخواص والمميزات,الجمهرة الإحصائية,التي تشترك فيما بينها ببعض الخواص والمميزات,0.6264852285385132,0.600601077079773,0.6132701635360718,Incorrect
4618,ما هو الرسم البياني الذي يتكون من مجموعة من الأعمدة المتجاورة المقامة على المحور الأفقي الذي تمثل عليه حالات الصفة المدروسة عندما تكون البيانات وصفية وفترات الفئات عندما تكون البيانات كمية ويساوي ارتفاع كل عمود تكرارات الفئة المقام عليها؟,ANSWER: درجة فرقية بياناتية عرقبية (Box-and-Whisker Plot),المدرج التكراري,درجة فرقية بياناتية عرقبية (Box-and-Whisker Plot),المدرج التكراري,0.6151708364486694,0.6751681566238403,0.6437746286392212,Incorrect
4622,ما هي طريقة جمع البيانات التي من أمثلتها قياس شدة تأثير نوع من الهرمونات في مجموعة من الفئران؟,ANSWER: إجراء دراسة بيانات الفئران المتعلقة بالقياس المتكرر للشدة التأثيرية للهرمونات (Repeated Measures Study for Hormone Impact in Rats),التجربة,إجراء دراسة بيانات الفئران المتعلقة بالقياس المتكرر للشدة التأثيرية للهرمونات (Repeated Measures Study for Hormone Impact in Rats),التجربة,0.5076624155044556,0.6691256761550903,0.5773171186447144,Incorrect
4623,ما نوع المتغير الذي يمثله طول شخص بالغ وقياس السكر في الدم؟,ANSWER: حجم السكر في الدم (HbA1c) وطول الشخص (Height),عشوائي مستمر,حجم السكر في الدم (HbA1c) وطول الشخص (Height),عشوائي مستمر,0.5997819900512695,0.6303975582122803,0.6147088408470154,Incorrect
4628,متى يكون المجتمع غير متجانس في العينة غير العشوائية؟,ANSWER: بعد 3 أسبوعات,الحصصية,بعد 3 أسبوعات,الحصصية,0.6791340112686157,0.6796397566795349,0.6793868541717529,Incorrect
4629,ما الذي يعتمد عليه توزيع ستيودنت؟,ANSWER: عضلة الستيودنت,درجة الحرية,عضلة الستيودنت,درجة الحرية,0.713943600654602,0.7735317945480347,0.7425441741943359,Incorrect
4630,ما هي محتويات السجل الطبي؟,ANSWER: سجل التحتيات والتعاطفات,صفحة الموافقة على العلاج,سجل التحتيات والتعاطفات,صفحة الموافقة على العلاج,0.7189782857894897,0.7536224126815796,0.7358928322792053,Incorrect
4631,ما هو التصنيف الدولي للأمراض وما الغرض من الرموز والأرقام المستخدمة فيه؟,"ANSWER: ICD-10 (International Classification of Diseases, Tenth Revision)",عن الامراض .,"ICD-10 (International Classification of Diseases, Tenth Revision)",عن الامراض .,0.5561761856079102,0.6421047449111938,0.5960595011711121,Incorrect
4634,ما نوع العينة التي نسحبها إذا كنا أمام مجتمع غير متجانس؟,ANSWER: عينة تحت الجبهة السفلية,طبقية,عينة تحت الجبهة السفلية,طبقية,0.6620827317237854,0.7546095252037048,0.7053245902061462,Incorrect
4636,ما هو الغرض من استخدام الجداول التكرارية في عرض البيانات؟,ANSWER: تنظيم البيانات,الكمية والاسمية,تنظيم البيانات,الكمية والاسمية,0.7561165690422058,0.7162964344024658,0.7356680631637573,Incorrect
4640,ما هي الطريقة التي يتم بها الحصول على بيانات تتعلق بضغط الدم ونسبة الكوليسترول بالدم لعينة من المرضى خلال فترة زمنية معينة؟,ANSWER: اختبار فيبروليزاتيون واختبار تحليل الدم البشري,الملاحظة أو المشاهدة,اختبار فيبروليزاتيون واختبار تحليل الدم البشري,الملاحظة أو المشاهدة,0.6055083870887756,0.6345191597938538,0.6196744441986084,Incorrect
4644,ما هي أعلى مستويات القياس؟,ANSWER: درجة بلوف,المقياس الرتبي,درجة بلوف,المقياس الرتبي,0.7387136816978455,0.7035601139068604,0.7207084894180298,Incorrect
4645,ما هو الهدف من تغيير الطرائق في الدراسات بالنسبة للبيانات؟,ANSWER: تغيير الهدف,أفضل دقة ممكنة,تغيير الهدف,أفضل دقة ممكنة,0.7223122119903564,0.7127354741096497,0.7174919247627258,Incorrect
4646,ما هي طريقة جمع البيانات التي تمتاز بالتكلفة العالية؟,ANSWER: إحصاء بالتكلفة المحدودة,المقابلة الشخصية,إحصاء بالتكلفة المحدودة,المقابلة الشخصية,0.730639636516571,0.7517369985580444,0.7410382628440857,Incorrect
4647,ما هو الفارق في عدد السكان بين تعدادين متعاقبين تفصلهما فترة معينة كعشر سنوات؟,ANSWER: فرق السكان الجسدي,التغير المطلق,فرق السكان الجسدي,التغير المطلق,0.7460350394248962,0.7567105293273926,0.7513348460197449,Incorrect
4650,ما هو الجزء من الإحصاء الذي يعنى بوصف طبيعة وسلوك الظاهرة المدروسة وعرضها؟,ANSWER: تقنية الإحصاء الطبيعية (Biostatistics),الإحصاء الوصفي,تقنية الإحصاء الطبيعية (Biostatistics),الإحصاء الوصفي,0.6751242876052856,0.7091314196586609,0.6917101740837097,Incorrect
4651,ما هي الفئة التي تشكل قاعدة الهرم السكاني؟,ANSWER: عضلة السكاني العلوية (Upper sacral vertebrae),الأطفال,عضلة السكاني العلوية (Upper sacral vertebrae),الأطفال,0.5939422845840454,0.7387639284133911,0.6584843993186951,Incorrect
4655,ما هي فرضية العدم لاختبار الفرضيات حول معامل الارتباط الخطي لبيرسون؟,ANSWER: لا يوجد فرضية لاختبار الفرضيات حول معامل الارتباط الخطي لبيرسون,قيمة معامل ارتباط المجتمع تساوي الصفر,لا يوجد فرضية لاختبار الفرضيات حول معامل الارتباط الخطي لبيرسون,قيمة معامل ارتباط المجتمع تساوي الصفر,0.678213894367218,0.7237260341644287,0.7002312541007996,Incorrect
4657,ما هو التكرار المتجمع الهابط لفئة معينة؟,ANSWER: تكرار تهابي التنفس المتجمع,عدد البيانات في الفئة والفئات التي تليها,تكرار تهابي التنفس المتجمع,عدد البيانات في الفئة والفئات التي تليها,0.6255615949630737,0.6347904205322266,0.6301422119140625,Incorrect
4661,ما هو التوزيع الذي تتبعه التجربة الثنائية الوحيدة؟,ANSWER: توزيع بيني و بينكي (Bidirectional Percolation),البرنولي,توزيع بيني و بينكي (Bidirectional Percolation),البرنولي,0.5769186019897461,0.640588641166687,0.6070888042449951,Incorrect
4663,ما هو نتاج العوامل المؤثرة في النمو السكاني من مواليد ووفيات وهجرة؟,ANSWER: نتاج العوامل المؤثرة في النمو السكاني: نسبة النمو السكاني,التركيب العمري,نتاج العوامل المؤثرة في النمو السكاني: نسبة النمو السكاني,التركيب العمري,0.6342777013778687,0.729125440120697,0.6784024834632874,Incorrect
4667,ما هو المقياس المستخدم لقياس خضاب الدم؟,ANSWER: Hb (Hemoglobin),النسبي,Hb (Hemoglobin),النسبي,0.6174381971359253,0.6882764101028442,0.6509357690811157,Incorrect
4672,ما هو نوع المصدر الذي تمثله البيانات التي نحصل عليها من الشركة أو المؤسسة من واقع مستنداتها وسجلاتها وفواتيرها وتقاريرها الدورية؟,ANSWER: نقطة بيانات المستندات,داخلي,نقطة بيانات المستندات,داخلي,0.691830039024353,0.7525635957717896,0.7209199666976929,Incorrect
4679,ما هي الجهة المسؤولة عن السجلات الطبية؟,ANSWER: أدارة السجلات الطبية,قسم السجلات الطبيه فى المشفى,أدارة السجلات الطبية,قسم السجلات الطبيه فى المشفى,0.8283910751342773,0.768989086151123,0.7975855469703674,Correct
4680,ما هو نوع الإحصاء الذي يتضمن جمع البيانات وتنظيمها وتوصيفها وتبويبها وتلخيصها؟,ANSWER: إحصاء بيانات,الوصفي,إحصاء بيانات,الوصفي,0.7786215543746948,0.7324460744857788,0.7548283338546753,Incorrect
4683,ما نوع العينة التي تمثلها مجموعة من المرضى الذين يراجعون طبيباً معيناً عندما يجري عليهم دراسة؟,ANSWER: كوكب طبيعي,مصادفة,كوكب طبيعي,مصادفة,0.7306398153305054,0.7510092258453369,0.7406845092773438,Incorrect
4684,ما نوع العلاقة إذا كانت قيمة بيرسون R=0.92؟,ANSWER: علاقة قوية (Strong correlation),طردية قوية,علاقة قوية (Strong correlation),طردية قوية,0.7245234251022339,0.7508666515350342,0.7374598383903503,Incorrect
4687,ما هي وحدة المعاينة؟,ANSWER: وحدة المعاينة الجسدية (Body Scanner Unit),عنصر من العينة,وحدة المعاينة الجسدية (Body Scanner Unit),عنصر من العينة,0.6399158835411072,0.7008652687072754,0.6690052151679993,Incorrect
4688,ما هي الطريقة التي يتم بها الحصول على بيانات تتعلق بضغط الدم وسرعة نبضات القلب ونسبة الكولسترول في الدم لعينة من المرضى خلال فترة أسبوع؟,ANSWER: اختبار الفيزيائي الكامل,الملاحظة أو المشاهدة,اختبار الفيزيائي الكامل,الملاحظة أو المشاهدة,0.6444066166877747,0.6306714415550232,0.6374650597572327,Incorrect
4690,ما نوع الارتباط بين المتغير العشوائي X والمتغير التابع Y إذا كان تزايد X يؤدي إلى تزايد Y؟,ANSWER: علاقة مباشرة ومباشرة (Direct and immediate relationship),إيجابي,علاقة مباشرة ومباشرة (Direct and immediate relationship),إيجابي,0.6239346861839294,0.66314297914505,0.6429416537284851,Correct
4692,"ماذا تعبر عنه العبارة ""احتمال أي حدث لا يزيد عن الواحد""؟",ANSWER: إمكانية حدث واحد واحدًا,المسلمة الاحتمالية,إمكانية حدث واحد واحدًا,المسلمة الاحتمالية,0.6517748832702637,0.6630045175552368,0.657341718673706,Incorrect
4693,ما تسمى الظاهرة التي يحدث فيها انحدار معدل أطوال الأبناء من معامل المجتمع؟,ANSWER: تراجع الانتقالي,الانحدار نحو المعدل,تراجع الانتقالي,الانحدار نحو المعدل,0.7836239337921143,0.7955195307731628,0.7895269393920898,Incorrect
4694,ما هي التقديرات التي تستخدم لتقدير نسبة النجاح لمجتمع؟,ANSWER: نسبة النجاح الإجمالية (Total Success Rate),التقدير النقطي,نسبة النجاح الإجمالية (Total Success Rate),التقدير النقطي,0.6470725536346436,0.697479248046875,0.671330988407135,Incorrect
4696,ما نوع المتغير العشوائي الذي يدل على عدد القذفات عند قذف قطعة نقود حتى يظهر الوجه H للمرة الأولى؟,ANSWER: فرق النقود الثانية,متقطع قيمة الاعداد الطبيعية,فرق النقود الثانية,متقطع قيمة الاعداد الطبيعية,0.7794894576072693,0.7388061881065369,0.7586027383804321,Incorrect
4699,ما هو متوسط عدد الأطفال الذي يمكن أن تنجبهم المرأة أحياء إذا أمضت حياتها منذ ميلادها بما يتماشى مع معدلات الخصوبة العمرية في سنة معينة؟,ANSWER: 2.3 طفل,معدل الخصوبة الكلية,2.3 طفل,معدل الخصوبة الكلية,0.6102436780929565,0.6545926332473755,0.6316406726837158,Incorrect
4700,ما هي الطريقة التي تمكننا من مراقبة رد الفعل على بعض الأسئلة والحصول على إجابات دقيقة؟,ANSWER: إستخدام الأسئلة المتعددة الخطوة,المواجهة,إستخدام الأسئلة المتعددة الخطوة,المواجهة,0.733944833278656,0.7673381567001343,0.7502701878547668,Incorrect
4702,ما هو نوع البيانات المستخدمة لإنشاء الجدول التكراري؟,ANSWER: بيانات تكرارية,كمية و وصفية,بيانات تكرارية,كمية و وصفية,0.759841799736023,0.7526135444641113,0.7562103867530823,Incorrect
4714,ما هي طبيعة الأفراد أو العناصر التي تشكل المجتمع الإحصائي؟,ANSWER: أفراد وعناصر تجمعات,التي تشترك فيما بينها ببعض الخواص والمميزات,أفراد وعناصر تجمعات,التي تشترك فيما بينها ببعض الخواص والمميزات,0.6688205003738403,0.6256423592567444,0.6465112566947937,Incorrect
4717,ما هو عدد الكريات الحمر في الجسم؟,ANSWER: لا يوجد كريات حمر في الجسم البشري العادي.,عشوائي منفصل,لا يوجد كريات حمر في الجسم البشري العادي.,عشوائي منفصل,0.6841005086898804,0.6891309022903442,0.6866064667701721,Incorrect
4720,ما هو معدل وفيات الأمهات الذي يحسب بقسمة عدد الوفيات لدى النساء الحوامل التي حدثت أثناء الحمل أو الولادة أو النفاس على عدد المواليد الأحياء خلال نفس السنة مضروباً في 100000؟,"ANSWER: معدل الوفيات المحملة (Maternal Mortality Rate, MMR)",معدل وفيات الأمهات,"معدل الوفيات المحملة (Maternal Mortality Rate, MMR)",معدل وفيات الأمهات,0.6697753667831421,0.7533266544342041,0.7090983390808105,Correct
4723,ما هي المعدلات التي يكون تركيزها على معدلات الخصوبة لفئة معينة من العمر لغرض المقارنة على امتداد زمن ما ودراسة الفروق في ظاهرة الخصوبة بمختلف الأعمار؟,ANSWER: إنديكاتورات الخصوبة المعينة,معدل الخصوبة العمري,إنديكاتورات الخصوبة المعينة,معدل الخصوبة العمري,0.7209079265594482,0.7673408389091492,0.743399977684021,Incorrect
4724,ما هي العلاقة بين المتغيرين عندما يؤدي تزايد المتغير العشوائي x إلى تناقص المتغير التابع y؟,ANSWER: علاقة نقطة يونكت,سلبي,علاقة نقطة يونكت,سلبي,0.6584911346435547,0.6717543601989746,0.665056586265564,Incorrect
4729,ما هو المقياس المستخدم لوصف حالة التدخين (مدخن / غير مدخن)؟,ANSWER: نسبة الدخان الخام في الدم (COPD),مقياس اسمي,نسبة الدخان الخام في الدم (COPD),مقياس اسمي,0.6432279348373413,0.6794610023498535,0.6608482003211975,Incorrect
4730,ما هي الشروط التي يجب توفرها في مجموعة من المتغيرات العشوائية لتشكل عينة عشوائية؟,ANSWER: نسبة العينة والعدد الكافي للمتغيرات,مستقلة ولها قانون التوزيع نفسه,نسبة العينة والعدد الكافي للمتغيرات,مستقلة ولها قانون التوزيع نفسه,0.6781303882598877,0.6853529810905457,0.6817225217819214,Incorrect
4731,ما هو المستوى الذي يمكن حساب فيه المتوسطات والانحرافات المعيارية ومقاييس العلاقة الخطية؟,ANSWER: نسبة قياس المتوسطات والانحرافات (S.D.),العنقودي,نسبة قياس المتوسطات والانحرافات (S.D.),العنقودي,0.6117390394210815,0.6658793687820435,0.6376620531082153,Incorrect
4736,كم يتراوح عدد الفئات غالباً؟,ANSWER: 5 فئات,بين 5 و15 فئة,5 فئات,بين 5 و15 فئة,0.77508944272995,0.7174288034439087,0.7451453804969788,Incorrect
4740,ما هي فرضية العدم لاختبار الفرضيات حول معامل الارتباط الخطي لبيرسون؟,ANSWER: لا يوجد فرضية لاختبار الفرضيات حول معامل الارتباط الخطي لبيرسون,قيمة معامل ارتباط المجتمع تساوي الصفر,لا يوجد فرضية لاختبار الفرضيات حول معامل الارتباط الخطي لبيرسون,قيمة معامل ارتباط المجتمع تساوي الصفر,0.678213894367218,0.7237260341644287,0.7002312541007996,Incorrect
4743,ما هو معدل الوفيات الخام؟,ANSWER: معدل الوفيات الإجمالي,عدد الوفيات لكل الف من السكان في سنة معينة,معدل الوفيات الإجمالي,عدد الوفيات لكل الف من السكان في سنة معينة,0.8169412612915039,0.7446780204772949,0.7791376709938049,Incorrect
4744,ما هي الجهة المسؤولة عن السجلات الطبية؟,ANSWER: أدارة السجلات الطبية,قسم السجلات الطبية في المستشفى,أدارة السجلات الطبية,قسم السجلات الطبية في المستشفى,0.8407736420631409,0.816278874874115,0.8283452391624451,Correct
4748,ما هو الغرض من استخدام مخطط الانتشار في الدراسة الإحصائية بين خاصتين؟,ANSWER: لتحديد العلاقة المتوسطة بين الخاصين,متغيرين,لتحديد العلاقة المتوسطة بين الخاصين,متغيرين,0.6563252210617065,0.6894019246101379,0.6724570393562317,Incorrect
4758,ما هو التوقع الرياضي لمجموع متغيرين عشوائيين؟,ANSWER: غير محدد (Undetermined),مجموع التوقعين الرياضيين للمتغيرين العشوائيين,غير محدد (Undetermined),مجموع التوقعين الرياضيين للمتغيرين العشوائيين,0.5965017080307007,0.5651860237121582,0.5804217457771301,Incorrect
4761,ما هو التكرار المتجمع الصاعد لفئة معينة؟,ANSWER: تكرار تنفسي انتشاري (Tachycardia paroxysmalis),عدد البيانات المتضمنة في الفئة والفئات التي تسبقها,تكرار تنفسي انتشاري (Tachycardia paroxysmalis),عدد البيانات المتضمنة في الفئة والفئات التي تسبقها,0.568340003490448,0.5708884000778198,0.5696113705635071,Incorrect
4765,ما هي المنطقة التي تتألف من قيم دالة الاختبار قليلة الاحتمال عندما Ho صحيحة؟,ANSWER: جنب القلب,منطقة الرفض,جنب القلب,منطقة الرفض,0.7632408142089844,0.7235915064811707,0.7428874969482422,Incorrect
4768,ما هو المجتمع الإحصائي؟,ANSWER: مجتمع الإحصائي العام,التي تشترك فيما بينها ببعض الخواص والميزات,مجتمع الإحصائي العام,التي تشترك فيما بينها ببعض الخواص والميزات,0.6238514184951782,0.6027688384056091,0.6131289601325989,Incorrect
4770,ما الذي يقوم عليه الإحصاء الاستنتاجي؟,ANSWER: عين الاحصاء الاستنتاجي,على اتخاذ القرارات والتنبؤ والاستقرار والاستدلال,عين الاحصاء الاستنتاجي,على اتخاذ القرارات والتنبؤ والاستقرار والاستدلال,0.6804062128067017,0.64234858751297,0.6608299016952515,Incorrect
4772,ما هي الجهة التي تصدر التصنيف الدولي للأمراض؟,ANSWER: وHOC,منظمة الصحة العالمية,وHOC,منظمة الصحة العالمية,0.6281424760818481,0.6383507251739502,0.6332054734230042,Incorrect
4778,ما الذي تختلف تبعاً له دلالات قيم المتغيرات العشوائية؟,ANSWER: تبع المتغيرات العشوائية,نوعية المقياس المستخدم,تبع المتغيرات العشوائية,نوعية المقياس المستخدم,0.7361198663711548,0.7735941410064697,0.7543919086456299,Incorrect
4781,ما هي الطريقة التي تستخدم فيها بعض التقنيات الإلكترونية للمراقبة والعد وتسجيل الملاحظات؟,ANSWER: إلكترونية للتحليل الدقيق,التسجيل,إلكترونية للتحليل الدقيق,التسجيل,0.7175713777542114,0.7552635669708252,0.7359352111816406,Incorrect
4782,ما الذي يحدد زمن حفظ السجلات الطبية؟,ANSWER: سنة التحفيظ,حسب الأسس المتبعة محليا في كل بلد,سنة التحفيظ,حسب الأسس المتبعة محليا في كل بلد,0.6822190284729004,0.6450350284576416,0.6631061434745789,Incorrect
4783,ما هو التوزيع الذي يتبعه مجموع متغيرات عينة عشوائية حجمها n من توزيع برنولي بالوسيط P؟,ANSWER: توزيع برنولي بالوسيط P,الثنائي,توزيع برنولي بالوسيط P,الثنائي,0.6471732258796692,0.7019032835960388,0.6734281182289124,Incorrect
4787,ما هي مجموعة قيم المتغير العشوائي x الذي يدل على عدد أخوات طالب ما؟,ANSWER: 2n-1,صحيح موجب,2n-1,صحيح موجب,0.6841654181480408,0.6656473875045776,0.6747794151306152,Incorrect
4789,ما هو معدل المواليد الخام؟,ANSWER: نسبة المواليد الخام,عدد المواليد الاحياء لكل ألف من السكان في سنة معينة,نسبة المواليد الخام,عدد المواليد الاحياء لكل ألف من السكان في سنة معينة,0.8359137177467346,0.7624967098236084,0.7975191473960876,Incorrect
4790,ما هي الفئة العمرية المهمة جداً من الناحية الصحية والتنموية؟,ANSWER: فتيات وشباب,فئة الأطفال,فتيات وشباب,فئة الأطفال,0.7106848955154419,0.7455084323883057,0.7276802659034729,Incorrect
4798,ما هي الطريقة التي تمتاز بوصول الإجابات خلال وقت قصير وتتميز ببساطتها وقلة تكاليفها وسرعتها؟,ANSWER: SMS (Short Message Service),استخدام الانترنيت والمواقع الاجتماعية,SMS (Short Message Service),استخدام الانترنيت والمواقع الاجتماعية,0.6493213176727295,0.6265422105789185,0.6377283930778503,Incorrect
4802,ما هو المخطط الذي يساعد بدراسة العلاقة بين متغيرين وطبيعتها؟,ANSWER: دراسة علاقة المتغيرين (Study of variable relationships),مخطط الانتشار,دراسة علاقة المتغيرين (Study of variable relationships),مخطط الانتشار,0.6725625991821289,0.7009989619255066,0.6864863634109497,Incorrect
4806,ما الذي يحدد زمن حفظ السجلات الطبية في المشفى؟,ANSWER: سنوات 5-7,بناء على الأسس المتبعة محلياً في كل بلد,سنوات 5-7,بناء على الأسس المتبعة محلياً في كل بلد,0.5806496143341064,0.5741105079650879,0.577361524105072,Incorrect
4812,ما هو التوزيع الذي يستخدم في اختبار الفرضيات حول ميل خط الانحدار؟,ANSWER: توزيع بينوني-فريدريخ,ستيودنت,توزيع بينوني-فريدريخ,ستيودنت,0.6194270849227905,0.6500238180160522,0.6343567371368408,Incorrect
4816,ما هي أسباب تفضيل أسلوب العينة على أسلوب الحصر الشامل؟,ANSWER: تفضيل العينة: أمراض العين والمناظرة,صعوبة حصر افراد المجتمع,تفضيل العينة: أمراض العين والمناظرة,صعوبة حصر افراد المجتمع,0.678598940372467,0.7171168327331543,0.6973264217376709,Incorrect
4823,ما هو السجل الذي يهدف إلى تجميع المعلومات عن المريض؟,ANSWER: دفتر المريض (Patient Chart),السجلات الطبية .,دفتر المريض (Patient Chart),السجلات الطبية .,0.6619470119476318,0.7120947241783142,0.6861057281494141,Correct
4832,ما هو نوع التوزيع الإحصائي إذا علمت أن احتمال شفاء مريض مصاب بالزكام خلال أسبوع دون اللجوء للطبيب هو 0.6 وكان لدينا 10 مرضى بالزكام ولم يراجعوا الطبيب؟,ANSWER: فرق في العلاج,حداني,فرق في العلاج,حداني,0.7446987628936768,0.7603551149368286,0.7524455189704895,Incorrect
4848,ما هو الشريان الذي ينزف غالباً من قرحة اثني عشرية؟,ANSWER: عين الشريان الأوسط,المعدي العفجي.,عين الشريان الأوسط,المعدي العفجي.,0.746198296546936,0.7571682929992676,0.7516432404518127,Incorrect
4854,ما هي الأورام التي تعالج في القسم البعيد للمعدة؟,ANSWER: أورام العظم العظمية,4. كل ما سبق صحيح.,أورام العظم العظمية,4. كل ما سبق صحيح.,0.6461091041564941,0.6221046447753906,0.6338796615600586,Incorrect
4855,ما هو التشخيص للآفة التي قد تسبب فقراً دموياً والنزف الحاد منها غير شائع والتي تم اكتشافها بالتنظير الهضمي العلوي لرجل عمره 55 سنة؟,ANSWER: آفات دموية غير شائعة بالنزف الحاد,سرطانة معدية.,آفات دموية غير شائعة بالنزف الحاد,سرطانة معدية.,0.7011996507644653,0.7456363439559937,0.7227356433868408,Incorrect
4856,ما هي الخطوة الأولى الأهم في تدبير مريض يبلغ من العمر 32 سنة أتى لقسم الطوارئ بقصة إقياء لكميات كبيرة من الدم الأحمر القاني؟,ANSWER: إعادة تحليل الدم,إنعاش بالسوائل.,إعادة تحليل الدم,إنعاش بالسوائل.,0.752740740776062,0.7278351783752441,0.7400784492492676,Incorrect
4857,ما هو التشخيص المحتمل لمريضة تبلغ من العمر 45 سنة تشكو من ألم في ثديها الأيسر لمدة أسبوعين مع وجود خيط يشبه الحبل مؤلم وأودة بارزة فوقه بالفحص السريري؟,ANSWER: تهاب عضلي في الثدي,داء,تهاب عضلي في الثدي,داء,0.6596112847328186,0.720437228679657,0.688683807849884,Incorrect
4858,ما هو التشخيص المحتمل لمريضة تبلغ من العمر 40 عاماً من أصول آسيوية وصلت إلى بريطانيا تشكو من كتلة غير مؤلمة في ثديها الأيمن منذ عدة أشهر مع نز الخراج في إبطها الأيمن الذي يشفى ويعاود من جديد؟,ANSWER: كركينوماتويد فيزولور,سل ثدي.,كركينوماتويد فيزولور,سل ثدي.,0.6215838193893433,0.7063002586364746,0.6612396836280823,Incorrect
4859,ما هو التشخيص المحتمل لمريضة تبلغ من العمر 25 سنة راجعت بكتلة شاهدتها صدفة منذ 3 أسابيع في ثديها الأيسر ويمكن تحريك الكتلة من قبل المريضة ضمن نسيج الثدي؟,ANSWER: تسكير أورانيومي,غدوم ليفي.,تسكير أورانيومي,غدوم ليفي.,0.7122446298599243,0.745664119720459,0.728571355342865,Incorrect
4860,ما هو التشخيص المحتمل لمريضة تبلغ من العمر 50 عاماً تعاني من ألم واحمرار في الثدي الأيمن منذ شهر وقد عولجت بالصادات لمدة أسبوعين دون تحسن وازدادت الحالة سوءاً؟,ANSWER: تشخيص متعدد الأسباب (Triple Evaluation),سرطان التهابي.,تشخيص متعدد الأسباب (Triple Evaluation),سرطان التهابي.,0.6665891408920288,0.7121162414550781,0.688601016998291,Incorrect
4863,ما هو التشخيص المحتمل لمريضة مسنة مشخص لديها سابقاً داء هاشيموتو وتراجع بعقدة قاسية غير منتظمة في الفص الدرقي الأيمن؟,ANSWER: تشخيص بدورة هاشيموتو وتأثيرات لاتصادها على النظام النرويجي,لمفوما.,تشخيص بدورة هاشيموتو وتأثيرات لاتصادها على النظام النرويجي,لمفوما.,0.613552451133728,0.6810585856437683,0.6455455422401428,Incorrect
4864,ما هو التشخيص المحتمل لطفل يبلغ من العمر 12 سنة يراجع بعقدة درقية مع ضخامة عقد لمفية ناحية؟,ANSWER: عملية تحويلية للعقد,سرطان حليمي.,عملية تحويلية للعقد,سرطان حليمي.,0.7219092845916748,0.7515376806259155,0.7364256381988525,Incorrect
4865,ما هو التشخيص المحتمل لمريضة في منتصف العمر تعاني من سلعة درقية لفترة طويلة مع تضخم الفص الأيمن أكبر من الأيسر وهي سريرياً في حالة سواء درقي؟,ANSWER: سكتر فيلدسويتس للأيمن,سلعة متعددة العقد.,سكتر فيلدسويتس للأيمن,سلعة متعددة العقد.,0.6413553357124329,0.7210038900375366,0.678851306438446,Incorrect
4866,ما هو التشخيص الأكثر احتمالاً لفتاة في الربيع الخامس تشكو من عسرة تنفس مع وجود كتلة في جوف الفم بقطر 3 سم على الخط الناصف وعلى مؤخرة اللسان؟,ANSWER: فيروس سارسكوفيروس,درق لسانية.,فيروس سارسكوفيروس,درق لسانية.,0.6008510589599609,0.6469284296035767,0.6230390071868896,Incorrect
4867,ما هو العلاج غير المرغوب به في حالة شابة في ربيعها الأربعين تشكو من نقص وزن مع خفقان وجحوظ في العينين مع وجود سلعة درقية متوسطة الحجم منتشرة ومتجانسة وفرط نشاط درق بدني؟,ANSWER: سيبريد ربيعي أو نفسية أو تهاب عينين,المعالجة الشعاعية باليود I 131,سيبريد ربيعي أو نفسية أو تهاب عينين,المعالجة الشعاعية باليود I 131,0.636032223701477,0.6359202861785889,0.635976254940033,Incorrect
4868,ما هو الإجراء الأول الذي يجب إجراؤه قبل عملية sleeve gastrectomy لمريض البدانة الذي لديه BMI يساوي 40؟,ANSWER: تحليلات قبلية,الحصول على موافقة المريض.,تحليلات قبلية,الحصول على موافقة المريض.,0.7153881788253784,0.7013301849365234,0.7082894444465637,Incorrect
4869,ما هو الإجراء الأول الذي يجب إجراؤه قبل عملية Sleeve gastrectomy لمريض البدانة الذي لديه BMI يساوي 40؟,ANSWER: تحليل التعامل الجسدي,الحصول على موافقة المريض.,تحليل التعامل الجسدي,الحصول على موافقة المريض.,0.7292991876602173,0.7328556776046753,0.7310730814933777,Incorrect
4870,ما هو التشخيص المحتمل لمريض عمره 25 سنة يعاني من عدم ارتياح عام ونقصان في الوزن وترفع حروري وبراز ملطخ بالدم على نحو متقطع خلال الست أسابيع الأخيرة بعد عودته من شبه القارة الهندية حيث عمل هناك لمدة ستة أشهر، مع وجود كبدية ومضض في الربع العلوي الأيمن وإيكو يظهر جوفا ناقص الصدى في الفص الكبدي الأيمن ذو حوا,ANSWER: هيماتوز,خراجة كبدية زحارية.,هيماتوز,خراجة كبدية زحارية.,0.7088768482208252,0.6954776644706726,0.7021133303642273,Incorrect
4871,ما هو التشخيص المحتمل لمريض عمره 50 سنة يعاني من أصمية حديثة وألم في الربع العلوي الأيمن لمدة 3-4 أشهر مع فحص سريري سلبي ووظائف كبد طبيعية وتنظير هضمي علوي طبيعي بينما أظهر الإيكو وجود آفة كيسية وحيدة تبلغ 6 سم؟,ANSWER: سرطان الكلي,داء كيسي بسيط,سرطان الكلي,داء كيسي بسيط,0.7280585765838623,0.6842164993286133,0.7054570317268372,Incorrect
4872,ما هو التشخيص المحتمل لمريضة تبلغ من العمر 30 سنة تعاني من ألم مستمر في الربع العلوي الأيمن من البطن مع إقياء وارتفاع حرارة وإيجابية علامة مورفي؟,ANSWER: إنفلونز ميكانيكوز,التهاب مرارة حاد.,إنفلونز ميكانيكوز,التهاب مرارة حاد.,0.6659190654754639,0.6998202800750732,0.6824489235877991,Incorrect
4873,ما هو التشخيص المحتمل لمريض يبلغ من العمر 60 سنة لديه سابقة حصيات مرارية يراجع بقصة ألم بطني شديد ومستمر لمدة 6 ساعات وبالفحص السريري كان المريض غير مرتاح ومصدوم مع انتفاخ البطن ومضض راجع معممين؟,ANSWER: إنتفاخ عضلي بطني,التهاب بريتوان تالي لانثقاب مرارة.,إنتفاخ عضلي بطني,التهاب بريتوان تالي لانثقاب مرارة.,0.7050706148147583,0.7194535732269287,0.7121894955635071,Incorrect
4874,ما هو التشخيص المحتمل لمريض يبلغ من العمر 56 سنة يعاني من ألم شديد في أعلى البطن منذ أسبوع مع حمى متقطعة وعدم راحة شديدة مع وجود علامات لتخريش بريتواني في الربع العلوي الأيمن مع جس كتلة؟,ANSWER: كركسيس بريتواني العلوي الأيمن,تقيح مرارة.,كركسيس بريتواني العلوي الأيمن,تقيح مرارة.,0.6675287485122681,0.7179828882217407,0.6918371319770813,Incorrect
4875,ما هو التشخيص المحتمل لمريض يبلغ من العمر 60 سنة يراجع بقصة ألم بطني ويرقان وحرارة مع عروءات؟,ANSWER: إنفلونزا فيبروكوسيس,التهاب طرق صفراوية صاعد.,إنفلونزا فيبروكوسيس,التهاب طرق صفراوية صاعد.,0.6249970197677612,0.6694293022155762,0.6464505791664124,Incorrect
4876,ما هو التشخيص المحتمل لمريضة تبلغ من العمر 40 سنة عولجت لالتهاب مرارة حاد حيث لوحظ وجود مرارة مجسوسة غير ممضة، لم يكن هناك ترفع حروري وكانت المريضة بشكل عام بصحة جيدة؟,ANSWER: عفريت داخلية غير ممضوجة,قيلة مخاطية في المرارة.,عفريت داخلية غير ممضوجة,قيلة مخاطية في المرارة.,0.7466167211532593,0.7519940137863159,0.749295711517334,Incorrect
4877,ما هو التشخيص المحتمل لمريض عمره 80 سنة لديه تصبغ جلدي ملحوظ ونسيج ندبي ولديه ندبات بطنية لاستئصال كظر ثنائي الجانب؟,ANSWER: سكري تيبيدي نفسي,متلازمة نيلسون.,سكري تيبيدي نفسي,متلازمة نيلسون.,0.6592103838920593,0.6659995317459106,0.662587583065033,Incorrect
4878,ما هو التشخيص المحتمل لمريض عمره 48 سنة يعاني من اضطراب رئوي وصداع وارتفاع ضغط؟,ANSWER: تشخيص نزول ضغط الدم المرتفع واضطراب رئوي وصداع (HTN-PE),متلازمة كون.,تشخيص نزول ضغط الدم المرتفع واضطراب رئوي وصداع (HTN-PE),متلازمة كون.,0.6523287296295166,0.7148178815841675,0.6821451783180237,Incorrect
4879,ما هو التشخيص المحتمل لمريض ربو مع تفاقم متكرر لحالته تطور لديه بشكل تدريجي شعرانية مع بدانة جذعية وكدمات؟,ANSWER: سكوتوماتوسي فيبرومايالوز,متلازمة كوشينغ.,سكوتوماتوسي فيبرومايالوز,متلازمة كوشينغ.,0.657211422920227,0.6806672215461731,0.6687336564064026,Incorrect
4881,ما هو التشخيص المحتمل لسيدة حامل تبلغ من العمر 30 سنة تبين أثناء إجراء ايكو بطن لها وجود كتلة متكلسة في الشرسوف يبلغ قطرها 1 سم مع سماع لغط في منطقة الشرسوف دون وجود أي أعراض؟,ANSWER: فيروما اوتيروبوكسير,أم دم شريان طحالي.,فيروما اوتيروبوكسير,أم دم شريان طحالي.,0.6452397108078003,0.6530851125717163,0.6491386890411377,Incorrect
4882,ما هو التشخيص الأكثر احتمالاً لطفل عمره 7 سنوات يعاني من فقر دم منجلي ويشكو منذ ساعتين من ألم بطني حاد في الربع العلوي الأيسر مع ضغط 60/100 ملم زئبقي ونبض 110 ن/د وحرارة 37 درجة ومضض في الربع العلوي الأيسر للبطن بدون إيلام مرتد مع صعوبة جس الطحال وخضاب 6.1 غ/دل؟,ANSWER: هيماتوما عام,نوبة ألمية بسبب انسداد الأوعية الدموية.,هيماتوما عام,نوبة ألمية بسبب انسداد الأوعية الدموية.,0.6584802865982056,0.6239248514175415,0.640736997127533,Incorrect
4883,ما هي نسبة الاستفادة من استئصال الطحال في حالة سيدة عمرها 40 سنة تعاني من فرفرية مناعية مزمنة معندة على العلاج بالستيروئيدات؟,ANSWER: نسبة الاستفادة من الاستئصال المحلي,أقل من 20%,نسبة الاستفادة من الاستئصال المحلي,أقل من 20%,0.6178634166717529,0.6672679781913757,0.6416160464286804,Incorrect
4884,ما هي الخطوة التالية في تدبير مريض بعمر 70 سنة دون سوابق جراحية يعاني من ألم بطني متقطع منذ أسبوع وتوسع بطني وإقياء مستمر منذ يوم، مع عدم وجود فتوق بالفحص وتعداد 3000 كرية بيضاء / مم؟,ANSWER: عملية تحويلية أو عملية تقنية للتفريغ,إجراء (CT) التصوير الطبقي المحوسب للبطن.,عملية تحويلية أو عملية تقنية للتفريغ,إجراء (CT) التصوير الطبقي المحوسب للبطن.,0.701982855796814,0.6971593499183655,0.6995627880096436,Incorrect
4894,ما هي الخطوة التالية في تدبير مريض بعمر 70 سنة دون سوابق جراحية يعاني من ألم بطني متقطع منذ أسبوع وتوسع بطني وإقياء مستمر منذ يوم، مع عدم وجود فتوق بالفحص وتعداد 3000 كرية بيضاء / مم؟,ANSWER: عملية تحويلية أو عملية تقنية للتفريغ,إجراء (CT) التصوير الطبقي المحوسب للبطن.,عملية تحويلية أو عملية تقنية للتفريغ,إجراء (CT) التصوير الطبقي المحوسب للبطن.,0.701982855796814,0.6971593499183655,0.6995627880096436,Incorrect
4896,ما هي الخطوة التالية في تدبير شاب عمره 20 سنة راجع الإسعاف بعد 20 يوماً من استئصال زائدة ملتهبة ويعاني من إقياء مع تمدد بطن وإيلام خفيف، وتعداد WBC كان 14000 كرية/مم3 والكهارل طبيعية؟,ANSWER: علاج اسعافي وتحديد نوع الإسعاف,مراقبة 24 ساعة أخرى مع وضع NG.,علاج اسعافي وتحديد نوع الإسعاف,مراقبة 24 ساعة أخرى مع وضع NG.,0.6666854023933411,0.6903451085090637,0.6783090233802795,Incorrect
4897,ما هي العلامات الأكثر توافقاً مع بالغ عمره 45 سنة لديه ألم بطني حاد وتم تشخيصه بالتهاب مرارة حاد؟,ANSWER: إنفلامماتيوس كرونيك,ألم بطني مستمر ومضض مراق أيمن وارتفاع الكريات البيضاء.,إنفلامماتيوس كرونيك,ألم بطني مستمر ومضض مراق أيمن وارتفاع الكريات البيضاء.,0.6001919507980347,0.6003713011741638,0.6002816557884216,Incorrect
4898,ما هي الخطوة الأولى الأهم في تدبير مريض يبلغ من العمر 32 سنة أتى لقسم الطوارئ بقصة إقياء لكميات كبيرة من الدم الأحمر القاني؟,ANSWER: إعادة تحليل الدم,الإنعاش بالسوائل.,إعادة تحليل الدم,الإنعاش بالسوائل.,0.733344316482544,0.7199693918228149,0.7265952825546265,Incorrect
4899,ما هو التشخيص المحتمل لمريض عمره 70 سنة تطور لديه بعد 3 أيام من احتشاء قلبي ألم بطني مع تعدد البطن وخفوت في أصوات الأمعاء وتحليل غازات الدم يشير إلى احمضاض استقلابي؟,ANSWER: إنفاركتوميا داخلية قلبية,احتشاء مساريقي.,إنفاركتوميا داخلية قلبية,احتشاء مساريقي.,0.6718471646308899,0.7350351810455322,0.7020221948623657,Incorrect
4902,ما هي القاعدة الجراحية الأصح حالياً في مراقبة المريض أثناء تدبير مريض الانسداد المعوي ووضع القرار الجراحي المناسب في المراكز الجراحية المتطورة؟,ANSWER: إنتباه إلى المريض والتقييم الجراحي المتكامل,يجب دائماً عدم إجراء الجراحة حتى يتم استقرا المريض بعد الإنعاش.,إنتباه إلى المريض والتقييم الجراحي المتكامل,يجب دائماً عدم إجراء الجراحة حتى يتم استقرا المريض بعد الإنعاش.,0.7161462903022766,0.6952217817306519,0.7055288553237915,Incorrect
4905,ما هو التشخيص المحتمل للمريضة إذا كانت الصورة البسيطة تدل على سويات معوية دقيقة وغياب لارتسام الكولونات وكانت مقاطع التصوير الطبقي المحوري تشير لتوسع عرى المعي؟,ANSWER: سرطان عين,التصاقات معوية.,سرطان عين,التصاقات معوية.,0.7364648580551147,0.7188459634780884,0.7275487780570984,Incorrect
4907,ما هو التشخيص الأقوى لمريض عمره 65 سنة تطور لديه ألم بطني حاد مفاجئ مستمر في الربع العلوي الأيمن منذ ساعة، تلاه آلام مغصية سرية مع غثيان، والفحص السريري يبدي سحنة سمية مع فحص بطني سوي تقريباً؟,ANSWER: إنفلونزا عمدية أو سرطان البطن,انسداد أمعاء بنقص التروية.,إنفلونزا عمدية أو سرطان البطن,انسداد أمعاء بنقص التروية.,0.7180914878845215,0.7415908575057983,0.7296519875526428,Incorrect
4911,ما هو التشخيص المحتمل في المريضة التي تظهر صورتها البسيطة سويات معوية دقيقة وغياب الارتسام الكولوني، وتشير مقاطع التصوير الطبقي المحوري لتوسع عرى المعي الدقيق وزيادة في شحم المساريقا مع عدم ارتسام الكولون بالكامل؟,ANSWER: سرطان عضلة العين,التصاقات معوية.,سرطان عضلة العين,التصاقات معوية.,0.6885271072387695,0.7053207159042358,0.6968227028846741,Incorrect
4912,ما هو التشخيص لمريض عمره 60 سنة مصاب بداء كرون منذ عشر سنوات راجع المشفى بقصة حمى وعرواءات تلاها خروج هواء ومفرزات معوية عند التبول؟,ANSWER: بوليوزيتيدياتيك كرونية تقاعدية,ناسور معدي مثاني.,بوليوزيتيدياتيك كرونية تقاعدية,ناسور معدي مثاني.,0.681745171546936,0.7120445966720581,0.6965655088424683,Incorrect
4926,ما هي الحالة التي لا تدخل في التشخيص التفريقي لطفلة عمرها 10 سنوات تعاني منذ ساعتين من ألم حفرة حرقفية يمنى دون إيلام مرتد؟,ANSWER: حالة ألم حفرة حرقفية دون إيلام مرتد (Status of burning mouth syndrome without trigger factors),نزف رتج ميكل.,حالة ألم حفرة حرقفية دون إيلام مرتد (Status of burning mouth syndrome without trigger factors),نزف رتج ميكل.,0.5352674722671509,0.6311700344085693,0.5792762637138367,Incorrect
4928,ما هو التشخيص المحتمل لمريضة عمرها 50 سنة تعرضت لألم بطني حاد طاعن منذ نصف ساعة في الشرسوف تعمم في أنحاء البطن مع إقياءات بنية اللون وفحص البطن لين؟,ANSWER: إنفلونزا بالبطن,صمة شريان مساريقي علوي.,إنفلونزا بالبطن,صمة شريان مساريقي علوي.,0.6219061613082886,0.6197479963302612,0.6208251714706421,Incorrect
4929,ما هو الفحص الذي يجب إجراؤه أولاً لمريض يشتكي من ألم بطني حاد ومفاجئ؟,ANSWER: عملية التحليل البيولوجي العام,صورة بطن شعاعية.,عملية التحليل البيولوجي العام,صورة بطن شعاعية.,0.6679598093032837,0.7069162130355835,0.6868861317634583,Incorrect
4930,ما هو التشخيص الأقوى لمريض عمره 65 سنة تطور لديه ألم بطني حاد مفاجئ ومستمر في الربع السفلي الأيمن منذ ساعة، تلاه آلام مغصة سرية مع غثيان، والفحص السريري يبدي سحنة سمية مع فحص بطن سوي تقريباً؟,ANSWER: أبصار الدفعة الداخلية السفلية الأيمنة,انسداد أمعاء بنقص التروية.,أبصار الدفعة الداخلية السفلية الأيمنة,انسداد أمعاء بنقص التروية.,0.7036415338516235,0.7484170198440552,0.7253389358520508,Incorrect
4932,ما هي الخطوة الأولى الأهم في تدبير شاب عمره 32 سنة يراجع قسم الطوارئ بقصة إقياء كميات كبيرة من الدم الأحمر القاني؟,ANSWER: إعادة توجيه الشاب إلى الطبيب الأساسي للتحقيق عن التوقف عن الإقياء والتعامل مع الدم الأحمر القاني.,الإنعاش بالسوائل.,إعادة توجيه الشاب إلى الطبيب الأساسي للتحقيق عن التوقف عن الإقياء والتعامل مع الدم الأحمر القاني.,الإنعاش بالسوائل.,0.6880303621292114,0.7418526411056519,0.7139285802841187,Incorrect
4934,ما هو التشخيص للآفة التي قد تسبب فقراً دموياً والنزف الحاد منها غير شائع والتي تم اكتشافها بالتنظير الهضمي العلوي لرجل عمره 55 سنة؟,ANSWER: آفات دموية غير شائعة بالنزف الحاد,2. سرطانة معدية.,آفات دموية غير شائعة بالنزف الحاد,2. سرطانة معدية.,0.7044715285301208,0.7098146677017212,0.7071330547332764,Incorrect
4935,ما هي الخطوة الأولى الأهم في تدبير مريض يبلغ من العمر 32 سنة أتى لقسم الطوارئ بقصة إقياء لكميات كبيرة من الدم الأحمر القاني؟,ANSWER: إعادة تحليل الدم,3. الإنعاش بالسوائل.,إعادة تحليل الدم,3. الإنعاش بالسوائل.,0.7181205153465271,0.6799446940422058,0.6985113620758057,Incorrect
4936,ما هو العلاج الأمثل لمريض عمره 40 سنة وجد لديه بالتنظير الهضمي العلوي لمفوما معدية؟,ANSWER: علاج حيوي وتجميلي,4. علاج كيماوي.,علاج حيوي وتجميلي,4. علاج كيماوي.,0.7686508297920227,0.7420485019683838,0.7551155090332031,Incorrect
4937,ما هو التشخيص المحتمل لطفل يبلغ من العمر 12 سنة يراجع بعقدة درقية مع ضخامة عقد لمفية ناحية؟,ANSWER: عملية تحويلية للعقد,4. سرطان حليمي.,عملية تحويلية للعقد,4. سرطان حليمي.,0.727453887462616,0.7097127437591553,0.7184737324714661,Incorrect
4938,ما هو التشخيص المحتمل لمريضة في منتصف العمر تعاني من سلعة درقية لفترة طويلة مع تضخم الفص الأيمن أكبر من الأيسر وهي سريرياً في حالة سواء درقي؟,ANSWER: سكتر فيلدسويتس للأيمن,3. سلعة متعددة العقد.,سكتر فيلدسويتس للأيمن,3. سلعة متعددة العقد.,0.6348663568496704,0.6775269508361816,0.6555032730102539,Incorrect
4939,ما هو التشخيص الأكثر احتمالاً لفتاة في الربيع الخامس تشكو من عسرة تنفس مع وجود كتلة في جوف الفم بقطر 3 سم على الخط الناصف وعلى مؤخرة اللسان؟,ANSWER: فيروس سارسكوفيروس,2. درق لسانية.,فيروس سارسكوفيروس,2. درق لسانية.,0.5977962613105774,0.6322276592254639,0.614530086517334,Incorrect
4940,ما هو العلاج غير المرغوب به في حالة شابة في ربيعها الأربعين تشكو من نقص وزن مع خفقان وجحوظ في العينين مع وجود سلعة درقية متوسطة الحجم منتشرة ومتجانسة وفرط نشاط درق بدني؟,ANSWER: سيبريد ربيعي أو نفسية أو تهاب عينين,3. المعالجة الشعاعية باليود I 131,سيبريد ربيعي أو نفسية أو تهاب عينين,3. المعالجة الشعاعية باليود I 131,0.6240749955177307,0.6113119721412659,0.6176275610923767,Incorrect
4941,ما هو الإجراء الأول الذي يجب إجراؤه قبل عملية Sleeve gastrectomy لمريض البدانة الذي لديه BMI يساوي 40؟,ANSWER: تحليل التعامل الجسدي,3. الحصول على موافقة المريض.,تحليل التعامل الجسدي,3. الحصول على موافقة المريض.,0.7260914444923401,0.703032910823822,0.7143761515617371,Incorrect
4942,ما هو التشخيص المحتمل لمريض عمره 50 سنة يعاني من أصمية حديثة وألم في الربع العلوي الأيمن لمدة 3-4 أشهر مع فحص سريري سلبي ووظائف كبد طبيعية وتنظير هضمي علوي طبيعي بينما أظهر الإيكو وجود آفة كيسية وحيدة تبلغ 6 سم؟,ANSWER: سرطان الكلي,4. داء كيسي بسيط,سرطان الكلي,4. داء كيسي بسيط,0.6942608952522278,0.629730224609375,0.6604229807853699,Incorrect
4943,ما هو التشخيص المحتمل لمريض يبلغ من العمر 60 سنة لديه سابقة حصيات مرارية يراجع بقصة ألم بطني شديد ومستمر لمدة 6 ساعات وبالفحص السريري كان المريض غير مرتاح ومصدوم مع انتفاخ البطن ومضض راجع معممين؟,ANSWER: إنتفاخ عضلي بطني,4. التهاب بريتوان تالي لانثقاب مرارة.,إنتفاخ عضلي بطني,4. التهاب بريتوان تالي لانثقاب مرارة.,0.6958000659942627,0.6892358660697937,0.6925023794174194,Incorrect
4944,ما هو التشخيص المحتمل لمريض يبلغ من العمر 56 سنة يعاني من ألم شديد في أعلى البطن منذ أسبوع مع حمى متقطعة وعدم راحة شديدة مع وجود علامات لتخريش بريتواني في الربع العلوي الأيمن مع جس كتلة؟,ANSWER: كركسيس بريتواني العلوي الأيمن,1. تقيح مرارة.,كركسيس بريتواني العلوي الأيمن,1. تقيح مرارة.,0.656691312789917,0.6604382991790771,0.6585595011711121,Incorrect
4945,ما هو التشخيص المحتمل لمريض يبلغ من العمر 60 سنة يعاني من ألم بطني ويرقان وحرارة مع عروءات؟,ANSWER: إنفلونزا فيبرو,4. التهاب طرق صفراوية صاعد.,إنفلونزا فيبرو,4. التهاب طرق صفراوية صاعد.,0.6018535494804382,0.6106449961662292,0.6062174439430237,Incorrect
4946,ما هو التشخيص المحتمل لمريضة تبلغ من العمر 40 سنة عولجت لالتهاب مرارة حاد حيث لوحظ وجود مرارة مجسوسة غير ممضة، لم يكن هناك ترفع حروري وكانت المريضة بشكل عام بصحة جيدة؟,ANSWER: عفريت داخلية غير ممضوجة,3. قيلة مخاطية في المرارة.,عفريت داخلية غير ممضوجة,3. قيلة مخاطية في المرارة.,0.7461054921150208,0.7287566661834717,0.7373290657997131,Incorrect
4947,ما هو التشخيص المحتمل لمريض عمره 48 سنة يعاني من اضطراب رئوي وصداع وارتفاع ضغط؟,ANSWER: تشخيص نزول ضغط الدم المرتفع واضطراب رئوي وصداع (HTN-PE),3. متلازمة كون.,تشخيص نزول ضغط الدم المرتفع واضطراب رئوي وصداع (HTN-PE),3. متلازمة كون.,0.6479131579399109,0.6857361793518066,0.6662883162498474,Incorrect
4948,ما هو التشخيص المحتمل لمريض ربو مع تفاقم متكرر لحالته تطور لديه بشكل تدريجي شعرانية مع بدانة جذعية وكدمات؟,ANSWER: سكوتوماتوسي فيبرومايالوز,1. متلازمة كوشينغ.,سكوتوماتوسي فيبرومايالوز,1. متلازمة كوشينغ.,0.6501547694206238,0.6459704637527466,0.6480558514595032,Incorrect
4950,ما هو التشخيص المحتمل لسيدة حامل تبلغ من العمر 30 سنة تبين أثناء إجراء ايكو بطن لها وجود كتلة متكلسة في الشرسوف يبلغ قطرها 1 سم مع سماع لغط في منطقة الشرسوف دون وجود أي أعراض؟,ANSWER: فيروما اوتيروبوكسير,3. أم دم شريان طحالي.,فيروما اوتيروبوكسير,3. أم دم شريان طحالي.,0.6644250750541687,0.6611464023590088,0.6627816557884216,Incorrect
4952,ما هي نسبة الاستفادة من استئصال الطحال في حالة سيدة عمرها 40 سنة تعاني من فرفرية مناعية مزمنة معندة على العلاج بالستيروئيدات؟,ANSWER: نسبة الاستفادة من الاستئصال المحلي,1. أقل من 20%,نسبة الاستفادة من الاستئصال المحلي,1. أقل من 20%,0.6183161735534668,0.6353346705436707,0.6267098784446716,Incorrect
4953,ما هي الخطوة التالية في تدبير مريض بعمر 70 سنة دون سوابق جراحية يعاني من ألم بطني متقطع منذ أسبوع وتوسع بطني وإقياء مستمر منذ يوم، مع عدم وجود فتوق بالفحص وتعداد 3000 كرية بيضاء / مم؟,ANSWER: عملية تحويلية أو عملية تقنية للتفريغ,4. إجراء (CT) التصوير الطبقي المحوسب للبطن.,عملية تحويلية أو عملية تقنية للتفريغ,4. إجراء (CT) التصوير الطبقي المحوسب للبطن.,0.6849700212478638,0.6724940538406372,0.6786746978759766,Incorrect
4957,ما هي الخطوة التالية في تدبير مريض بعمر 70 سنة دون سوابق جراحية يعاني من ألم بطني متقطع منذ أسبوع وتوسع بطني وإقياء مستمر منذ يوم، مع عدم وجود فتوق بالفحص وتعداد 3000 كرية بيضاء / مم؟,ANSWER: عملية تحويلية أو عملية تقنية للتفريغ,4. إجراء (CT) التصوير الطبقي المحوسب للبطن.,عملية تحويلية أو عملية تقنية للتفريغ,4. إجراء (CT) التصوير الطبقي المحوسب للبطن.,0.6849700212478638,0.6724940538406372,0.6786746978759766,Incorrect
4958,ما هي الخطوة التالية في تدبير شاب عمره 20 سنة راجع الإسعاف بعد 20 يوماً من استئصال زائدة ملتهبة ويعاني من إقياء مع تمدد بطن وإيلام خفيف وتعداد WBC 14000 كرية/مم2 والكهارل طبيعية؟,ANSWER: تحليل دم وتحليل بطن,1. مراقبة 24 ساعة أخرى مع وضع NG.,تحليل دم وتحليل بطن,1. مراقبة 24 ساعة أخرى مع وضع NG.,0.6709591150283813,0.6581659913063049,0.6645009517669678,Incorrect
4960,ما هي الخطوة الأولى الأهم في تدبير مريض يبلغ من العمر 32 سنة يعاني من إقياء كميات كبيرة من الدم الأحمر القاني؟,ANSWER: إعادة التعليم الدمي العادي,3. الإنعاش بالسوائل.,إعادة التعليم الدمي العادي,3. الإنعاش بالسوائل.,0.726051926612854,0.6858594417572021,0.7053835988044739,Incorrect
4961,ما هو التشخيص المحتمل لمريض عمره 70 سنة تطور لديه بعد 3 أيام من احتشاء قلبي ألم بطني مع تطبل البطن وخفوت في أصوات الأمعاء وتحليل غازات الدم يشير إلى حماض استقلابي؟,ANSWER: إصابة حماضية استقلابية,2. احتشاء مساريقي.,إصابة حماضية استقلابية,2. احتشاء مساريقي.,0.7571448683738708,0.741316556930542,0.7491470575332642,Incorrect
