id,input,prediction,ground_truth,prediction_clean,ground_truth_clean,bert_precision_example,bert_recall_example,bert_f1_example,judge_label
4,ما هو العصب الذي ينقل إحساس الذوق من ثلث اللسان الخلفي؟,العصب البلعومي اللساني,التاسع,العصب البلعومي اللساني,التاسع,0.39573198556900024,0.34365615248680115,0.36786019802093506,Correct
8,ما هي القوس البيضاء عند حدود جسم الظفر مع جذره؟,الإجابة: الأخمص,هليل الظفر,الإجابة: الأخمص,هليل الظفر,0.438802570104599,0.4754757285118103,0.4564036428928375,Incorrect
12,أين يقع الخط الالوي السفلي؟,الخط المتوسط السفلي,السطح الخارجي للحرقفة,الخط المتوسط السفلي,السطح الخارجي للحرقفة,0.6311562061309814,0.6626075506210327,0.6464995741844177,Incorrect
16,ما هي الحافة من الفرع التي تشكل زاوية الفك السفلي؟,الحافة اللسانية,الخلفية,الحافة اللسانية,الخلفية,0.4942435324192047,0.5473010540008545,0.5194209218025208,Incorrect
17,ما هي البنية التشريحية التي تتعصب بالعصب الشظوي السطحي؟,الأَصبَاحَة,العضله الشظويه الطويله,الأَصبَاحَة,العضله الشظويه الطويله,0.4252277612686157,0.4028465151786804,0.41373470425605774,Incorrect
19,أين تشاهد الجسور بين الخلوية؟,ANSWER: في الخلايا البلعمية,الطبقة الشائكة من النسيج الظهاري المطبق,في الخلايا البلعمية,الطبقة الشائكة من النسيج الظهاري المطبق,0.5596498250961304,0.5776944756507874,0.5685290098190308,Incorrect
21,ما الذي يحول الثلمتين الاسكيتين إلى ثقبتين؟,الإجابة: اندماج الحنكين,الرباط العجزي الشوكي العجزي الحدبي,الإجابة: اندماج الحنكين,الرباط العجزي الشوكي العجزي الحدبي,0.4475509524345398,0.4553300738334656,0.45140698552131653,Incorrect
28,ما هو الهرمون الذي يفرز PTH؟,هرمون الجار دُرقي,الغدد جارات الدرق,هرمون الجار دُرقي,الغدد جارات الدرق,0.6788730621337891,0.6667627096176147,0.6727634072303772,Incorrect
35,ما الذي يقع بين جسم الفقرة والقوس الفقرية؟,القرص الفقري,الثقبة الفقرية,القرص الفقري,الثقبة الفقرية,0.7873817086219788,0.7057642936706543,0.7443423867225647,Incorrect
49,أين تقع المنطقة الشمية؟,ANSWER: التجويف الأنفي,سقف الأنف,التجويف الأنفي,سقف الأنف,0.5157790184020996,0.5336447954177856,0.5245597958564758,Incorrect
50,ما الذي يتصل به المدورين بالأمام في الفخذ؟,الإجابة: الرباط الحرقفي الفخذي,الخط بين المدورين,الإجابة: الرباط الحرقفي الفخذي,الخط بين المدورين,0.47635984420776367,0.4154268205165863,0.4438116252422333,Incorrect
51,أين يوجد التلم الكعبري في جسم العضد؟,ANSWER: السطح الكعبري,على الوجه الخلفي.,السطح الكعبري,على الوجه الخلفي.,0.5322277545928955,0.518540620803833,0.525295078754425,Incorrect
54,ما الذي تتشكل منه ضفيرة راشكوف في لب السن؟,ANSWER: الخلايا المولدة العاجية,ألياف حسية.,الخلايا المولدة العاجية,ألياف حسية.,0.5228641033172607,0.5455945730209351,0.5339875817298889,Incorrect
55,أين يقع المستقيم؟,المستقيم السفلي,القولون السيني والقناة الشرجية,المستقيم السفلي,القولون السيني والقناة الشرجية,0.5756932497024536,0.5208026170730591,0.5468739867210388,Incorrect
56,إلى أي صنف من أصناف الغدد تنتمي حديثات المونتغمري؟,غدد عرقية,دهنية,غدد عرقية,دهنية,0.4531542956829071,0.5926821231842041,0.5136107802391052,Incorrect
64,ما هو العصب المحرك لعضلات اللسان؟,العصب الوجهي,12,العصب الوجهي,12,0.26501840353012085,0.2921847403049469,0.2779392898082733,Incorrect
73,ما هي الضفيرة التي يتفرع منها العصب الحجابي؟,الضفيرة الرقبية,الرقبية,الضفيرة الرقبية,الرقبية,0.7087180018424988,0.8346838355064392,0.7665605545043945,Correct
74,من أين يفرز الأدرينالين؟,الإجابة: النخاع الكظري,لب الكظر,الإجابة: النخاع الكظري,لب الكظر,0.5120680332183838,0.6054751873016357,0.5548680424690247,Correct
75,ما هو الوريد الذي يتشكل منه الوريد الأجوف السفلي؟,الوريدان الطوليان الخلفي والأمامي,الوريدين الحرقفيين المشتركين الأيمن والأيسر,الوريدان الطوليان الخلفي والأمامي,الوريدين الحرقفيين المشتركين الأيمن والأيسر,0.7589927911758423,0.677438497543335,0.7159004807472229,Incorrect
78,ما هي الطبقة الأكثر تمايزاً وكثافة في الشرايين؟,الطبقة الوسطى: الطبقة الوسطى (Media),المتوسطة,الطبقة الوسطى: الطبقة الوسطى (Media),المتوسطة,0.36127859354019165,0.43029725551605225,0.39277899265289307,Correct
79,مما ينتج هرمون T4؟,الغدة الدرقية,الدرق,الغدة الدرقية,الدرق,0.5530028343200684,0.5664021968841553,0.5596223473548889,Correct
85,ما هي العضلة التي ترتكز بشكل أساسي على العظم الزورقي؟,عضلة الساوية,الظنبوبي الخلفي,عضلة الساوية,الظنبوبي الخلفي,0.6203799247741699,0.6518992185592651,0.635749101638794,Incorrect
87,أين تقع المنطقة الشمية؟,ANSWER: التجويف الأنفي,سقف الأنف,التجويف الأنفي,سقف الأنف,0.5157790184020996,0.5336447954177856,0.5245597958564758,Incorrect
88,ما هو اسم الوسادة من النسيج الدهني فوق الارتفاق العاني؟,الإجابة: وسادة موركوس,جبل العانة,الإجابة: وسادة موركوس,جبل العانة,0.4369502067565918,0.4432755410671234,0.440090149641037,Incorrect
98,أين يتوضع الكولون السيني؟,القولون السيني: ANSWER: القولون النازل,الناحية المغبنية اليسرى,القولون السيني: ANSWER: القولون النازل,الناحية المغبنية اليسرى,0.4498438239097595,0.5640093684196472,0.5004987716674805,Incorrect
103,ما هو القسم من العظم الجبهي الذي يفصل بين القسمين الحجاجيين من الخلف؟,الإجابة: الجدار الحجاجي,الثلمة الغربالية,الإجابة: الجدار الحجاجي,الثلمة الغربالية,0.4787276089191437,0.5203106999397278,0.49865373969078064,Incorrect
105,ما هي الفروع الانتهائية للسبات الظاهر؟,ANSWER: العصب الفكي العلوي والعصب اللساني البلعومي,الفكي والصدغي والسطحي,العصب الفكي العلوي والعصب اللساني البلعومي,الفكي والصدغي والسطحي,0.5873365998268127,0.6006778478622437,0.5939322710037231,Incorrect
113,أين يمر عصب الفك العلوي؟,ANSWER: الثقبة العوراء,الثقبة المدورة,الثقبة العوراء,الثقبة المدورة,0.8406379222869873,0.8406379222869873,0.8406379222869873,Incorrect
114,ما هي النقطة التشريحية على الوجه السفلي لجسم العظم الوتدي؟,الثقبة الوتديَّة,المنقار الوتدي,الثقبة الوتديَّة,المنقار الوتدي,0.7360738515853882,0.8168563842773438,0.7743639945983887,Incorrect
115,ما اسم العظم الذي يتوضع كيس الدمع عليه؟,عظم الوتدي,الدمعي أنسي الحجاج,عظم الوتدي,الدمعي أنسي الحجاج,0.5027308464050293,0.5261580944061279,0.5141777396202087,Incorrect
116,من أين ينشأ الشريان السباتي المشترك الأيسر؟,الأُذَين الأيسر,قوس الأبهر مباشرة,الأُذَين الأيسر,قوس الأبهر مباشرة,0.6385167837142944,0.5446250438690186,0.5878453850746155,Incorrect
120,ما طول الأسهر؟,ANSWER: 25 سم,45 سم,25 سم,45 سم,0.9512896537780762,0.9512896537780762,0.9512896537780762,Incorrect
128,ما هو المكان الذي يعبر من خلاله الشريان السحائي الأوسط؟,الثقبة الوداجية,الثقبة الشوكية,الثقبة الوداجية,الثقبة الشوكية,0.745734691619873,0.790255069732666,0.7673496603965759,Incorrect
138,ما هي الطية الجلدية التي تغطي رأس القضيب؟,"الطية الجلدية التي تغطي رأس القضيب تُسمى ""الجِيبُ القَضْبِي"".",القلفة,"الطية الجلدية التي تغطي رأس القضيب تُسمى ""الجِيبُ القَضْبِي"".",القلفة,0.3632587194442749,0.4490478038787842,0.40162307024002075,Incorrect
145,ما هي البنية التشريحية التي ترتكز على الحفرة المدورية؟,الشريان الفقري,العضلة السدادية الظاهرة,الشريان الفقري,العضلة السدادية الظاهرة,0.5862979888916016,0.5270927548408508,0.5551212430000305,Incorrect
147,أين يتوضع الدرز الأكليلي؟,الإجابة: الدرز الإكليلي,يتوضع بين العظم الجبهي والجداريين.,الإجابة: الدرز الإكليلي,يتوضع بين العظم الجبهي والجداريين.,0.4720393419265747,0.5413724184036255,0.5043341517448425,Incorrect
152,ماذا يفعل الرباط المتصالب الأمامي؟,الرباط المتصالب الأمامي يثبت الركبة,يمنع انزياح الساق للأمام,الرباط المتصالب الأمامي يثبت الركبة,يمنع انزياح الساق للأمام,0.6416515111923218,0.5918844938278198,0.6157640814781189,Incorrect
157,ما العصب القحفي الذي يعبر الثقبة البيضية؟,العصب القحفي الخامس,الفكي السفلي,العصب القحفي الخامس,الفكي السفلي,0.6832703351974487,0.6527320146560669,0.6676521301269531,Incorrect
159,إلى أي قصبات تتفرع القصبات الفصية؟,قصبات سفلية,قطعية شدفية,قصبات سفلية,قطعية شدفية,0.664803683757782,0.664803683757782,0.664803683757782,Incorrect
161,أين توجد نوى الأعصاب القحفية من الثالث حتى الثاني عشر؟,العقد القحفية,جذع الدماغ,العقد القحفية,جذع الدماغ,0.593255877494812,0.6128523349761963,0.6028949022293091,Incorrect
166,على ماذا يحتوي البلعوم الفموي من اللوزتين؟,اللوزتين,الحنكيتين,اللوزتين,الحنكيتين,0.7332196235656738,0.7289081811904907,0.7310575246810913,Incorrect
167,على أي من وجوه الكبد يوجد مسكن المرارة؟,الإجابة: الوجه الأيمن,السفلي,الإجابة: الوجه الأيمن,السفلي,0.3843994140625,0.5221020579338074,0.44279181957244873,Incorrect
168,ما هو العصب القحفي الثاني؟,العصب البصري,البصري - حاسي,العصب البصري,البصري - حاسي,0.5377740263938904,0.49678274989128113,0.5164663195610046,Correct
175,ما وظيفة العضلة تحت الكتفية؟,ANSWER: دوران الكتف,دوران أنسي للكتف.,دوران الكتف,دوران أنسي للكتف.,0.7169859409332275,0.5918009281158447,0.6484065055847168,Incorrect
178,أين تتوضع المشيمة في ارتكاز المشيمة المعيب؟,ANSWER: تحتية,بين الجنين والمهبل.,تحتية,بين الجنين والمهبل.,0.41017860174179077,0.36050623655319214,0.38374167680740356,Incorrect
181,ما اسم الطبقة من السحايا التي تغطي الجيوب الوريدية؟,السحايا السحائية,الام الجافية,السحايا السحائية,الام الجافية,0.6062332391738892,0.5557882785797119,0.5799158215522766,Incorrect
184,ما هي الألياف التي تربط المراكز القشرية بالمحيط؟,الألياف القشرية الشبكية,إسقاطية,الألياف القشرية الشبكية,إسقاطية,0.38625913858413696,0.4322271943092346,0.40795233845710754,Incorrect
185,ما الذي تشكله البصلة عندما تتمادى في الأمام في جسم القضيب؟,الإجابة: البصلة الإحليلية,الجسم الاسفنجي,الإجابة: البصلة الإحليلية,الجسم الاسفنجي,0.48624250292778015,0.6476308703422546,0.5554511547088623,Incorrect
193,ما هي أكبر غدد الجسم؟,الكبد,الكبد,الكبد,الكبد,0.9999999403953552,0.9999999403953552,0.9999999403953552,Correct
194,ما هي الشرايين الخمسة التي يتفرع إليها الشريان الكلوي؟,الشريان الكلوي يتفرع إلى خمسة شرايين، وهي: الشريان الكلوي الإنسي، الشريان الكلوي الوحشي، الشريان الكلوي الأمامي، الشريان الكلوي الخلفي، والشريان الكلوي النازل.,قطعية,الشريان الكلوي يتفرع إلى خمسة شرايين، وهي: الشريان الكلوي الإنسي، الشريان الكلوي الوحشي، الشريان الكلوي الأمامي، الشريان الكلوي الخلفي، والشريان الكلوي النازل.,قطعية,0.26312118768692017,0.33824092149734497,0.2959892451763153,Incorrect
196,بماذا ينتهي الشريان الوجهي؟,الشريان الفكي العلوي,الشريان الزاوي,الشريان الفكي العلوي,الشريان الزاوي,0.6089283227920532,0.6274563074111938,0.6180534958839417,Incorrect
201,ما هي طبقة لب السن الأكثر عمقا والأقرب لجوهر اللب؟,الإجابة: العاج,المنطقة الغنية بالخلايا.,الإجابة: العاج,المنطقة الغنية بالخلايا.,0.449470192193985,0.422133207321167,0.4353730082511902,Incorrect
202,أين تقع فوهة مصب الجيب الأكليلي؟,الإجابة: أمام الغار الأنفي العلوي,أمام وأسفل مصب الأجوف السفلي,الإجابة: أمام الغار الأنفي العلوي,أمام وأسفل مصب الأجوف السفلي,0.5768009424209595,0.5944244265556335,0.5854801535606384,Incorrect
203,ما هي الزاوية الأمامية السفلية للعظم الجداري؟,الزاوية الجبهية,وتدية,الزاوية الجبهية,وتدية,0.5012904405593872,0.597907304763794,0.5453526377677917,Incorrect
206,أي عصب هو المحرك لعضلات اللسان؟,العصب البلعومي اللساني,12,العصب البلعومي اللساني,12,0.3328203558921814,0.2510354518890381,0.28619980812072754,Incorrect
208,ما هو البروز العظمي الذي يحتوي عليه الوجه الداخلي لفرع الفك السفلي؟,الجواب: النتوء الفكي السفلي,اللسين,الجواب: النتوء الفكي السفلي,اللسين,0.3600640296936035,0.36899319291114807,0.36447396874427795,Incorrect
209,ما هي المواد التي تفرزها الغدد استجابة للتنبيه وترحل عبر الدم؟,الهرمونات,الهرمونات,الهرمونات,الهرمونات,1.0000001192092896,1.0000001192092896,1.0000001192092896,Correct
210,ما هي الزاوية بين قبضة وجسم القص؟,زاوية ليفر,لويس,زاوية ليفر,لويس,0.504758358001709,0.5865659117698669,0.5425958633422852,Incorrect
215,من أين يخرج العصب الفكي العلوي من الجمجمة؟,الإجابة: الثقبة الجوجونية,الثقبة المدورة,الإجابة: الثقبة الجوجونية,الثقبة المدورة,0.5393936634063721,0.6753610372543335,0.5997679233551025,Incorrect
217,ما الذي يحدد المنصف العلوي جانبياً؟,الأذين الأيمن,الجنية المنصفية.,الأذين الأيمن,الجنية المنصفية.,0.5008990168571472,0.44186487793922424,0.46953365206718445,Incorrect
219,ما هما الممران اللذان يمر عبرهما الهواء إلى جوف الأنف؟,ANSWER: البلعوم الأنفي والحنجرة الأنفية,المنخرين,البلعوم الأنفي والحنجرة الأنفية,المنخرين,0.4756501019001007,0.5408299565315247,0.5061503052711487,Incorrect
223,أين ترتكز العضلة العريضة الظهرية؟,ANSWER: عظم العانة,قاع أخدود ذات الرأسين.,عظم العانة,قاع أخدود ذات الرأسين.,0.5256512761116028,0.48129504919052124,0.5024961829185486,Incorrect
225,ما هو القولون الذي يمتد بشكل أفقي؟,القولون المستعرض,الكولون المعترض,القولون المستعرض,الكولون المعترض,0.7420850992202759,0.7259312272071838,0.7339192032814026,Correct
228,كم عدد القطع العصعصية في النخاع الشوكي؟,ANSWER: قطعتين,1,قطعتين,1,0.6249433755874634,0.6382903456687927,0.6315463781356812,Incorrect
230,ما الطبقة التي تمثلها العضلة الدافعة في المثانة؟,العضلة الدافعة: الطبقة الخارجية (الطبقة المصلية),العضلية,العضلة الدافعة: الطبقة الخارجية (الطبقة المصلية),العضلية,0.47499150037765503,0.5232372879981995,0.4979484975337982,Incorrect
231,ما هي الخلايا التي توجد في الجلد وتعمل كمستقبلات آلية حسية؟,خلايا ميركل,خلايا ميركل.,خلايا ميركل,خلايا ميركل.,0.8665072321891785,0.7080731391906738,0.7793193459510803,Correct
235,ما اسم الكرة الصغيرة فوق قمة الغضروف؟,الإجابة: التوتة,القريني,الإجابة: التوتة,القريني,0.4391351044178009,0.5384877920150757,0.4837630093097687,Incorrect
236,أين لا توجد الغدد الزهمية؟,الغدد العرقية,راحة اليد وأخمص القدم,الغدد العرقية,راحة اليد وأخمص القدم,0.5128694176673889,0.48432090878486633,0.49818649888038635,Incorrect
240,ما هو العصب المسؤول عن حركات عضلات الوجه التعبيرية؟,العصب الوجهي,السابع,العصب الوجهي,السابع,0.394159197807312,0.44924402236938477,0.4199027419090271,Correct
241,ما هي الزاوية الخلفية السفلية في العظم الجداري؟,الزاوية الجدارية,خشانية,الزاوية الجدارية,خشانية,0.5130602121353149,0.6123118996620178,0.5583092570304871,Incorrect
245,ما هو الاسم الآخر لفرع الفك السفلي؟,العصب الوجهي,الرأد.,العصب الوجهي,الرأد.,0.4696989953517914,0.48784828186035156,0.4786016345024109,Incorrect
253,ماذا يفعل الرباط المتصالب الأمامي؟,الرباط المتصالب الأمامي يثبت الركبة,يمنع ازياح الساق للأمام,الرباط المتصالب الأمامي يثبت الركبة,يمنع ازياح الساق للأمام,0.6236982345581055,0.5743515491485596,0.5980085730552673,Incorrect
255,ما هي الثقبة التي يعبر من خلالها العصب الوجهي؟,الثقبة المغزلية,الثقبة الإبرية الخشانية,الثقبة المغزلية,الثقبة الإبرية الخشانية,0.7533478736877441,0.6690493822097778,0.7087006568908691,Incorrect
262,ماذا تفرز خلايا بيتا في البنكرياس؟,الأنسولين,الأنسولين,الأنسولين,الأنسولين,1.0,1.0,1.0,Correct
267,ما هو التامور الخارجي الذي لا يرتبط بالقلب؟,غلاف القلب,التامور الليفي,غلاف القلب,التامور الليفي,0.5875764489173889,0.565420389175415,0.5762856006622314,Incorrect
269,ما هو القسم من الضلع الواقع بين الرأس والحديبة؟,الناتئ الغضروفي,العنق,الناتئ الغضروفي,العنق,0.5124494433403015,0.5820547938346863,0.5450388193130493,Incorrect
273,مع أي عظم يتمفصل الظنبوب في الأسفل؟,الإجابة: عظم الكعب,القعب,الإجابة: عظم الكعب,القعب,0.4006757438182831,0.5446675419807434,0.4617054760456085,Incorrect
277,أي من العضلات العميقة التالية للمثلث الخلفي للعنق ترتبط بحدبة الأطلس الخلفية؟,العضلة السهمية,المستقيمه الرأسيه الخلفيه الصغيرة,العضلة السهمية,المستقيمه الرأسيه الخلفيه الصغيرة,0.5467666387557983,0.6918424367904663,0.6108083128929138,Incorrect
279,ما هو التركيب الذي يتصل بالخلف مع البلعوم الفموي عبر برزخ الحلق؟,الإجابة: لسان المزمار,جوف الفم المخصوص,الإجابة: لسان المزمار,جوف الفم المخصوص,0.5055537819862366,0.5489964485168457,0.5263803601264954,Incorrect
281,ما هي البنية التي تغطي السطوح الأمامي والإنسي والوحشي للخصية؟,غشاء بورسين,الغلالة الغمدية,غشاء بورسين,الغلالة الغمدية,0.5834599733352661,0.5601847171783447,0.571585476398468,Incorrect
282,أين يقع موقع الغدة الدرقية؟,أمام القصبة الهوائية,تحت الحنجرة وعلى جانبي الرغامي وأمامها,أمام القصبة الهوائية,تحت الحنجرة وعلى جانبي الرغامي وأمامها,0.6430345773696899,0.5712973475456238,0.6050470471382141,Incorrect
283,أين تتوضع مستقبلات الشم؟,ANSWER: في البصلة الشمية,سقف الأنف.,في البصلة الشمية,سقف الأنف.,0.5011676549911499,0.5183112621307373,0.5095952749252319,Incorrect
284,ما هي طبيعة هرمونات الغدة النخامية؟,هرمونات الغدة النخامية: هرموناتها تُفرَز من الغدة النخامية الأمامية.,بيتيدية,هرمونات الغدة النخامية: هرموناتها تُفرَز من الغدة النخامية الأمامية.,بيتيدية,0.3491201102733612,0.31416428089141846,0.33072108030319214,Incorrect
285,ما هو مفصل المرفق؟,مفصل الكوع,نموذج رزى,مفصل الكوع,نموذج رزى,0.5991130471229553,0.5887861847877502,0.5939047336578369,Incorrect
286,ما هو المكان الذي تنشأ منه العضلة المدورة الكبيرة بشكل أساسي؟,الأَليَتَة,أسفل الحافة الوحشية لعظم لوح الكتف.,الأَليَتَة,أسفل الحافة الوحشية لعظم لوح الكتف.,0.4496486186981201,0.3781939744949341,0.4108375012874603,Incorrect
287,أين يتوضع الأبهر النازل البطني؟,الإجابة: خلف الكلية اليسرى,أيسر الأجوف السفلي,الإجابة: خلف الكلية اليسرى,أيسر الأجوف السفلي,0.49335479736328125,0.5390235185623169,0.5151790380477905,Incorrect
288,ما الذي يجاور السطح العلوي لمثانة الرجل؟,ANSWER: الإحليل,عرى اللفائفي والكولون السيني,الإحليل,عرى اللفائفي والكولون السيني,0.48081889748573303,0.3830515444278717,0.42640289664268494,Incorrect
289,ما هي عضلة الشهيق الرئيسية؟,عضلة الحجاب الحاجز,الحجاب الحاجز.,عضلة الحجاب الحاجز,الحجاب الحاجز.,0.6713117361068726,0.6569374799728394,0.6640468239784241,Correct
290,ما هو ترتيب دخول التراكيب إلى سرة الكلية من الخلف للأمام؟,الشريان الكلوي، الوريد الكلوي، العصب الكلوي، الحالب,حويضة – شريان – وريد,الشريان الكلوي، الوريد الكلوي، العصب الكلوي، الحالب,حويضة – شريان – وريد,0.5207306146621704,0.5139618515968323,0.5173240900039673,Incorrect
302,أين تشاهد التلمة الكعبرية للزند؟,الأروح,الوجه الوحشي للناتئ المنقاري.,الأروح,الوجه الوحشي للناتئ المنقاري.,0.45863470435142517,0.43153107166290283,0.4446702301502228,Incorrect
308,أين تتوضع الثقبة العوراء في اللسان؟,ANSWER: خلف الكلم الإنتهائي,خلف الكلم الإنتهائي,خلف الكلم الإنتهائي,خلف الكلم الإنتهائي,0.9999997615814209,0.9999997615814209,0.9999997615814209,Correct
313,ما هو أطول أجزاء الأنبوب الهضمي؟,الأمعاء الدقيقة,المعي الدقيق,الأمعاء الدقيقة,المعي الدقيق,0.5858032703399658,0.6323908567428589,0.6082062125205994,Correct
315,ما هو ترتيب العضلات من الأعلى للأسفل على الناحية الخلفية للألية؟,عضلة الألوية الكبرى,كمثرية - توأمية علوية - سادة باطنة - توأمية سفلية,عضلة الألوية الكبرى,كمثرية - توأمية علوية - سادة باطنة - توأمية سفلية,0.4895764887332916,0.5174171924591064,0.5031120181083679,Incorrect
325,ما هي الطبقة المبطنة للتامور الليفي؟,غشاء مصلي,التامور المصلي الجداري,غشاء مصلي,التامور المصلي الجداري,0.7854545712471008,0.6310927271842957,0.6998631954193115,Incorrect
330,ما هو أطول أجزاء أنبوب الهضم؟,الأمعاء الدقيقة,المعي الدقيق,الأمعاء الدقيقة,المعي الدقيق,0.5858032703399658,0.6323908567428589,0.6082062125205994,Correct
331,ما هو الهرمون الذي يسرع عملية تصنيع الأحماض الدهنية من الغلوكوز في الخلايا الشحمية؟,الأنسولين,الانسولين,الأنسولين,الانسولين,1.0,1.0,1.0,Correct
338,ما هو الرباط الذي يربط الرحم بجدران الحوض الجانبية؟,الرباط العريض,العريض,الرباط العريض,العريض,0.11805804073810577,0.12899255752563477,0.12328331917524338,Correct
339,ما هو لون لب الكظر؟,ANSWER: أبيض,بني غامق,أبيض,بني غامق,0.7656121850013733,0.7206645011901855,0.742458701133728,Incorrect
347,ما الذي يشكل معظم الكتلة العضلية للسان؟,عضلة البلعوم اللساني,ذقنية لسانية,عضلة البلعوم اللساني,ذقنية لسانية,0.5569524765014648,0.5655035972595215,0.5611954927444458,Incorrect
349,ما هي أصغر الحليمات الذوقية وأكثرها عدداً؟,الحليمات الفطرية,الخيطية,الحليمات الفطرية,الخيطية,0.5846816897392273,0.6723450422286987,0.6254566311836243,Incorrect
354,ما هي العضلات الطويلة التي تربط الفقرات مع بعضها؟,الأَرْبَطَة,عضلات العمود الفقري,الأَرْبَطَة,عضلات العمود الفقري,0.5844451189041138,0.5739098191261292,0.5791295170783997,Incorrect
355,ما هو أضيق قسم في جذع الدماغ؟,ANSWER: الجسر,مستوى الدماغ المتوسط,الجسر,مستوى الدماغ المتوسط,0.5623567700386047,0.5335438251495361,0.5475715398788452,Incorrect
358,أين يقع التلفيف خلف المركزي؟,الإجابة: الفص الجداري,الفص الجداري.,الإجابة: الفص الجداري,الفص الجداري.,0.6250687837600708,0.7247903347015381,0.6712460517883301,Correct
361,ما هي الباحة التي يحويها التلفيف خلف المركزي؟,الإجابة: الباحة الحركية,الحس الجسدي الأولية,الإجابة: الباحة الحركية,الحس الجسدي الأولية,0.5190154910087585,0.49837568402290344,0.5084862112998962,Incorrect
367,ما هي أصغر الحليمات الذوقية وأكثرها عدداً؟,الحليمات الفطرية,الخيطية,الحليمات الفطرية,الخيطية,0.5846816897392273,0.6723450422286987,0.6254566311836243,Incorrect
368,ما هي المجموعة العضلية التي تنتمي إليها العضلة الحرقفية؟,ANSWER: العضلات القطنية,عضلات الزنار الحوضي الأمامية,العضلات القطنية,عضلات الزنار الحوضي الأمامية,0.7589350938796997,0.6903747320175171,0.7230333089828491,Incorrect
372,ما هو القسم المسؤول عن تنظيم الفعالية الحياتية الذاتية؟,الجهاز العصبي الذاتي,جذع الدماغ,الجهاز العصبي الذاتي,جذع الدماغ,0.6768274903297424,0.6629959940910339,0.6698403358459473,Incorrect
373,ما هي المادة شبيهة بالهلام التي تشغل أربعة أخماس المقلة؟,الإجابة: الجسم الزجاجي,الخلط الزجاجي,الإجابة: الجسم الزجاجي,الخلط الزجاجي,0.5486956834793091,0.5860078930854797,0.5667383074760437,Correct
374,أين تقع أجسام العصبونات التي تفرز الهرمون المضاد للإدرار ADH؟,تحت المهاد,الأنوية فوق البصرية,تحت المهاد,الأنوية فوق البصرية,0.4893157482147217,0.466289758682251,0.47752535343170166,Incorrect
377,ما هي العضلات التي لها منشأ عظمي وترتكز على باطن جلد الوجه؟,عضلات مولر,عضلات الوجه التعبيرية,عضلات مولر,عضلات الوجه التعبيرية,0.6944425106048584,0.5648877620697021,0.6230010986328125,Incorrect
378,ما هو مصدر التروية الرئيسية للمعدة؟,الشريان المساريقي العلوي,فروع الجذع الزلاقي,الشريان المساريقي العلوي,فروع الجذع الزلاقي,0.6898993849754333,0.5955522060394287,0.639263391494751,Incorrect
380,ما هي أطول أجزاء أنبوب الهضم؟,الأمعاء الدقيقة,المعي الدقيق,الأمعاء الدقيقة,المعي الدقيق,0.5858032703399658,0.6323908567428589,0.6082062125205994,Correct
382,من أين ينشأ الجذع الرئوي؟,الأذين الأيسر,البطين الأيمن,الأذين الأيسر,البطين الأيمن,0.7937551736831665,0.8345656394958496,0.8136489987373352,Incorrect
383,ما هو اسم المنعكس الذي يحدث عند رفع الخصية والصفن للأعلى؟,رد الفعل الركبي,المشمري,رد الفعل الركبي,المشمري,0.5409089922904968,0.6434303522109985,0.5877323746681213,Incorrect
389,ما هو العظم الذي يحتوي على تلم في وجهه السفلي لمرور وتر الشظية الطويلة؟,عظم الكاحل,النردي,عظم الكاحل,النردي,0.5845943093299866,0.5458729267120361,0.5645704865455627,Incorrect
392,ما هي المنطقة المتوسطة من نواحي البطن؟,المنطقة الحرقفية,السرية,المنطقة الحرقفية,السرية,0.5445594787597656,0.5842524766921997,0.5637081265449524,Incorrect
394,ما الذي يصل بين الأذينة اليسرى والبطين الأيسر؟,الصمام التاجي,فوهة التاجي,الصمام التاجي,فوهة التاجي,0.7155224084854126,0.6186478734016418,0.6635680794715881,Correct
395,ما الذي يعطي الرباط الحرقفي القطني منشأ له؟,الإجابة: الحافة الخلفية للفص الجبهي للحرقفة,العضلة المربعة القطنية.,الإجابة: الحافة الخلفية للفص الجبهي للحرقفة,العضلة المربعة القطنية.,0.5930846929550171,0.5747883319854736,0.5837931632995605,Incorrect
399,ماذا يحفز ACTH إفرازه؟,تحفيز الغدة النخامية,الكورتيزول,تحفيز الغدة النخامية,الكورتيزول,0.5893264412879944,0.6808474659919739,0.6317897439002991,Incorrect
401,ما هو أكثر أقسام الإحليل قابلية للتمدد وأعرضها؟,الإحليل السفلي,الموثي,الإحليل السفلي,الموثي,0.6237656474113464,0.6713982820510864,0.6467061042785645,Incorrect
402,مما يتكون الزنار الحوضي؟,ANSWER: العظم الحرقفي,من العظمين الوركيين و العجز.,العظم الحرقفي,من العظمين الوركيين و العجز.,0.609677791595459,0.5348055362701416,0.5697925686836243,Incorrect
403,أين تقع الباحة الحركية الأولية؟,ANSWER: الفص الجبهي,في التلفيف أمام المركزي .,الفص الجبهي,في التلفيف أمام المركزي .,0.45289522409439087,0.4376690685749054,0.4451519548892975,Incorrect
412,ما هي العضلة المسؤولة عن قبض الفخذ وقبض الساق؟,العضلة المقربة,الخياطية,العضلة المقربة,الخياطية,0.5208126306533813,0.5925654172897339,0.5543769598007202,Incorrect
420,أين تتوضع الغدة تحت الطية اللسانية؟,ANSWER: أمام الغدة تحت الفك السفلي,تحت اللسان,أمام الغدة تحت الفك السفلي,تحت اللسان,0.4298930764198303,0.47265172004699707,0.4502595365047455,Incorrect
424,أين يتوضع السرج التركي؟,ANSWER: فوق الغدة النخامية,على الوجه العلوي لجسم العظم الوتدي.,فوق الغدة النخامية,على الوجه العلوي لجسم العظم الوتدي.,0.6178281307220459,0.5358157157897949,0.5739067792892456,Incorrect
426,ما هو القسم مع الضلع الواقع بين الرأس والحدبية؟,الإجابة: الناتئ الرهابي,العنق,الإجابة: الناتئ الرهابي,العنق,0.39140036702156067,0.4954930245876312,0.4373381435871124,Incorrect
443,كم عدد شدف النخاع الشوكي؟,ANSWER: شدف فقرية,31,شدف فقرية,31,0.34527790546417236,0.5349769592285156,0.4196869134902954,Incorrect
450,ما هي العضلة الموسعة المسؤولة عن فتح الحنجرة؟,عضلة لسان المزمار,الحلقية الطرجهالية الخلفية,عضلة لسان المزمار,الحلقية الطرجهالية الخلفية,0.49339917302131653,0.5567108988761902,0.5231465101242065,Incorrect
453,ما يُدعى القسم العلوي المتسع من الحالب؟,عروة الحالب,الحويضة,عروة الحالب,الحويضة,0.6094942688941956,0.7187017202377319,0.6596083045005798,Incorrect
468,أين توجد نقطة التعظم البدئية في لوح الكتف؟,الإجابة: جسم الكتف,الحفرة تحت الشوك,الإجابة: جسم الكتف,الحفرة تحت الشوك,0.5098649859428406,0.5129750967025757,0.5114153623580933,Incorrect
469,ما هو الشريان الذي يستمر به الشريان تحت الترقوة؟,الشريان الإبطي,الابطي,الشريان الإبطي,الابطي,0.7503640651702881,0.807134211063385,0.7777145504951477,Correct
474,ما هو الشريان الذي يمكن الشعور بنبضه عند الحافة السفلية للفك السفلي أمام العضلة الماضغة؟,الشريان الفكي السفلي,الوجهي.,الشريان الفكي السفلي,الوجهي.,0.5339165925979614,0.530709981918335,0.5323084592819214,Incorrect
489,ما هو الشريان الذي يعتبر الشريان المخي الخلفي فرعاً منه؟,الشريان القاعدي,القاعدي,الشريان القاعدي,القاعدي,0.703180730342865,0.7544208765029907,0.7279002070426941,Correct
501,ما هو أكبر أعضاء الجسم وزناً ومساحة؟,الكبد,الجلد,الكبد,الجلد,0.5206016898155212,0.5206016898155212,0.5206016898155212,Incorrect
505,ما الذي يشكله نصفا الكرة المخية مع الدماغ البيني؟,الإجابة: الدماغ المتوسط,المخ,الإجابة: الدماغ المتوسط,المخ,0.3996100425720215,0.4920549690723419,0.4410403072834015,Incorrect
510,ما هو اسم الحافة اليسرى للمعدة التي تمتد من الفؤاد إلى البواب؟,انحناء المعدة الأيسر,الانحناء الكبير,انحناء المعدة الأيسر,الانحناء الكبير,0.6411249041557312,0.7542277574539185,0.6930924654006958,Incorrect
515,ما هو مصدر نشأة الشريان الشوكي الأمامي؟,الشريان الفقري الأمامي,الفقري,الشريان الفقري الأمامي,الفقري,0.41408032178878784,0.5065765976905823,0.45568203926086426,Incorrect
517,أين يقع الثرب الصغير؟,خلف المعدة,المعدة والكبد,خلف المعدة,المعدة والكبد,0.617277979850769,0.6254149675369263,0.6213198304176331,Incorrect
526,أين تقع صفيحة الأكيمات؟,الإجابة: قاعدة اللسان,الدماغ المتوسط .,الإجابة: قاعدة اللسان,الدماغ المتوسط .,0.42134764790534973,0.4978000521659851,0.4563942849636078,Incorrect
529,ما هي الباحة التي يحويها التلفيف خلف المركزي؟,الإجابة: الباحة الحركية,الحس الجسدي الأولية,الإجابة: الباحة الحركية,الحس الجسدي الأولية,0.5190154910087585,0.49837568402290344,0.5084862112998962,Incorrect
530,ما هي الألياف التي تربط المراكز القشرية بالمحيط؟,الألياف القشرية الشبكية,إسقاطية,الألياف القشرية الشبكية,إسقاطية,0.38625913858413696,0.4322271943092346,0.40795233845710754,Incorrect
531,ما نوع المفصل الحلقي الطرجهالي؟,محوري,الزليلي,محوري,الزليلي,0.5737491846084595,0.5261824131011963,0.5489372611045837,Incorrect
533,ما هو رقم العصب الحركي للعضلات الماضغة؟,العصب السنخي السفلي: العصب رقم 5,الخامس,العصب السنخي السفلي: العصب رقم 5,الخامس,0.32791978120803833,0.430606484413147,0.3723124563694,Correct
541,كم عدد فصيصات الخصية؟,ANSWER: تسع فصيصات,250,تسع فصيصات,250,0.4429745674133301,0.5625535249710083,0.49565377831459045,Incorrect
548,أين ترتكز العضلة الأخمعية الخلفية بوتر رقيق؟,ANSWER: على الحافة الخلفية للقلنسوة المدورة,الضلع الثاني.,على الحافة الخلفية للقلنسوة المدورة,الضلع الثاني.,0.5332232713699341,0.434408962726593,0.4787706732749939,Incorrect
554,أين يتوضع الثلم المهمازي؟,ANSWER: ثلم م. إبهام,الأنسي,ثلم م. إبهام,الأنسي,0.5061219930648804,0.6254702806472778,0.559502363204956,Incorrect
557,ما هي المنطقة التي يقع بينها القسيم العضلي (sarcomere)؟,الإجابة: الوحدة العضلية,الخطين -Z-,الإجابة: الوحدة العضلية,الخطين -Z-,0.4437556862831116,0.4490963816642761,0.44641005992889404,Incorrect
562,ما الذي تنتجه الخلايا المجاورة للجريبات في الدرق؟,خلايا جاركيه,كاليستونين,خلايا جاركيه,كاليستونين,0.6177142858505249,0.6281455755233765,0.6228862404823303,Incorrect
563,ما الذي تتحول إليه الوحيدات Monocytes بعد مغادرتها الدوران؟,الأَماكِنِيَّة: تتحول الوحيدات إلى خلايا بلعمية كبيرة.,بالعات,الأَماكِنِيَّة: تتحول الوحيدات إلى خلايا بلعمية كبيرة.,بالعات,0.39462465047836304,0.46813517808914185,0.42824822664260864,Correct
568,ما هو الشريان الذي ينتهي به الشريان الوجهي؟,الشريان القاعدي,الزاوي,الشريان القاعدي,الزاوي,0.6213122010231018,0.6798148155212402,0.6492483019828796,Incorrect
571,أين يتوضع الثلم المهمازي؟,ANSWER: ثلم م. إبهام,الانسي,ثلم م. إبهام,الانسي,0.5061219930648804,0.6254702806472778,0.559502363204956,Incorrect
573,ما هو العصب القحفي الذي يحمل التعصيب نظير الودي للقلب؟,العصب المبهم,10,العصب المبهم,10,0.3980293869972229,0.41852322220802307,0.408019095659256,Correct
575,ما هي العضلة التي يمر العصب تحت اللساني في الناحية تحت الفك عميقاً منها؟,العضلة المبوقة,لامية لسانية.,العضلة المبوقة,لامية لسانية.,0.4545426070690155,0.4432426393032074,0.4488215148448944,Incorrect
576,تحت أي قسم من أقسام التشريح يندرج التنبيب الرغامي؟,تنبيب: قسم الأنف والأذن والحنجرة,التشريح التقني .,تنبيب: قسم الأنف والأذن والحنجرة,التشريح التقني .,0.38073188066482544,0.46709978580474854,0.41951674222946167,Incorrect
578,ما هي العظام التي يتشكل منها مفصل الركبة؟,ANSWER: عظم الفخذ وعظم الظنبوب وعظم الشظَية,المفصل بين عظمي الفخذ والظنبوب والمفصل بين عظمي الفخذ والرضفة.,عظم الفخذ وعظم الظنبوب وعظم الشظَية,المفصل بين عظمي الفخذ والظنبوب والمفصل بين عظمي الفخذ والرضفة.,0.6271374821662903,0.6509163975715637,0.6388056874275208,Incorrect
579,ما هي الحركة الخاصة بالساعد؟,دوران الساعد,الكب,دوران الساعد,الكب,0.5375216603279114,0.6224381327629089,0.5768716931343079,Incorrect
582,ما الذي يحويه القسم الأمامي للثلم الأمامي الخلفي الأيسر للكبد؟,الوريد البابي الكبدي,تلم الرباط الوريدي,الوريد البابي الكبدي,تلم الرباط الوريدي,0.7486199140548706,0.682846188545227,0.7142219543457031,Incorrect
586,ماذا تشكل الصفيحتان السفليتان للشفرين الصغيرين عند اتحادهما؟,فتحة المهبل,لجيم البظر,فتحة المهبل,لجيم البظر,0.6618884801864624,0.6252583861351013,0.6430522203445435,Incorrect
591,ما هي الانطباعات التي توجد على العظم الجداري؟,الانطباعات الجدارية,السحائي الأوسط,الانطباعات الجدارية,السحائي الأوسط,0.5036711692810059,0.5059646368026733,0.5048153400421143,Incorrect
592,ما هو العصب الحركي للعضلات الماضغة؟,العصب الفكي العلوي,الخامس,العصب الفكي العلوي,الخامس,0.3959614634513855,0.44564956426620483,0.41933876276016235,Incorrect
593,أين يقع الشق الحجاجي السفلي؟,الإجابة: الشق الحجاجي السفلي,الجناح البير والفكي العلوي,الإجابة: الشق الحجاجي السفلي,الجناح البير والفكي العلوي,0.5827035903930664,0.5380426645278931,0.5594832897186279,Incorrect
597,ما هو العضو المتخصص بتشكيل الصوت والتدخل بالدور في الكلام؟,الحنجرة,الحنجرة,الحنجرة,الحنجرة,1.0,1.0,1.0,Correct
601,ما هي حركة الركبة للخلف بمستوى سهمي؟,تمديد الركبة,عطف,تمديد الركبة,عطف,0.5569971799850464,0.5957083106040955,0.5757027864456177,Incorrect
603,ما هو العصب القحفي المتواسط بإفراز الغدد الدمعية واللعابية؟,العصب البلعومي اللساني,السابع,العصب البلعومي اللساني,السابع,0.41527271270751953,0.35861936211586,0.3848724067211151,Incorrect
609,أين تتوضع الصفيحة الأفقية للعظم الغربالي؟,ANSWER: بين الجناحين الوحشيين,الثلمة الغربالية في العظم الدمعي.,بين الجناحين الوحشيين,الثلمة الغربالية في العظم الدمعي.,0.47061973810195923,0.4207850694656372,0.44430938363075256,Incorrect
612,ما هو لون لب الكظر؟,ANSWER: أبيض,بني غامق,أبيض,بني غامق,0.7656121850013733,0.7206645011901855,0.742458701133728,Incorrect
616,ما هو وجه العظم الجبهي الذي ينتمي للقحف العصبي؟,الإجابة: العظم الجبهي,الداخلى,الإجابة: العظم الجبهي,الداخلى,0.30293354392051697,0.3956715762615204,0.3431471884250641,Incorrect
618,ما هو لون لب الكظر؟,ANSWER: أبيض,بني غامق,أبيض,بني غامق,0.7656121850013733,0.7206645011901855,0.742458701133728,Incorrect
627,ما هي اللفافة التي تحيط بجسم القضيب؟,غلالة بكنر,بوك,غلالة بكنر,بوك,0.5272473096847534,0.5699812769889832,0.5477821826934814,Incorrect
632,ما هي العضلة التي تعد من العضلات الوحشية للساق وقد تعد من العضلات الأمامية للساق؟,عضلة الظنبوب الأمامية,العضلة الشظويةالثالثة,عضلة الظنبوب الأمامية,العضلة الشظويةالثالثة,0.6666966676712036,0.6211068630218506,0.6430948376655579,Incorrect
635,ما هو أول ما يتأثر من الخلايا الكبدية في حالة الإصابة بنقص الأكسجة؟,خلايا الكبد المحيطية,الخلايا الكبدية المركزية,خلايا الكبد المحيطية,الخلايا الكبدية المركزية,0.8123621344566345,0.7858756184577942,0.7988993525505066,Incorrect
636,ما هي العضلات الطويلة التي تربط الفقرات مع بعضها؟,الأَرْبَطَة,عضلات العمود الفقري,الأَرْبَطَة,عضلات العمود الفقري,0.5844451189041138,0.5739098191261292,0.5791295170783997,Incorrect
640,ما هي الطية الجلدية التي تغطي رأس القضيب؟,"الطية الجلدية التي تغطي رأس القضيب تُسمى ""الجِيبُ القَضْبِي"".",القلفة,"الطية الجلدية التي تغطي رأس القضيب تُسمى ""الجِيبُ القَضْبِي"".",القلفة,0.3632587194442749,0.4490478038787842,0.40162307024002075,Incorrect
644,من أين يتفرع الشريان الأكليلي الأيمن والأيسر؟,الأذين الأيمن,الأبهر الصاعد,الأذين الأيمن,الأبهر الصاعد,0.609937310218811,0.6014765501022339,0.6056773662567139,Incorrect
645,متى ينشأ برزخ الأبهر؟,الإجابة: بين الشريان الأورطي البطني والشريان الحرقفي المشترك,بعد منشأ الشريان تحت الترقوة الأيسر,الإجابة: بين الشريان الأورطي البطني والشريان الحرقفي المشترك,بعد منشأ الشريان تحت الترقوة الأيسر,0.5372164249420166,0.5542603731155396,0.5456053018569946,Incorrect
647,ما هو أصغر الفروع الأمامية للأبهر البطني؟,الشريان المساريقي العلوي,المساريقي السفلي,الشريان المساريقي العلوي,المساريقي السفلي,0.7304351329803467,0.7632663249969482,0.7464898824691772,Incorrect
655,ما هي الألياف التي تربط التلافيف والفصوص في نصف كرة مخية واحد؟,الألياف الرابطة,ترابطية,الألياف الرابطة,ترابطية,0.4975384473800659,0.5335376858711243,0.5149096250534058,Correct
656,ما هي ميزابة النبض بين أوتار العضلات؟,ميزابة النبض: تحت الكعبرة,العضدية الكعبرية قابضة الرسغ الكعبرية,ميزابة النبض: تحت الكعبرة,العضدية الكعبرية قابضة الرسغ الكعبرية,0.5549286603927612,0.5496776700019836,0.552290678024292,Incorrect
657,ما هو الوريد السطحي الذي يشكل الابطي؟,الوريد الإبطي,القاعدي,الوريد الإبطي,القاعدي,0.5569140315055847,0.5723891258239746,0.5645455121994019,Incorrect
660,ماذا تفرز الخلايا ألفا في البنكرياس؟,الأنسولين,الفلوكاغون,الأنسولين,الفلوكاغون,0.567768931388855,0.5419234037399292,0.5545452237129211,Incorrect
664,ما هو اسم أعمق الانخفاضات في الصيوان؟,الأخدود الطبلي,المحار,الأخدود الطبلي,المحار,0.537368893623352,0.6378340721130371,0.5833072066307068,Incorrect
665,ما هي وظيفة هرمون الغدة جار الدرقية PTH؟,تنظيم مستوى الكالسيوم في الدم,يرفع كالسيوم الدم,تنظيم مستوى الكالسيوم في الدم,يرفع كالسيوم الدم,0.7728157639503479,0.7779719829559326,0.775385320186615,Correct
669,ما الذي يمتد من المنخر حتى المنعر؟,الأنبوب السمعي,جوف الأنف,الأنبوب السمعي,جوف الأنف,0.669544517993927,0.715787947177887,0.6918944120407104,Incorrect
671,ما الذي يقع بين جسم الفقرة والقوس الفقرية؟,القرص الفقري,الثقبة الفقرية,القرص الفقري,الثقبة الفقرية,0.7873817086219788,0.7057642936706543,0.7443423867225647,Incorrect
676,أين تتوضع الطية المخملة؟,الطية المخملية: ANSWER: الطية البلعومية,الوجه السفلي للسان,الطية المخملية: ANSWER: الطية البلعومية,الوجه السفلي للسان,0.4655752182006836,0.5054831504821777,0.48470914363861084,Incorrect
680,ما هو الهرمون الذي يفرز PTH؟,هرمون الجار دُرقي,الغدد جارات الدرق.,هرمون الجار دُرقي,الغدد جارات الدرق.,0.6263654232025146,0.5785044431686401,0.6014843583106995,Incorrect
683,ما هو الهرمون الذي يسرع عملية تصنيع الأحماض الدهنية من الغلوكوز في الخلايا الشحمية؟,الأنسولين,الأنسولين,الأنسولين,الأنسولين,1.0,1.0,1.0,Correct
688,ما هي العضلات التي تعمل على توازن الرأس على الجذع؟,عضلات الرقبة,عضلات العنق.,عضلات الرقبة,عضلات العنق.,0.7138010263442993,0.682842493057251,0.6979786157608032,Correct
693,من أين يخرج العصب الوجهي من الجمجمة؟,ANSWER: الثقبة المغزلية,الثقبة الأبرية الخشائية,الثقبة المغزلية,الثقبة الأبرية الخشائية,0.731736421585083,0.6726891994476318,0.7009715437889099,Incorrect
696,ما الذي يتصل به المدورين بالخلف في الفخذ؟,الإجابة: العضلة المأبضية,العرف بين المدورين,الإجابة: العضلة المأبضية,العرف بين المدورين,0.4101073741912842,0.45977967977523804,0.43352535367012024,Incorrect
698,أين يدخل الحالبان المثانة؟,ANSWER: المثلث المثاني,الخلفي,المثلث المثاني,الخلفي,0.5419846773147583,0.6432478427886963,0.5882904529571533,Incorrect
700,ما هي الباحة المسؤولة عن حركات العين؟,الإجابة: الباحة القحفية السادسة,8,الإجابة: الباحة القحفية السادسة,8,0.5064854621887207,0.2425256371498108,0.32799437642097473,Incorrect
709,ما هو الشريان الذي ينشأ منه الجذع المشترك للشريان بين العظمين؟,الشريان الفكي العلوي,الزندي,الشريان الفكي العلوي,الزندي,0.5277504324913025,0.5556900501251221,0.5413599610328674,Incorrect
710,ما هو وجه عظم الترقوة الذي عليه ميزابة طولانية؟,وجه الترقوة,الوجه السفلي,وجه الترقوة,الوجه السفلي,0.5447662472724915,0.6520553827285767,0.5936018228530884,Incorrect
713,من أين يفرز الغلوكاغون؟,البنكرياس,خلايا الفا في المعثكلة,البنكرياس,خلايا الفا في المعثكلة,0.5857979655265808,0.5200614929199219,0.5509758591651917,Incorrect
715,ما هي الطبقة المبطنة للتامور الليفي؟,غشاء مصلي,التامور المصلي الجداري,غشاء مصلي,التامور المصلي الجداري,0.7854545712471008,0.6310927271842957,0.6998631954193115,Incorrect
718,ما هو معنى التوسع في نهاية الأسهر؟,ANSWER: القَناةُ القَذَاليَّة,مجل الأسهر,القَناةُ القَذَاليَّة,مجل الأسهر,0.5246096849441528,0.5462629795074463,0.5352174043655396,Incorrect
720,كم عدد فقرات الجزء الصدري من العمود الفقري؟,ANSWER: اثنا عشر فقرة,12,اثنا عشر فقرة,12,0.3511022627353668,0.5373365879058838,0.42470023036003113,Correct
722,من أين ينتج هرمون الأستروجين؟,المبيض,المبيض,المبيض,المبيض,1.0000007152557373,1.0000007152557373,1.0000007152557373,Correct
739,ما هي الفروع الانتهائية للسباني الخارجي؟,ANSWER: العصب المبهم والعصب البلعومي اللساني,حنكي وصدغي سطحي,العصب المبهم والعصب البلعومي اللساني,حنكي وصدغي سطحي,0.5439090132713318,0.5284942388534546,0.5360909104347229,Incorrect
743,ما هو مصدر التعصيب الحركي لعضلات الظهر العميقة؟,ANSWER: الحبل الشوكي,الشعب الاوليه الظهريه,الحبل الشوكي,الشعب الاوليه الظهريه,0.5338365435600281,0.4769655466079712,0.503801167011261,Incorrect
748,ما هو الجيب الوريدي الذي يصب في الوريد الوداجي الباطن؟,الجيب الوريدي الطرفي,الجيب السيني,الجيب الوريدي الطرفي,الجيب السيني,0.6137193441390991,0.5655513405799866,0.5886515974998474,Incorrect
752,أين يتوضع العظم الكتفي؟,عظم الكتف,الاضلاع الثانية حتى السابعة,عظم الكتف,الاضلاع الثانية حتى السابعة,0.549396276473999,0.5397905707359314,0.5445510149002075,Incorrect
753,ما هي المنطقة الأعمق في الغدة الكظرية؟,الإجابة: النخاع الكظري,اللب,الإجابة: النخاع الكظري,اللب,0.372965008020401,0.4207375645637512,0.3954135775566101,Correct
756,ما الذي يقع بين النواة العدسية من جهة والنواة والمهاد من الجهة الأخرى؟,النواة القاعدية,المحفظة الداخلية.,النواة القاعدية,المحفظة الداخلية.,0.5122805833816528,0.5094658136367798,0.5108693242073059,Incorrect
760,ما الذي ينفتح على القرين الأنفي العلوي؟,ANSWER: الجيب الجبهي,الجيب الوتدي,الجيب الجبهي,الجيب الوتدي,0.744667112827301,0.7279053330421448,0.7361907958984375,Incorrect
761,أين يمكن إجراء الحقن العضلي في القسم العلوي؟,الألية,الدالية,الألية,الدالية,0.7706695199012756,0.7614333629608154,0.7660236358642578,Incorrect
763,أين تتوضع الاحدوبة الدالية في العضد؟,الأروحية,الوحشي,الأروحية,الوحشي,0.6818091869354248,0.7342010140419006,0.7070358991622925,Incorrect
768,ما هو أكبر الجيوب جانب الأنف؟,الجيب الفكي العلوي,الفكي,الجيب الفكي العلوي,الفكي,0.6184688806533813,0.6339464783668518,0.6261119842529297,Correct
775,ما هو العصب المحرك لعضلات اللسان؟,العصب الوجهي,12,العصب الوجهي,12,0.26501840353012085,0.2921847403049469,0.2779392898082733,Incorrect
777,ما الذي يتوضع تحت الخط الضرسي اللامي؟,الإجابة: الطية البلعومية,حفرة الغدة تحت الفك السفلي,الإجابة: الطية البلعومية,حفرة الغدة تحت الفك السفلي,0.4976821541786194,0.517634928226471,0.5074624419212341,Incorrect
791,ما هي الطبقة المحيطة بالقلب والمرتبطة به؟,غشاء التامور,التامور المصلي الحشوي,غشاء التامور,التامور المصلي الحشوي,0.709368884563446,0.7123258709907532,0.7108443379402161,Incorrect
793,ما هو الشريان الذي ينشأ منه الشريان الزاوي؟,الشريان الفكي السفلي,الشريان الوجهي,الشريان الفكي السفلي,الشريان الوجهي,0.6989824175834656,0.7303849458694458,0.7143387794494629,Incorrect
796,ما هو تشكل الوريد المأبضي؟,تشكل الوريد المأبضي: الوريد المأبضي السفلي,الوريد الظنبوبي الامامي والوريد الظنبوبي الخلفي,تشكل الوريد المأبضي: الوريد المأبضي السفلي,الوريد الظنبوبي الامامي والوريد الظنبوبي الخلفي,0.6332111358642578,0.72921222448349,0.6778293251991272,Incorrect
799,ما هي المنطقة الأعمق في قشر الكظر؟,الإجابة: النخاع الكظري,الشبكية,الإجابة: النخاع الكظري,الشبكية,0.40578970313072205,0.4310843348503113,0.4180547893047333,Incorrect
802,أين يقع التلم الوحشي؟,ANSWER: على جانبي الدماغ,فص الجزيرة,على جانبي الدماغ,فص الجزيرة,0.5493083000183105,0.5610453486442566,0.55511474609375,Incorrect
803,أين يصب الوريد الكلوي؟,الوريد الأجوف السفلي,الأجوف السفلي,الوريد الأجوف السفلي,الأجوف السفلي,0.8147444725036621,0.8422107696533203,0.8282499313354492,Correct
808,أين ترتكز العضلة المدورة الصغيرة؟,الإجابة: على الحافة الحرة للغشاء الطلائي,حديبة العضد الكبرى.,الإجابة: على الحافة الحرة للغشاء الطلائي,حديبة العضد الكبرى.,0.4426889717578888,0.4573456048965454,0.44989797472953796,Incorrect
811,ما هو الجزء من البلعوم الذي يتبعه الردب الكمثري؟,ANSWER: البلعوم السفلي,الحنجري,البلعوم السفلي,الحنجري,0.570325493812561,0.5941623449325562,0.5819999575614929,Correct
815,كم عدد الأعصاب القحفية؟,ANSWER: 12 عصبًا,12 شفعًا,12 عصبًا,12 شفعًا,0.6410172581672668,0.665570855140686,0.6530633568763733,Correct
816,أين تتوضع نواة العصب العاشر؟,نواة العصب المبهم,البصلة,نواة العصب المبهم,البصلة,0.5407106876373291,0.6028419733047485,0.5700885057449341,Incorrect
817,ما هو العنصر الذي يجاور الرغامي من الخلف؟,الإجابة: الغضروف الحلقي,المري,الإجابة: الغضروف الحلقي,المري,0.34026968479156494,0.4563610255718231,0.3898564577102661,Incorrect
818,ما هو العصب القحفي الذي يجتاز النفق الصدري؟,العصب الخامس,2,العصب الخامس,2,0.49652132391929626,0.6108424067497253,0.5477807521820068,Incorrect
819,ما هو العظم الأضخم في هيكل القدم؟,عظم الكعب,العقب,عظم الكعب,العقب,0.7205713987350464,0.7432664632797241,0.7317430377006531,Correct
822,أين يوجد النفير البلعومي السمعي؟,ANSWER: خلف البلعوم الأنفي,البلعوم الانفي,خلف البلعوم الأنفي,البلعوم الانفي,0.8602011203765869,0.8982635736465454,0.8788204193115234,Incorrect
826,ما الذي يحد فتحة وينسلو من الأسفل؟,الإجابة: الحجاب الحاجز,الإثني عشر.,الإجابة: الحجاب الحاجز,الإثني عشر.,0.3931984603404999,0.4036746621131897,0.398367702960968,Incorrect
830,ما يُسمى الوجه الأمامي للوح الكتف؟,الإجابة: السطح الأمامي,الحفرة تحت الكتفية,الإجابة: السطح الأمامي,الحفرة تحت الكتفية,0.5262529253959656,0.6439598798751831,0.5791866183280945,Incorrect
832,ما هو الشريان الذي يروي القولون الصاعد؟,الشريان المساريقي العلوي,المساريقي العلوي,الشريان المساريقي العلوي,المساريقي العلوي,0.6745703220367432,0.7112734913825989,0.6924359202384949,Correct
834,ما هي الطية الجلدية التي تغطي رأس القضيب؟,"الطية الجلدية التي تغطي رأس القضيب تُسمى ""الجِيبُ القَضْبِي"".",القلفة,"الطية الجلدية التي تغطي رأس القضيب تُسمى ""الجِيبُ القَضْبِي"".",القلفة,0.3632587194442749,0.4490478038787842,0.40162307024002075,Incorrect
835,ما يُدعى القسم العلوي المتسع من الحالب؟,عروة الحالب,الحويضة,عروة الحالب,الحويضة,0.6094942688941956,0.7187017202377319,0.6596083045005798,Incorrect
839,ما هي المنطقة الفاصلة بين الطيتين الصوتيين؟,الإجابة: الوَتَرَةُ,مشق المزمار,الإجابة: الوَتَرَةُ,مشق المزمار,0.48092424869537354,0.5529158115386963,0.5144134759902954,Incorrect
840,ما هي الطبقة من الكظر التي تتألف من حبال مقوسة من خلايا عمودية متقاربة؟,الطبقة النخاعية,الطبقة الكبيبة,الطبقة النخاعية,الطبقة الكبيبة,0.8032709956169128,0.7286615371704102,0.7641493678092957,Incorrect
841,ما هي الخلايا التي تتوضع في اللحمة بين النبيبات؟,خلايا كلارا,لايديغ,خلايا كلارا,لايديغ,0.5195044279098511,0.5195044279098511,0.5195044279098511,Incorrect
860,ما هو السطح الخلفي للفخذ تحت المدور الكبير؟,"السطح الخلفي للفخذ تحت المدور الكبير يُعرف بـ ""السطح الوحشي للفخذ""",الأحدوبة الأولوية,"السطح الخلفي للفخذ تحت المدور الكبير يُعرف بـ ""السطح الوحشي للفخذ""",الأحدوبة الأولوية,0.34644824266433716,0.37144970893859863,0.35851362347602844,Incorrect
861,ما الذي يحويه القسم الأمامي للثلم الأمامي الخلفي الأيسر للكبد؟,الوريد البابي الكبدي,ثلم الرباط المدور,الوريد البابي الكبدي,ثلم الرباط المدور,0.6544598340988159,0.5953687429428101,0.6235173940658569,Incorrect
864,ما هو الشريان الذي يروي معظم الوجه الوحشي للمخ؟,الشريان الدماغي الأوسط,المخى الأوسط.,الشريان الدماغي الأوسط,المخى الأوسط.,0.6707728505134583,0.6180928945541382,0.6433562636375427,Correct
870,ما هي المنطقة الفاصلة بين الطيتين الصوتيين؟,الإجابة: الوَتَرَةُ,مشق المزمار,الإجابة: الوَتَرَةُ,مشق المزمار,0.48092424869537354,0.5529158115386963,0.5144134759902954,Incorrect
872,ما هو العصب القحفي الذي يعبر الثقبة البيضية؟,العصب البلعومي اللساني,الفكي السفلي,العصب البلعومي اللساني,الفكي السفلي,0.6319248676300049,0.608024537563324,0.6197443008422852,Incorrect
873,ما هو الهرمون الذي يسبب دفقه الشديد حدوث عملية الإباضة؟,هرمون LH,LH,هرمون LH,LH,0.6697292327880859,0.7324752807617188,0.6996983885765076,Correct
876,ما هو الهرمون الذي يستهدف الدرق ويحفز إفراز الهرمون الدرقي؟,هرمون الغدة الدرقية المنبه,TSH,هرمون الغدة الدرقية المنبه,TSH,0.31943628191947937,0.35684478282928467,0.3371059000492096,Correct
882,ما هي أكبر عقدة مفردة من النسيج اللمفاوي؟,العقد اللمفاوية الإبطية,الطحال,العقد اللمفاوية الإبطية,الطحال,0.3866550922393799,0.4729016125202179,0.4254514276981354,Incorrect
884,ما هي العضلة الرئيسية المسؤولة عن قبض المرفق؟,العضلة الباسطة المشتركة,العضدية,العضلة الباسطة المشتركة,العضدية,0.4961042106151581,0.4520656168460846,0.4730622172355652,Incorrect
887,ما هي التراكيب التي توجد على حافتي اللسان وتحوي براعم ذوقية كثيرة؟,الإجابة: الحافة اللغوية,الورقية,الإجابة: الحافة اللغوية,الورقية,0.3567436933517456,0.4127589464187622,0.3827125132083893,Incorrect
888,ما هي الشعيرات الدموية التي تغلفها محفظة بومان؟,الشعيرات الكبيبية,الكبيبة الكلوية,الشعيرات الكبيبية,الكبيبة الكلوية,0.669575572013855,0.6773406267166138,0.6734356880187988,Correct
891,ما هي الحافة من الفرع التي تشكل زاوية الفك السفلي؟,الحافة اللسانية,الخلفية,الحافة اللسانية,الخلفية,0.4942435324192047,0.5473010540008545,0.5194209218025208,Incorrect
904,ما الذي تغلفه العضلة البصلية الإسفنجية؟,الأَورْدةُ الدِّماغِيَّةُ الوُسْطى,بصلة القضيب,الأَورْدةُ الدِّماغِيَّةُ الوُسْطى,بصلة القضيب,0.5344563722610474,0.547500491142273,0.5408997535705566,Incorrect
909,من أين يخرج العصب الشوكي؟,ANSWER: الثقبة العجزية,الثقبة بين الفقرية,الثقبة العجزية,الثقبة بين الفقرية,0.7627768516540527,0.7047467827796936,0.7326145172119141,Incorrect
911,ما هي الألياف التي تعصب العضلة مصرة الحدقة؟,الإجابة: العصب البكري,نظيرة ودية,الإجابة: العصب البكري,نظيرة ودية,0.3797595202922821,0.39864522218704224,0.38897326588630676,Incorrect
915,ما هو البطين الذي يحويه الدماغ البيني داخله؟,البطين الثالث,الثالث,البطين الثالث,الثالث,0.7935960292816162,0.9194494485855103,0.8518996238708496,Correct
919,ما الذي يشغل الجزء العلوي من قبة القحف؟,الإجابة: الدماغ,العظم الجداري,الإجابة: الدماغ,العظم الجداري,0.46866023540496826,0.5062443017959595,0.4867278039455414,Incorrect
920,ما هو العصب الذي يعصب الغدة النكفية؟,العصب الوجهي,تحت اللساني,العصب الوجهي,تحت اللساني,0.5989298820495605,0.5989298820495605,0.5989298820495605,Incorrect
921,من أين يخرج العصب تحت اللساني؟,ANSWER: البصلة السيسائية,النفق تحت اللساني,البصلة السيسائية,النفق تحت اللساني,0.5878463983535767,0.5750123262405396,0.5813585519790649,Incorrect
922,ما هي الخلايا البالعة الكبدية؟,خلايا كوبفر,خلايا كوبفر.,خلايا كوبفر,خلايا كوبفر.,0.8113666772842407,0.7169028520584106,0.7612152695655823,Correct
932,أين يصب الوريد الصافن الكبير (الأنسي)؟,الوريد الحوضي,الوريد الفخذي,الوريد الحوضي,الوريد الفخذي,0.8860393762588501,0.8860393762588501,0.8860393762588501,Incorrect
948,ما هو الشريان الذي يستمر به الريان تحت الترقوة؟,الشريان تحت الترقوة,الإبطي,الشريان تحت الترقوة,الإبطي,0.45840832591056824,0.5523558855056763,0.5010160207748413,Incorrect
950,ما تُدعى الردب بين عنق الرحم والمهبل؟,الردب المهبلي,قبو المهبل,الردب المهبلي,قبو المهبل,0.7191631197929382,0.7405678033828735,0.7297086119651794,Incorrect
954,في أي مستوى من الفقرات الصدرية يتم التمفصل بين قبضة وجسم القص؟,الإجابة: بين الفقرة الصدرية السابعة والثامنة,الرابعة.,الإجابة: بين الفقرة الصدرية السابعة والثامنة,الرابعة.,0.44777706265449524,0.44530102610588074,0.4465356171131134,Incorrect
958,ما هو الرباط الذي يربط الرحم بجدران الحوض الجانبية؟,الرباط العريض,العريض,الرباط العريض,العريض,0.11805804073810577,0.12899255752563477,0.12328331917524338,Correct
959,ما هي العضلة التي تنشأ من الشوكة الحرقفية الأمامية العلوية وترتكز انسي الظنبوب؟,العضلة الظنبوبية الأمامية,الخياطية,العضلة الظنبوبية الأمامية,الخياطية,0.39828306436538696,0.46070021390914917,0.42722392082214355,Incorrect
964,ما هي الطبقة البطانية الرحمية التي تتعرض إلى تغيرات ملحوظة أثناء الدورة الشهرية؟,الطبقة الوظيفية,الطبقة الوظيفية.,الطبقة الوظيفية,الطبقة الوظيفية.,0.9284237623214722,0.8106339573860168,0.8655397295951843,Correct
982,ما هو موقع مستقبلات الضغط المسؤولة عن المنعكس القلبي التثبيطي؟,مستقبلات الضغط: مستقبلات كارولين,الجيب السباتي.,مستقبلات الضغط: مستقبلات كارولين,الجيب السباتي.,0.43870043754577637,0.4784442186355591,0.45771118998527527,Incorrect
985,ما هو أكبر أعضاء الجسم وزناً ومساحة؟,الكبد,الجلد,الكبد,الجلد,0.5206016898155212,0.5206016898155212,0.5206016898155212,Incorrect
988,ما هي البنية الأكثر علواً في جذر الرئة اليسرى؟,الأذين الأيسر,الشريان الرئوي,الأذين الأيسر,الشريان الرئوي,0.6471339464187622,0.5985903739929199,0.6219162940979004,Incorrect
994,ما هو المكان الذي يعبر من خلاله الشريان السحاني الأوسط؟,الإجابة: الثقبة العوراء,الثقبة الشوكية,الإجابة: الثقبة العوراء,الثقبة الشوكية,0.5862563848495483,0.6646321415901184,0.6229888796806335,Incorrect
995,ما هو الجوف الهوائي الذي يحوي عظيمات السمع؟,الأنبوب السمعي,الأذن الوسطى,الأنبوب السمعي,الأذن الوسطى,0.7141526341438293,0.7369626760482788,0.7253783345222473,Incorrect
1008,ما هي وظيفة النهايات العصبية الحرة الواردة ضمن ألياف العضلة القلبية؟,الإجابة: نقل الإشارات الكهربائية,الإحساس بالألم.,الإجابة: نقل الإشارات الكهربائية,الإحساس بالألم.,0.43903470039367676,0.47472986578941345,0.45618507266044617,Incorrect
1015,ما هي الخلايا التي تخزن فيتامين A في الكبد؟,خلايا كوبفر,خلايا إيتو,خلايا كوبفر,خلايا إيتو,0.7144056558609009,0.7825559377670288,0.7469294667243958,Incorrect
1021,من أين يحمل الشريان الرئوي الدم غير المؤكسج؟,الأذين الأيمن,البطين الأيمن,الأذين الأيمن,البطين الأيمن,0.8647382259368896,0.9167490005493164,0.8899843692779541,Incorrect
1022,ما هو العصب القحفي الثاني؟,العصب البصري,البصري - حاسي,العصب البصري,البصري - حاسي,0.5377740263938904,0.49678274989128113,0.5164663195610046,Correct
1023,ما هو العظم الذي تنتمي إليه الثلمة الاسكية الصغيرة؟,العظم اللامي,الاسك,العظم اللامي,الاسك,0.48463189601898193,0.5249165296554565,0.5039704442024231,Incorrect
1028,ما هو الغضروف المرتبط مع الحلقة الرغامية الأولى؟,الغضروف الحلقي الأول,الحلقي,الغضروف الحلقي الأول,الحلقي,0.7215509414672852,0.6441535353660583,0.6806590557098389,Correct
1035,ما هو المفصل الذي يتألف من سطحين كل منهما محدب في اتجاه ومقعر في اتجاه آخر؟,المفصل الرزي,سرجي saddle,المفصل الرزي,سرجي saddle,0.6038469672203064,0.5896880626678467,0.5966835021972656,Incorrect
1039,ما هو أكبر أعصاب الجسم؟,العصب القحفي الثالث,الوركي,العصب القحفي الثالث,الوركي,0.5759226083755493,0.5203135013580322,0.5467075705528259,Incorrect
1041,كم عدد العضلات بين العظمية الأخمصية؟,ANSWER: ثلاث عضلات,3,ثلاث عضلات,3,0.5781914591789246,0.6759845614433289,0.6232753396034241,Correct
1052,أين ينتهي الأبهر النازل؟,الإجابة: الصمام الرئوي,L4,الإجابة: الصمام الرئوي,L4,0.30597180128097534,0.3396424353122711,0.32192909717559814,Incorrect
1062,ما هي المراكز المسؤولة عن تنسيق الفعالية الحركية وضمان الثباتية؟,مركز القَوام,النوى القاعدية,مركز القَوام,النوى القاعدية,0.6473871469497681,0.5788308382034302,0.611192524433136,Incorrect
1066,ما هو وجه العظم الجبهي الذي ينتمي للقحف العصبي؟,الإجابة: العظم الجبهي,الداخلي,الإجابة: العظم الجبهي,الداخلي,0.30293354392051697,0.3956715762615204,0.3431471884250641,Incorrect
1070,أين ينفتح الجيب الفكي؟,الإجابة: على الوتد اللثوي,الصماخ المتوسط,الإجابة: على الوتد اللثوي,الصماخ المتوسط,0.4158015549182892,0.47366759181022644,0.44285228848457336,Incorrect
1071,ما هو أكبر أقسام المعثكلة؟,الإجابة: الجسم,الرأس,الإجابة: الجسم,الرأس,0.37569162249565125,0.4732820391654968,0.4188777804374695,Incorrect
1077,ما هي الحدود التشريحية للحجرة الخلفية للعين؟,الإجابة: الحدّيقة,القزحية في الأمام والعدسة في الخلف,الإجابة: الحدّيقة,القزحية في الأمام والعدسة في الخلف,0.5227587819099426,0.6049243211746216,0.5608481168746948,Incorrect
1079,أين ترتكز العضلة الشظوية القصيرة؟,ANSWER: رأس عظم الكعبرة,قاعدة المشط الخامس,رأس عظم الكعبرة,قاعدة المشط الخامس,0.6220569610595703,0.623836874961853,0.6229456067085266,Incorrect
1083,ما هي المنطقة في الحنجرة التي تشمل الطيتين الصوتيتين والمسافة بينهما؟,الرُّدغَة,المزمار,الرُّدغَة,المزمار,0.6624341011047363,0.6624341011047363,0.6624341011047363,Incorrect
1085,أين تقع الوهدة في البلعوم؟,الإجابة: الوهدة البلعومية,الفموي,الإجابة: الوهدة البلعومية,الفموي,0.3953059911727905,0.4977797865867615,0.4406639039516449,Incorrect
1086,ما هي الغدة التي تتوضع تحت الطية اللسانية؟,الغدة تحت اللسان,اللسان,الغدة تحت اللسان,اللسان,0.5402499437332153,0.6928141117095947,0.6070938110351562,Incorrect
1102,ما هو العصب الذي ينتقل عبره الحس غير العام (حس الذوق) من الثلث الأمامي للسان؟,العصب الوجهي,العصب الوجهي.,العصب الوجهي,العصب الوجهي.,0.8168344497680664,0.7320578098297119,0.7721260190010071,Correct
1106,ماذا يروي المساريقي العلوي؟,ANSWER: الوريد المساريقي العلوي,الأمعاء الدقيقة,الوريد المساريقي العلوي,الأمعاء الدقيقة,0.6899420619010925,0.626262903213501,0.6565620303153992,Incorrect
1123,ما هي المنطقة الأعمق من قشر الكظر؟,الطبقة الرمادية,المنطقة الشبكية,الطبقة الرمادية,المنطقة الشبكية,0.6044495701789856,0.6345328092575073,0.6191259026527405,Incorrect
1126,ما هي الفقرة التي تحتوي على ثقبة فقرية كبيرة ومثلثية الشكل؟,الفقرة الرقبية السادسة,الفقرة الرقبية,الفقرة الرقبية السادسة,الفقرة الرقبية,0.7757461071014404,0.8432424664497375,0.8080873489379883,Incorrect
1127,ما هو لون قشر الكظر؟,ANSWER: بُني,مائل للصفرة,بُني,مائل للصفرة,0.5548257231712341,0.437772661447525,0.4893973767757416,Incorrect
1130,ما هو النسيج الضام الليفي الذي يرتكز حول السطوح المفصلية؟,الأَربطة,المحفظة المفصلية,الأَربطة,المحفظة المفصلية,0.6260038614273071,0.5949755311012268,0.6100953817367554,Incorrect
1137,كم عدد شدف النخاع الشوكي؟,ANSWER: شدف فقرية,31,شدف فقرية,31,0.34527790546417236,0.5349769592285156,0.4196869134902954,Incorrect
1151,ما هو التصريف اللمفاوي للثلث الخلفي للسان؟,تصريف اللمفاوي: العقد البلعومية الخلفية,العقد الرقبيه العميقه,تصريف اللمفاوي: العقد البلعومية الخلفية,العقد الرقبيه العميقه,0.6063558459281921,0.6118334531784058,0.6090823411941528,Incorrect
1153,ما هي الغدة التي تقوم بإفراز الميلاتونين؟,الغدة الصنوبرية,الخاليا الصنوبرية.,الغدة الصنوبرية,الخاليا الصنوبرية.,0.6723478436470032,0.6071336269378662,0.6380788087844849,Correct
1156,ما هو الشريان الذي له انطباعات على الوجه الداخلي للعظم الصدغي وهو فرع من أي شريان؟,الشريان الطبلي الأوسط,الفكي,الشريان الطبلي الأوسط,الفكي,0.4420884847640991,0.456463485956192,0.44916099309921265,Incorrect
1160,ما هو التصنيف الذي يمكننا من معرفة العضلات التي تشارك في كل مرحلة مفصلية وتطبيق ذلك أثناء الفحص؟,تصنيف مَرْكَزِ التَّحْكِيمِ,وظيفي.,تصنيف مَرْكَزِ التَّحْكِيمِ,وظيفي.,0.47174203395843506,0.4646320939064026,0.46816006302833557,Incorrect
1162,ما هي الشرايين التي تسير بين الفصوص بإتجاه القشرة على كل جانب من جانبي الهرم الكلوي؟,الشريان الإكليلي,الشرايين بين الفصوص,الشريان الإكليلي,الشرايين بين الفصوص,0.6068938970565796,0.5857886672019958,0.5961545705795288,Incorrect
1200,ما هو الدواء الأمثل لبدء التخدير لمريض مصاب بنزف حاد؟,الأفيونات: مورفين,كيتامين,الأفيونات: مورفين,كيتامين,0.5254986882209778,0.4905218482017517,0.5074082612991333,Incorrect
1205,ما هو المخدر الذي يتميز بالمباشرة والصحو السريعين؟,الأَكسيد النِّتَري,الديسفلوران,الأَكسيد النِّتَري,الديسفلوران,0.60776686668396,0.6660245656967163,0.6355634927749634,Incorrect
1211,ما هو الدواء الأمثل لبدء التخدير لمريض مصاب بنزف رضي حاد؟,ANSWER: فيتامين K,كيتامين,فيتامين K,كيتامين,0.633847713470459,0.633847713470459,0.633847713470459,Incorrect
1219,ما هو المرخي العضلي الأمثل لتسهيل تنبيب مريض ذي خطورة عالية للاستنشاق؟,أليندرونيوم,السوكسنيل كولين,أليندرونيوم,السوكسنيل كولين,0.6240948438644409,0.6774237155914307,0.6496667265892029,Incorrect
1222,ما هو الترياق المناسب للتسمم بالمورفين؟,نالوكسون,A. النالوكسون,نالوكسون,A. النالوكسون,0.6521278619766235,0.6104087829589844,0.6305790543556213,Correct
1270,ما الذي يشير إليه بقاء عيني المريض مفتوحتين مع رأرأة خفيفة وحركات غير هادفة بعد إعطائه جرعة من الكيتامين؟,ANSWER: تأثير الكيتامين,أن الجرعة السابقة مركنة ومخدرة,تأثير الكيتامين,أن الجرعة السابقة مركنة ومخدرة,0.5749318599700928,0.5021946430206299,0.5361073017120361,Incorrect
1273,ما هو الدواء المنتخب للإرخاء العضلي والتنبيب لمريض يعاني من قصور كلوي ويحتاج لعملية إسعافية؟,الأفيونات: ميدازولام,اتراكوريوم,الأفيونات: ميدازولام,اتراكوريوم,0.5690604448318481,0.6851581335067749,0.6217359304428101,Incorrect
1275,ما هو المرخي العضلي المفضل استعماله لمريض سيخضع لجراحة إسعافية ويعاني من قصور كلوي؟,الأفيونات: ميثادون,B. أتراكوريوم,الأفيونات: ميثادون,B. أتراكوريوم,0.5701603889465332,0.5708698630332947,0.5705148577690125,Incorrect
1296,ماذا يفكك الببسين؟,البروتينات,البروتين,البروتينات,البروتين,0.9114075899124146,0.9114075899124146,0.9114075899124146,Correct
1309,ما التعبير الصحيح لوصف جزيئات الإيثين في تفاعل تشكيل البولي إيثين؟,تفاعل البلمرة,مونوميرات (موحودات),تفاعل البلمرة,مونوميرات (موحودات),0.5311927795410156,0.5989598631858826,0.563044548034668,Incorrect
1351,ماذا يسبب عوز إنزيم البيروفات كيناز؟,نقص إنزيم PK,فقر دم انحلالي,نقص إنزيم PK,فقر دم انحلالي,0.574303388595581,0.5883359909057617,0.5812349915504456,Incorrect
1354,ماذا ندعو آلية تفاعل الكلور مع البروبان في ضوء الشمس لإنتاج 1-كلورو بروبان؟,تفاعل استبدال ضوئي,استبدال الجذور الحرة,تفاعل استبدال ضوئي,استبدال الجذور الحرة,0.5619269609451294,0.5296611785888672,0.5453172326087952,Incorrect
1356,ما هي الاسطوانات المنحنية التي تكون سهلة التمييز لمحتواها الكاسر للضوء؟,الإجابة: العدسات,شمعية,الإجابة: العدسات,شمعية,0.37750259041786194,0.5100059509277344,0.4338630139827728,Incorrect
1359,ما هي الحموض الأمينية المشحونة سلبياً؟,ANSWER: الأحماض الجلوتاميكية,اسباريتك,الأحماض الجلوتاميكية,اسباريتك,0.5234482288360596,0.47801172733306885,0.49969926476478577,Incorrect
1362,ما هي أعراض عوز فيتامين البيوتين؟,أعراض نقص البيوتين تشمل الطفح الجلدي، التهاب الجلد، والتهاب الأعصاب.,من أعراضه التخلف العقلي.,أعراض نقص البيوتين تشمل الطفح الجلدي، التهاب الجلد، والتهاب الأعصاب.,من أعراضه التخلف العقلي.,0.5434598922729492,0.6126120090484619,0.5759677290916443,Incorrect
1363,ما هي مفرزات الصفراء؟,ANSWER: المرارة,الأملاح الصفراوية.,المرارة,الأملاح الصفراوية.,0.5756512880325317,0.5035421848297119,0.5371876955032349,Incorrect
1366,ما هي خصائص الشجرة الوراثية لخلة متنحية جسدية فيها الأبوين مصابين؟,ANSWER: وراثة متنحية جسدية,كل الأبناء مصابين,وراثة متنحية جسدية,كل الأبناء مصابين,0.5158697366714478,0.4381815195083618,0.47386255860328674,Incorrect
1369,ما هي النواتج المتشكلة عند تفاعل معدن الصوديوم مع الإيثانول؟,ANSWER: هيدروكسيد الصوديوم,اوكسيد الصوديوم وهيدروجين,هيدروكسيد الصوديوم,اوكسيد الصوديوم وهيدروجين,0.7922259569168091,0.777177095413208,0.7846294045448303,Incorrect
1370,ما هي خصائص أنزيم RNA Polymerase؟,أنزيم RNA Polymerase: بوليميراز الرنا,يشكل الروابط التكافؤية الإستيرية.,أنزيم RNA Polymerase: بوليميراز الرنا,يشكل الروابط التكافؤية الإستيرية.,0.5448439121246338,0.47544562816619873,0.5077846050262451,Incorrect
1372,ما هو النكليوتيد في جزيء DNA؟,وحدة البناء,يمكن أنيرتبط به أكثر من مجموعة فوسفات واحدة.,وحدة البناء,يمكن أنيرتبط به أكثر من مجموعة فوسفات واحدة.,0.3939862847328186,0.32967281341552734,0.3589716851711273,Incorrect
1374,ما هو فيتامين البيوتين؟,بيوتين: فيتامين ب7,يصنع من قبل الجراثيم المعوية,بيوتين: فيتامين ب7,يصنع من قبل الجراثيم المعوية,0.4800468385219574,0.4852151870727539,0.4826171398162842,Incorrect
1375,ما هي حالة عدم تحمل اللاكتوز؟,نقص إنزيم اللاكتاز,من أسبابها الإسهالات الشديدة,نقص إنزيم اللاكتاز,من أسبابها الإسهالات الشديدة,0.5048824548721313,0.5494897365570068,0.5262424945831299,Incorrect
1403,ما هو اسم الاستر المتشكل عندما يتفاعل الميتانول مع حمض البوتانوئيك بوجود بضع قطرات من حمض الكبريت المركز؟,ANSWER: إيثيل بوتانوات,بوتانوات الميتيل,إيثيل بوتانوات,بوتانوات الميتيل,0.6350455284118652,0.6115309596061707,0.6230664253234863,Incorrect
1437,ما هو سبب الوفاة لدى مرض التلاسيميا؟,فقر الدم الشديد,تراكم الحديد,فقر الدم الشديد,تراكم الحديد,0.6066285371780396,0.6347941160202026,0.6203917860984802,Incorrect
1454,ما هي الصبغيات التي يوجد فيها الكروماتين المغاير؟,الإجابة: صبغي X,1,الإجابة: صبغي X,1,0.31579893827438354,0.43315163254737854,0.3652813136577606,Incorrect
1460,ما المركب الذي ينقص منه نتيجة التأخر في فصل البلازما أو المصل من الكريات في الدم؟,أدينوسين ثلاثي الفوسفات,الغلوكوز.,أدينوسين ثلاثي الفوسفات,الغلوكوز.,0.5636855363845825,0.5612714886665344,0.5624759197235107,Incorrect
1503,ما هو المركب الذي يستخدم كزمرة ملحقة لجميع الإنزيمات الناقلة الزمرة الأمين؟,أدينوسين ثلاثي الفوسفات,البيرودوكسال فوسفات,أدينوسين ثلاثي الفوسفات,البيرودوكسال فوسفات,0.6514947414398193,0.632707953453064,0.6419639587402344,Incorrect
1508,ما هو العلاج الثاني لمرض الثلاسيميا بيتا؟,نقل الدم المنتظم,زرع نقي عظام,نقل الدم المنتظم,زرع نقي عظام,0.6814584136009216,0.6814584136009216,0.6814584136009216,Incorrect
1554,ما هو الاضطراب الذي يتميز بفرط شديد في بيليروبين المصل غير المرتبط وعوز جزئي في UDPGT؟,متلازمة كريغلر-نجار,كريجلر نجار,متلازمة كريغلر-نجار,كريجلر نجار,0.6245249509811401,0.7247660160064697,0.6709219217300415,Correct
1577,ما هو سبب الوفاة لدى مرضى التلاسيميا؟,فشل القلب,تراكم الحديد,فشل القلب,تراكم الحديد,0.7001616954803467,0.7001616954803467,0.7001616954803467,Incorrect
1581,ماذا يسبب عوز الثيامين الشديد؟,متلازمة فيرنيك-كورساكوف,البري بري,متلازمة فيرنيك-كورساكوف,البري بري,0.3462372422218323,0.41652798652648926,0.37814390659332275,Incorrect
1591,كم يبلغ عدد الجينات التي تشفر لجزيئات الرنا الأصغري miRNAs في مجين الإنسان؟,ANSWER: 1000 جين,125,1000 جين,125,0.6601024270057678,0.6951696276664734,0.6771823763847351,Incorrect
1600,أين يتم اصطناع الدقائق الكيلوسية؟,الكبد,الأمعاء,الكبد,الأمعاء,0.5227265954017639,0.4996369183063507,0.5109210014343262,Incorrect
1616,ما هو الإنزيم الذي يتم بوساطته ربط شدف أوكازاكي؟,ANSWER: ليغاز الحمض النووي,أنزيم الليغاز,ليغاز الحمض النووي,أنزيم الليغاز,0.6511320471763611,0.6680642366409302,0.6594895124435425,Correct
1617,ما هو أكثر الأنزيمات فعالية تحفيزية في جسم الإنسان؟,"الأنزيم الفعال تحفيزيًا في جسم الإنسان هو ""الألدولاز"".",كاربونيك انهيدراز.,"الأنزيم الفعال تحفيزيًا في جسم الإنسان هو ""الألدولاز"".",كاربونيك انهيدراز.,0.5559743642807007,0.5943098068237305,0.5745033025741577,Incorrect
1619,ما هو الشكل الفعال لفيتامين B6؟,بيريدوكسال 5'-فوسفات,البيريدوكسال فوسفات,بيريدوكسال 5'-فوسفات,البيريدوكسال فوسفات,0.7184654474258423,0.7932628989219666,0.7540137767791748,Correct
1669,ما هو الموقع الطبيعي للجين الورمي ABL؟,ANSWER: كروموسوم 9,9q34,كروموسوم 9,9q34,0.6652935743331909,0.6274917721748352,0.6458399891853333,Incorrect
1694,كم عدد طبقات الفوسفولبيد في المذيلة؟,طبقتين,3,طبقتين,3,0.606490969657898,0.6421393156051636,0.6238062381744385,Incorrect
1695,ما هو التركيب الذي يدخل فيه الكولاجين 4؟,الإجابة: الحاجز الدموي الدماغي,الغشاء القاعدي .,الإجابة: الحاجز الدموي الدماغي,الغشاء القاعدي .,0.4993385076522827,0.5579906702041626,0.5270377993583679,Incorrect
1696,ما الذي تؤدي إليه استلة الهيستونات؟,تعديل التعبير الجيني,تفعيل الانتساخ.,تعديل التعبير الجيني,تفعيل الانتساخ.,0.6026871204376221,0.5599363446235657,0.5805257558822632,Incorrect
1707,ما هي الخصائص التي تتميز بها شجرة النسب الحاوية على حالة وراثة متعلقة بالمتقدرات والأم فقط فيها مصابة؟,ANSWER: شجرة النسب الأمومية,كل الأولاد مصابون.,شجرة النسب الأمومية,كل الأولاد مصابون.,0.48763373494148254,0.36800774931907654,0.41945838928222656,Incorrect
1715,ما هو الحمض الأميني الذي تتم أستلة الهستونات له؟,ANSWER: الهستيدين,اللوسين,الهستيدين,اللوسين,0.5708888173103333,0.6372542381286621,0.6022487878799438,Incorrect
1740,ما هي المكونات التي تتألف منها الفوسفولبيدات بالإضافة إلى حمضين دسمين والفوسفات؟,ANSWER: هيدروكسي إيزوبرين,الغليسرول .,هيدروكسي إيزوبرين,الغليسرول .,0.6308865547180176,0.5611709952354431,0.5939901471138,Incorrect
1741,ما هي الوظيفة الوحيدة لسيغما في إنزيم بوليمراز RNA البكتيري؟,ANSWER: تحفيز النسخ,التعرف على المحضض.,تحفيز النسخ,التعرف على المحضض.,0.4770139157772064,0.42627912759780884,0.4502217471599579,Incorrect
1746,ما هي الأجزاء التي تتبادل بينها الإشارات الجزيئية التي يعتمد عليها ضبط النظام الخلوي الجذعي؟,ANSWER: الخلايا الجذعية,الخلايا الجذعية وذريتها والنسج المحيطة .,الخلايا الجذعية,الخلايا الجذعية وذريتها والنسج المحيطة .,0.7862139940261841,0.573340654373169,0.6631119251251221,Incorrect
1755,ما تدعى البروتينات المشكلة لمعقدات الثقوب النووية؟,بروتينات الـ INTACT,النكليوبورين .,بروتينات الـ INTACT,النكليوبورين .,0.44497063755989075,0.4536716938018799,0.4492790400981903,Incorrect
1756,كيف تتم إزالة المتقدرات الحاوية على طفرات بالية؟,الإجابة: آلية أوتوفاجي,الجيني الاختناق.,الإجابة: آلية أوتوفاجي,الجيني الاختناق.,0.37101906538009644,0.40052279829978943,0.38520681858062744,Incorrect
1760,ما هو عامل الإطلاق في حقيقيات النوى؟,ANSWER: الأستيل كولين,RF2,الأستيل كولين,RF2,0.676302969455719,0.6694720983505249,0.6728701591491699,Incorrect
1818,ما هي الروابط التي تربط سلسلتي عديدي النكليوتيد مع بعضهما البعض؟,الروابط الهيدروجينية,هيدروجينية.,الروابط الهيدروجينية,هيدروجينية.,0.6406853199005127,0.6093131899833679,0.6246055364608765,Correct
1823,ما هي خصائص الشجرة الوراثية لخلة متنحية فيها الأبوين مصابين؟,الإجابة: وراثة متنحية,كل الأبناء مصابين.,الإجابة: وراثة متنحية,كل الأبناء مصابين.,0.3926559090614319,0.4223979115486145,0.40698423981666565,Incorrect
1851,ما هو أكبر مستوى من المستويات التراتبية للحياة؟,ANSWER: المملكة,المنظومة البيئية .,المملكة,المنظومة البيئية .,0.5342488288879395,0.47644394636154175,0.5036932826042175,Incorrect
1861,ما هو الحمض الأميني الذي تبدأ به جميع عديدات الببتيد في بدائيات النوى؟,ANSWER: ميثيونين,المعدل الميثيونين.,ميثيونين,المعدل الميثيونين.,0.6453670263290405,0.672265887260437,0.6585419178009033,Incorrect
1862,ما الذي يدل عليه تقدير نسبة تنوع النمط الظاهري لخلة ما بسبب الاختلافات الجينية؟,ANSWER: التباين الوراثي,قابلية الانتقال بالوراثة.,التباين الوراثي,قابلية الانتقال بالوراثة.,0.5180034041404724,0.47108909487724304,0.4934336543083191,Incorrect
1866,ما هي الآلية التي تضمن للخلية الجذعية استمرارها إلى ما لا نهاية؟,ANSWER: الانقسام اللاجنسي,التجديد الذاتي,الانقسام اللاجنسي,التجديد الذاتي,0.6152054071426392,0.7041885852813721,0.6566963791847229,Incorrect
1868,ما هو الحمض الأميني الذي نتج عن ترجمة أول جزيء رنا مرسال صنعي؟,ANSWER: ميثيونين,الهستيدين,ميثيونين,الهستيدين,0.532146155834198,0.5318451523780823,0.5319956541061401,Incorrect
1869,ما هي الإنزيمات التي تقوم القلنسوة بحماية سلسلة الرنا من التدرك بها؟,ANSWER: النوكلياز,الليغاز,النوكلياز,الليغاز,0.7071786522865295,0.7752954959869385,0.7396721839904785,Incorrect
1871,ما هو مقدار المادة الوراثية التي يتشاركها أقرباء من الدرجة الثانية مع المستلفت؟,مقدار المادة الوراثية المشتركة بين الأقارب من الدرجة الثانية والمستلفت هو 25%.,سدس مادتهم الوراثية,مقدار المادة الوراثية المشتركة بين الأقارب من الدرجة الثانية والمستلفت هو 25%.,سدس مادتهم الوراثية,0.5196805000305176,0.5770862102508545,0.5468810200691223,Incorrect
1881,أين يلتحم الغشاءان النوويان؟,الإجابة: الإلتحام النووي,معدات الثقوب النووية .,الإجابة: الإلتحام النووي,معدات الثقوب النووية .,0.5401710271835327,0.5586899518966675,0.5492744445800781,Incorrect
1903,ما هي النتائج المتوقعة في حال إصابة أب بصفة تخضع لوراثة متنحية مرتبطة بالصبغي X؟,أُنثوي صبغي,ينقل الصفة فقط لبناته,أُنثوي صبغي,ينقل الصفة فقط لبناته,0.5134634375572205,0.4866730272769928,0.4997093975543976,Incorrect
1923,ما هي النظرية التي تفسر ظهور المتقدرات والصانعات بإدخال جراثيم داخل الخلايا تقوم بالفسفرة والتركيب الضوئي؟,نظرية التعايش الداخلي,فرضية التعايش الداخلي,نظرية التعايش الداخلي,فرضية التعايش الداخلي,0.8980473279953003,0.8980473279953003,0.8980473279953003,Correct
1933,ماذا يسبب وجود الألائل السائد في الأنماط الجينية المختلفة التالية RRYY و RrYy و RRYy و RrYY؟,ANSWER: اضطرابات جنسية,نمط ظاهري جديد,اضطرابات جنسية,نمط ظاهري جديد,0.5428048372268677,0.6423855423927307,0.5884117484092712,Incorrect
1950,ما هو المكان الذي توجد فيه أكبر نسبة للبروتينات في أغشية خلايا الجسم؟,الإجابة: الشبكة الإندوبلازمية,الغشاء الخلوي للصانعات الخضراء .,الإجابة: الشبكة الإندوبلازمية,الغشاء الخلوي للصانعات الخضراء .,0.48272478580474854,0.5071051120758057,0.49461469054222107,Incorrect
1951,ما هو المسؤول عن إزالة مشراع الرنا قرب انتهاء تنسخ الدنا واستبدالها بنكليوتيدات الدنا؟,ANSWER: بوليميراز الدنا,بوليميراز الدنا من النمط الأول,بوليميراز الدنا,بوليميراز الدنا من النمط الأول,0.7927474975585938,0.6570591330528259,0.7185537219047546,Incorrect
1953,ما الذي ترتبط به الصبيغيات الشقيقة على أنيبيبات مغزل الانقسام؟,الأقطاب المتقابلة,الجسيم الحركي .,الأقطاب المتقابلة,الجسيم الحركي .,0.4992554485797882,0.506712794303894,0.5029565095901489,Incorrect
1985,ما المميز بشجرة النسب الحاوية على حالة وراثة متعلقة بالمتقدرات والتي تكون فيها الأم فقط مصابة؟,ANSWER: وراثة متنحية,الاولاد كلهم مصابون.,وراثة متنحية,الاولاد كلهم مصابون.,0.35180044174194336,0.38216519355773926,0.36635473370552063,Incorrect
1989,ما هو الاختلاف بين الانترونات والاكسونات؟,الأنترونات: غير مشفرة,لا تترجم إلى بروتين.,الأنترونات: غير مشفرة,لا تترجم إلى بروتين.,0.47356876730918884,0.3969709277153015,0.4318999946117401,Correct
1991,ما الذي تمثله الخطوط الأفقية التي ترسم أعلى الدوائر والمربعات في شجرة النسب؟,ANSWER: الأجيال,التواءم,الأجيال,التواءم,0.5560432076454163,0.5018038749694824,0.5275330543518066,Incorrect
1998,علام تحتوي الخلايا التي يعبر عنها مصطلح الهيولي المتغايرة؟,الهيولي المتغايرة: تحتوي على عضيات غير نموذجية.,متقدرات سليمة وطافرة,الهيولي المتغايرة: تحتوي على عضيات غير نموذجية.,متقدرات سليمة وطافرة,0.44734135270118713,0.5622581839561462,0.49825963377952576,Incorrect
2001,ما هي الطرق التي يمكن من خلالها تمييز الصبغيات بعضها عن بعض؟,ANSWER: الحجم والشكل,النمط الجيني,الحجم والشكل,النمط الجيني,0.6541155576705933,0.6541155576705933,0.6541155576705933,Incorrect
2006,ما هو التعبير الذي يُستخدم للطاقة الكامنة المختزنة في مدروج للشحنات الكهربائية؟,جهد الراحة,بالكمون الكهربائي.,جهد الراحة,بالكمون الكهربائي.,0.4701411724090576,0.45622557401657104,0.4630788564682007,Incorrect
2010,ما الذي تتشكل منه الأرجل الصفائحية؟,الأهداب السوطية,الأكتين.,الأهداب السوطية,الأكتين.,0.5242717266082764,0.5505585074424744,0.5370936393737793,Incorrect
2022,ما هي الرابطة في البنية الثانوية للحمض النووي؟,ANSWER: الروابط الهيدروجينية,هيدروجينية,الروابط الهيدروجينية,هيدروجينية,0.5572324991226196,0.7169783711433411,0.6270918250083923,Correct
2025,ما نوع الجينات التي تعد جينات الرنا الريباسي منها؟,جينات الرنا الريباسي هي جينات غير مشفرة.,الخدمية.,جينات الرنا الريباسي هي جينات غير مشفرة.,الخدمية.,0.4096900224685669,0.48332077264785767,0.4434698820114136,Incorrect
2039,ما هو عدد الصبغيات المأشوبة إذا حدث تأشيب في 80 انقسام؟,ANSWER: 46,320,46,320,0.8826224207878113,0.8826224207878113,0.8826224207878113,Incorrect
2045,ما هي العملية التي يتم بها تكوين متعضية تشبه الأبوين من بيضة مخصبة؟,الانقسام الميوزي,التنامي الجنيني,الانقسام الميوزي,التنامي الجنيني,0.571979820728302,0.5429476499557495,0.5570856928825378,Incorrect
2055,على من يظهر الاحلال الوراثي في الوراثة الجنسية المناحية؟,الذكور فقط,على الذكور والإناث من الأبناء,الذكور فقط,على الذكور والإناث من الأبناء,0.5601721405982971,0.6324342489242554,0.5941138863563538,Incorrect
2058,ما هو المجهر الذي يدرس السطح الطبوغرافي؟,مجهر المسح الإلكتروني,مجهر القوة الذرية .,مجهر المسح الإلكتروني,مجهر القوة الذرية .,0.6484140753746033,0.5719437599182129,0.6077829599380493,Incorrect
2068,ما هي البنى السيتوبلازمية المغلفة بغشاء واحد على الأقل؟,العضيات,العضبيات,العضيات,العضبيات,0.9058002233505249,0.9058002233505249,0.9058002233505249,Correct
2078,ما هي خصائص شجرة النسب الحاوية على حالة وراثة متعلقة بالمتقدرات والوالدين فيها مصابين؟,شجرة النسب الحاوية على حالة وراثة متعلقة بالمتقدرات: نمط وراثي سائد صبغي X.,الأولاد كلهم مصابون.,شجرة النسب الحاوية على حالة وراثة متعلقة بالمتقدرات: نمط وراثي سائد صبغي X.,الأولاد كلهم مصابون.,0.42122897505760193,0.4102035164833069,0.4156431555747986,Incorrect
2088,ما الذي تختلف به الأحماض الأمينية عن بعضها؟,ANSWER: تسلسلها,المجموعة الكربوكسيلية,تسلسلها,المجموعة الكربوكسيلية,0.5133609175682068,0.38317668437957764,0.4388169050216675,Incorrect
2090,ما الذي يشير إليه المربع الصغير المملوء في شجرة الوراثة؟,ANSWER: النمط الظاهري السائد,طفل مصاب,النمط الظاهري السائد,طفل مصاب,0.550581693649292,0.5735553503036499,0.5618337392807007,Incorrect
2103,ما هو سبب حدوث التلاسيميا بيتا؟,طفرة جينية,خلة جسدية متنحية.,طفرة جينية,خلة جسدية متنحية.,0.5781016945838928,0.5248083472251892,0.550167441368103,Incorrect
2105,ماذا يؤدي وجود التربتوفان في مشغل التيربتوفان؟,نقص التربتوفان: يؤدي إلى الأرق,تثبيط انتساخ الجينات,نقص التربتوفان: يؤدي إلى الأرق,تثبيط انتساخ الجينات,0.49245214462280273,0.5595062971115112,0.5238420963287354,Incorrect
2115,ما الذي تساعد عليه حلقة الأكتين المتقلصة؟,تقلص العضلات,انقسام النواة,تقلص العضلات,انقسام النواة,0.6078003644943237,0.5555312633514404,0.5804916024208069,Incorrect
2121,ما الذي يدل عليه المعين في شجرة النسب؟,ANSWER: مصاب,الفرد مات في مرحلة مبكرة,مصاب,الفرد مات في مرحلة مبكرة,0.5233896970748901,0.5288960933685303,0.5261284708976746,Incorrect
2123,كم عدد الجينات المسؤولة عن الاصطناع الحيوي للحمض الأميني التربتوفان في جينوم بكتيريا E.Coli؟,ANSWER: خمسة جينات,6,خمسة جينات,6,0.45273253321647644,0.5053757429122925,0.4776078760623932,Incorrect
2125,ما هي وظيفة حويصلات كوب ٢؟,إفراز اللعاب,النقل التقدمى من الشبكة البلازمية الى مدخل غولجي فقط .,إفراز اللعاب,النقل التقدمى من الشبكة البلازمية الى مدخل غولجي فقط .,0.4366374611854553,0.4205644726753235,0.4284502863883972,Incorrect
2138,ما هو معدل الحاملين في مجتمع إذا كان انتشار مرض التالاسيميا معروفاً في ذلك المجتمع؟,معدل الحاملين: 0.05,50M,معدل الحاملين: 0.05,50M,0.45864319801330566,0.40059491991996765,0.4276582598686218,Incorrect
2139,أين تجري عملية التمثيل الضوئي؟,الإجابة: البلاستيدات الخضراء,الصائعات الخضراء,الإجابة: البلاستيدات الخضراء,الصائعات الخضراء,0.54402095079422,0.6449028253555298,0.5901818871498108,Correct
2154,ماذا يحدث عند انخفاض نسبة الكوليسترول في الغشاء الخلوي؟,ANSWER: اضطراب نقل الإشارة,تزداد مرونة الغشاء.,اضطراب نقل الإشارة,تزداد مرونة الغشاء.,0.4999074935913086,0.4891119599342346,0.49445080757141113,Incorrect
2166,أين يتحد الغشاءان النوويان الداخلي والخارجي؟,الإجابة: عند الجسم القمي,معقدات الثقوب النووية,الإجابة: عند الجسم القمي,معقدات الثقوب النووية,0.46313533186912537,0.4966227412223816,0.4792948365211487,Incorrect
2167,كم عدد القواعد الآزوتية اللازمة لإنتاج بروتين الأنسولين المكوّن من 51 حمض أميني إنتاجاً كاملاً؟,ANSWER: 11,153,11,153,0.5293440818786621,0.5293440818786621,0.5293440818786621,Incorrect
2170,ما هي الترسبات الصباغية التي تحوي بروتين الفيرتين؟,الإجابة: الترسبات الكبدية,حبيبات هيمرسيدرين,الإجابة: الترسبات الكبدية,حبيبات هيمرسيدرين,0.4907766282558441,0.5092567205429077,0.4998458921909332,Incorrect
2179,ما هو أول عنصر من عناصر الدراسة العلمية المنهجية؟,الملاحظة,الاختبار والنتائج .,الملاحظة,الاختبار والنتائج .,0.42253297567367554,0.3430715799331665,0.37867867946624756,Incorrect
2181,ماذا تشير النجمة بعد رمز الجين؟,ANSWER: طفرة,لترميز الجينات,طفرة,لترميز الجينات,0.5157707929611206,0.4054986238479614,0.4540351629257202,Incorrect
2191,ما يُعرف بامتصاص بعض المواد الضوء بطول موجة ومن ثم إصداره بطول موجة أطول؟,امتصاص وانبعاث ضوئي,التألق,امتصاص وانبعاث ضوئي,التألق,0.4323793649673462,0.478606641292572,0.45432013273239136,Incorrect
2200,ما يُدعى نوع وترتيب الأحماض الأمينية في البروتين؟,تسلسل الأحماض الأمينية,البنية الأولية,تسلسل الأحماض الأمينية,البنية الأولية,0.6320102214813232,0.6720138192176819,0.6513984799385071,Correct
2202,ماذا ينتج عند حدوث خلل في تنظيم السبيل الإشاري WNT؟,ANSWER: اضطرابات النمو,سرطان أمعاء,اضطرابات النمو,سرطان أمعاء,0.6608452796936035,0.625991702079773,0.6429464817047119,Incorrect
2204,ما هي الشعبة التي ينتمي إليها الإنسان؟,الإجابة: شعبة الحبليات,الثدييات .,الإجابة: شعبة الحبليات,الثدييات .,0.4501422047615051,0.5025695562362671,0.4749133586883545,Incorrect
2216,ما هي نتيجة التطور التي تؤدي إلى التكيف؟,التكيف: ANSWER: الانتقاء الطبيعي,الاصطفاء الطبيعي .,التكيف: ANSWER: الانتقاء الطبيعي,الاصطفاء الطبيعي .,0.4883655905723572,0.6270202398300171,0.5490747690200806,Correct
2218,أين تكثر جزر CpG؟,ANSWER: المناطق المتغايرة الشحن,المحضضات.,المناطق المتغايرة الشحن,المحضضات.,0.5999026894569397,0.5094961524009705,0.5510157346725464,Incorrect
2222,ما هو الأساس الأزوتي المتمم للتايمين في الرنا؟,الأدينين,اليوراسيل,الأدينين,اليوراسيل,0.7300621271133423,0.681734561920166,0.705071210861206,Incorrect
2224,ما هو الموقع الذي يبدأ فيه انتساخ الجينات المرمزة للبروتينات بارتباط انزيم الرنا بوليميراز؟,ANSWER: منطقة المحفز,المطلق القريب .,منطقة المحفز,المطلق القريب .,0.5282737016677856,0.5220334529876709,0.5251350402832031,Correct
2228,أين تقع الجينات المسؤولة عن الزمر الدموية عند البشر؟,ANSWER: الكروموسومات 9 و 22,الصيغي 9,الكروموسومات 9 و 22,الصيغي 9,0.5991618633270264,0.5728417634963989,0.5857062935829163,Incorrect
2232,ما هو الدور الرئيسي في تعرف جسيم التضفير مواقع التضفير؟,ANSWER: مركب التعرف على التضفير,snRNPs.,مركب التعرف على التضفير,snRNPs.,0.4565907418727875,0.5071424245834351,0.48054075241088867,Incorrect
2236,ما هي الصبغيات التي يحدث بينها إزفاء متبادل في حالة ابيضاض الدم النقوي المزمن CML؟,ANSWER: صبغي فيلادلفيا,9 و 11,صبغي فيلادلفيا,9 و 11,0.4254262149333954,0.4229130148887634,0.4241659343242645,Incorrect
2249,ما هو عدد الأنماط الظاهرية المختلفة في الجيل الثاني في حال التفارز المستقل بين المورثتين A و B؟,ANSWER: 4,8,4,8,0.9010487198829651,0.9010487198829651,0.9010487198829651,Incorrect
2250,ما هو عدد الأنماط الجينية في أعراس فرد متغاير الأليلات AB/ab إذا كان الارتباط بين المورثتين A و B كاملاً؟,ANSWER: 4,2,4,2,0.8268254995346069,0.8268254995346069,0.8268254995346069,Incorrect
2273,ما نوع الوراثة التي يكون فيها والدا الطفل المصاب حاملين متغايري الألائل عديمين الأمراض؟,وراثة متنحية,الجسدية المتنحية,وراثة متنحية,الجسدية المتنحية,0.6669785976409912,0.6669785976409912,0.6669785976409912,Correct
2274,ما هو نمط هذا المرض إذا عانى فرد متخالف الألائل من أعراض مرض وكان موضع الجين على الصبغي 5؟,نمط الوراثة: سائد مرتبط بالجنس,صبغي جسدي سائد,نمط الوراثة: سائد مرتبط بالجنس,صبغي جسدي سائد,0.41060811281204224,0.44623810052871704,0.4276823103427887,Incorrect
2281,ما هو خطر إصابة الطفل بالورم التليفي العصبي في الحمل التالي لأم مصابة أنجبت ذكرًا مصابًا بالمرض علمًا أن زوجها سليم؟,خطر إصابة الطفل بالورم التليفي العصبي في الحمل التالي لأم مصابة أنجبت ذكرًا مصابًا بالمرض علمًا أن زوجها سليم هو 50%.,0.5,خطر إصابة الطفل بالورم التليفي العصبي في الحمل التالي لأم مصابة أنجبت ذكرًا مصابًا بالمرض علمًا أن زوجها سليم هو 50%.,0.5,0.29279762506484985,0.3494611382484436,0.31862980127334595,Correct
2282,ما هو الاحتمال الأول لطراز انتقال هذا المرض الوراثي عندما ينجب أبوان سليمان طفلين (ذكر وأنثى) مصابين بمرض استقلابي بدأت تظاهراته مبكراً؟,ANSWER: وراثة متنحية,صبغي جسدي سائد,وراثة متنحية,صبغي جسدي سائد,0.4094129204750061,0.43697744607925415,0.42274633049964905,Incorrect
2285,ما هو القانون الذي ينص على أن زاوية الورود تساوي زاوية الانعكاس؟,قانون الانعكاس,للانعكاس,قانون الانعكاس,للانعكاس,0.6863342523574829,0.7040724754333496,0.6950902342796326,Correct
2289,ما هي الصيغة التي تعطينا التفاصيل الأقل والنسبة الأبسط للذرات الموجودة في الجزيء؟,الصيغة الجزيئية,الصيغة التجريبية,الصيغة الجزيئية,الصيغة التجريبية,0.725393533706665,0.7599176168441772,0.7422543168067932,Incorrect
2290,ما هو الذي يعطي لأشعة جاما مصدرا آخر للأشعة السينية التي يمكن أن تكون مفيدة وطاقتها قريبة من طاقة أشعة جاما الأصلية بحيث يمكن عدهما أشعة واحدة؟,ANSWER: التحويل الذاتي,التحول الداخلي,التحويل الذاتي,التحول الداخلي,0.7894477248191833,0.7894477248191833,0.7894477248191833,Incorrect
2295,ما هو التواتر المناسب للأمواج التي يمكن استخدامها للكشف عن المواد غير المرئية بالنسبة للتواتر 500GHz؟,ANSWER: تواتر الأشعة فوق البنفسجية,الأعلى,تواتر الأشعة فوق البنفسجية,الأعلى,0.43699803948402405,0.4656742215156555,0.45088061690330505,Incorrect
2296,ما هو المجال الذي تكون فيه الأمواج تحت الصوتية أصغر منه؟,المجال السمعي,20 Hz,المجال السمعي,20 Hz,0.501827597618103,0.5039665102958679,0.5028948187828064,Incorrect
2299,ما هو المقدار الذي يتزايد لدى انتثار فوتون عن الكترون بمفعول كومتون؟,طاقة الفوتون: طول موجة كومبتون,طوله الموجي,طاقة الفوتون: طول موجة كومبتون,طوله الموجي,0.47964102029800415,0.6603505611419678,0.5556729435920715,Incorrect
2305,ما الذي يعبر عن شدة الموجة الصوتية؟,شدة الصوت: الديسيبل,بالواط على المتر المربع .,شدة الصوت: الديسيبل,بالواط على المتر المربع .,0.45376384258270264,0.4426839351654053,0.44815540313720703,Incorrect
2306,ما هي خصائص الأشعة السينية؟,غير مرئية إشعاعياً,اشعاعات كهرطيسية وبأطوال موجية أقصر بكثير منها في حالة الضوء المرئي.,غير مرئية إشعاعياً,اشعاعات كهرطيسية وبأطوال موجية أقصر بكثير منها في حالة الضوء المرئي.,0.45576316118240356,0.4221022129058838,0.4382873475551605,Incorrect
2309,ما هي القوة التي تحدث تشوهاً في الجسم وتكون مطبقة على وحدة السطح؟,الضغط,الاجهاد,الضغط,الاجهاد,0.5604637265205383,0.5558560490608215,0.5581503510475159,Incorrect
2311,ماذا تعتبر درجة حرارة النواة والغلاف في جسم الإنسان؟,درجة حرارة النواة: 37 درجة مئوية,ثابتة - متغيرة,درجة حرارة النواة: 37 درجة مئوية,ثابتة - متغيرة,0.4502187967300415,0.5316522121429443,0.48755860328674316,Incorrect
2312,ما هو ثابت التناسب بين تدرج السرعة؟,مقاومة الأوعية,معامل لزوجه المائع,مقاومة الأوعية,معامل لزوجه المائع,0.6095187067985535,0.5962117910385132,0.6027918457984924,Incorrect
2319,ما هو الناتج عندما تتفاعل الألدهيدات مع NaBH5؟,ANSWER: كحول ثانوي,أغوال أولية,كحول ثانوي,أغوال أولية,0.719854474067688,0.567488431930542,0.6346546411514282,Incorrect
2320,ما هي الطريقة التي يجري بها التبادل الحراري بين الجسم والوسط المحيط؟,التبادل الحراري بالتوصيل,الأوعية الدموية,التبادل الحراري بالتوصيل,الأوعية الدموية,0.5673750042915344,0.5657545328140259,0.5665635466575623,Incorrect
2322,ما هو المعيار الذي يستخدمه العلماء لحساب الكتل الذرية النسبية؟,ANSWER: الكتلة الذرية الموحدة,نظير الكربون 12,الكتلة الذرية الموحدة,نظير الكربون 12,0.4777792990207672,0.5108200907707214,0.4937475323677063,Incorrect
2324,ما هي الوحدة التي يقاس بها الضغط في إطار السيارة في الولايات المتحدة؟,رطل لكل بوصة مربعة,الباوند لكل موجه مربعه,رطل لكل بوصة مربعة,الباوند لكل موجه مربعه,0.7610564231872559,0.7880065441131592,0.7742970585823059,Correct
2325,ما هو القانون الذي ينص على أن تغير الحقل المغنطيسي يولد حقلا كهربائيا؟,قانون فاراداي,فارادي,قانون فاراداي,فارادي,0.6246710419654846,0.7115275859832764,0.6652764081954956,Correct
2328,ما هو وصف جريان المائع المستقر من ناحية سرعته في أي نقطة منه مع الزمن؟,جريان لَوتْس,ثابتة .,جريان لَوتْس,ثابتة .,0.4944988489151001,0.4774356186389923,0.48581746220588684,Incorrect
2332,ما هي المادة التي تتخذ شكل أسفل الوعاء الذي يحتويها ولها حجم خاص بها؟,السائل,سائلة,السائل,سائلة,0.8576903939247131,0.8576903939247131,0.8576903939247131,Correct
2338,ما تسمى القوى عندما يكون عمر الحالة المثارة طويلا؟,ANSWER: قوى طويلة المدى,شبه مستقرة,قوى طويلة المدى,شبه مستقرة,0.5640135407447815,0.5816532373428345,0.5726975798606873,Incorrect
2340,ما هو الذي يعطى لأشعة غاما مصدراً آخر للأشعة السينية التي يمكن أن تكون مفيدة وطاقتها قريبة من طاقة أشعة غاما الأصلية بحيث يمكن الحصول على أشعة واحدة؟,ANSWER: تحويل داخلي,التحول الداخلي,تحويل داخلي,التحول الداخلي,0.7664512395858765,0.7664512395858765,0.7664512395858765,Correct
2341,ما نوع الكثافة التي تعتبر منها العظام ومستحضرات التباين العائمة مثل اليود والباريوم؟,كثافة عالية,الكلسية.,كثافة عالية,الكلسية.,0.4552638828754425,0.4531189203262329,0.45418888330459595,Incorrect
2342,ما هي طبيعة الأشعة السينية؟,غير مقطعية,اشعاعات كهر طيسية,غير مقطعية,اشعاعات كهر طيسية,0.5959380865097046,0.5628772974014282,0.5789360404014587,Incorrect
2346,ما هو مجموع الكتل الذرية النسبية في مركب أيوني؟,ANSWER: نسبة الأيون,الكتلة الصيغية النسبية,نسبة الأيون,الكتلة الصيغية النسبية,0.5471748113632202,0.4986427426338196,0.5217826962471008,Incorrect
2347,أين يقع مجال التيراهرتز؟,ANSWER: الطيف الكهرومغناطيسي,الأشعة تحت الحمراء والأمواج المكروية .,الطيف الكهرومغناطيسي,الأشعة تحت الحمراء والأمواج المكروية .,0.6339091062545776,0.48592644929885864,0.5501400232315063,Incorrect
2349,لماذا يُستخدم الماء في درجة معينة كمادة مرجعية للوزن النوعي؟,الوزن النوعي للماء: 1,قيمتها العظمى,الوزن النوعي للماء: 1,قيمتها العظمى,0.4901430606842041,0.5555936098098755,0.520820140838623,Incorrect
2352,ما هي مكونات صمام الأشعة السينية؟,صمام الأشعة السينية: مكون من مواد شبه موصلة مثل الجاليوم والإنديوم.,المسدد,صمام الأشعة السينية: مكون من مواد شبه موصلة مثل الجاليوم والإنديوم.,المسدد,0.38949674367904663,0.42965662479400635,0.40859225392341614,Incorrect
2361,ما الذي تتعلق به الطاقة التي يصدرها الجسم الأسود وفقاً لدراسة تغير تابع إشعاع الجسم الأسود؟,درجة الحرارة,درجة حرارته المطلقة,درجة الحرارة,درجة حرارته المطلقة,0.7956068515777588,0.7143474817276001,0.7527906894683838,Correct
2363,ما هي قوة اللزوجة بالنسبة لاتجاه جريان المائع؟,مقاومة اللزوجة: معامل الاحتكاك,تعاكسه .,مقاومة اللزوجة: معامل الاحتكاك,تعاكسه .,0.4542749524116516,0.37536004185676575,0.4110642969608307,Incorrect
2364,ما هي الطاقة التي يمكن بها تفكيك رابطة في خلايا النسج؟,طاقة الأيض,فوتون أشعة سينينة.,طاقة الأيض,فوتون أشعة سينينة.,0.5038892030715942,0.4964437186717987,0.5001387000083923,Incorrect
2369,ما يجب أن يكون عليه ضغط الهواء داخل القاعة في حالة الثوران بالنسبة لضغط الماء خارجها حيث تتوازن قوة الضغط نحو الخارج مع قوة التوتر السطحي نحو الداخل؟,ANSWER: الضغط الجوي,اکبر,الضغط الجوي,اکبر,0.445140540599823,0.44950640201568604,0.4473128318786621,Incorrect
2372,ما هو المجال الموجي لأشعة UVC؟,ANSWER: 200-280 نانومتر,100-280nm,200-280 نانومتر,100-280nm,0.8039590120315552,0.8039590120315552,0.8039590120315552,Incorrect
2373,ما هي طبيعة الارتباط بين قرينة الانكسار لوسط مادي معين وسرعة الأمواج في ذلك الوسط؟,الإجابة: علاقة عكسية,عكسيا - سرعة,الإجابة: علاقة عكسية,عكسيا - سرعة,0.5485193133354187,0.6157881021499634,0.5802104473114014,Correct
2381,ما هي الخاصية التي يميزها التواتر والطول الموجي؟,ANSWER: التردد والطول الموجي,الموجة,التردد والطول الموجي,الموجة,0.08640167117118835,0.11943769454956055,0.1002686396241188,Incorrect
2384,ما هي الطاقة التي تحملها الموجة في وحدة الزمن؟,السعة,استطاعة الموجة الضوئية,السعة,استطاعة الموجة الضوئية,0.5987263321876526,0.48206627368927,0.5341001749038696,Incorrect
2387,ما هي قابلية العين التي تسمح بالمطابقة لكل أبعاد الجسم عن العين مع الاستمرار بتشكيل خيال على بعد ثابت من العدسة يتحدد بالفاصل بين العدسة والشبكية؟,الإجابة: قابلية المطابقة,تعديل شكل العدسة,الإجابة: قابلية المطابقة,تعديل شكل العدسة,0.4149717688560486,0.4545009434223175,0.43383777141571045,Incorrect
2388,كيف يؤثر الضغط على توازن التفاعلات التي تكون متفاعلاتها ومنتجاتها؟,الضغط: تأثير الضغط على التفاعلات الكيميائية الحيوية,غازات,الضغط: تأثير الضغط على التفاعلات الكيميائية الحيوية,غازات,0.4081913232803345,0.38382914662361145,0.39563557505607605,Incorrect
2389,ما هو التواتر في حالة الأمواج الصوتية؟,تردد الصوت: عدد الذبذبات في الثانية.,عدد الإنضغاطات الاي تمر في نقطة معينة في الثانية,تردد الصوت: عدد الذبذبات في الثانية.,عدد الإنضغاطات الاي تمر في نقطة معينة في الثانية,0.7096877098083496,0.6677501797676086,0.6880805492401123,Correct
2391,ما هو شكل الطاقة التي تصدرها أجسامنا حتى في درجات الحرارة العادية؟,إشعاع الجسم الأسود,إشعاع كهرطيسي,إشعاع الجسم الأسود,إشعاع كهرطيسي,0.7668088674545288,0.7048079371452332,0.7345023155212402,Correct
2400,ما هي التحولات التي تحافظ على العدد الكتلي؟,ANSWER: تحولات نووية,الايزوبارية,تحولات نووية,الايزوبارية,0.574821412563324,0.5432431697845459,0.5585862994194031,Incorrect
2410,ما هو القانون الذي يربط بين معدل الجريان الحجمي في وعاء دموي من جهة وفارق الضغط بين طرفي الوعاء ونصف قطره الداخلي وطوله ولزوجة الدم؟,قانون بوزينيسكي,قانون بورواري,قانون بوزينيسكي,قانون بورواري,0.6451611518859863,0.6958103179931641,0.6695291996002197,Incorrect
2412,ما نوع الجريان عندما تكون سرعة المائع في أي نقطة منه ثابتة مع مرور الزمن؟,جريان ثابت,مستقر,جريان ثابت,مستقر,0.7621678113937378,0.784734308719635,0.7732864022254944,Correct
2413,ما هي آلية انتقال الحرارة في الموائع؟,انتقال الحرارة بالتوصيل,الحمل,انتقال الحرارة بالتوصيل,الحمل,0.429013192653656,0.49479323625564575,0.4595612585544586,Incorrect
2417,ما هي صفات الخيال في المصورات ذات الثقب؟,ANSWER: مصغر ومعتدل,خیال حقيقي مقلوب.,مصغر ومعتدل,خیال حقيقي مقلوب.,0.48527777194976807,0.4532342255115509,0.46870896220207214,Incorrect
2419,ما هي العلاقة التناسبية لقرينة الانكسار لأي وسط معين؟,ANSWER: معامل الانكسار,عكسيا مع سرعة الأمواج في ذلك الوسط,معامل الانكسار,عكسيا مع سرعة الأمواج في ذلك الوسط,0.4608745276927948,0.4761793911457062,0.4684019684791565,Incorrect
2422,ما هي الأشعة التي حققت حلم الإنسان القديم في رؤية داخل الجسم من دون بضع؟,الأشعة السينية,الاشعة السينية,الأشعة السينية,الاشعة السينية,1.0,1.0,1.0,Correct
2427,ما هو المركب الذي يتشكل من تفاعل حمض الآزوت المركز بوجود حمض الكبريت المركز مع نترو البنزين؟,نيتروبنزين,ميتا ثنائي نترو البنزن,نيتروبنزين,ميتا ثنائي نترو البنزن,0.645309567451477,0.5047841668128967,0.5664617419242859,Incorrect
2429,ما هي التبادلات التي تجري بين الجسم الصلب والمانع المتحرك الذي يختلف عنه في درجة الحرارة؟,تبادل حراري,الحمل,تبادل حراري,الحمل,0.5783453583717346,0.5557936429977417,0.5668452382087708,Incorrect
2430,ما هي وظيفة الحقل الكهربائي في الأفران الكروية؟,لا ينطبق,يجعل جزيئات الماء تقوم بحركة دورانية,لا ينطبق,يجعل جزيئات الماء تقوم بحركة دورانية,0.41404277086257935,0.36372828483581543,0.3872580826282501,Incorrect
2435,ما هي طبيعة الإشعاعات الكهرومغناطيسية؟,غير مؤينة,مثنوية .,غير مؤينة,مثنوية .,0.5688396692276001,0.5111101269721985,0.5384318828582764,Incorrect
2438,ما هو التفاعل الذي تخضع له هالوجينات الألكانات بالقلويات؟,ANSWER: تفاعل هوفمان,استبدال نكليوفيلي,تفاعل هوفمان,استبدال نكليوفيلي,0.5944470763206482,0.5858786702156067,0.5901318192481995,Incorrect
2443,ما هي استخدامات الليزر الصباغي؟,ANSWER: علاج الأوعية,معالجة الوحمات الوعائية .,علاج الأوعية,معالجة الوحمات الوعائية .,0.6641089916229248,0.5798918604850769,0.6191496849060059,Correct
2462,ماذا تصدر النظائر المشعة في التصوير بالأصدر البوزتروني؟,بوزيترونات,بوزترونات,بوزيترونات,بوزترونات,0.8875942230224609,0.8875942230224609,0.8875942230224609,Correct
2473,ما هي الأشعة التي ساهمت في تقدم علم البلورات؟,الأشعة السينية,X-RAY,الأشعة السينية,X-RAY,0.4718075096607208,0.4604964256286621,0.4660833477973938,Correct
2482,ما الذي يتم التحكم في ارتفاع النهاية المدببة للحفاظ عليه عندما نمسح سطح المعدن في مجهر STM؟,ANSWER: نقطة الصفر,ثبات التيار النفقي,نقطة الصفر,ثبات التيار النفقي,0.5255560874938965,0.599951982498169,0.5602952837944031,Incorrect
2483,ما هو معدل الإشعاع من سطح إلى معدل الإشعاع من مساحة مساوية من سطح مشع مثالي في درجة الحرارة نفسها؟,معدل الإشعاع: ثابت ستيفان-بولتزمان,الإصدارية,معدل الإشعاع: ثابت ستيفان-بولتزمان,الإصدارية,0.5130743980407715,0.4108344614505768,0.45629748702049255,Incorrect
2485,ما هي الجزئيات التي يمكن الاستفادة من تفاعلها في التصوير؟,ANSWER: جزيئات التباين,فوتونات الفلورة السينية .,جزيئات التباين,فوتونات الفلورة السينية .,0.6227010488510132,0.5359714031219482,0.5760902762413025,Incorrect
2501,ما هو الوسط الذي تكون فيه كثافة الأيونات الموجبة والسالبة أكبر من كثافة الأيونات المعتدلة؟,ANSWER: محلول مركز,بلازما,محلول مركز,بلازما,0.5409489870071411,0.5821068286895752,0.5607737302780151,Incorrect
2503,ما هو الإجراء المستخدم للاطمئنان على صحة الجنين عند المرأة الحامل؟,الألتراساوند,الإيكو غرافي .,الألتراساوند,الإيكو غرافي .,0.49453413486480713,0.47912928462028503,0.4867098331451416,Correct
2505,ما يُدعى الضغط الذي يسببه عمود من الزئبق ارتفاعه 1 مم؟,ضغط الدم,التور .,ضغط الدم,التور .,0.4776827096939087,0.4776827096939087,0.4776827096939087,Incorrect
2543,ما هي الظاهرة التي تنقسم فيها نواة ذات عدد كتلي كبير إلى نواتين أو أكثر لكل منهما عدد كتلي متوسط؟,انبعاث ألفا,ظاهرة الإنشطار النووي,انبعاث ألفا,ظاهرة الإنشطار النووي,0.5258677005767822,0.5040375590324402,0.5147212743759155,Incorrect
2555,ما هو مجال الأشعة الذي يشع فيه جسم الإنسان بشكل قريب جداً من إشعاع الجسم الأسود؟,الأشعة تحت الحمراء,تحت الحمراء,الأشعة تحت الحمراء,تحت الحمراء,0.49687597155570984,0.5939576625823975,0.5410967469215393,Correct
2557,ما هي الأشعة التي اشتهرت بانتزاع جزيئات الماء لدى تفاعلها مع النسج؟,الأشعة السينية,الأشعة تحت الحمراء.,الأشعة السينية,الأشعة تحت الحمراء.,0.6456863880157471,0.5959733128547668,0.6198346614837646,Incorrect
2563,ما هي الظاهرة التي تنقسم فيها نواة ذات عدد كتلي كبير إلى نواتين أو أكثر لكل منهما عدد كتلي متوسط؟,انبعاث ألفا,ظاهرة الانشطار النووي.,انبعاث ألفا,ظاهرة الانشطار النووي.,0.396721214056015,0.40376293659210205,0.4002110958099365,Incorrect
2575,ما هي طريقة العلاج الفيزيائي التي تستعمل فيها تيارات كهربائية عالية التردد لإحداث الحرارة في الأنسجة العميقة؟,العلاج بالترددات الراديوية,تسخين موضعي في الانسجة الحية,العلاج بالترددات الراديوية,تسخين موضعي في الانسجة الحية,0.6218798756599426,0.6480271816253662,0.6346843242645264,Incorrect
2577,كيف تتولد الأشعة السينية؟,غير متعلق بالسؤال,تسرع الالكترونات بكمون مرتفع في أنبوب الفراغ ويسمح لها بالسقوط على سطح داخل الانبوب .,غير متعلق بالسؤال,تسرع الالكترونات بكمون مرتفع في أنبوب الفراغ ويسمح لها بالسقوط على سطح داخل الانبوب .,0.40929460525512695,0.36942967772483826,0.3883417248725891,Incorrect
2579,ما هو الأساس الذي تترتب وفقه العناصر في الجدول الدوري حالياً؟,الإجابة: العدد الذري,إعدادها الذرية,الإجابة: العدد الذري,إعدادها الذرية,0.48540735244750977,0.5417435169219971,0.5120304822921753,Correct
2590,ما هو الشرط الذي يجب أن تحققه النقطتان لتطبيق معادلة برنولي على جريان أي مائع مثالي؟,ANSWER: حفظ الطاقة,خط الانحناء نفسه,حفظ الطاقة,خط الانحناء نفسه,0.5369987487792969,0.5301075577735901,0.5335309505462646,Incorrect
2601,ما هي الأمواج التي تستخدم في تفتيت الحصى؟,الأمواج الصادمة,الأمواج فوق الصوتية,الأمواج الصادمة,الأمواج فوق الصوتية,0.738633930683136,0.6643854379653931,0.6995450258255005,Incorrect
2611,ما هو المجهر الذي يمسح العينة نقطة فنقطة ولكنه يكشف عن الالكترونات النافذة؟,مجهر الإلكترون النافذ,STEM,مجهر الإلكترون النافذ,STEM,0.4214467704296112,0.6619003415107727,0.5149887204170227,Incorrect
2615,من أين تشتق قوة المقاومة من اللزوجة عندما تكون السرعة النسبية بين الجسم والمائع كافية لأن يكون الجريان حول الجسم رقائقياً؟,ANSWER: اللزوجة الطبقية,منخفضة,اللزوجة الطبقية,منخفضة,0.4603646993637085,0.49184128642082214,0.47558271884918213,Incorrect
2620,ما هي الرابطة التي تبقى صلبة دائماً؟,الرباط الصليبي,الأيونية,الرباط الصليبي,الأيونية,0.5485932230949402,0.5228672623634338,0.5354213714599609,Incorrect
2636,كم عدد العدسات في مجهر SEM؟,مجهر SEM يحتوي على عدسة واحدة,اثنتان,مجهر SEM يحتوي على عدسة واحدة,اثنتان,0.31476250290870667,0.3143259584903717,0.31454408168792725,Incorrect
2637,ما هي الحالة التي تتولد فيها الأمواج الصادمة بالنسبة لسرعة منبع الأمواج الصوتية؟,ANSWER: الانعكاس,تتجاوز سرعة الموجة الصوتية .,الانعكاس,تتجاوز سرعة الموجة الصوتية .,0.39392343163490295,0.35274648666381836,0.37219956517219543,Incorrect
2641,ما هو العدد النيوكلوني في نواة ذرة ما؟,العدد الذري,مجموع البروتونات والنترونات,العدد الذري,مجموع البروتونات والنترونات,0.5420907735824585,0.5753116011619568,0.5582073926925659,Incorrect
2645,ما هو سبب تخامد الأشعة السينية في الجسم المدروس؟,كثافة الأنسجة,امتصاص الجسم لها,كثافة الأنسجة,امتصاص الجسم لها,0.5699188709259033,0.5842359066009521,0.5769885778427124,Incorrect
2648,ما يُستخدم لقياس درجة التشوه؟,مؤشر نسبة الذكاء,انفعال,مؤشر نسبة الذكاء,انفعال,0.496608167886734,0.5974969863891602,0.5424010157585144,Incorrect
2653,ما هي الوحدة التي يقيسها الروتنجن؟,ANSWER: الأشعة السينية,التعرض للإشعاع .,الأشعة السينية,التعرض للإشعاع .,0.4531590938568115,0.47075554728507996,0.46178972721099854,Incorrect
2661,ما تتألف منه الحلقة البنزنية؟,ANSWER: الألياف العضلية الدائرية,ستة كربونات,الألياف العضلية الدائرية,ستة كربونات,0.5452554225921631,0.5158944725990295,0.5301687717437744,Incorrect
2670,ماذا يشير انزياح الضوء من المجرات البعيدة نحو الترددات الأخفض؟,تأثير دوبلر الأحمر,ابتعاد المجرات عنا,تأثير دوبلر الأحمر,ابتعاد المجرات عنا,0.46008074283599854,0.466838538646698,0.46343499422073364,Correct
2674,ما هي الوحدة التي يقيسها الرونتجن؟,ANSWER: الأشعة السينية,التعرض للإشعاع.,الأشعة السينية,التعرض للإشعاع.,0.4531590938568115,0.47075554728507996,0.46178972721099854,Incorrect
2687,ما هي النظائر؟,ANSWER: أشباه الفلزات,لها نفس عدد البروتونات وتختلف بعدد النترونات,أشباه الفلزات,لها نفس عدد البروتونات وتختلف بعدد النترونات,0.5163912773132324,0.5050879716873169,0.5106770396232605,Incorrect
2702,ما هي زاوية الورود التي يكون الضوء المنعكس عندها مستقطبا كليا؟,زاوية بروستر: 0°,زاوية بروستو,زاوية بروستر: 0°,زاوية بروستو,0.7048847675323486,0.7933416366577148,0.7465018630027771,Incorrect
2719,كيف يمكن توليد الأمواج فوق الصوتية؟,توليد الأمواج فوق الصوتية: التحويل الكهربائي,بلورات كهر ضغطية,توليد الأمواج فوق الصوتية: التحويل الكهربائي,بلورات كهر ضغطية,0.5514286756515503,0.5332700610160828,0.5421974062919617,Incorrect
2731,أين تشكل العين مديدة البصر (العين الطامسة) خيال الجسم القريب؟,الشبكية,وراء الشبكية.,الشبكية,وراء الشبكية.,0.7117851972579956,0.5983556509017944,0.6501601934432983,Incorrect
2734,ما هو الاضطراب الذي يمثل هذه الحالة؟,اضطراب النطق,الحدية للجريان المستقر,اضطراب النطق,الحدية للجريان المستقر,0.5366936922073364,0.5006921887397766,0.5180681943893433,Incorrect
2740,متى يأخذ احتمال وجود الالكترون قيمة عظمى في الحالة الأساسية في ذرة هيدروجين؟,ANSWER: عند n=1,بعده عن النواة أصغر من نصف قطر بور,عند n=1,بعده عن النواة أصغر من نصف قطر بور,0.4575626254081726,0.42529043555259705,0.44083669781684875,Incorrect
2741,ما ينص عليه قانون الانعكاس الأول؟,الإجابة: زاوية السقوط تساوي زاوية الانعكاس,زاوية الورود تساوي زاوية الانعكاس.,الإجابة: زاوية السقوط تساوي زاوية الانعكاس,زاوية الورود تساوي زاوية الانعكاس.,0.6737598180770874,0.7189421057701111,0.6956180930137634,Correct
2742,ما هو الانفعال في حالة التشوه التحددي أو الانضغاطي؟,ANSWER: التواء,التغير النسبي في الطول زيادة أو نقصانا,التواء,التغير النسبي في الطول زيادة أو نقصانا,0.422374963760376,0.4026559889316559,0.4122798442840576,Incorrect
2750,ما هو وزن الحجم المنغمس من الجسم عندما يكون الجسم مغموساً وليس مغموراً كلياً نتيجة كون كثافة المائع أكبر من كثافة الجسم؟,وزن الحجم المغمور: الوزن النوعي,وزن الجسم,وزن الحجم المغمور: الوزن النوعي,وزن الجسم,0.5139316320419312,0.636354386806488,0.5686284303665161,Incorrect
2769,ما اسم الجهاز الذي يصور مقاطع في الجسم البشري بالأشعة السينية والاستعانة بالحاسب؟,الماسح المحوسب,الماسح .,الماسح المحوسب,الماسح .,0.6789736747741699,0.6480844616889954,0.6631696224212646,Correct
2774,ما هو العنصر الأكثر استخداماً في التصوير بالتجاوب المغناطيسي؟,غادولينيوم,الهيدروجين,غادولينيوم,الهيدروجين,0.5173067450523376,0.6030007600784302,0.5568763017654419,Incorrect
2779,ما هو سبب تخامد الأشعة السينية في الجسم المدروس؟,كثافة الأنسجة,امتصاص الجسم لها,كثافة الأنسجة,امتصاص الجسم لها,0.5699188709259033,0.5842359066009521,0.5769885778427124,Incorrect
2792,ما هي الخطوة الأولى في التفاعلات؟,ANSWER: تحلل الجلوكوز,المبادرة,تحلل الجلوكوز,المبادرة,0.5733373165130615,0.5819733738899231,0.5776230692863464,Incorrect
2800,ماذا يزداد عندما ترتد الفوتونات التي تعبر الثقب في الحجرة عن الجدران مرات عديدة قبل أن تغادر؟,الإجابة: التشتت,احتمال امتصاتصها,الإجابة: التشتت,احتمال امتصاتصها,0.45397013425827026,0.42292165756225586,0.4378962218761444,Incorrect
2805,كيف تعمل الحزم الإلكترونية على معالجة الأورام؟,العلاج الإشعاعي,القريبة من الجلد,العلاج الإشعاعي,القريبة من الجلد,0.5484189987182617,0.5046125650405884,0.5256046056747437,Incorrect
2806,ما هو السبب وراء تكرار الطراز (الدورية في الجدول الدوري) الناجم عن ترتيب العناصر؟,ANSWER: نصف قطر ذري,ازدياد أعدادها البروتونية,نصف قطر ذري,ازدياد أعدادها البروتونية,0.5767478346824646,0.5725187659263611,0.574625551700592,Incorrect
2810,ما هو المركب الذي يتشكل عند أكسدة الكيلات البنزن (مثل ميتيل البنزن) ببرمنغنات البوتاسيوم (VII) القلوية أو بأي مؤكسد قوي آخر؟,ANSWER: ديازين,حمض البنزويك,ديازين,حمض البنزويك,0.6156827211380005,0.5455486178398132,0.5784978270530701,Incorrect
2822,ما هي النوى التي لها عدد N ثابت حيث تحوي العدد نفسه من النترونات؟,النوى المتعادلة,ايزوتونات,النوى المتعادلة,ايزوتونات,0.5252494215965271,0.5385138988494873,0.5317988991737366,Incorrect
2823,ماذا يحدث إذا كانت الحقول الكهربائية لمنبع الأمواج الكهرطيسية لها اتجاهات عشوائية عند انتشاره؟,امتصاص الأنسجة: الامتصاص المتساوي,غير مستقطب,امتصاص الأنسجة: الامتصاص المتساوي,غير مستقطب,0.38386765122413635,0.4219870865345001,0.4020257592201233,Incorrect
2830,ما هو التفاعل الذي تخضع له الألكانات مع الهالوجينات في ضوء الشمس؟,تفاعل الاستبدال الضوئي,استبدال,تفاعل الاستبدال الضوئي,استبدال,0.45092639327049255,0.5339124798774719,0.4889231026172638,Correct
2854,ما هو الشيء الذي تهتز حوله الذرتان في الجزيء ثنائي الذرة؟,مستوى الاهتزاز,مركز كتلتيهما,مستوى الاهتزاز,مركز كتلتيهما,0.5079498887062073,0.5030490756034851,0.5054875612258911,Incorrect
2855,ما هي البنية لأكسيد المغنزيوم؟,ANSWER: رباعي الأوجه,ايونية عملاقة,رباعي الأوجه,ايونية عملاقة,0.48889321088790894,0.5680829286575317,0.5255216360092163,Incorrect
2868,ماذا يزداد عندما ترتد الفوتونات التي تعبر الثقب في الحجرة عن الجدران مرات عديدة قبل أن تغادر؟,الإجابة: التشتت,احتمال امتصاتصها,الإجابة: التشتت,احتمال امتصاتصها,0.45397013425827026,0.42292165756225586,0.4378962218761444,Incorrect
2877,ما هي وحدة قياس الجرعة المكافئة للإشعاع؟,جرعة مكافئة,بالسفرت .,جرعة مكافئة,بالسفرت .,0.4318634867668152,0.46716997027397156,0.4488234519958496,Incorrect
2883,ما هي طريقة التصوير التي يمكن اعتبارها الأقل ضرراً على الجسم؟,التصوير بالموجات فوق الصوتية,التصوير الحراري.,التصوير بالموجات فوق الصوتية,التصوير الحراري.,0.556404709815979,0.6035782098770142,0.5790322422981262,Incorrect
2891,ما هي أعمار النصف للنظائر المشعة المستخدمة في تقنية الـ PET؟,ANSWER: متغيرة,قصيرة نسبيا,متغيرة,قصيرة نسبيا,0.6488406658172607,0.5916996002197266,0.6189541220664978,Incorrect
2898,ما هي المماكبات (الإيزوميرات)؟,المماكبات: مركبات لها نفس الصيغة الجزيئية ولكن تختلف في ترتيب الذرات.,تختلف في طاقتها الداخلية فقط .,المماكبات: مركبات لها نفس الصيغة الجزيئية ولكن تختلف في ترتيب الذرات.,تختلف في طاقتها الداخلية فقط .,0.5381736755371094,0.5265823602676392,0.5323148965835571,Incorrect
2913,ما هو القانون الذي تمثل معادلة برنولي المطبقة على جريان المائع أحد أشكال انحفاظه؟,قانون انحفاظ الطاقة,الطاقة .,قانون انحفاظ الطاقة,الطاقة .,0.5468727350234985,0.6136457920074463,0.5783383250236511,Correct
2926,ماذا يستخدم قانون ستوكس لقياسه؟,قوة الاحتكاك,مقاومة اللزوجة .,قوة الاحتكاك,مقاومة اللزوجة .,0.5514790415763855,0.4987940192222595,0.5238150954246521,Correct
2949,ما هو العلم الذي يقوم بحساب البعد بين الذرات عند معرفة الطول الموجي للأشعة السينية وقياس الزاوية؟,علم البلورات,علم البلورات,علم البلورات,علم البلورات,1.0,1.0,1.0,Correct
2975,ما هي الأوساط التي تنتشر فيها الأمواج العرضانية؟,الأوساط التي تنتشر فيها الأمواج العرضانية: الألياف البصرية.,الجسم الصلب,الأوساط التي تنتشر فيها الأمواج العرضانية: الألياف البصرية.,الجسم الصلب,0.42633533477783203,0.49625569581985474,0.4586459994316101,Incorrect
2981,ما هي الخصائص التي تتمتع بها حزمة الفوتونات من أشعة X عالية الطاقة والتي تجعلها تستخدم في الطب النووي عند المعالجة عن بعد؟,ANSWER: اختراق عالي,قدرة اختراق عالية تسمح بتدمير الأورام السطحية والعميقة .,اختراق عالي,قدرة اختراق عالية تسمح بتدمير الأورام السطحية والعميقة .,0.6016588807106018,0.3953929543495178,0.477190226316452,Correct
2986,ما هو القانون الذي ينص على أن تشوه مادة يتناسب طرديا مع القوى التي تحدث التشوه؟,قانون هوك,قانون هوك,قانون هوك,قانون هوك,0.9999998807907104,0.9999998807907104,0.9999998807907104,Correct
2987,علام نعتمد لتفسير لثنائية الإصدار في طيف بخار الصوديوم؟,ANSWER: خطوط مزدوجة,النظرية الذرية,خطوط مزدوجة,النظرية الذرية,0.5311304330825806,0.5257432460784912,0.5284230709075928,Incorrect
2989,ما هي المعادلة التي تعبر عن انخفاض الطاقة في الموائع؟,معادلة برنولي,معادلة بيرنولي,معادلة برنولي,معادلة بيرنولي,0.9199733138084412,0.9199733138084412,0.9199733138084412,Correct
3001,متى يحدث تفاعل اشعاع الليزر مع النسج؟,ANSWER: امتصاص الطاقة,تمتصه النسج .,امتصاص الطاقة,تمتصه النسج .,0.5639981031417847,0.5463225245475769,0.5550196766853333,Correct
3003,ما هي البنية التي تأخذها الشبكات الأيونية لكلوريد الصوديوم وأكسيد المغنزيوم؟,شبكة مكعبية مركزية,مكعبية,شبكة مكعبية مركزية,مكعبية,0.541400671005249,0.5448543429374695,0.5431219935417175,Incorrect
3013,ما هو العمل الذي يقوم به المائع على المائع الذي يتقدمه في وحدة الجريان؟,مقاومة الاحتكاك,الضغط,مقاومة الاحتكاك,الضغط,0.5422775745391846,0.6640199422836304,0.5970054864883423,Incorrect
3024,ما هي الكمية الوسطية للأوزون في الغلاف الجوي؟,ANSWER: 300 جزء بالمليون,300 DU,300 جزء بالمليون,300 DU,0.5971004962921143,0.6349523067474365,0.6154449582099915,Incorrect
3027,ما هو النكليد الإشعاعي المماكب الذي يشيع استخدامه في التشخيص الطبي؟,أيزوتوب اليود-131,التكنسيوم - 99,أيزوتوب اليود-131,التكنسيوم - 99,0.7405662536621094,0.7697865962982178,0.7548937201499939,Incorrect
3041,كيف يتغير نصف القطر الذري عبر الدور الثالث من اليسار إلى اليمين؟,ANSWER: تناقص,يتناقص,تناقص,يتناقص,0.7627967596054077,0.734787106513977,0.7485300302505493,Correct
3054,إذا كان الإشعاع وحيد الطول الموجي فمن أي نوع من الفوتونات يكون مؤلفاً؟,ANSWER: أشعة جاما,المتساوية الطاقات,أشعة جاما,المتساوية الطاقات,0.5120749473571777,0.5054740309715271,0.5087530612945557,Incorrect
3056,ما هي الأمواج الميكانيكية التي تنشأ عن الوحدات المحركة في الألياف ولا تدركها الأذن؟,الأمواج فوق السمعية,الأمواج تحت الصوتية,الأمواج فوق السمعية,الأمواج تحت الصوتية,0.8105460405349731,0.8105460405349731,0.8105460405349731,Incorrect
3064,ما هو مصدر العنصر المشع الذي يعطى للمريض عند استخدام تقنية التصوير SPECT؟,ANSWER: التكنيشيوم,لأشعة غاما .,التكنيشيوم,لأشعة غاما .,0.4837573170661926,0.49193239212036133,0.4878106117248535,Incorrect
3065,ما نوع الصورة التي نحصل عليها في التصوير الومضاني للجزء المصور من جسم المريض؟,ANSWER: صورة ديناميكية,ثنائية البعد .,صورة ديناميكية,ثنائية البعد .,0.43265682458877563,0.41342228651046753,0.42282092571258545,Incorrect
3066,إذا تضيق قطر الشريان إلى ثلث قيمته الأصلية عند مريض مصاب بمرض وعائي وقلبي وبقي هبوط الضغط فيه على حاله، إلى كم ينخفض معدل جريان الدم؟,ANSWER: ثلث الجريان,81/1 من قيمته الأصلية .,ثلث الجريان,81/1 من قيمته الأصلية .,0.44470807909965515,0.3508683443069458,0.39225393533706665,Incorrect
3096,ما هي السكريات التي لا تحتاج أثناء امتصاصها من الأمعاء الدقيقة لوجود الصوديوم؟,الأحادية: الجلوكوز والفركتوز,الفركتوز.,الأحادية: الجلوكوز والفركتوز,الفركتوز.,0.6308473944664001,0.6817956566810608,0.6553328037261963,Incorrect
3099,ما هو الأنزيم المعوي الذي يحول مولد التربسين إلى تربسين؟,التربسينوجين,الإنتيروكيناز.,التربسينوجين,الإنتيروكيناز.,0.588618814945221,0.5611599087715149,0.5745614767074585,Incorrect
3100,ما هو العامل الهرموني الذي يحرض إفراز عصارة بنكرياسية غنية بالإنزيمات الهاضمة؟,هرمون السيكريتين,الكوليسيستوكينين CCK,هرمون السيكريتين,الكوليسيستوكينين CCK,0.7547389268875122,0.614194393157959,0.6772519946098328,Incorrect
3101,ما هو الإنزيم الذي يفكك سكر اللبن (اللاكتوز) إلى غلوكوز وغالاكتوز؟,اللاكتاز,اللاكتاز.,اللاكتاز,اللاكتاز.,0.7769032716751099,0.7067159414291382,0.7401493787765503,Correct
3109,ما هو مستودع الصفراء خارج أوقات الهضم والذي يعمل على تكثيفها؟,المرارة,المرارة.,المرارة,المرارة.,0.7547049522399902,0.6720702648162842,0.7109946608543396,Correct
3115,ما هي الشوارد التي يكون تركيزها أقل في اللعاب منه في البلازما؟,صوديوم,صوديوم وكلور.,صوديوم,صوديوم وكلور.,0.5475574135780334,0.45404529571533203,0.49643611907958984,Incorrect
3117,ما هو الهرمون الذي يحفز إفراز عصارة بنكرياسية غنية بالأنزيمات الهاضمة؟,هرمون السيكريتين,الكوليسيستوكينين CCK,هرمون السيكريتين,الكوليسيستوكينين CCK,0.7547389268875122,0.614194393157959,0.6772519946098328,Incorrect
3118,ما هو السكر الذي لا يحتاج للصوديوم من أجل عملية امتصاصه؟,الجلوكوز,الفركتوز.,الجلوكوز,الفركتوز.,0.6979241371154785,0.6405524015426636,0.6680086851119995,Incorrect
3120,ما هو الناقل العصبي الذي يتحرر من العصبونات بعد العقدة في القسم الودي؟,الأدرينالين,النورابينفرين أو الأستيل كولين.,الأدرينالين,النورابينفرين أو الأستيل كولين.,0.5734674334526062,0.4827519357204437,0.5242140293121338,Incorrect
3121,ما الذي يحدد نمط استجابة العضو المعصب بواسطة الجهاز العصبي المستقل (استثارة أو تثبيط)؟,قوة الدفع العصبي,نمط المستقبلات الموجودة في العضو.,قوة الدفع العصبي,نمط المستقبلات الموجودة في العضو.,0.5176721811294556,0.5590336322784424,0.5375584959983826,Incorrect
3127,ما هو الناقل الكيميائي الذي تحرره جميع العصبونات قبل العقدة؟,الإجابة: الأستيل كولين,الأستيل كولين.,الإجابة: الأستيل كولين,الأستيل كولين.,0.5876941680908203,0.6840899586677551,0.6322389245033264,Correct
3130,ما هو الناقل العصبي الذي يتحرر من طرفيات جميع الألياف اللاودية بعد العقدية؟,ANSWER: الغلوتامات,أستيل كولين.,الغلوتامات,أستيل كولين.,0.43858903646469116,0.4205382466316223,0.42937400937080383,Incorrect
3140,ما هي الميزة التي تتمتع بها قنوات IF في النسيج العقدي القلبي التي تمكنها من توليد التنبيه عفوياً؟,خاصية التلقائية,عندما تنفتح يتجاوز التيار الداخل من الصوديوم التيار الخارج من البوتاسيوم,خاصية التلقائية,عندما تنفتح يتجاوز التيار الداخل من الصوديوم التيار الخارج من البوتاسيوم,0.570990800857544,0.4598050117492676,0.5094014406204224,Incorrect
3141,ما هي الفائدة الوظيفية من التأخير الزمني في كمون الفعل لمدة 0.1 ثانية عند مروره في العقدة الأذينية البطينية؟,ANSWER: تنظيم ضربات القلب,إنهاء تقلص الأذينات قبل بدء تقلص البطينات.,تنظيم ضربات القلب,إنهاء تقلص الأذينات قبل بدء تقلص البطينات.,0.6147559881210327,0.5265579223632812,0.567249059677124,Incorrect
3147,ماذا يحدث للبطينات في حال توقف العقدة الجيبية الأذينية عن العمل؟,ANSWER: تسرع البطينات,تتباطأ انقباضاتها,تسرع البطينات,تتباطأ انقباضاتها,0.5937775373458862,0.6335772275924683,0.6130321025848389,Incorrect
3149,ما هو سبب ظهور طور الهضبة في كامن فعل العضلة القلبية؟,ANSWER: تأخر إعادة الاستقطاب,دخول شوارد الكالسيوم.,تأخر إعادة الاستقطاب,دخول شوارد الكالسيوم.,0.41572871804237366,0.4360252916812897,0.4256351590156555,Incorrect
3152,ما هو سبب طور الهضبة في كمون عمل الليف العضلي القلبي؟,مرحلة إعادة الاستقطاب,الكالسيوم.,مرحلة إعادة الاستقطاب,الكالسيوم.,0.39288318157196045,0.42155951261520386,0.406716525554657,Incorrect
3175,ما هي المناطق التي تطبق عليها المعالجة الإشعاعية في علاج أورام الخصية من النمط المنوي؟,ANSWER: المنطقة فوق العانة,سلسلة العقد اللمفاوية الحرقفية والأبهرية,المنطقة فوق العانة,سلسلة العقد اللمفاوية الحرقفية والأبهرية,0.5278939008712769,0.5731275677680969,0.5495815277099609,Incorrect
3180,ما هي الأورام التي لا تعتبر المعالجة الشعاعية معالجة شافية لها إذا استخدمت لوحدها في المراحل المبكرة؟,الأورام الصلبة,الثدي,الأورام الصلبة,الثدي,0.5055257081985474,0.5826253294944763,0.541344165802002,Incorrect
3186,ما هي الجرعة الكلية الموصى بها في حال تقرر إجراء تشعيع وقائي للقحف بجرعة ٢ غري في كل جلسة؟,الجرعة الكلية: ٣٦ غري,٣٠ غري,الجرعة الكلية: ٣٦ غري,٣٠ غري,0.41527605056762695,0.3693249225616455,0.3909548819065094,Incorrect
3187,ما هو الزمن الأقل الفاصل بين كل جلستين عند إجراء المعالجة الشعاعية بطريق التجزئة المفرطة؟,ANSWER: 27 غراي,٦ ساعات,27 غراي,٦ ساعات,0.5391526222229004,0.6008729934692383,0.5683420300483704,Incorrect
3191,ما الذي يحول مولد الببسين إلى ببسين؟,ANSWER: حمض الهيدروكلوريك,حمض كلور الماء الموجود في المعدة.,حمض الهيدروكلوريك,حمض كلور الماء الموجود في المعدة.,0.7118311524391174,0.5795354247093201,0.638906717300415,Correct
3202,ما هو سبب حدوث عمى ربعي علوي أيمن مماثل؟,انسداد الشريان الشبكي المركزي,الفصل الصدغي,انسداد الشريان الشبكي المركزي,الفصل الصدغي,0.5929927825927734,0.6258193254470825,0.6089640259742737,Incorrect
3207,ما هي المدة الزمنية التي يتطور خلالها الصداع المزمن؟,ANSWER: أكثر من 15 يومًا,4أسابيع,أكثر من 15 يومًا,4أسابيع,0.5888274312019348,0.5813019275665283,0.5850405097007751,Incorrect
3209,ما هو نوع الصداع غير النابض ثنائي الجانب الذي قد يرتبط بتشنج عضلات الرقبة؟,صداع التوتر,صداع التوتر,صداع التوتر,صداع التوتر,0.9999998211860657,0.9999998211860657,0.9999998211860657,Correct
3284,أين يحدث التكيس للجيارديا اللمبلية؟,ANSWER: الأمعاء الدقيقة,أثناء التغوط,الأمعاء الدقيقة,أثناء التغوط,0.5487942695617676,0.5710712671279907,0.5597111582756042,Incorrect
3288,ما هي الذبابة ذهبية العيون Chrysop ثوي ناقل له؟,ANSWER: Chrysopidae,اللوا لوا,Chrysopidae,اللوا لوا,0.6823394894599915,0.5422794818878174,0.6043001413345337,Incorrect
3293,ما هي الفترة الزمنية الذي تظهر فيها إيجابية اختبار سابين فيلدمان بعد العدوى به؟,ANSWER: 10-14 يوم,1-2 أسبوع,10-14 يوم,1-2 أسبوع,0.7953126430511475,0.7953126430511475,0.7953127026557922,Correct
3315,ما الذي تنتهي به المرحلة الخارج خلوية للمتصورات؟,ANSWER: تكوين السبوروزويت,الأقاسيم المتحركة,تكوين السبوروزويت,الأقاسيم المتحركة,0.5761394500732422,0.5865243673324585,0.5812855362892151,Incorrect
3335,أين تتكاثر خبيطيات الفخرية البنكروفتية؟,ANSWER: الكبد,الأوعية اللمفاوية للانسان,الكبد,الأوعية اللمفاوية للانسان,0.45828163623809814,0.35252344608306885,0.39850521087646484,Incorrect
3336,ما هو المرض الذي يستخدم عقار melarsporol في علاجه؟,الإجابة: الليشمانيا,المثقبية الغامبية,الإجابة: الليشمانيا,المثقبية الغامبية,0.46679091453552246,0.5009101629257202,0.48324906826019287,Incorrect
3338,ما هو الخمج الطفيلي الذي يمكن أن ينتقل من شخص لآخر؟,الإجابة: القُرَادِيّة,المرمية الدودية,الإجابة: القُرَادِيّة,المرمية الدودية,0.47319161891937256,0.5100213885307312,0.49091672897338867,Incorrect
3341,ما هي أفضل أماكن الخزع التشخيصية القندية في جسم الإنسان؟,الإجابة: رأس القضيب,الطحال,الإجابة: رأس القضيب,الطحال,0.4316316246986389,0.5134221315383911,0.4689875841140747,Incorrect
3365,ما هو المسبب لداء هجرة اليرقات الجلدي؟,ANSWER: هجرة اليرقات,الديدان القوسية,هجرة اليرقات,الديدان القوسية,0.5392299294471741,0.5574146509170532,0.5481714606285095,Incorrect
3371,ما هو العلاج المناسب للمتحولة العصبية naegleria fowleri؟,العلاج: أمفوتيريسين ب,الأمفوتريسين,العلاج: أمفوتيريسين ب,الأمفوتريسين,0.5322012305259705,0.6171848773956299,0.5715512633323669,Correct
3386,أين تتوضع يرقات الأسطوانية الوعائية عند الإنسان؟,ANSWER: الحجاب الحاجز,الجهاز العصبي المركزي,الحجاب الحاجز,الجهاز العصبي المركزي,0.6801936626434326,0.6376392245292664,0.6582293510437012,Incorrect
3408,ما هو الشكل المعدي للإنسان من متفرعة الخصية الصينية؟,الإجابة: داء البلهارسيات,خليفة المذنبة,الإجابة: داء البلهارسيات,خليفة المذنبة,0.35890993475914,0.39249154925346375,0.3749503195285797,Incorrect
3410,أين تتوضع الأسطوانية البرازية عند الإنسان؟,ANSWER: الأعور,الجزء الأمامي من الصائم,الأعور,الجزء الأمامي من الصائم,0.6184086203575134,0.6844080686569214,0.6497366428375244,Incorrect
3472,ما هو العصب الذي يصاب في متلازمة قاع الحجاج؟,العصب الثالث,العصب الفكي العلوي,العصب الثالث,العصب الفكي العلوي,0.717732310295105,0.6146262288093567,0.662189781665802,Incorrect
3499,ما هو تعريف الحول المتقارب؟,الحول المتقارب: تقارب الحدقات,يتلاقي فيها محورا الرؤية في نقطة تقع أمام الجسم المنظور,الحول المتقارب: تقارب الحدقات,يتلاقي فيها محورا الرؤية في نقطة تقع أمام الجسم المنظور,0.4627233147621155,0.47176384925842285,0.46719983220100403,Incorrect
3514,ما هي أسباب حدوث فيض الدمع Epiphora؟,انسداد القناة الدمعية,نقص في التصريف,انسداد القناة الدمعية,نقص في التصريف,0.5775662064552307,0.5909408926963806,0.5841770172119141,Correct
3527,أين تقع حفيرة البكرة في الجدار العلوي للحجاج؟,الإجابة: أمام العظمة الوتدية,الأمامي الأنسي,الإجابة: أمام العظمة الوتدية,الأمامي الأنسي,0.46836206316947937,0.5216220617294312,0.4935593605041504,Incorrect
3542,ما هي النسبة التي تشكلها القرنية من سطح غلاف كرة العين الليفي؟,ANSWER: الثلث الأمامي,السدس الأمامي,الثلث الأمامي,السدس الأمامي,0.7830524444580078,0.7517703175544739,0.7670925855636597,Incorrect
3554,ما هو أكثر تنكسات القرنية شيوعاً؟,الإجابة: التنكس البشروي,القوس الشيخية,الإجابة: التنكس البشروي,القوس الشيخية,0.39766359329223633,0.436367392539978,0.41611742973327637,Incorrect
3580,ما هي الحالات التي تشاهد فيها الرؤية المزدوجة الأحادية الجانب؟,الإجابة: شلل العصب السادس,تحت خلع العدسة,الإجابة: شلل العصب السادس,تحت خلع العدسة,0.3807532787322998,0.3820098042488098,0.38138049840927124,Incorrect
3601,ما هو المرض الذي يشاهد فيه حلقة كاي زر- فليشر عند المرضى؟,ANSWER: التهاب الشريان الصدغي,داء ويلسون,التهاب الشريان الصدغي,داء ويلسون,0.5955948233604431,0.6559168100357056,0.624302089214325,Incorrect
3607,ما الذي يجب فعله في الحالات المعندة وغير المستجيبة للعلاج في الورم الكاذب للحجاج؟,ANSWER: الاستئصال الجراحي,يجب اخذ خزعة من الورم,الاستئصال الجراحي,يجب اخذ خزعة من الورم,0.5535284876823425,0.5230525732040405,0.5378592014312744,Incorrect
3609,ما هي النتائج التي تؤدي إليها إصابة الشعبة العينية من العصب الخامس في متلازمة الشق الحجاجي العلوي؟,ANSWER: شلل العين,فقد حس الملتحمة والقرنية,شلل العين,فقد حس الملتحمة والقرنية,0.5509557127952576,0.4920256733894348,0.5198258757591248,Incorrect
3620,ما هو التشخيص الأقرب لمريض عمره 65 سنة لديه فقد رؤية في النصف العلوي من الساحة البصرية مع بدء مفاجئ؟,انسداد الشريان الشبكي المركزي,التهاب العصب البصري الاقفاري,انسداد الشريان الشبكي المركزي,التهاب العصب البصري الاقفاري,0.7021023035049438,0.705930233001709,0.704011082649231,Incorrect
3667,ما الذي يدل عليه ظهور تقبب على شكل حويصل أسود في قعر القرحة القرنية الجرثومية؟,ANSWER: قرحة ذروية,تقبب غشاء ديسميه وخطر انثقابه,قرحة ذروية,تقبب غشاء ديسميه وخطر انثقابه,0.6080945730209351,0.635191798210144,0.6213479042053223,Incorrect
3680,ما هي الطريقة التالية لتقدير حدة البصر لدى المريض إذا لم يتمكن من قراءة أكبر أحرف اللوحة؟,ANSWER: اختبار سنيلين,بعد أصابع الفاحص,اختبار سنيلين,بعد أصابع الفاحص,0.532909631729126,0.5059834718704224,0.5190975666046143,Incorrect
3683,ما الذي يشكو منه المريض في الحول الشللي عند البالغين؟,ANSWER: اختلاج أحادي الجانب,رؤية مزدوجة,اختلاج أحادي الجانب,رؤية مزدوجة,0.5853471755981445,0.6188621520996094,0.6016383171081543,Incorrect
3700,متى ينعدم يوروبيلينوجين البول؟,ANSWER: في القصور الكلوي,اليرقان الانسدادي,في القصور الكلوي,اليرقان الانسدادي,0.5732749700546265,0.6102308034896851,0.5911758542060852,Incorrect
3702,في الاحتباس الصفراوي ما هو الانزيم الأفضل للوصول للتشخيص؟,ANSWER: الأميلاز,ALT,الأميلاز,ALT,0.6066242456436157,0.6301243901252747,0.6181510090827942,Incorrect
3713,ما هي نتيجة رحلان البروتينات في الالتهابات الحادة؟,ANSWER: نقص الألبومين,ترتفع الموجة a_2غلوبيولين وترتفع الموجة a_1غلوبيولين,نقص الألبومين,ترتفع الموجة a_2غلوبيولين وترتفع الموجة a_1غلوبيولين,0.4249281883239746,0.4276005029678345,0.42626017332077026,Incorrect
3720,ما هو المركب الذي يتم اصطناعه بدءا من الحموض الأمينية؟,البروتينات,أمونيا,البروتينات,أمونيا,0.7049468755722046,0.6619088649749756,0.6827502846717834,Incorrect
3730,ما هي أعراض فقر الدم بعوز الحديد عند المريض؟,أعراض فقر الدم: تعب، ضيق نفس، شحوب,الشحوب,أعراض فقر الدم: تعب، ضيق نفس، شحوب,الشحوب,0.3836272954940796,0.47262442111968994,0.42350074648857117,Correct
3731,ما هي الحالة التي تعاني منها مريضة عمرها 44 سنة تشكو من تعب عام وكانت قيمة البولة الدموية 140 ملغ/دل وقيمة الكرياتنين 6 ملغ/دل وحمض البول 4 ملغ/دل؟,فشل كلوي,اليوريميا,فشل كلوي,اليوريميا,0.5511281490325928,0.598965048789978,0.5740517377853394,Correct
3733,ما هو سبب تشمع الكبد عند مريض عمره 12 سنة؟,الإجابة: التهاب الكبد المناعي,داء ويلسون,الإجابة: التهاب الكبد المناعي,داء ويلسون,0.4705646336078644,0.528416633605957,0.4978155195713043,Incorrect
3734,ما هو الاحتمال الأكثر ترجيحاً لسبب تشمع الكبد عند مريض عمره 12 سنة؟,ANSWER: التهاب الكبد المناعي,داء ويلسون,التهاب الكبد المناعي,داء ويلسون,0.6280297636985779,0.6681785583496094,0.6474823355674744,Incorrect
3736,ما هو تصنيف مريض عنده الغلوكوز 210 ملغ / دل؟,ANSWER: سكري غير منضبط,مريض سكري,سكري غير منضبط,مريض سكري,0.5931038856506348,0.7006567716598511,0.6424097418785095,Correct
3737,ما هو تصنيف مريض تم تحليل الغلوكوز الصيامي له فكانت النتيجة 128 ملغ/دل؟,مرحلة ما قبل السكري,مريض سكري,مرحلة ما قبل السكري,مريض سكري,0.5272619724273682,0.6336413621902466,0.5755776166915894,Incorrect
3738,ما هو المركب الذي يعتبر ايتلين ديامين تترا استات مركباً لاقطاً له؟,ANSWER: الحديد الثلاثي,الكالسيوم,الحديد الثلاثي,الكالسيوم,0.6695404052734375,0.6929040551185608,0.6810219287872314,Incorrect
3739,ما هو المركب الذي يستخدم في تدبير حمى البحر الأبيض المتوسط؟,ألوبورينول,الكولشيمين,ألوبورينول,الكولشيمين,0.6667386889457703,0.6667386889457703,0.6667386889457703,Incorrect
3742,ما هو النمط التحسسي الذي يعود إليه داء الفقاع المحرض دوائياً؟,ANSWER: فرط الحساسية النوع الرابع,الثاني.,فرط الحساسية النوع الرابع,الثاني.,0.3740360736846924,0.45678573846817017,0.4112899899482727,Incorrect
3743,ما هي آلية تأثير المركب دابيريدامول؟,تأثير دابيريدامول: مثبط لمستقبلات بيتا 2 الأدرينالية,تثبيط PDE,تأثير دابيريدامول: مثبط لمستقبلات بيتا 2 الأدرينالية,تثبيط PDE,0.5095815062522888,0.5740023255348206,0.5398769378662109,Incorrect
3774,"ما هي جرعة الدواء عند طفل وزنه 17,5 كغ إذا كانت جرعة البالغ 100 ملغ؟",ANSWER: 15 ملغ/كغ,25 ملغ.,15 ملغ/كغ,25 ملغ.,0.6173884272575378,0.6915043592453003,0.6523480415344238,Incorrect
3792,ما هو معدل التصفية الكلوية للكرياتينين عند رجل عمره 40 سنة ومستوى كرياتينين الدم 1 ملغ/دل ووزنه 72 كغ؟,معدل التصفية الكلوية للكرياتينين: 90 مل/دقيقة,100,معدل التصفية الكلوية للكرياتينين: 90 مل/دقيقة,100,0.3223886787891388,0.3078816533088684,0.31496819853782654,Incorrect
3804,ما هي الخلايا التي تقوم بإفراز بروتين برفورين الذي يفتح ثقوب في غشاء الخلية الهدف؟,الخلايا التائية القاتلة,الخلايا القاتلة.,الخلايا التائية القاتلة,الخلايا القاتلة.,0.7619336247444153,0.7681930065155029,0.7650505304336548,Correct
3807,كيف يتأثر الغاز كلما زاد وزنه الجزيئي؟,ANSWER: ينخفض الوَعْي,انخفض معدل الانتشار.,ينخفض الوَعْي,انخفض معدل الانتشار.,0.5941237211227417,0.5216689705848694,0.555543839931488,Incorrect
3809,ما هو المبدأ الأساسي للتشتت؟,مبدأ التشتت: ANSWER: قانون بير-لامبرت,الانتشار,مبدأ التشتت: ANSWER: قانون بير-لامبرت,الانتشار,0.30766427516937256,0.39230766892433167,0.3448682725429535,Incorrect
3810,ما هو العامل الذي يسرع العامل السابع تشكله؟,ANSWER: نقص الأكسجين,الثالث,نقص الأكسجين,الثالث,0.4666476249694824,0.544289231300354,0.5024869441986084,Incorrect
3813,ما هو السائل الموجود داخل الخلايا؟,السائل الخلوي,السيتوبلازما.,السائل الخلوي,السيتوبلازما.,0.4516105055809021,0.42498284578323364,0.43789225816726685,Correct
3816,ما هي مقدرة شخص على إدراك منبهين لمسيين مطبقين على منطقة من سطح الجسم على أنهما منفصلان؟,الإجابة: التمييز الثنائي,تمييز حس النقطتين,الإجابة: التمييز الثنائي,تمييز حس النقطتين,0.43672284483909607,0.47778743505477905,0.456333190202713,Correct
3817,ما هو سبب عدم قدرة ألياف الجهاز العصبي المركزي على التجدد؟,عدم قدرة الألياف العصبية على التجدد: انحطاط المحور العصبي,غياب غمد شوان,عدم قدرة الألياف العصبية على التجدد: انحطاط المحور العصبي,غياب غمد شوان,0.4210054278373718,0.4212981164455414,0.421151727437973,Incorrect
3820,ما هو المجال الذي تكون فيه النسخ السيتولوجية شفافة نسبياً؟,ANSWER: السائل النخاعي,تحت الأحمر القريب,السائل النخاعي,تحت الأحمر القريب,0.5677057504653931,0.533880352973938,0.5502737164497375,Incorrect
3823,ما هو العامل الرئيسي الذي يحدد ارتباط الأكسجين بخضاب الدم؟,مستوى الـ pH,الضغط الجزئي للأوكسجين في الدم PO2.,مستوى الـ pH,الضغط الجزئي للأوكسجين في الدم PO2.,0.40352317690849304,0.4669012427330017,0.43290483951568604,Incorrect
3828,ما الذي يؤدي إليه العامل ٣ مع الكالسيوم؟,نقص التكلس,تلقيم راجع إيجابي للثرومبين.,نقص التكلس,تلقيم راجع إيجابي للثرومبين.,0.4716757833957672,0.44488662481307983,0.45788970589637756,Incorrect
3831,متى يزداد الانحلال في التلاسيميا؟,ANSWER: في نقص الخضاب,التعرض للشدة والحمى.,في نقص الخضاب,التعرض للشدة والحمى.,0.48127037286758423,0.5141564607620239,0.49717018008232117,Incorrect
3832,ما هو الفيتامين الأساسي في عملية تشكيل عوامل التخثر؟,فيتامين K,K,فيتامين K,K,0.5962708592414856,0.6809383034706116,0.6357982754707336,Correct
3838,ما هو المستوى من الفيزيولوجيا الذي تنتمي إليه دراسة آلية وتوليد ونقل كوامن الفعل في القلب؟,الإجابة: مستوى الجهاز القلبي الوعائي,النسيجي,الإجابة: مستوى الجهاز القلبي الوعائي,النسيجي,0.46240296959877014,0.36542820930480957,0.408235639333725,Incorrect
3839,أين توجد المستقبلات النيكوتينية؟,ANSWER: العقد القاعدية,العقدة الجيبية الأذينية في القلب,العقد القاعدية,العقدة الجيبية الأذينية في القلب,0.5670603513717651,0.5402074456214905,0.5533082485198975,Incorrect
3848,ما الذي تعتمد عليه سرعة انتشار الأوكسجين عبر غشاء الخلية؟,فرق التركيز,مقدار ذوبانه في الشحوم,فرق التركيز,مقدار ذوبانه في الشحوم,0.5504506826400757,0.6333136558532715,0.5889819860458374,Incorrect
3852,ماذا يحدث عندما يصل التيروكسين إلى المستوى الدوراني المطلوب؟,تثبيط الدرقية,تتوقف الغدة النخامية عن افراز THS,تثبيط الدرقية,تتوقف الغدة النخامية عن افراز THS,0.5545616149902344,0.5920193791389465,0.5726786851882935,Incorrect
3853,ما هي الوظيفة الرئيسية للعقدة الأذينية البطينية في الحالات السوية؟,ANSWER: تنظيم ضربات القلب,توليد إشارات تجعلها ناظمة للقلب,تنظيم ضربات القلب,توليد إشارات تجعلها ناظمة للقلب,0.6928335428237915,0.5603640675544739,0.6195974349975586,Correct
3855,ما هي العوامل التي تحرض إفراز عصارة بنكرياسية غنية بالإنزيمات؟,ANSWER: الهستامين,الأستيل كولين والكوليسيستوكينين,الهستامين,الأستيل كولين والكوليسيستوكينين,0.5434347987174988,0.5336182117462158,0.5384817123413086,Incorrect
3857,أين يتم إعادة امتصاص القسم الأعظم من الماء المرتشح؟,ANSWER: النفرون,النبيبات الدانية,النفرون,النبيبات الدانية,0.703423023223877,0.6150269508361816,0.6562617421150208,Incorrect
3861,ما هو سبب الصوت الأول للقلب؟,ANSWER: انقباض الأُذين,انغلاق الصمامات الأذينية البطينية,انقباض الأُذين,انغلاق الصمامات الأذينية البطينية,0.6956607103347778,0.6397438049316406,0.6665315628051758,Incorrect
3866,ما هي الخلايا التي تمتلك أسرع معدل لزوال الاستقطاب؟,خلايا العقدة الشبكية,العقدة الجيبية الأذينية.,خلايا العقدة الشبكية,العقدة الجيبية الأذينية.,0.6261519193649292,0.5961747765541077,0.6107957363128662,Incorrect
3868,ما هو الذي وظيفته تسريع عملية تشكل الترومبوبلاستين الصفيحي؟,عامل الأنسجة,العامل السابع,عامل الأنسجة,العامل السابع,0.6059768199920654,0.6885403394699097,0.6446256637573242,Incorrect
3869,ما الذي يعمل على تسهيل الانتقال بين الشهيق والزفير؟,الحجاب الحاجز,مركز التنفس الجسري,الحجاب الحاجز,مركز التنفس الجسري,0.6036926507949829,0.5758174657821655,0.5894256830215454,Incorrect
3871,ما الذي يزداد في الأسناخ الرئوية؟,ANSWER: ضغط الأكسجين,بتضيق فوهة القصيبات,ضغط الأكسجين,بتضيق فوهة القصيبات,0.5372825264930725,0.5164483189582825,0.5266594886779785,Incorrect
3872,ما يعرف بالموجهة الجسدية؟,ANSWER: منعكس الركبة,هرمون النمو,منعكس الركبة,هرمون النمو,0.5214250087738037,0.5599936842918396,0.540021538734436,Incorrect
3874,ما هي العقدة الرأسية للجهاز العصبي المستقل؟,العقدة العنقية,الوطاء,العقدة العنقية,الوطاء,0.4562787413597107,0.5085954070091248,0.48101872205734253,Incorrect
3876,ما هي المحطة الرئيسية الدماغية التي تتكامل فيها وظائف الجهاز العصبي المستقل مع وظائف البنى العصبية الأخرى؟,الجسر الدماغي,الوطاء,الجسر الدماغي,الوطاء,0.5823118686676025,0.5765178203582764,0.579400360584259,Incorrect
3880,ما هو الناقل العصبي المحرر من طرفيات الألياف بعد العقدية في القسم الودي؟,الأَدرينالين,الاستيل كولين أو النور أدرينالين,الأَدرينالين,الاستيل كولين أو النور أدرينالين,0.6748247742652893,0.5408329367637634,0.6004444360733032,Incorrect
3891,ما هو الدور المهم الذي تؤديه خلايا سيرتولي في الخصية؟,خلايا سيرتولي: دعم الخلايا الجرثومية,تغذية النطاف,خلايا سيرتولي: دعم الخلايا الجرثومية,تغذية النطاف,0.5387647151947021,0.5663255453109741,0.5522014498710632,Correct
3897,ما هو الذي يروي النسيج الضام للرئة؟,الشريان الرئوي,الفروع القصبية للأبهر.,الشريان الرئوي,الفروع القصبية للأبهر.,0.5088825821876526,0.4432196319103241,0.473786860704422,Incorrect
3902,ما هي البوابات التي تتحكم بنفوذية القنوات للشوارد التي تسهم في تشكيل كامن الفعل؟,بوابات الجهد,القنوات المبوبة بالفولطاج,بوابات الجهد,القنوات المبوبة بالفولطاج,0.5724018216133118,0.6274750828742981,0.5986745357513428,Correct
3909,ما هي أجهزة التحكم والضبط والمراقبة في الجسم؟,الجهاز العصبي المركزي,العصبى الصماوى,الجهاز العصبي المركزي,العصبى الصماوى,0.6261528730392456,0.6233047246932983,0.6247255206108093,Incorrect
3914,ما هي المواد التي تحررها نهايات المحاوير العصبية في المشابك والموصلات المشبكية؟,النواقل العصبية,النواقل عصبية,النواقل العصبية,النواقل عصبية,0.754507303237915,0.754507303237915,0.754507303237915,Correct
3916,ماذا ينقل الترانسفيرين؟,الحديد,الحديدي,الحديد,الحديدي,0.7405771017074585,0.7405771017074585,0.7405771017074585,Correct
3918,ما هو الإحساس الذي يمكن أن يُدرك كلياً في المهاد؟,الإجابة: الإحساس بالألم والحرارة,حس الألم,الإجابة: الإحساس بالألم والحرارة,حس الألم,0.5169994831085205,0.6039202213287354,0.5570897459983826,Incorrect
3919,أين توجد المستقبلات المسكارينية؟,ANSWER: في الجهاز العصبي المركزي والمحيطي,الخلايا المستجيبة للتنبيه بالعصبونات الكولينية الفعل بعد العقدية,في الجهاز العصبي المركزي والمحيطي,الخلايا المستجيبة للتنبيه بالعصبونات الكولينية الفعل بعد العقدية,0.6096059083938599,0.6605533361434937,0.6340578198432922,Incorrect
3930,ما هي الزمرة الدموية إذا كانت الكرية الحمراء لا تحوي مولد ارتصاص؟,ANSWER: O سالب,O,O سالب,O,0.5866413116455078,0.8258680701255798,0.6859965920448303,Correct
3935,ما هو ناظم القلب؟,ANSWER: عقدة الجيبية الأذينية,العقدة الجيبية.,عقدة الجيبية الأذينية,العقدة الجيبية.,0.6573354005813599,0.6305700540542603,0.6436746120452881,Correct
3941,ما الذي يشكله الجهاز الانزيمي في الخلايا البطانية السليمة اعتباراً من حمض الاراشيدونيك؟,ANSWER: بروستاغلاندينات وليكوترينات,الترومبوكسان A2,بروستاغلاندينات وليكوترينات,الترومبوكسان A2,0.6311418414115906,0.5247148871421814,0.5730286836624146,Incorrect
3948,ما الذي تتناسب معه سرعة النقل في الألياف العصبية اللانخاعينية؟,سرعة النقل: بطيئة,الجذر التربيعي ل قطر الليف,سرعة النقل: بطيئة,الجذر التربيعي ل قطر الليف,0.47179800271987915,0.463533878326416,0.46762943267822266,Incorrect
3958,أين تقع أجسام عصبونات المرتبة الثانية للإحساسات المنقولة بمسلك العمود الظهري؟,ANSWER: النخاع المستطيل,المهاد,النخاع المستطيل,المهاد,0.5043832659721375,0.5043832659721375,0.5043832659721375,Incorrect
3960,ما هي العوامل التي تتناسب معها سرعة الانتشار البسيط؟,ANSWER: درجة الحرارة,طردا مع مدروج تركيز المادة المنتشرة,درجة الحرارة,طردا مع مدروج تركيز المادة المنتشرة,0.5362374782562256,0.46821328997612,0.499921977519989,Incorrect
3962,ما هي آلية تحرر شوارد الكالسيوم من الشبكة الهيولية في العضلات الهيكلية؟,تحرير الكالسيوم: مضخة الكالسيوم,الانتشار,تحرير الكالسيوم: مضخة الكالسيوم,الانتشار,0.3667459487915039,0.4507281482219696,0.40442314743995667,Incorrect
3964,ما الذي يؤكد الدور الأهم للمراكز الشوكية والبصلية في وظيفة الجهاز العصبي المستقل؟,ANSWER: إصابات الحبل الشوكي,عدم حدوث تبدلت مهمة في وظائف الجهاز العصبي المستقبل عند قطع جذع الدماغ فوق مستوى البصلة,إصابات الحبل الشوكي,عدم حدوث تبدلت مهمة في وظائف الجهاز العصبي المستقبل عند قطع جذع الدماغ فوق مستوى البصلة,0.48800843954086304,0.4136604070663452,0.4477691948413849,Incorrect
3965,ما هو الهدف الأساسي للنقل الفاعل عبر الغشاء؟,ANSWER: نقل المواد ضد التدرج,الحفاظ على مدروج تركيز مرتفع للمادة عبر الغشاء,نقل المواد ضد التدرج,الحفاظ على مدروج تركيز مرتفع للمادة عبر الغشاء,0.5504440069198608,0.4986814558506012,0.5232858061790466,Correct
3968,ما الذي يتأثر بتغير كمية الأوكسجين في الأسناخ؟,تبادل الغازات,الأوعية الدموية للسنخ,تبادل الغازات,الأوعية الدموية للسنخ,0.5072254538536072,0.444073885679245,0.47355353832244873,Incorrect
3975,ما هي أقصى مدة لحفظ الدم؟,مدة صلاحية الدم: 42 يومًا,20 يوم,مدة صلاحية الدم: 42 يومًا,20 يوم,0.49261534214019775,0.485015332698822,0.4887858033180237,Incorrect
3978,ماذا يحدث عندما تكون تهوية السنخ أعلى من ترويته الدموية؟,ANSWER: نقص الأكسجة السنخي,حيز ميت فيزيولوجي,نقص الأكسجة السنخي,حيز ميت فيزيولوجي,0.54137122631073,0.6031545996665955,0.570595383644104,Incorrect
4000,ما هي الحالات التي تزداد فيها كمية الماء الموجودة في الأحياز الخاصة؟,احتباس السوائل,الجنب وانصباب الجنب,احتباس السوائل,الجنب وانصباب الجنب,0.5381565093994141,0.5925792455673218,0.5640581846237183,Incorrect
4001,ما هو الهرمون المطلق للموجهة القشرية؟,هرمون ACTH,CRH,هرمون ACTH,CRH,0.5768812298774719,0.6533892750740051,0.6127563118934631,Incorrect
4004,ما هي الشاردة الإيجابية الأساسية في السائل داخل الخلوي؟,الأيون الصوديوم,بوتاسيوم,الأيون الصوديوم,بوتاسيوم,0.6190221309661865,0.6546440124511719,0.6363349556922913,Incorrect
4013,ما هو نوع المصل الذي يحمله شخص من الزمرة الدموية B؟,ANSWER: العامل الريزيسي سلبي,يحوي الراصة Anti A,العامل الريزيسي سلبي,يحوي الراصة Anti A,0.5879269242286682,0.460593581199646,0.5165284872055054,Incorrect
4016,ما هي الحالة التي يكون فيها انقلاب الصيغة أكثر شيوعاً؟,الألتصاق الخلقي,الأطفال.,الألتصاق الخلقي,الأطفال.,0.46470892429351807,0.49981456995010376,0.4816228747367859,Incorrect
4026,ما هو حجم الضربة (Stroke Volume)؟,حجم الضربة: حجم الدم الذي يضخه البطين الأيسر في كل نبضة.,كمّية الدم التي يضخها البطين الأيمن في ضربة واحدة,حجم الضربة: حجم الدم الذي يضخه البطين الأيسر في كل نبضة.,كمّية الدم التي يضخها البطين الأيمن في ضربة واحدة,0.6834997534751892,0.760806679725647,0.7200843095779419,Incorrect
4034,ما هي أقصى كمية هواء يمكن استنشاقها زيادة على كمية الحجم الجاري السوية؟,ANSWER: الشهيق الزائد,حجم الشهيق المخر,الشهيق الزائد,حجم الشهيق المخر,0.7013520002365112,0.6189796328544617,0.6575963497161865,Correct
4040,ما هي الآلية التي يتم من خلالها التنظيم المديد للجريان الموضعي؟,آلية التنظيم الذاتي,إفراز الأنجيوجنين وعامل النمو البطاني.,آلية التنظيم الذاتي,إفراز الأنجيوجنين وعامل النمو البطاني.,0.46555933356285095,0.42407017946243286,0.44384732842445374,Incorrect
4045,ما هي الشوارد التي تسبب قوى الجذب بين خيوط الاكتين والميوزين مما يؤدي إلى انزلاق بعضها على بعض؟,أيونات الكالسيوم,الكالسيوم,أيونات الكالسيوم,الكالسيوم,0.529809832572937,0.7147775292396545,0.6085489392280579,Correct
4060,ما هو الهدف من آلية المزلاج في العضلات الملساء؟,تثبيت العضلة في مكانها,تحافظ على تقلّص مقوٍمديد فى العضلات الملمس باستخدام كمية قليلة جداً من الطاقه,تثبيت العضلة في مكانها,تحافظ على تقلّص مقوٍمديد فى العضلات الملمس باستخدام كمية قليلة جداً من الطاقه,0.6026344299316406,0.46174511313438416,0.5228651762008667,Incorrect
4062,ما هي الخلايا الدبقية التي تشكل جزء من الحاجز الوعائي الدموي؟,الخلايا النجمية,الخلايا النجمية,الخلايا النجمية,الخلايا النجمية,1.0,1.0,1.0,Correct
4065,ما هي الآلية التي يتم من خلالها التنظيم المديد للضغط الشرياني؟,آلية الرينين-أنجيوتنسين-ألدوستيرون,افراز الانجيوجينين وعامل النمو البطاني,آلية الرينين-أنجيوتنسين-ألدوستيرون,افراز الانجيوجينين وعامل النمو البطاني,0.5990757346153259,0.6191128492355347,0.6089295148849487,Incorrect
4069,ما هي المستقبلة الأسرع تلاؤماً؟,الإجابة: العصب البصري,باشيني.,الإجابة: العصب البصري,باشيني.,0.4166601300239563,0.42227163910865784,0.419447124004364,Incorrect
4074,لماذا لا تتمكن الألياف العصبية المركزية من التجديد؟,الألياف العصبية المركزية لا تتجدد.,عدم وجود غمد شوان,الألياف العصبية المركزية لا تتجدد.,عدم وجود غمد شوان,0.43341463804244995,0.44972705841064453,0.44142019748687744,Incorrect
4083,ما هي كمية الهواء الموجودة في الرئتين في نهاية شهيق سوي؟,ANSWER: حجم الشهيق المتبقي,السعة الوظيفية المدخرة + الحجم الجاري,حجم الشهيق المتبقي,السعة الوظيفية المدخرة + الحجم الجاري,0.5010622143745422,0.530220091342926,0.5152289271354675,Incorrect
4086,ما هي الفائدة الوظيفية من التأخير الزمني لكامن الفعل لمدة 0.1 ثانية عند مروره في العقدة الأذينية البطينية؟,تأخير التوصيل: تنظيم ضربات القلب,إنهاء تقلص الأذينات قبل تقلص البطينات,تأخير التوصيل: تنظيم ضربات القلب,إنهاء تقلص الأذينات قبل تقلص البطينات,0.5613974332809448,0.5483908653259277,0.5548179745674133,Incorrect
4093,ما هي المواد التي يقتصر عليها الامتصاص المعدي؟,ANSWER: الأحماض الأمينية,الماء والشوارد,الأحماض الأمينية,الماء والشوارد,0.6327910423278809,0.5277328491210938,0.5755066871643066,Incorrect
4094,ما هو المركب الذي يتشكل من تفاعل الهيموغلوبين مع حمض أو قلوي؟,مركب الميثيموغلوبين,هيماتين.,مركب الميثيموغلوبين,هيماتين.,0.5986092686653137,0.5127665400505066,0.5523726940155029,Incorrect
4095,ما الذي يتناسب إفراغه عكسياً مع إفراغ الهيدروجين؟,ANSWER: بوتاسيوم,البوتاسيوم,بوتاسيوم,البوتاسيوم,0.8292397260665894,0.8345745801925659,0.83189857006073,Correct
4096,ما هو الغشاء الكبيبي نفوذ له؟,الترشيح الكبيبي,الالبومين.,الترشيح الكبيبي,الالبومين.,0.47801247239112854,0.4772164225578308,0.47761407494544983,Incorrect
4097,ما هو المسؤول عن إرسال السيالات في العصبونات؟,الإجابة: جهد الفعل,المحوار,الإجابة: جهد الفعل,المحوار,0.38549190759658813,0.44570642709732056,0.41341808438301086,Incorrect
4098,ما هو المستوى الذي يعتبر ضخ الدم مثالاً على دراسته؟,ضغط الدم,الأعضاء,ضغط الدم,الأعضاء,0.568533182144165,0.5776224732398987,0.5730417966842651,Incorrect
4101,ما هي العملية التي يتم بها تحويل النورادرينالين إلى أدرينالين؟,ANSWER: الأوكسيداز,ميتلة,الأوكسيداز,ميتلة,0.48359814286231995,0.5985367894172668,0.5349633693695068,Incorrect
4103,ما الذي يشكل جسراً بين ألياف الكولاجين والصفيحات الدموية؟,الألياف المرنة,الترومبوكسان A2,الألياف المرنة,الترومبوكسان A2,0.5743122100830078,0.5453770756721497,0.5594708323478699,Incorrect
4108,ما هي الفائدة الوظيفية من وجود الكليونات المجاورة للّب؟,ANSWER: حماية اللب,زيادة القدرة على تكثيف البول,حماية اللب,زيادة القدرة على تكثيف البول,0.544441282749176,0.47199583053588867,0.5056368708610535,Incorrect
4121,ما هو السبب الذي يحمي العضلة القلبية من التكزز؟,ANSWER: التلقائية العالية,طول فترة كامن فعل الليف العضلي القلبي,التلقائية العالية,طول فترة كامن فعل الليف العضلي القلبي,0.5599514842033386,0.48949122428894043,0.5223559141159058,Incorrect
4122,ما هو الهرمون الذي يخضع لتأثير مزدوج منبه ومثبط من الوطاء؟,هرمون النمو,GH,هرمون النمو,GH,0.4037698209285736,0.4037698209285736,0.4037698209285736,Correct
4127,أين تقع المساحة الصغرى في ساحة الحس الأولية عند الإنسان؟,الإجابة: المساحة المركزية,الجذع,الإجابة: المساحة المركزية,الجذع,0.4113330841064453,0.4962826073169708,0.44983237981796265,Incorrect
4131,ما هو مصدر الATP الذي تحتاجه الليفات العضلية بشدة؟,الأدينوسين ثلاثي الفوسفات,المتقدرات الغزيرة الموازية للبيفات,الأدينوسين ثلاثي الفوسفات,المتقدرات الغزيرة الموازية للبيفات,0.5763935446739197,0.5259294509887695,0.5500063300132751,Incorrect
4134,ما هو الذي يفعل السبيل الخارجي للتخثر؟,ANSWER: العامل النسيجي,رض الأنسجة,العامل النسيجي,رض الأنسجة,0.7694786190986633,0.6645810604095459,0.7131933569908142,Correct
4137,ما الذي تتناسب معه سرعة انتشار الغاز عبر الغشاء التنفسي عكسياً؟,مقاومة الغشاء,ثخانة الغشاء,مقاومة الغشاء,ثخانة الغشاء,0.7825686931610107,0.7265668511390686,0.7535287737846375,Correct
4147,ما هي القيمة العظمى لضغط الأوكسجين في الأسناخ عند زيادة التهوية السنخية في الحالات السوية؟,ANSWER: 100 مم زئبقي,149 ملم زئبقي,100 مم زئبقي,149 ملم زئبقي,0.8789477348327637,0.8789477348327637,0.8789476752281189,Incorrect
4148,أين يحدث الامتصاص بشكل أساسي؟,الامتصاص: الأمعاء الدقيقة,الامعاء الدقيقة,الامتصاص: الأمعاء الدقيقة,الامعاء الدقيقة,0.7005181312561035,0.8115024566650391,0.7519371509552002,Correct
4149,ما هو الهرمون الذي يتم إفرازه نتيجة الشدة (الكروب)؟,هرمون الأدرينالين,الكورتيزول,هرمون الأدرينالين,الكورتيزول,0.6639519929885864,0.7004659175872803,0.6817203760147095,Incorrect
4152,ما هي آلية تحرر شوارد الكالسيوم من الشبكة الهيولية في العضلات الهيكلية؟,تحرير الكالسيوم: مضخة الكالسيوم,الانتشار,تحرير الكالسيوم: مضخة الكالسيوم,الانتشار,0.3667459487915039,0.4507281482219696,0.40442314743995667,Incorrect
4157,ماذا يسبب التنبيه اللاودي على القلب؟,تسرع القلب,تباطؤ ضربات القلب.,تسرع القلب,تباطؤ ضربات القلب.,0.648949146270752,0.5291578769683838,0.582963228225708,Incorrect
4159,ما هو المسؤول عن زوال الاستقطاب؟,الإجابة: أيونات الصوديوم,دخول شوارد الصوديوم,الإجابة: أيونات الصوديوم,دخول شوارد الصوديوم,0.5432343482971191,0.6405619382858276,0.5878971815109253,Correct
4164,ما هو الرقم الهيدروجيني الطبيعي للبول؟,ANSWER: 6.5 - 7.5,بين 4.7 و 8,6.5 - 7.5,بين 4.7 و 8,0.6823019981384277,0.656378984451294,0.6690894961357117,Incorrect
4172,ماذا يحدث عند وصول كمية كبيرة من NaCl إلى اللطخة الكثيفة؟,ANSWER: فرط التوتر,تقبيض الشرين الوارد,فرط التوتر,تقبيض الشرين الوارد,0.5806677341461182,0.4850527048110962,0.5285709500312805,Incorrect
4175,ما هي كمية الدم التي تمر في نقطة معينة من الدوران خلال فترة محددة من الزمن؟,تدفق الدم,تدفق الدم,تدفق الدم,تدفق الدم,1.0000003576278687,1.0000003576278687,1.0000003576278687,Correct
4179,ما هو الانزيم المعوي الذي يقوم بهضم الدسم في الأمعاء؟,الليباز المعوي,الليباز,الليباز المعوي,الليباز,0.6662418246269226,0.7979406714439392,0.7261682748794556,Correct
4193,ماذا يسبب نقص فيتامين B12 وحمض الفوليك؟,فقر الدم الضخم الأرومات,فقر دم زائد الصباغ زائد الحجم,فقر الدم الضخم الأرومات,فقر دم زائد الصباغ زائد الحجم,0.683990478515625,0.6277261972427368,0.6546516418457031,Correct
4195,ما هي وظيفة الصمامات القلبية؟,ANSWER: تنظيم مرور الدم,توجيه مجرى الدم باتجاه واحد,تنظيم مرور الدم,توجيه مجرى الدم باتجاه واحد,0.6663354635238647,0.5710219740867615,0.615007758140564,Incorrect
4196,ما هو المستوى الذي يعد عليه تنظيم الضغط الشرياني؟,تنظيم الضغط الشرياني: نظام الرينين-أنجيوتنسين-ألدوستيرون,الأجهزه,تنظيم الضغط الشرياني: نظام الرينين-أنجيوتنسين-ألدوستيرون,الأجهزه,0.41860082745552063,0.4152967035770416,0.4169422388076782,Incorrect
4202,ما هو نوع العضلات الذي يمتاز بخاصية الارتخاء بعد الكرب؟,عضلة ملساء,العضلات وحيدة الوحدة الحشوية,عضلة ملساء,العضلات وحيدة الوحدة الحشوية,0.5730421543121338,0.5874621272087097,0.580162525177002,Incorrect
4209,ما هو أسرع أجزاء الجهاز الناقل في القلب في توصيل السيالة؟,الأُذَينِي البطيني,ألياف بوركنج.,الأُذَينِي البطيني,ألياف بوركنج.,0.48134925961494446,0.4627130925655365,0.47184720635414124,Incorrect
4219,ما هو اسم الأسناخ التي يصلها دم ولا يصلها هواء؟,الإجابة: الأسناخ الرئوية,التحويلة الفيزيولوجية,الإجابة: الأسناخ الرئوية,التحويلة الفيزيولوجية,0.5012998580932617,0.5651969909667969,0.5313342809677124,Incorrect
4221,ما هي الطريقة التي يمكن بها تحرير النص الفعال حيوياً بتقنية الأسر الصوتي؟,ANSWER: تحرير النص الفعال,تفعيله بالامتصاص مستدعي الفوتونه,تحرير النص الفعال,تفعيله بالامتصاص مستدعي الفوتونه,0.48997488617897034,0.4525752067565918,0.4705330729484558,Incorrect
4222,ما هي الشاردة ذات التركيز الأكبر داخل العصبون؟,الأيون الصوديوم,البوتاسيوم,الأيون الصوديوم,البوتاسيوم,0.6274126172065735,0.6723942160606384,0.6491250991821289,Incorrect
4223,ما هو العظم الذي يتمفصل معه الغضروف الطرجهالي؟,العظم الركابي,الغضروف الحلقي,العظم الركابي,الغضروف الحلقي,0.6275274157524109,0.6394366025924683,0.6334260702133179,Incorrect
4226,ماذا يحدث في طور الانقباض الأذيني؟,انقباض الأذينين,الصمامات الأذينية البطينية مفتوحة و السينية مغلقة,انقباض الأذينين,الصمامات الأذينية البطينية مفتوحة و السينية مغلقة,0.565422773361206,0.5588011741638184,0.5620924830436707,Incorrect
4231,ما هو الحجم الرئوي الذي يزداد مع التقدم بالعمر؟,الحويصلات الرئوية,الحجم المتبقي.,الحويصلات الرئوية,الحجم المتبقي.,0.4648129940032959,0.5099485516548157,0.48633578419685364,Incorrect
4237,ما الذي يحرض إفراز عصارة غنية بالإنزيمات الهاضمة من البنكرياس؟,إفراز المعدة,CCK,إفراز المعدة,CCK,0.3795952796936035,0.42458832263946533,0.4008331298828125,Incorrect
4243,ما الذي يتمثل به زوال استقطاب البطينات على مخطط القلب؟,ANSWER: انحرافات ST,الموجة QRS.,انحرافات ST,الموجة QRS.,0.607144296169281,0.6085419058799744,0.6078422665596008,Incorrect
4245,ما هو العامل المحرض على زيادة إفراز الألدوستيرون؟,ANSWER: انخفاض ضغط الدم,زيادة تركيز البوتاسيوم في السائل خارج الخلوي,انخفاض ضغط الدم,زيادة تركيز البوتاسيوم في السائل خارج الخلوي,0.5977718234062195,0.5527784824371338,0.5743953585624695,Incorrect
4246,ما هي الطريقة المستخدمة لحل الخثرة إذا تشكلت في أوعية القلب والرئتين؟,ANSWER: تحليل الخثرة,البلازمين,تحليل الخثرة,البلازمين,0.47679609060287476,0.5374758243560791,0.5053208470344543,Incorrect
4247,ما الذي تسمح به خاصية الارتخاء بعد الكرب للأعضاء الجوفاء التي تحوي عضلات ملساء؟,ANSWER: التمدد,المحافظة على مقدار الضغط نفسه على الرغم من تغير الحجم ضمن حدود معينة,التمدد,المحافظة على مقدار الضغط نفسه على الرغم من تغير الحجم ضمن حدود معينة,0.3438069224357605,0.376456618309021,0.3593917489051819,Incorrect
4249,ما هو معدل التهوية السنخية؟,معدل التنفس: 12-20 نفس/دقيقة,كمية الهواء الذي يصل للمناطق التنفسية مضروب,معدل التنفس: 12-20 نفس/دقيقة,كمية الهواء الذي يصل للمناطق التنفسية مضروب,0.46998727321624756,0.5272868871688843,0.49699097871780396,Incorrect
4255,متى يتوقف التقلص العضلي؟,ANSWER: بعد عدة ثوانٍ,ارتباط الكالسيوم بالتربونين,بعد عدة ثوانٍ,ارتباط الكالسيوم بالتربونين,0.4467957317829132,0.5506552457809448,0.4933183491230011,Incorrect
4258,ما هي عصبونات المرتبة الثانية في المسلك الظهري؟,عصبونات الجسر,النواتين الناحلة واإلسفينية,عصبونات الجسر,النواتين الناحلة واإلسفينية,0.5623664855957031,0.47381314635276794,0.514305830001831,Incorrect
4265,ما هو القشراني المعدني الرئيسي؟,الأَمَلِح,الالدوسترون (معدني),الأَمَلِح,الالدوسترون (معدني),0.49131786823272705,0.45101261138916016,0.4703032672405243,Incorrect
4266,ما هي أقل أنسجة الجسم البشري احتواءً على الماء؟,العظام,الدهنى,العظام,الدهنى,0.5205435752868652,0.5142818689346313,0.5173937678337097,Incorrect
4270,ما هو طليعة الانزيم الذي يتحول إلى شكله الفعال تحت تأثير الخنثرين؟,ANSWER: الخنثريدين,العامل الحادي عشر,الخنثريدين,العامل الحادي عشر,0.5192615389823914,0.5177421569824219,0.5185006856918335,Incorrect
4277,ما هي الآلية التي يستطيع من خلالها الجهاز التنفسي تأمين كميات كبيرة من الأكسجين أثناء التمارين المجهدة؟,زيادة التهوية,يحصل كامل التبادل الغازي للأكسجين خلال قطع الدم ثلث المسافة عبر الوعاء الشعري.,زيادة التهوية,يحصل كامل التبادل الغازي للأكسجين خلال قطع الدم ثلث المسافة عبر الوعاء الشعري.,0.39137884974479675,0.33822160959243774,0.36286377906799316,Incorrect
4278,ما الذي يحول الببسين إلى مولد ببسين؟,ANSWER: البيبسينوجين,حمض كلور الماء,البيبسينوجين,حمض كلور الماء,0.6738832592964172,0.6789335608482361,0.6763989925384521,Incorrect
4280,ما هي الوظائف التي يتآزر فيها الجهازان الودي واللاودي؟,وظائف الجهاز الهضمي,تنظيم افراز اللعاب,وظائف الجهاز الهضمي,تنظيم افراز اللعاب,0.5653047561645508,0.5708925724029541,0.5680848956108093,Incorrect
4281,من أين يتم إفراز الإريثروبويتين؟,الكُلية,الكلية,الكُلية,الكلية,0.9999997615814209,0.9999997615814209,0.9999997615814209,Correct
4282,ما الجزء من الأجسام الضدية من IgG التي يتم قطعها وأخذها في المراكز الحديثة؟,Fc,الجزء المفرط التغير,Fc,الجزء المفرط التغير,0.3562989830970764,0.3453395962715149,0.3507336974143982,Incorrect
4284,ما الذي يؤدي إلى نقصان حجم الدفقة بزيادته؟,انسداد مخرج المثانة,معدل دقات القلب.,انسداد مخرج المثانة,معدل دقات القلب.,0.5243921279907227,0.5012795925140381,0.5125754475593567,Incorrect
4285,ما تدعى الترنجات العشوائية لشدة الإشعاع المترابط المنتشرة انتشاراً متعدداً؟,ANSWER: التشتت المتعدد,البقع,التشتت المتعدد,البقع,0.5249213576316833,0.6230512261390686,0.5697921514511108,Incorrect
4286,ما هو المسؤول عن إعادة الاستقطاب؟,قنوات البوتاسيوم,دخول شوارد الصوديوم,قنوات البوتاسيوم,دخول شوارد الصوديوم,0.6926537752151489,0.6117041110992432,0.6496670246124268,Incorrect
4287,ما هي المادة التي تشتق منها الهرمونات الأمينية؟,الأمينوبيوتيريك أسيد,التيروزين,الأمينوبيوتيريك أسيد,التيروزين,0.5339864492416382,0.5922562479972839,0.5616140365600586,Incorrect
4296,كيف يؤدي التأثير الحاصر غير المباشر تأثيره على الجهاز العصبي المستقل؟,تأثير حاصر عصبي,إنقاص فعالية العصبون قبل المشبكي,تأثير حاصر عصبي,إنقاص فعالية العصبون قبل المشبكي,0.5437864661216736,0.49877649545669556,0.5203098654747009,Incorrect
4297,ما هو الطريق الهندسي الذي يمكن للضوء أن يقطعه في الخلاء مضروبا بقرينة انكسار الوسط؟,الإجابة: زاوية السقوط,المسار الضوئي,الإجابة: زاوية السقوط,المسار الضوئي,0.4174262285232544,0.4756770730018616,0.4446520209312439,Incorrect
4298,ما هي الألياف العصبية التي تتميز بالنقل القفزي؟,الألياف الميالينية,الألياف المغمدة بالنخاعين,الألياف الميالينية,الألياف المغمدة بالنخاعين,0.7571709752082825,0.7037220001220703,0.7294687628746033,Correct
4299,ما هو الكمون تقريباً عندما يتكون الليف نفوذ لشوارد البوتاسيوم فقط؟,ANSWER: حوالي 60 ملي فولت,سالب 94 ميلي فولط,حوالي 60 ملي فولت,سالب 94 ميلي فولط,0.6930434703826904,0.7161908149719238,0.7044270038604736,Incorrect
4302,ماذا ينقص في حال نقص المتناول من الماء؟,ANSWER: حجم البلازما,حجم البول,حجم البلازما,حجم البول,0.8389276266098022,0.8389276266098022,0.8389276266098022,Incorrect
4307,ما هو الجزء الذي يملك فعالية ATPase؟,الأهداب والأسواط,رأس الميوزين,الأهداب والأسواط,رأس الميوزين,0.5742295384407043,0.640881359577179,0.6057274341583252,Incorrect
4308,أين يوجد مركز العطش؟,مركز العطش: تحت المهاد,الوطاء,مركز العطش: تحت المهاد,الوطاء,0.42559388279914856,0.5031614899635315,0.4611385464668274,Correct
4310,أين يحدث الامتصاص بشكل رئيسي؟,الامتصاص: الأمعاء الدقيقة,أمعاء دقيقة,الامتصاص: الأمعاء الدقيقة,أمعاء دقيقة,0.6485286951065063,0.7379292249679565,0.6903466582298279,Correct
4311,ما هو الناقل العصبي الذي تحرره الألياف قبل العقدية في القسمين الودي ونظير الودي؟,ANSWER: الأستيل كولين,الأستيل كولين,الأستيل كولين,الأستيل كولين,0.9999994039535522,0.9999994039535522,0.9999994039535522,Correct
4315,ما هو الصوت الذي يسمع عند بدء الانبساط البطيني؟,صوت القلب الثاني,الثاني,صوت القلب الثاني,الثاني,0.5017958879470825,0.7322055101394653,0.5954899787902832,Correct
4317,ما الذي يُنقص الإفراز المعدي؟,الأَسبيرين,السكرتين,الأَسبيرين,السكرتين,0.828285813331604,0.828285813331604,0.828285813331604,Incorrect
4321,كيف يتم إلغاء التأثير التثبيطي للتروبونين؟,ANSWER: زيادة الكالسيوم,الكالسيوم,زيادة الكالسيوم,الكالسيوم,0.6247978806495667,0.7922595739364624,0.6986337304115295,Correct
4322,ما هي الوظائف التي يتآزر فيها القسمين الودّي ونظير الودّي للجهاز العصبي المستقل؟,وظائف الجهاز الهضمي.,تنظيم إفراز اللعاب,وظائف الجهاز الهضمي.,تنظيم إفراز اللعاب,0.5267884731292725,0.5297150611877441,0.5282477140426636,Incorrect
4332,ماذا يؤدي نقص تركيز الأوكسجين في الأسناخ؟,نقص الأكسجة,تقبض الأوعية الدموية لهذه الأسناخ.,نقص الأكسجة,تقبض الأوعية الدموية لهذه الأسناخ.,0.47702446579933167,0.4321601986885071,0.4534853994846344,Incorrect
4335,ما هي الظاهرة التي تحدث عندما تتجمع المراكز المثارة ويستطيع الإشعاع أن ينتشر مرات كثيرة؟,ANSWER: التشتت,الانتثار المتعدد,التشتت,الانتثار المتعدد,0.6000794172286987,0.5882102251052856,0.5940855145454407,Incorrect
4341,ما هو المسؤول عن تحفيز تحرر الكالسيوم من الشبكة الهيولية؟,الإجابة: مستقبلات IP3,كامن الفعل,الإجابة: مستقبلات IP3,كامن الفعل,0.4376613199710846,0.47050797939300537,0.45349064469337463,Incorrect
4343,ما هي آلية عمل الحاصرات الغير مباشرة في الجهاز العصبي المستقل؟,ANSWER: تثبيط إفراز النواقل,تنقص فعالية العصبون قبل المشبكي,تثبيط إفراز النواقل,تنقص فعالية العصبون قبل المشبكي,0.594970703125,0.5586078763008118,0.5762162208557129,Correct
4349,ما هو نمط المستقبلات الموجودة في العضو؟,الإجابة: مستقبلات حسية,إرخاء مصرة المثانة,الإجابة: مستقبلات حسية,إرخاء مصرة المثانة,0.4659881889820099,0.478560209274292,0.4721905291080475,Incorrect
4352,ما الذي يؤدي إلى انخفاض ضغط الدم عند زيادته؟,ANSWER: توسع الأوعية,قطر الاوعية الدموية,توسع الأوعية,قطر الاوعية الدموية,0.7737373113632202,0.7236413955688477,0.7478513121604919,Correct
4353,ما هي الحالات التي تنقص فيها سرعة موجة النبض؟,ANSWER: انسداد الشرايين,بازدياد المرونة.,انسداد الشرايين,بازدياد المرونة.,0.4724780023097992,0.4449616074562073,0.4583071768283844,Incorrect
4356,ما هي الخلايا التي تستجيب للعصبونات بعد العقد اللاودية؟,الخلايا الوسيطة,الأستيل كولين,الخلايا الوسيطة,الأستيل كولين,0.5695090293884277,0.5860007405281067,0.577637255191803,Incorrect
4360,ما هو الجزء من النفرون الكتيم تماماً للماء؟,الأنبوب الملتوي البعيد,الجزء الصاعد من عروة هانله,الأنبوب الملتوي البعيد,الجزء الصاعد من عروة هانله,0.5374813079833984,0.5779275894165039,0.5569711327552795,Incorrect
4361,أين يتم تخرب الكريات الحمر بشكل رئيسي؟,نخاع العظم,الطحال,نخاع العظم,الطحال,0.5219348669052124,0.6254186630249023,0.5690100193023682,Incorrect
4367,ما هو العامل الأساسي الذي يحدد ارتباط الخضاب بالأوكسجين؟,قوة ارتباط الأوكسجين,ضغط الأوكسجين في الدم.,قوة ارتباط الأوكسجين,ضغط الأوكسجين في الدم.,0.53258216381073,0.5424385666847229,0.5374651551246643,Incorrect
4369,ما هو العامل الذي تفرزه الكلية ويؤثر في تشكيل الكريات الحمر؟,العامل الرنيني,التروميو موديولين,العامل الرنيني,التروميو موديولين,0.5886303186416626,0.6473345756530762,0.616588294506073,Incorrect
4371,إلام يؤدي زيحان منحنى تفارق الأكسجين الخضاب نحو اليمين؟,نقص الأكسجة,نقص النسبة المئوية لإشباع الخضاب بالأكسجين,نقص الأكسجة,نقص النسبة المئوية لإشباع الخضاب بالأكسجين,0.6447252035140991,0.6102648973464966,0.6270219087600708,Incorrect
4373,ما الذي يشكل غمد النخاعين في الجهاز العصبي المركزي؟,الخلايا الدبقية قليلة التغصن,الخلايا الدبقية قليلة التغصنات,الخلايا الدبقية قليلة التغصن,الخلايا الدبقية قليلة التغصنات,0.9216596484184265,0.9310357570648193,0.9263239502906799,Correct
4378,ما الذي يثبط إفراز الـ FSH؟,الإجابة: الأندروجينات,البروجسترون,الإجابة: الأندروجينات,البروجسترون,0.5748786330223083,0.6948026418685913,0.6291771531105042,Incorrect
4385,ماذا تمثل الموجة QRS؟,الموجة QRS: تمثل النشاط الكهربائي القلبي,زوال استقطاب البطينين,الموجة QRS: تمثل النشاط الكهربائي القلبي,زوال استقطاب البطينين,0.5515708923339844,0.5320034027099609,0.5416104793548584,Incorrect
4402,ما الذي يعتمد عليه هرمون النمو في تأثيره على الخلية الهدف؟,مستقبلات السوماتوستاتين,السوماتوميدين,مستقبلات السوماتوستاتين,السوماتوميدين,0.6497281193733215,0.7818175554275513,0.7096788287162781,Incorrect
4405,ما الذي يضمن سرعة توصيل كامن الفعل إلى جميع أنحاء الليف العضلي؟,الإجابة: الانزياح الساكني,انابيب المستعرضة,الإجابة: الانزياح الساكني,انابيب المستعرضة,0.4285036623477936,0.44628074765205383,0.4372115731239319,Incorrect
4406,ما الذي يسمع بوضوح في الحالة الطبيعية للإنسان؟,السمع الطبيعي: سمع ثنائي الأذن,الصوتان الأول و الثاني,السمع الطبيعي: سمع ثنائي الأذن,الصوتان الأول و الثاني,0.5039490461349487,0.5735589265823364,0.5365054607391357,Incorrect
4410,ماذا يحدث لمعدل الترشيح الكبيبي عندما يصبح ضغط الدم 100 ممز؟,معدل الترشيح الكبيبي ينخفض.,يبقي ثابتا,معدل الترشيح الكبيبي ينخفض.,يبقي ثابتا,0.4029284119606018,0.42809730768203735,0.41513171792030334,Incorrect
4414,ما هو المستوى الذي يعد عليه تنظيم الضغط الشرياني؟,تنظيم الضغط الشرياني: نظام الرينين-أنجيوتنسين-ألدوستيرون,الأجهزة,تنظيم الضغط الشرياني: نظام الرينين-أنجيوتنسين-ألدوستيرون,الأجهزة,0.41860082745552063,0.4152967035770416,0.4169422388076782,Incorrect
4424,ما الذي يثبط فعالية جهاز الهضم؟,انسداد معوي,التنبيه اللاودي.,انسداد معوي,التنبيه اللاودي.,0.49353569746017456,0.46700119972229004,0.4799019396305084,Incorrect
4437,ما هي الأسباب التي تُعزى إليها ظاهرة الانتشار الخلفي المترابط؟,الانتشار الخلفي: متلازمة هورنر,تموضع ضعيف,الانتشار الخلفي: متلازمة هورنر,تموضع ضعيف,0.4802045226097107,0.5782999992370605,0.5247067809104919,Incorrect
4441,ما الذي يحدث مباشرة قبل صوت القلب الثاني؟,إغلاق الصمام التاجي,الموجة T.,إغلاق الصمام التاجي,الموجة T.,0.4951544404029846,0.4366269111633301,0.46405255794525146,Incorrect
4444,ما هو الأنزيم المعوي الذي يحول مولد التربسين إلى تربسين؟,التربسينوجين,الإنتيروكيناز,التربسينوجين,الإنتيروكيناز,0.7157437801361084,0.6932306885719299,0.7043074369430542,Incorrect
4448,ما هي أهمية التأخير الذي يحدث أثناء مرور كامن الفعل في العقدة الأذينية البطينية؟,تأخير العقدة الأذينية البطينية: تأخير التوصيل,كل ما سبق صحيح.,تأخير العقدة الأذينية البطينية: تأخير التوصيل,كل ما سبق صحيح.,0.3405122756958008,0.34074723720550537,0.3406296968460083,Incorrect
4449,ما هو سبب ظهور طور الهضبة في كامن فعل العضلة القلبية؟,ANSWER: تأخر إعادة الاستقطاب,دخول شوارد الكالسيوم.,تأخر إعادة الاستقطاب,دخول شوارد الكالسيوم.,0.41572871804237366,0.4360252916812897,0.4256351590156555,Incorrect
4452,ما الأقنية التي يسبب انتفاحها بطور الهضبة في كمون عمل الليف العضلي القلبي؟,قنوات الصوديوم,الكالسيوم,قنوات الصوديوم,الكالسيوم,0.6486729383468628,0.7365551590919495,0.6898263096809387,Incorrect
4471,ما هو المخطط الذي عبارة عن صندوق ذو قرنين ممتدين بشكل موازي للمحور الشاقولي الذي تتوزع عليه القياسات؟,مخطط الصندوق,المخطط الصندوقي,مخطط الصندوق,المخطط الصندوقي,0.7771428823471069,0.7306906580924988,0.7532013058662415,Correct
4474,ما هو المقياس الذي يسمح بترتيب السمات دون اعتبار لتساوي الفروق بين أي رتبتين؟,ANSWER: معامل بيرسون,الرتبي,معامل بيرسون,الرتبي,0.5954622626304626,0.6323269605636597,0.613341212272644,Incorrect
4475,ماذا يعني أن تكون قيمة معامل الارتباط تساوي −0.92؟,ANSWER: ارتباط سلبي قوي,وجود علاقة عكسية قوية,ارتباط سلبي قوي,وجود علاقة عكسية قوية,0.6013672351837158,0.6486316919326782,0.6241058707237244,Correct
4477,ما هي مصادر البيانات السكانية؟,ANSWER: سجلات الصحة,التعداد ومسوح العينة والسجلات السكانية,سجلات الصحة,التعداد ومسوح العينة والسجلات السكانية,0.5366300344467163,0.579319953918457,0.5571584701538086,Incorrect
4478,ماذا نحصل عليه بعد تحديد مجتمع الدراسة والعينة وقياس قيم المتغير على أفراد العينة؟,ANSWER: البيانات,البيانات الخام,البيانات,البيانات الخام,0.7903339266777039,0.7306894063949585,0.7593422532081604,Correct
4480,ما هو نوع المتغير الذي يمثله عدد الكريات الحمر؟,عدد الكريات الحمر: متغير طبيعي,عشوائي منفصل,عدد الكريات الحمر: متغير طبيعي,عشوائي منفصل,0.43018776178359985,0.44516754150390625,0.4375494718551636,Incorrect
4481,ما هو المقياس الذي تكون فيه قيمة الصفر نسبية وليست مطلقة؟,مقياس بورغ,المقياس الفتروي,مقياس بورغ,المقياس الفتروي,0.7101938724517822,0.6541935205459595,0.6810444593429565,Incorrect
4482,ما هو مخطط تنظيم البيانات الذي يشبه أسلوب الجداول التكرارية والأعمدة؟,مخطط باريتو,مخطط الساق والورقة,مخطط باريتو,مخطط الساق والورقة,0.6537675857543945,0.5930148363113403,0.6219110488891602,Incorrect
4484,ما هو التوقع الرياضي للعدد الثابت؟,عذرًا، السؤال غير متعلق بالطب.,العدد الثابت ذاته,عذرًا، السؤال غير متعلق بالطب.,العدد الثابت ذاته,0.3850017786026001,0.4008418321609497,0.392762154340744,Incorrect
4491,ما هو التوزيع المستخدم من أجل اختبار الفروض حول معامل الارتباط الخطي؟,اختبار بيرسون,ستيودنت بدرجة حرية n-2,اختبار بيرسون,ستيودنت بدرجة حرية n-2,0.5319414138793945,0.4694983959197998,0.49877312779426575,Incorrect
4494,ما هو الإحصاء الذي يسعى لعرض وتوضيح سلوك الظاهرة؟,الإحصاء الوصفي,إحصاء وصفي,الإحصاء الوصفي,إحصاء وصفي,0.8378584384918213,0.8378584384918213,0.8378584384918213,Correct
4495,ما هو الغرض الرئيسي من حساب معامل الارتباط الخطي؟,ANSWER: قياس قوة العلاقة بين متغيرين,قياس قوة العلاقة الخطية بين متغيرين,قياس قوة العلاقة بين متغيرين,قياس قوة العلاقة الخطية بين متغيرين,0.959312915802002,0.9267463684082031,0.942748486995697,Correct
4497,ما هو الخط المنكسر الذي يصل النقاط التي فواصلها مراكز الفئات وترتيبها تكرارات الفئات؟,ANSWER: المدرج التكراري,المضلع التكراري,المدرج التكراري,المضلع التكراري,0.8043578267097473,0.7542092800140381,0.7784767746925354,Incorrect
4498,من أين نحصل على المصادر الداخلية لجمع البيانات؟,الإجابة: الجهاز العصبي الذاتي,داخل الشركة أو المؤسسة,الإجابة: الجهاز العصبي الذاتي,داخل الشركة أو المؤسسة,0.41789135336875916,0.4125235378742218,0.41519007086753845,Incorrect
4502,ما هو الإحصاء؟,ANSWER: تعداد الدم الكامل,أي دالة في العينة لا تتبع وسيط مجهول,تعداد الدم الكامل,أي دالة في العينة لا تتبع وسيط مجهول,0.43145138025283813,0.45020216703414917,0.4406273663043976,Incorrect
4505,ماذا يحتسب اليوم إذا قُبل المريض في يوم وتخرج في نفس اليوم؟,مدة الإقامة: صفر,مدة استشفاء,مدة الإقامة: صفر,مدة استشفاء,0.6219751834869385,0.568007230758667,0.5937674641609192,Incorrect
4508,ما هي طريقة جمع البيانات التي تتناسب مع الأطفال؟,ANSWER: الملاحظة المباشرة,الملاحظة,الملاحظة المباشرة,الملاحظة,0.6405853033065796,0.7480853796005249,0.690174400806427,Correct
4522,ما هي الدراسات التي بحكم الميدان تنفيذ العمل وجمع البيانات؟,دراسة ميدانية,الدراسات الكيفية,دراسة ميدانية,الدراسات الكيفية,0.6635762453079224,0.6816936731338501,0.6725130081176758,Incorrect
4527,ما هو الغرض من استخدام الجداول التكرارية؟,لا ينطبق,البيانات الوصفية والكمية,لا ينطبق,البيانات الوصفية والكمية,0.42763030529022217,0.4688436985015869,0.4472896456718445,Incorrect
4528,ما هما نوعا البيانات الموجودان؟,لا يمكن الإجابة على هذا السؤال لأنه لا يتعلق بموضوع طبي.,كمية ووصفية,لا يمكن الإجابة على هذا السؤال لأنه لا يتعلق بموضوع طبي.,كمية ووصفية,0.30468812584877014,0.36561471223831177,0.332382470369339,Incorrect
4531,ما الذي تعطينا إياه دالة التوزيع الاحتمالي المتجمع؟,ANSWER: توزيع احتمالي تراكمي,احتمال ان ياخد المتغير العشوائى x قيمه اقل او تساوى قيمه محددة,توزيع احتمالي تراكمي,احتمال ان ياخد المتغير العشوائى x قيمه اقل او تساوى قيمه محددة,0.515448808670044,0.4405147433280945,0.4750449061393738,Incorrect
4541,كل متى يتكرر التعداد السكاني عادة؟,ANSWER: كل 5 سنوات,عشرة أعوام,كل 5 سنوات,عشرة أعوام,0.6110818982124329,0.6327401995658875,0.6217224597930908,Incorrect
4546,ما هو الفارق في عدد السكان بين تعدادين متعاقبين تفصلهما فترة معينة كعشر سنوات؟,معدل النمو السكاني: <معدل النمو السكاني>,التغير المطلق,معدل النمو السكاني: <معدل النمو السكاني>,التغير المطلق,0.3775421380996704,0.41681531071662903,0.39620789885520935,Incorrect
4551,ما هو المسجل الذي يهدف إلى تجميع المعلومات عن المرضى؟,السجل الطبي,السجلات الطبية,السجل الطبي,السجلات الطبية,0.8305246233940125,0.7532955408096313,0.7900272011756897,Correct
4563,ما هي من أقدم الطرق المستخدمة لجمع البيانات لمراقبة الكثير من الظواهر لا سيما التي يصعب السؤال عنها؟,الملاحظة: أداة جمع البيانات الأساسية في البحث الطبي.,الملاحظة أو المشاهدة,الملاحظة: أداة جمع البيانات الأساسية في البحث الطبي.,الملاحظة أو المشاهدة,0.48507100343704224,0.5196411609649658,0.5017613768577576,Correct
4564,ما هو المقياس المستخدم لوصف حالة التدخين (مدخن - غير مدخن)؟,مدخن حالي,الاسمي,مدخن حالي,الاسمي,0.4548865854740143,0.49754923582077026,0.4752624034881592,Incorrect
4566,ما هي الطريقة التي يتم بها الحصول على بيانات تتعلق بضغط الدم وسرعة نبضات القلب ونسبة الكوليسترول في الدم لعينة من المرضى خلال فترة أسبوع؟,ANSWER: المراقبة الدورية,التسجيل,المراقبة الدورية,التسجيل,0.45604032278060913,0.5947773456573486,0.5162501931190491,Incorrect
4567,ما هي وظائف السجلات الطبية؟,ANSWER: توثيق الرعاية الصحية,ترميز الامراض والعمليات .,توثيق الرعاية الصحية,ترميز الامراض والعمليات .,0.5238263607025146,0.5416825413703918,0.5326048135757446,Incorrect
4568,ما هو المقياس الذي يمكن استخدام الطرق الإحصائية الوسيطية فيه؟,ANSWER: الانحراف المعياري,النسبي,الانحراف المعياري,النسبي,0.5218141078948975,0.560383677482605,0.5404115319252014,Incorrect
4572,ما هو التوزيع الذي يتبعه مربع المتغير العشوائي Z² إذا كان للمتغير العشوائي Z توزيع طبيعي معياري؟,التوزيع الذي يتبعه مربع المتغير العشوائي Z² إذا كان للمتغير العشوائي Z توزيع طبيعي معياري هو التوزيع كاي مربع (Chi-square distribution).,توزيع كاي مربع بدرجة حرية واحدة,التوزيع الذي يتبعه مربع المتغير العشوائي Z² إذا كان للمتغير العشوائي Z توزيع طبيعي معياري هو التوزيع كاي مربع (Chi-square distribution).,توزيع كاي مربع بدرجة حرية واحدة,0.44709300994873047,0.5336400270462036,0.4865477383136749,Incorrect
4574,ما هي المنظمة التي وضعت التصنيف الدولي للأمراض؟,منظمة الصحة العالمية,منظمة الصحة العالمية .,منظمة الصحة العالمية,منظمة الصحة العالمية .,0.9338086247444153,0.8028702735900879,0.8634033799171448,Correct
4580,ما هي الجهة المسؤولة عن السجلات الطبية؟,إدارة المعلومات الصحية,قسم السجلات الطبية في المشفى,إدارة المعلومات الصحية,قسم السجلات الطبية في المشفى,0.7355533838272095,0.7128516435623169,0.7240245938301086,Correct
4586,ما هو التوقع الرياضي لمتحول عشوائي يخضع لتوزيع برنولي؟,ANSWER: احتمال النجاح,P,احتمال النجاح,P,0.3928207755088806,0.4152621328830719,0.4037298262119293,Correct
4588,ما هو التصنيف الدولي للأمراض؟,التصنيف الدولي للأمراض: ICD,ثلاثة أجزاء .,التصنيف الدولي للأمراض: ICD,ثلاثة أجزاء .,0.34284859895706177,0.3814906179904938,0.36113885045051575,Incorrect
4589,ما هو المستقيم الذي يكون منحنى التوزيع الطبيعي المعياري مناظراً حوله؟,المتوسط,x=0,المتوسط,x=0,0.5319012999534607,0.6218628287315369,0.5733748078346252,Correct
4594,ما هي أيام الخدمة الإجمالية للمرضى الداخليين؟,أيام الإقامة الكلية: ANSWER: مدة الإقامة,مجموع خدمة جميع المرضى الداخليين خلال مدة معينة,أيام الإقامة الكلية: ANSWER: مدة الإقامة,مجموع خدمة جميع المرضى الداخليين خلال مدة معينة,0.4607396721839905,0.5274433493614197,0.4918402433395386,Incorrect
4595,ما هي قيمة معامل التجديد؟,ANSWER: معامل الانتشار,مربع معامل الارتباط الخطي,معامل الانتشار,مربع معامل الارتباط الخطي,0.6008405685424805,0.5385104417800903,0.5679705739021301,Incorrect
4596,ما هي وحدة المعاينة؟,وحدة المعاينة: عيادة,عنصر من العينة,وحدة المعاينة: عيادة,عنصر من العينة,0.538135290145874,0.5534301400184631,0.5456756353378296,Incorrect
4597,ما هو الجدول التكراري الذي يضم عدد البيانات في فئة معينة وكل الفئات التي تسبقها؟,الجدول التكراري: توزيع تكراري,تكرار المجتمع الصاعد,الجدول التكراري: توزيع تكراري,تكرار المجتمع الصاعد,0.5042016506195068,0.4519166946411133,0.4766295850276947,Incorrect
4598,ما هو معدل الوفيات في المشفى؟,معدل الوفيات في المشفى: نسبة الوفيات داخل المستشفى,عدد الوفيات خلال فترة زمنية محددة على عدد المتخرجين والوفيات في نفس الفترة مضروب بـ 100,معدل الوفيات في المشفى: نسبة الوفيات داخل المستشفى,عدد الوفيات خلال فترة زمنية محددة على عدد المتخرجين والوفيات في نفس الفترة مضروب بـ 100,0.5914194583892822,0.538375973701477,0.563652515411377,Incorrect
4601,ما هو متوسط التوزيع الاحتمالي في تجربة رمي قطعة نقود 3 مرات متتالية حيث x تدل على عدد ظهور H؟,ANSWER: التوزيع المتماثل,1.5,التوزيع المتماثل,1.5,0.48873770236968994,0.3462642431259155,0.4053460955619812,Incorrect
4604,ما هو المجتمع الإحصائي (الجمهرة)؟,المجتمع الإحصائي: السكان,التي تشترك فيما بينها ببعض الخواص والمميزات,المجتمع الإحصائي: السكان,التي تشترك فيما بينها ببعض الخواص والمميزات,0.4075724482536316,0.3438681960105896,0.3730200231075287,Incorrect
4618,ما هو الرسم البياني الذي يتكون من مجموعة من الأعمدة المتجاورة المقامة على المحور الأفقي الذي تمثل عليه حالات الصفة المدروسة عندما تكون البيانات وصفية وفترات الفئات عندما تكون البيانات كمية ويساوي ارتفاع كل عمود تكرارات الفئة المقام عليها؟,ANSWER: المدرج التكراري,المدرج التكراري,المدرج التكراري,المدرج التكراري,0.9999997615814209,0.9999997615814209,0.9999997615814209,Correct
4622,ما هي طريقة جمع البيانات التي من أمثلتها قياس شدة تأثير نوع من الهرمونات في مجموعة من الفئران؟,تجربة مخبرية,التجربة,تجربة مخبرية,التجربة,0.6828141808509827,0.7488356828689575,0.7143025994300842,Correct
4623,ما نوع المتغير الذي يمثله طول شخص بالغ وقياس السكر في الدم؟,ANSWER: متغير مستمر,عشوائي مستمر,متغير مستمر,عشوائي مستمر,0.6467623114585876,0.5413005352020264,0.5893505811691284,Correct
4628,متى يكون المجتمع غير متجانس في العينة غير العشوائية؟,ANSWER: العينة غير العشوائية,الحصصية,العينة غير العشوائية,الحصصية,0.604589581489563,0.7002823948860168,0.6489271521568298,Incorrect
4629,ما الذي يعتمد عليه توزيع ستيودنت؟,توزيع ستيودنت يعتمد على التباين.,درجة الحرية,توزيع ستيودنت يعتمد على التباين.,درجة الحرية,0.43048757314682007,0.44934529066085815,0.43971434235572815,Incorrect
4630,ما هي محتويات السجل الطبي؟,ANSWER: التاريخ المرضي,صفحة الموافقة على العلاج,التاريخ المرضي,صفحة الموافقة على العلاج,0.5480242371559143,0.48148807883262634,0.5126060843467712,Incorrect
4631,ما هو التصنيف الدولي للأمراض وما الغرض من الرموز والأرقام المستخدمة فيه؟,التصنيف الدولي للأمراض: نظام ترميز طبي,عن الامراض .,التصنيف الدولي للأمراض: نظام ترميز طبي,عن الامراض .,0.4675063490867615,0.5124895572662354,0.48896554112434387,Incorrect
4634,ما نوع العينة التي نسحبها إذا كنا أمام مجتمع غير متجانس؟,عينة طبقية,طبقية,عينة طبقية,طبقية,0.7574042081832886,0.7856079339981079,0.7712482810020447,Correct
4636,ما هو الغرض من استخدام الجداول التكرارية في عرض البيانات؟,ANSWER: تلخيص البيانات,الكمية والاسمية,تلخيص البيانات,الكمية والاسمية,0.5785462856292725,0.5345927476882935,0.555701732635498,Incorrect
4640,ما هي الطريقة التي يتم بها الحصول على بيانات تتعلق بضغط الدم ونسبة الكوليسترول بالدم لعينة من المرضى خلال فترة زمنية معينة؟,ANSWER: الدراسة التتبعية,الملاحظة أو المشاهدة,الدراسة التتبعية,الملاحظة أو المشاهدة,0.6130683422088623,0.5252182483673096,0.5657532811164856,Incorrect
4644,ما هي أعلى مستويات القياس؟,ANSWER: المستوى الرابع,المقياس الرتبي,المستوى الرابع,المقياس الرتبي,0.6658376455307007,0.6241359710693359,0.6443127989768982,Incorrect
4645,ما هو الهدف من تغيير الطرائق في الدراسات بالنسبة للبيانات؟,ANSWER: تحسين الدقة,أفضل دقة ممكنة,تحسين الدقة,أفضل دقة ممكنة,0.6606082320213318,0.6651256084442139,0.6628592014312744,Correct
4646,ما هي طريقة جمع البيانات التي تمتاز بالتكلفة العالية؟,ANSWER: التصوير بالرنين المغناطيسي,المقابلة الشخصية,التصوير بالرنين المغناطيسي,المقابلة الشخصية,0.570183277130127,0.5730299949645996,0.5716031193733215,Incorrect
4647,ما هو الفارق في عدد السكان بين تعدادين متعاقبين تفصلهما فترة معينة كعشر سنوات؟,معدل النمو السكاني: <معدل النمو السكاني>,التغير المطلق,معدل النمو السكاني: <معدل النمو السكاني>,التغير المطلق,0.3775421380996704,0.41681531071662903,0.39620789885520935,Incorrect
4650,ما هو الجزء من الإحصاء الذي يعنى بوصف طبيعة وسلوك الظاهرة المدروسة وعرضها؟,الإحصاء الوصفي,الإحصاء الوصفي,الإحصاء الوصفي,الإحصاء الوصفي,0.9999998807907104,0.9999998807907104,0.9999998807907104,Correct
4651,ما هي الفئة التي تشكل قاعدة الهرم السكاني؟,الأطفال,الأطفال,الأطفال,الأطفال,1.0000005960464478,1.0000005960464478,1.0000005960464478,Correct
4655,ما هي فرضية العدم لاختبار الفرضيات حول معامل الارتباط الخطي لبيرسون؟,فرضية العدم: معامل الارتباط يساوي صفر,قيمة معامل ارتباط المجتمع تساوي الصفر,فرضية العدم: معامل الارتباط يساوي صفر,قيمة معامل ارتباط المجتمع تساوي الصفر,0.7150882482528687,0.7438502907752991,0.7291857004165649,Correct
4657,ما هو التكرار المتجمع الهابط لفئة معينة؟,ANSWER: تكرار متجمع,عدد البيانات في الفئة والفئات التي تليها,تكرار متجمع,عدد البيانات في الفئة والفئات التي تليها,0.44531160593032837,0.5005677342414856,0.47132569551467896,Incorrect
4661,ما هو التوزيع الذي تتبعه التجربة الثنائية الوحيدة؟,التوزيع الطبيعي,البرنولي,التوزيع الطبيعي,البرنولي,0.5268502831459045,0.5268502831459045,0.5268502831459045,Incorrect
4663,ما هو نتاج العوامل المؤثرة في النمو السكاني من مواليد ووفيات وهجرة؟,معدل النمو السكاني,التركيب العمري,معدل النمو السكاني,التركيب العمري,0.6165329813957214,0.6594374179840088,0.637263834476471,Incorrect
4667,ما هو المقياس المستخدم لقياس خضاب الدم؟,مستوى الهيموغلوبين,النسبي,مستوى الهيموغلوبين,النسبي,0.53927081823349,0.6041380167007446,0.5698644518852234,Incorrect
4672,ما هو نوع المصدر الذي تمثله البيانات التي نحصل عليها من الشركة أو المؤسسة من واقع مستنداتها وسجلاتها وفواتيرها وتقاريرها الدورية؟,بيانات ثانوية,داخلي,بيانات ثانوية,داخلي,0.5633953809738159,0.6292434930801392,0.5945016145706177,Incorrect
4679,ما هي الجهة المسؤولة عن السجلات الطبية؟,إدارة المعلومات الصحية,قسم السجلات الطبيه فى المشفى,إدارة المعلومات الصحية,قسم السجلات الطبيه فى المشفى,0.7355533838272095,0.7128516435623169,0.7240245938301086,Correct
4680,ما هو نوع الإحصاء الذي يتضمن جمع البيانات وتنظيمها وتوصيفها وتبويبها وتلخيصها؟,الإحصاء الوصفي,الوصفي,الإحصاء الوصفي,الوصفي,0.6914082169532776,0.7298038005828857,0.7100874185562134,Correct
4683,ما نوع العينة التي تمثلها مجموعة من المرضى الذين يراجعون طبيباً معيناً عندما يجري عليهم دراسة؟,عينة سريرية,مصادفة,عينة سريرية,مصادفة,0.5752392411231995,0.6630218625068665,0.6160190105438232,Incorrect
4684,ما نوع العلاقة إذا كانت قيمة بيرسون R=0.92؟,ANSWER: علاقة قوية,طردية قوية,علاقة قوية,طردية قوية,0.5955338478088379,0.5955338478088379,0.5955338478088379,Incorrect
4687,ما هي وحدة المعاينة؟,وحدة المعاينة: عيادة,عنصر من العينة,وحدة المعاينة: عيادة,عنصر من العينة,0.538135290145874,0.5534301400184631,0.5456756353378296,Incorrect
4688,ما هي الطريقة التي يتم بها الحصول على بيانات تتعلق بضغط الدم وسرعة نبضات القلب ونسبة الكولسترول في الدم لعينة من المرضى خلال فترة أسبوع؟,ANSWER: المراقبة الدورية,الملاحظة أو المشاهدة,المراقبة الدورية,الملاحظة أو المشاهدة,0.6904689073562622,0.6613814830780029,0.6756122708320618,Correct
4690,ما نوع الارتباط بين المتغير العشوائي X والمتغير التابع Y إذا كان تزايد X يؤدي إلى تزايد Y؟,ANSWER: ارتباط طردي,إيجابي,ارتباط طردي,إيجابي,0.4918273389339447,0.5577258467674255,0.5227078199386597,Correct
4692,"ماذا تعبر عنه العبارة ""احتمال أي حدث لا يزيد عن الواحد""؟",مبدأ الاستبعاد,المسلمة الاحتمالية,مبدأ الاستبعاد,المسلمة الاحتمالية,0.6017298698425293,0.6017298698425293,0.6017298698425293,Incorrect
4693,ما تسمى الظاهرة التي يحدث فيها انحدار معدل أطوال الأبناء من معامل المجتمع؟,ANSWER: قانون مندل الثاني,الانحدار نحو المعدل,قانون مندل الثاني,الانحدار نحو المعدل,0.5020344257354736,0.5344690680503845,0.517744243144989,Incorrect
4694,ما هي التقديرات التي تستخدم لتقدير نسبة النجاح لمجتمع؟,لا ينطبق,التقدير النقطي,لا ينطبق,التقدير النقطي,0.5137909650802612,0.5012764930725098,0.5074566006660461,Incorrect
4696,ما نوع المتغير العشوائي الذي يدل على عدد القذفات عند قذف قطعة نقود حتى يظهر الوجه H للمرة الأولى؟,ANSWER: متغير عشوائي هندسي,متقطع قيمة الاعداد الطبيعية,متغير عشوائي هندسي,متقطع قيمة الاعداد الطبيعية,0.5266768932342529,0.48590365052223206,0.5054693818092346,Correct
4699,ما هو متوسط عدد الأطفال الذي يمكن أن تنجبهم المرأة أحياء إذا أمضت حياتها منذ ميلادها بما يتماشى مع معدلات الخصوبة العمرية في سنة معينة؟,عدد الأطفال المتوقع: ANSWER: عدد الأطفال المتوقع,معدل الخصوبة الكلية,عدد الأطفال المتوقع: ANSWER: عدد الأطفال المتوقع,معدل الخصوبة الكلية,0.47187310457229614,0.49894818663597107,0.4850330948829651,Incorrect
4700,ما هي الطريقة التي تمكننا من مراقبة رد الفعل على بعض الأسئلة والحصول على إجابات دقيقة؟,ANSWER: اختبار صدق الإجابة,المواجهة,اختبار صدق الإجابة,المواجهة,0.4997296631336212,0.5667934417724609,0.5311530828475952,Incorrect
4702,ما هو نوع البيانات المستخدمة لإنشاء الجدول التكراري؟,ANSWER: بيانات كمية,كمية و وصفية,بيانات كمية,كمية و وصفية,0.7041561603546143,0.6549133658409119,0.6786426305770874,Incorrect
4714,ما هي طبيعة الأفراد أو العناصر التي تشكل المجتمع الإحصائي؟,أفراد المجتمع: Population,التي تشترك فيما بينها ببعض الخواص والمميزات,أفراد المجتمع: Population,التي تشترك فيما بينها ببعض الخواص والمميزات,0.46261584758758545,0.36754462122917175,0.40963637828826904,Incorrect
4717,ما هو عدد الكريات الحمر في الجسم؟,عدد كريات الدم الحمراء: 4.5-6 مليون/ميكرولتر,عشوائي منفصل,عدد كريات الدم الحمراء: 4.5-6 مليون/ميكرولتر,عشوائي منفصل,0.3396196961402893,0.36480778455734253,0.35176339745521545,Incorrect
4720,ما هو معدل وفيات الأمهات الذي يحسب بقسمة عدد الوفيات لدى النساء الحوامل التي حدثت أثناء الحمل أو الولادة أو النفاس على عدد المواليد الأحياء خلال نفس السنة مضروباً في 100000؟,معدل وفيات الأمهات: معدل وفيات الأمهات,معدل وفيات الأمهات,معدل وفيات الأمهات: معدل وفيات الأمهات,معدل وفيات الأمهات,0.5954573750495911,0.8106330633163452,0.6865808963775635,Correct
4723,ما هي المعدلات التي يكون تركيزها على معدلات الخصوبة لفئة معينة من العمر لغرض المقارنة على امتداد زمن ما ودراسة الفروق في ظاهرة الخصوبة بمختلف الأعمار؟,معدلات الخصوبة العمرية,معدل الخصوبة العمري,معدلات الخصوبة العمرية,معدل الخصوبة العمري,0.8156450986862183,0.8464124798774719,0.8307439684867859,Correct
4724,ما هي العلاقة بين المتغيرين عندما يؤدي تزايد المتغير العشوائي x إلى تناقص المتغير التابع y؟,العلاقة عكسية,سلبي,العلاقة عكسية,سلبي,0.5509772300720215,0.5619940757751465,0.5564311742782593,Correct
4729,ما هو المقياس المستخدم لوصف حالة التدخين (مدخن / غير مدخن)؟,مدخن: حالي,مقياس اسمي,مدخن: حالي,مقياس اسمي,0.527832567691803,0.5675829648971558,0.5469865202903748,Incorrect
4730,ما هي الشروط التي يجب توفرها في مجموعة من المتغيرات العشوائية لتشكل عينة عشوائية؟,ANSWER: الاستقلالية والتساوي في التباين,مستقلة ولها قانون التوزيع نفسه,الاستقلالية والتساوي في التباين,مستقلة ولها قانون التوزيع نفسه,0.5113441944122314,0.5072042942047119,0.5092658400535583,Incorrect
4731,ما هو المستوى الذي يمكن حساب فيه المتوسطات والانحرافات المعيارية ومقاييس العلاقة الخطية؟,المستوى الإحصائي,العنقودي,المستوى الإحصائي,العنقودي,0.5933575630187988,0.594950795173645,0.594153106212616,Incorrect
4736,كم يتراوح عدد الفئات غالباً؟,ANSWER: بين 6-10,بين 5 و15 فئة,بين 6-10,بين 5 و15 فئة,0.6813148260116577,0.6022236943244934,0.6393324136734009,Incorrect
4740,ما هي فرضية العدم لاختبار الفرضيات حول معامل الارتباط الخطي لبيرسون؟,فرضية العدم: معامل الارتباط يساوي صفر,قيمة معامل ارتباط المجتمع تساوي الصفر,فرضية العدم: معامل الارتباط يساوي صفر,قيمة معامل ارتباط المجتمع تساوي الصفر,0.7150882482528687,0.7438502907752991,0.7291857004165649,Correct
4743,ما هو معدل الوفيات الخام؟,معدل الوفيات الخام: نسبة الوفيات إلى عدد السكان.,عدد الوفيات لكل الف من السكان في سنة معينة,معدل الوفيات الخام: نسبة الوفيات إلى عدد السكان.,عدد الوفيات لكل الف من السكان في سنة معينة,0.5747435688972473,0.6176670789718628,0.595432698726654,Incorrect
4744,ما هي الجهة المسؤولة عن السجلات الطبية؟,إدارة المعلومات الصحية,قسم السجلات الطبية في المستشفى,إدارة المعلومات الصحية,قسم السجلات الطبية في المستشفى,0.6488984227180481,0.7750530242919922,0.706387460231781,Correct
4748,ما هو الغرض من استخدام مخطط الانتشار في الدراسة الإحصائية بين خاصتين؟,ANSWER: تحليل الارتباط,متغيرين,تحليل الارتباط,متغيرين,0.6016789674758911,0.6016789674758911,0.6016789674758911,Incorrect
4758,ما هو التوقع الرياضي لمجموع متغيرين عشوائيين؟,ANSWER: التوقع الرياضي,مجموع التوقعين الرياضيين للمتغيرين العشوائيين,التوقع الرياضي,مجموع التوقعين الرياضيين للمتغيرين العشوائيين,0.6390002965927124,0.5575075149536133,0.5954787135124207,Incorrect
4761,ما هو التكرار المتجمع الصاعد لفئة معينة؟,ANSWER: التكرار,عدد البيانات المتضمنة في الفئة والفئات التي تسبقها,التكرار,عدد البيانات المتضمنة في الفئة والفئات التي تسبقها,0.39480116963386536,0.4503406882286072,0.42074599862098694,Incorrect
4765,ما هي المنطقة التي تتألف من قيم دالة الاختبار قليلة الاحتمال عندما Ho صحيحة؟,ANSWER: منطقة الرفض,منطقة الرفض,منطقة الرفض,منطقة الرفض,0.9999998807907104,0.9999998807907104,0.9999998807907104,Correct
4768,ما هو المجتمع الإحصائي؟,لا ينطبق,التي تشترك فيما بينها ببعض الخواص والميزات,لا ينطبق,التي تشترك فيما بينها ببعض الخواص والميزات,0.32875749468803406,0.2504992187023163,0.284341961145401,Incorrect
4770,ما الذي يقوم عليه الإحصاء الاستنتاجي؟,الإحصاء الاستنتاجي: استقراء,على اتخاذ القرارات والتنبؤ والاستقرار والاستدلال,الإحصاء الاستنتاجي: استقراء,على اتخاذ القرارات والتنبؤ والاستقرار والاستدلال,0.45527827739715576,0.4997003674507141,0.4764561355113983,Incorrect
4772,ما هي الجهة التي تصدر التصنيف الدولي للأمراض؟,منظمة الصحة العالمية,منظمة الصحة العالمية,منظمة الصحة العالمية,منظمة الصحة العالمية,0.9999998807907104,0.9999998807907104,0.9999998807907104,Correct
4778,ما الذي تختلف تبعاً له دلالات قيم المتغيرات العشوائية؟,توزيع الاحتمالات,نوعية المقياس المستخدم,توزيع الاحتمالات,نوعية المقياس المستخدم,0.4867541193962097,0.4561421871185303,0.47095122933387756,Incorrect
4781,ما هي الطريقة التي تستخدم فيها بعض التقنيات الإلكترونية للمراقبة والعد وتسجيل الملاحظات؟,مراقبة إلكترونية,التسجيل,مراقبة إلكترونية,التسجيل,0.4086621403694153,0.503175675868988,0.45102065801620483,Incorrect
4782,ما الذي يحدد زمن حفظ السجلات الطبية؟,مدة الحفظ: غير متعلق بالسؤال,حسب الأسس المتبعة محليا في كل بلد,مدة الحفظ: غير متعلق بالسؤال,حسب الأسس المتبعة محليا في كل بلد,0.39994826912879944,0.5621005296707153,0.46735912561416626,Incorrect
4783,ما هو التوزيع الذي يتبعه مجموع متغيرات عينة عشوائية حجمها n من توزيع برنولي بالوسيط P؟,التوزيع الثنائي,الثنائي,التوزيع الثنائي,الثنائي,0.7079606056213379,0.7551697492599487,0.7308035492897034,Correct
4787,ما هي مجموعة قيم المتغير العشوائي x الذي يدل على عدد أخوات طالب ما؟,ANSWER: المتغير العشوائي المنفصل,صحيح موجب,المتغير العشوائي المنفصل,صحيح موجب,0.5562809109687805,0.5023167729377747,0.5279233455657959,Incorrect
4789,ما هو معدل المواليد الخام؟,معدل المواليد الخام: عدد المواليد الأحياء لكل 1000 نسمة في السنة.,عدد المواليد الاحياء لكل ألف من السكان في سنة معينة,معدل المواليد الخام: عدد المواليد الأحياء لكل 1000 نسمة في السنة.,عدد المواليد الاحياء لكل ألف من السكان في سنة معينة,0.663520097732544,0.7145209312438965,0.6880767941474915,Correct
4790,ما هي الفئة العمرية المهمة جداً من الناحية الصحية والتنموية؟,الطفولة المبكرة,فئة الأطفال,الطفولة المبكرة,فئة الأطفال,0.5168960094451904,0.5584816336631775,0.5368847250938416,Correct
4798,ما هي الطريقة التي تمتاز بوصول الإجابات خلال وقت قصير وتتميز ببساطتها وقلة تكاليفها وسرعتها؟,الإجابة: المقابلة الهاتفية,استخدام الانترنيت والمواقع الاجتماعية,الإجابة: المقابلة الهاتفية,استخدام الانترنيت والمواقع الاجتماعية,0.4809819459915161,0.5077552199363708,0.49400609731674194,Incorrect
4802,ما هو المخطط الذي يساعد بدراسة العلاقة بين متغيرين وطبيعتها؟,مخطط الانتشار,مخطط الانتشار,مخطط الانتشار,مخطط الانتشار,0.9999998807907104,0.9999998807907104,0.9999998807907104,Correct
4806,ما الذي يحدد زمن حفظ السجلات الطبية في المشفى؟,مدة الإقامة,بناء على الأسس المتبعة محلياً في كل بلد,مدة الإقامة,بناء على الأسس المتبعة محلياً في كل بلد,0.48612308502197266,0.5416091084480286,0.5123682618141174,Incorrect
4812,ما هو التوزيع الذي يستخدم في اختبار الفرضيات حول ميل خط الانحدار؟,اختبار F,ستيودنت,اختبار F,ستيودنت,0.6238501071929932,0.5719759464263916,0.5967878699302673,Incorrect
4816,ما هي أسباب تفضيل أسلوب العينة على أسلوب الحصر الشامل؟,ANSWER: تقليل التكلفة,صعوبة حصر افراد المجتمع,تقليل التكلفة,صعوبة حصر افراد المجتمع,0.5579692125320435,0.5290501117706299,0.5431249737739563,Incorrect
4823,ما هو السجل الذي يهدف إلى تجميع المعلومات عن المريض؟,السجل الطبي,السجلات الطبية .,السجل الطبي,السجلات الطبية .,0.7530941963195801,0.6190552711486816,0.6795279383659363,Correct
4832,ما هو نوع التوزيع الإحصائي إذا علمت أن احتمال شفاء مريض مصاب بالزكام خلال أسبوع دون اللجوء للطبيب هو 0.6 وكان لدينا 10 مرضى بالزكام ولم يراجعوا الطبيب؟,توزيع احتمالي,حداني,توزيع احتمالي,حداني,0.5629851818084717,0.6079866886138916,0.584621250629425,Incorrect
4848,ما هو الشريان الذي ينزف غالباً من قرحة اثني عشرية؟,الشريان الزاوي,المعدي العفجي.,الشريان الزاوي,المعدي العفجي.,0.47519367933273315,0.45704659819602966,0.4659435451030731,Incorrect
4854,ما هي الأورام التي تعالج في القسم البعيد للمعدة؟,أورام المعدة البعيدة,4. كل ما سبق صحيح.,أورام المعدة البعيدة,4. كل ما سبق صحيح.,0.37754470109939575,0.3410702347755432,0.35838180780410767,Incorrect
4855,ما هو التشخيص للآفة التي قد تسبب فقراً دموياً والنزف الحاد منها غير شائع والتي تم اكتشافها بالتنظير الهضمي العلوي لرجل عمره 55 سنة؟,الإجابة: ورم وعائي,سرطانة معدية.,الإجابة: ورم وعائي,سرطانة معدية.,0.4570021331310272,0.4777206778526306,0.4671317934989929,Incorrect
4856,ما هي الخطوة الأولى الأهم في تدبير مريض يبلغ من العمر 32 سنة أتى لقسم الطوارئ بقصة إقياء لكميات كبيرة من الدم الأحمر القاني؟,ANSWER: تقييم النزف الهضمي,إنعاش بالسوائل.,تقييم النزف الهضمي,إنعاش بالسوائل.,0.5233632922172546,0.47751790285110474,0.4993906319141388,Incorrect
4857,ما هو التشخيص المحتمل لمريضة تبلغ من العمر 45 سنة تشكو من ألم في ثديها الأيسر لمدة أسبوعين مع وجود خيط يشبه الحبل مؤلم وأودة بارزة فوقه بالفحص السريري؟,ANSWER: ورم غدي ليفي,داء,ورم غدي ليفي,داء,0.39387404918670654,0.5066536068916321,0.4432017207145691,Incorrect
4858,ما هو التشخيص المحتمل لمريضة تبلغ من العمر 40 عاماً من أصول آسيوية وصلت إلى بريطانيا تشكو من كتلة غير مؤلمة في ثديها الأيمن منذ عدة أشهر مع نز الخراج في إبطها الأيمن الذي يشفى ويعاود من جديد؟,ANSWER: التهاب الثدي,سل ثدي.,التهاب الثدي,سل ثدي.,0.6618103981018066,0.6113739013671875,0.6355931758880615,Incorrect
4859,ما هو التشخيص المحتمل لمريضة تبلغ من العمر 25 سنة راجعت بكتلة شاهدتها صدفة منذ 3 أسابيع في ثديها الأيسر ويمكن تحريك الكتلة من قبل المريضة ضمن نسيج الثدي؟,ANSWER: ورم غدي ليفي,غدوم ليفي.,ورم غدي ليفي,غدوم ليفي.,0.5319736003875732,0.5204716920852661,0.5261597633361816,Correct
4860,ما هو التشخيص المحتمل لمريضة تبلغ من العمر 50 عاماً تعاني من ألم واحمرار في الثدي الأيمن منذ شهر وقد عولجت بالصادات لمدة أسبوعين دون تحسن وازدادت الحالة سوءاً؟,التهاب الثدي,سرطان التهابي.,التهاب الثدي,سرطان التهابي.,0.5816068053245544,0.5590685606002808,0.5701150894165039,Incorrect
4863,ما هو التشخيص المحتمل لمريضة مسنة مشخص لديها سابقاً داء هاشيموتو وتراجع بعقدة قاسية غير منتظمة في الفص الدرقي الأيمن؟,ANSWER: سرطان الغدة الدرقية النخاعي,لمفوما.,سرطان الغدة الدرقية النخاعي,لمفوما.,0.4090718626976013,0.3394930362701416,0.37104877829551697,Incorrect
4864,ما هو التشخيص المحتمل لطفل يبلغ من العمر 12 سنة يراجع بعقدة درقية مع ضخامة عقد لمفية ناحية؟,ANSWER: داء غريفز,سرطان حليمي.,داء غريفز,سرطان حليمي.,0.5663596987724304,0.5241400599479675,0.5444325804710388,Incorrect
4865,ما هو التشخيص المحتمل لمريضة في منتصف العمر تعاني من سلعة درقية لفترة طويلة مع تضخم الفص الأيمن أكبر من الأيسر وهي سريرياً في حالة سواء درقي؟,ANSWER: ورم غدي درق,سلعة متعددة العقد.,ورم غدي درق,سلعة متعددة العقد.,0.5023304224014282,0.490740567445755,0.4964678883552551,Incorrect
4866,ما هو التشخيص الأكثر احتمالاً لفتاة في الربيع الخامس تشكو من عسرة تنفس مع وجود كتلة في جوف الفم بقطر 3 سم على الخط الناصف وعلى مؤخرة اللسان؟,ورم حبيبي,درق لسانية.,ورم حبيبي,درق لسانية.,0.5535343885421753,0.5089340209960938,0.5302980542182922,Incorrect
4867,ما هو العلاج غير المرغوب به في حالة شابة في ربيعها الأربعين تشكو من نقص وزن مع خفقان وجحوظ في العينين مع وجود سلعة درقية متوسطة الحجم منتشرة ومتجانسة وفرط نشاط درق بدني؟,العلاج غير المرغوب به: إيتودولاك,المعالجة الشعاعية باليود I 131,العلاج غير المرغوب به: إيتودولاك,المعالجة الشعاعية باليود I 131,0.5656328201293945,0.6306893825531006,0.5963922142982483,Incorrect
4868,ما هو الإجراء الأول الذي يجب إجراؤه قبل عملية sleeve gastrectomy لمريض البدانة الذي لديه BMI يساوي 40؟,ANSWER: تقييم التخدير,الحصول على موافقة المريض.,تقييم التخدير,الحصول على موافقة المريض.,0.5316441059112549,0.45515960454940796,0.4904378056526184,Incorrect
4869,ما هو الإجراء الأول الذي يجب إجراؤه قبل عملية Sleeve gastrectomy لمريض البدانة الذي لديه BMI يساوي 40؟,ANSWER: تقييم التخدير,الحصول على موافقة المريض.,تقييم التخدير,الحصول على موافقة المريض.,0.5316441059112549,0.45515960454940796,0.4904378056526184,Incorrect
4870,ما هو التشخيص المحتمل لمريض عمره 25 سنة يعاني من عدم ارتياح عام ونقصان في الوزن وترفع حروري وبراز ملطخ بالدم على نحو متقطع خلال الست أسابيع الأخيرة بعد عودته من شبه القارة الهندية حيث عمل هناك لمدة ستة أشهر، مع وجود كبدية ومضض في الربع العلوي الأيمن وإيكو يظهر جوفا ناقص الصدى في الفص الكبدي الأيمن ذو حوا,ANSWER: التهاب الكبد الفيروسي,خراجة كبدية زحارية.,التهاب الكبد الفيروسي,خراجة كبدية زحارية.,0.4439133405685425,0.4186435341835022,0.43090829253196716,Incorrect
4871,ما هو التشخيص المحتمل لمريض عمره 50 سنة يعاني من أصمية حديثة وألم في الربع العلوي الأيمن لمدة 3-4 أشهر مع فحص سريري سلبي ووظائف كبد طبيعية وتنظير هضمي علوي طبيعي بينما أظهر الإيكو وجود آفة كيسية وحيدة تبلغ 6 سم؟,ANSWER: كيسة مرارية,داء كيسي بسيط,كيسة مرارية,داء كيسي بسيط,0.5682194232940674,0.5708812475204468,0.5695472359657288,Incorrect
4872,ما هو التشخيص المحتمل لمريضة تبلغ من العمر 30 سنة تعاني من ألم مستمر في الربع العلوي الأيمن من البطن مع إقياء وارتفاع حرارة وإيجابية علامة مورفي؟,انسداد معوي حاد,التهاب مرارة حاد.,انسداد معوي حاد,التهاب مرارة حاد.,0.6880197525024414,0.637544572353363,0.6618211269378662,Incorrect
4873,ما هو التشخيص المحتمل لمريض يبلغ من العمر 60 سنة لديه سابقة حصيات مرارية يراجع بقصة ألم بطني شديد ومستمر لمدة 6 ساعات وبالفحص السريري كان المريض غير مرتاح ومصدوم مع انتفاخ البطن ومضض راجع معممين؟,انسداد معوي,التهاب بريتوان تالي لانثقاب مرارة.,انسداد معوي,التهاب بريتوان تالي لانثقاب مرارة.,0.537844181060791,0.45970797538757324,0.4957159459590912,Incorrect
4874,ما هو التشخيص المحتمل لمريض يبلغ من العمر 56 سنة يعاني من ألم شديد في أعلى البطن منذ أسبوع مع حمى متقطعة وعدم راحة شديدة مع وجود علامات لتخريش بريتواني في الربع العلوي الأيمن مع جس كتلة؟,انسداد معوي,تقيح مرارة.,انسداد معوي,تقيح مرارة.,0.5134634971618652,0.49004533886909485,0.5014811754226685,Incorrect
4875,ما هو التشخيص المحتمل لمريض يبلغ من العمر 60 سنة يراجع بقصة ألم بطني ويرقان وحرارة مع عروءات؟,ANSWER: التهاب الكبد الفيروسي,التهاب طرق صفراوية صاعد.,التهاب الكبد الفيروسي,التهاب طرق صفراوية صاعد.,0.5671035647392273,0.5243484973907471,0.5448886156082153,Incorrect
4876,ما هو التشخيص المحتمل لمريضة تبلغ من العمر 40 سنة عولجت لالتهاب مرارة حاد حيث لوحظ وجود مرارة مجسوسة غير ممضة، لم يكن هناك ترفع حروري وكانت المريضة بشكل عام بصحة جيدة؟,حصوات المرارة,قيلة مخاطية في المرارة.,حصوات المرارة,قيلة مخاطية في المرارة.,0.5990585684776306,0.5412861108779907,0.5687089562416077,Incorrect
4877,ما هو التشخيص المحتمل لمريض عمره 80 سنة لديه تصبغ جلدي ملحوظ ونسيج ندبي ولديه ندبات بطنية لاستئصال كظر ثنائي الجانب؟,ANSWER: فرط التصبغ بعد الالتهاب,متلازمة نيلسون.,فرط التصبغ بعد الالتهاب,متلازمة نيلسون.,0.5026204586029053,0.49801522493362427,0.5003072619438171,Incorrect
4878,ما هو التشخيص المحتمل لمريض عمره 48 سنة يعاني من اضطراب رئوي وصداع وارتفاع ضغط؟,ANSWER: الانسداد الرئوي المزمن,متلازمة كون.,الانسداد الرئوي المزمن,متلازمة كون.,0.5053668022155762,0.5122039318084717,0.5087624192237854,Incorrect
4879,ما هو التشخيص المحتمل لمريض ربو مع تفاقم متكرر لحالته تطور لديه بشكل تدريجي شعرانية مع بدانة جذعية وكدمات؟,متلازمة كوشينغ,متلازمة كوشينغ.,متلازمة كوشينغ,متلازمة كوشينغ.,0.8933087587356567,0.8199145197868347,0.8550395965576172,Correct
4881,ما هو التشخيص المحتمل لسيدة حامل تبلغ من العمر 30 سنة تبين أثناء إجراء ايكو بطن لها وجود كتلة متكلسة في الشرسوف يبلغ قطرها 1 سم مع سماع لغط في منطقة الشرسوف دون وجود أي أعراض؟,ANSWER: تكلس الشرسوف,أم دم شريان طحالي.,تكلس الشرسوف,أم دم شريان طحالي.,0.46058928966522217,0.48568248748779297,0.47280317544937134,Incorrect
4882,ما هو التشخيص الأكثر احتمالاً لطفل عمره 7 سنوات يعاني من فقر دم منجلي ويشكو منذ ساعتين من ألم بطني حاد في الربع العلوي الأيسر مع ضغط 60/100 ملم زئبقي ونبض 110 ن/د وحرارة 37 درجة ومضض في الربع العلوي الأيسر للبطن بدون إيلام مرتد مع صعوبة جس الطحال وخضاب 6.1 غ/دل؟,ANSWER: حصوة كلوية,نوبة ألمية بسبب انسداد الأوعية الدموية.,حصوة كلوية,نوبة ألمية بسبب انسداد الأوعية الدموية.,0.6214547157287598,0.5408319234848022,0.5783470869064331,Incorrect
4883,ما هي نسبة الاستفادة من استئصال الطحال في حالة سيدة عمرها 40 سنة تعاني من فرفرية مناعية مزمنة معندة على العلاج بالستيروئيدات؟,ANSWER: 50%,أقل من 20%,50%,أقل من 20%,0.8093775510787964,0.7099456787109375,0.7564079761505127,Incorrect
4884,ما هي الخطوة التالية في تدبير مريض بعمر 70 سنة دون سوابق جراحية يعاني من ألم بطني متقطع منذ أسبوع وتوسع بطني وإقياء مستمر منذ يوم، مع عدم وجود فتوق بالفحص وتعداد 3000 كرية بيضاء / مم؟,ANSWER: تصوير البطن,إجراء (CT) التصوير الطبقي المحوسب للبطن.,تصوير البطن,إجراء (CT) التصوير الطبقي المحوسب للبطن.,0.5737590789794922,0.460854709148407,0.5111464262008667,Incorrect
4894,ما هي الخطوة التالية في تدبير مريض بعمر 70 سنة دون سوابق جراحية يعاني من ألم بطني متقطع منذ أسبوع وتوسع بطني وإقياء مستمر منذ يوم، مع عدم وجود فتوق بالفحص وتعداد 3000 كرية بيضاء / مم؟,ANSWER: تصوير البطن,إجراء (CT) التصوير الطبقي المحوسب للبطن.,تصوير البطن,إجراء (CT) التصوير الطبقي المحوسب للبطن.,0.5737590789794922,0.460854709148407,0.5111464262008667,Incorrect
4896,ما هي الخطوة التالية في تدبير شاب عمره 20 سنة راجع الإسعاف بعد 20 يوماً من استئصال زائدة ملتهبة ويعاني من إقياء مع تمدد بطن وإيلام خفيف، وتعداد WBC كان 14000 كرية/مم3 والكهارل طبيعية؟,ANSWER: تصوير بطن,مراقبة 24 ساعة أخرى مع وضع NG.,تصوير بطن,مراقبة 24 ساعة أخرى مع وضع NG.,0.36455607414245605,0.30107736587524414,0.3297898769378662,Incorrect
4897,ما هي العلامات الأكثر توافقاً مع بالغ عمره 45 سنة لديه ألم بطني حاد وتم تشخيصه بالتهاب مرارة حاد؟,ANSWER: مغص مراري,ألم بطني مستمر ومضض مراق أيمن وارتفاع الكريات البيضاء.,مغص مراري,ألم بطني مستمر ومضض مراق أيمن وارتفاع الكريات البيضاء.,0.5119191408157349,0.445457398891449,0.4763813316822052,Incorrect
4898,ما هي الخطوة الأولى الأهم في تدبير مريض يبلغ من العمر 32 سنة أتى لقسم الطوارئ بقصة إقياء لكميات كبيرة من الدم الأحمر القاني؟,ANSWER: تقييم النزف الهضمي,الإنعاش بالسوائل.,تقييم النزف الهضمي,الإنعاش بالسوائل.,0.5330826640129089,0.48267632722854614,0.5066288113594055,Incorrect
4899,ما هو التشخيص المحتمل لمريض عمره 70 سنة تطور لديه بعد 3 أيام من احتشاء قلبي ألم بطني مع تعدد البطن وخفوت في أصوات الأمعاء وتحليل غازات الدم يشير إلى احمضاض استقلابي؟,انسداد معوي,احتشاء مساريقي.,انسداد معوي,احتشاء مساريقي.,0.5896646976470947,0.5287700891494751,0.5575596690177917,Incorrect
4902,ما هي القاعدة الجراحية الأصح حالياً في مراقبة المريض أثناء تدبير مريض الانسداد المعوي ووضع القرار الجراحي المناسب في المراكز الجراحية المتطورة؟,"ANSWER: مبدأ ""لا ضرر ولا ضرار""",يجب دائماً عدم إجراء الجراحة حتى يتم استقرا المريض بعد الإنعاش.,"مبدأ ""لا ضرر ولا ضرار""",يجب دائماً عدم إجراء الجراحة حتى يتم استقرا المريض بعد الإنعاش.,0.444109708070755,0.40277212858200073,0.4224320352077484,Incorrect
4905,ما هو التشخيص المحتمل للمريضة إذا كانت الصورة البسيطة تدل على سويات معوية دقيقة وغياب لارتسام الكولونات وكانت مقاطع التصوير الطبقي المحوري تشير لتوسع عرى المعي؟,انسداد معوي كاذب,التصاقات معوية.,انسداد معوي كاذب,التصاقات معوية.,0.7038639187812805,0.674049437046051,0.6886341571807861,Incorrect
4907,ما هو التشخيص الأقوى لمريض عمره 65 سنة تطور لديه ألم بطني حاد مفاجئ مستمر في الربع العلوي الأيمن منذ ساعة، تلاه آلام مغصية سرية مع غثيان، والفحص السريري يبدي سحنة سمية مع فحص بطني سوي تقريباً؟,انسداد معوي حاد,انسداد أمعاء بنقص التروية.,انسداد معوي حاد,انسداد أمعاء بنقص التروية.,0.6260704398155212,0.5600857734680176,0.5912427306175232,Incorrect
4911,ما هو التشخيص المحتمل في المريضة التي تظهر صورتها البسيطة سويات معوية دقيقة وغياب الارتسام الكولوني، وتشير مقاطع التصوير الطبقي المحوري لتوسع عرى المعي الدقيق وزيادة في شحم المساريقا مع عدم ارتسام الكولون بالكامل؟,انسداد الأمعاء الدقيقة,التصاقات معوية.,انسداد الأمعاء الدقيقة,التصاقات معوية.,0.6663585901260376,0.6305515766143799,0.6479607820510864,Incorrect
4912,ما هو التشخيص لمريض عمره 60 سنة مصاب بداء كرون منذ عشر سنوات راجع المشفى بقصة حمى وعرواءات تلاها خروج هواء ومفرزات معوية عند التبول؟,ثقب الأمعاء,ناسور معدي مثاني.,ثقب الأمعاء,ناسور معدي مثاني.,0.477807879447937,0.45249515771865845,0.4648071229457855,Incorrect
4926,ما هي الحالة التي لا تدخل في التشخيص التفريقي لطفلة عمرها 10 سنوات تعاني منذ ساعتين من ألم حفرة حرقفية يمنى دون إيلام مرتد؟,ANSWER: التهاب الزائدة الدودية,نزف رتج ميكل.,التهاب الزائدة الدودية,نزف رتج ميكل.,0.4734823703765869,0.4865911602973938,0.4799472689628601,Incorrect
4928,ما هو التشخيص المحتمل لمريضة عمرها 50 سنة تعرضت لألم بطني حاد طاعن منذ نصف ساعة في الشرسوف تعمم في أنحاء البطن مع إقياءات بنية اللون وفحص البطن لين؟,نزيف معدي,صمة شريان مساريقي علوي.,نزيف معدي,صمة شريان مساريقي علوي.,0.5217524766921997,0.5311959981918335,0.5264319181442261,Incorrect
4929,ما هو الفحص الذي يجب إجراؤه أولاً لمريض يشتكي من ألم بطني حاد ومفاجئ؟,الفحص السريري,صورة بطن شعاعية.,الفحص السريري,صورة بطن شعاعية.,0.555946946144104,0.48608678579330444,0.5186750888824463,Incorrect
4930,ما هو التشخيص الأقوى لمريض عمره 65 سنة تطور لديه ألم بطني حاد مفاجئ ومستمر في الربع السفلي الأيمن منذ ساعة، تلاه آلام مغصة سرية مع غثيان، والفحص السريري يبدي سحنة سمية مع فحص بطن سوي تقريباً؟,انسداد معوي,انسداد أمعاء بنقص التروية.,انسداد معوي,انسداد أمعاء بنقص التروية.,0.6605053544044495,0.5495169162750244,0.5999210476875305,Incorrect
4932,ما هي الخطوة الأولى الأهم في تدبير شاب عمره 32 سنة يراجع قسم الطوارئ بقصة إقياء كميات كبيرة من الدم الأحمر القاني؟,ANSWER: تقييم البلعوم والمريء,الإنعاش بالسوائل.,تقييم البلعوم والمريء,الإنعاش بالسوائل.,0.5034515261650085,0.48719877004623413,0.4951918423175812,Incorrect
4934,ما هو التشخيص للآفة التي قد تسبب فقراً دموياً والنزف الحاد منها غير شائع والتي تم اكتشافها بالتنظير الهضمي العلوي لرجل عمره 55 سنة؟,الإجابة: ورم وعائي,2. سرطانة معدية.,الإجابة: ورم وعائي,2. سرطانة معدية.,0.4785442352294922,0.47776326537132263,0.47815340757369995,Incorrect
4935,ما هي الخطوة الأولى الأهم في تدبير مريض يبلغ من العمر 32 سنة أتى لقسم الطوارئ بقصة إقياء لكميات كبيرة من الدم الأحمر القاني؟,ANSWER: تقييم النزف الهضمي,3. الإنعاش بالسوائل.,تقييم النزف الهضمي,3. الإنعاش بالسوائل.,0.48799586296081543,0.4455673098564148,0.4658174514770508,Incorrect
4936,ما هو العلاج الأمثل لمريض عمره 40 سنة وجد لديه بالتنظير الهضمي العلوي لمفوما معدية؟,ANSWER: العلاج الكيميائي,4. علاج كيماوي.,العلاج الكيميائي,4. علاج كيماوي.,0.633131206035614,0.6417590379714966,0.6374159455299377,Correct
4937,ما هو التشخيص المحتمل لطفل يبلغ من العمر 12 سنة يراجع بعقدة درقية مع ضخامة عقد لمفية ناحية؟,ANSWER: داء غريفز,4. سرطان حليمي.,داء غريفز,4. سرطان حليمي.,0.48152461647987366,0.4251190423965454,0.45156723260879517,Incorrect
4938,ما هو التشخيص المحتمل لمريضة في منتصف العمر تعاني من سلعة درقية لفترة طويلة مع تضخم الفص الأيمن أكبر من الأيسر وهي سريرياً في حالة سواء درقي؟,ANSWER: ورم غدي درق,3. سلعة متعددة العقد.,ورم غدي درق,3. سلعة متعددة العقد.,0.4745556712150574,0.4297180473804474,0.45102521777153015,Incorrect
4939,ما هو التشخيص الأكثر احتمالاً لفتاة في الربيع الخامس تشكو من عسرة تنفس مع وجود كتلة في جوف الفم بقطر 3 سم على الخط الناصف وعلى مؤخرة اللسان؟,ورم حبيبي,2. درق لسانية.,ورم حبيبي,2. درق لسانية.,0.5409735441207886,0.44813406467437744,0.49019676446914673,Incorrect
4940,ما هو العلاج غير المرغوب به في حالة شابة في ربيعها الأربعين تشكو من نقص وزن مع خفقان وجحوظ في العينين مع وجود سلعة درقية متوسطة الحجم منتشرة ومتجانسة وفرط نشاط درق بدني؟,العلاج غير المرغوب به: إيتودولاك,3. المعالجة الشعاعية باليود I 131,العلاج غير المرغوب به: إيتودولاك,3. المعالجة الشعاعية باليود I 131,0.5690304040908813,0.5655377507209778,0.5672786831855774,Incorrect
4941,ما هو الإجراء الأول الذي يجب إجراؤه قبل عملية Sleeve gastrectomy لمريض البدانة الذي لديه BMI يساوي 40؟,ANSWER: تقييم التخدير,3. الحصول على موافقة المريض.,تقييم التخدير,3. الحصول على موافقة المريض.,0.5200667977333069,0.4272286295890808,0.4690985083580017,Incorrect
4942,ما هو التشخيص المحتمل لمريض عمره 50 سنة يعاني من أصمية حديثة وألم في الربع العلوي الأيمن لمدة 3-4 أشهر مع فحص سريري سلبي ووظائف كبد طبيعية وتنظير هضمي علوي طبيعي بينما أظهر الإيكو وجود آفة كيسية وحيدة تبلغ 6 سم؟,ANSWER: كيسة مرارية,4. داء كيسي بسيط,كيسة مرارية,4. داء كيسي بسيط,0.49534282088279724,0.46451497077941895,0.4794338047504425,Incorrect
4943,ما هو التشخيص المحتمل لمريض يبلغ من العمر 60 سنة لديه سابقة حصيات مرارية يراجع بقصة ألم بطني شديد ومستمر لمدة 6 ساعات وبالفحص السريري كان المريض غير مرتاح ومصدوم مع انتفاخ البطن ومضض راجع معممين؟,انسداد معوي,4. التهاب بريتوان تالي لانثقاب مرارة.,انسداد معوي,4. التهاب بريتوان تالي لانثقاب مرارة.,0.5387089252471924,0.44264253973960876,0.48597365617752075,Incorrect
4944,ما هو التشخيص المحتمل لمريض يبلغ من العمر 56 سنة يعاني من ألم شديد في أعلى البطن منذ أسبوع مع حمى متقطعة وعدم راحة شديدة مع وجود علامات لتخريش بريتواني في الربع العلوي الأيمن مع جس كتلة؟,انسداد معوي,1. تقيح مرارة.,انسداد معوي,1. تقيح مرارة.,0.5545491576194763,0.4812301993370056,0.5152946710586548,Incorrect
4945,ما هو التشخيص المحتمل لمريض يبلغ من العمر 60 سنة يعاني من ألم بطني ويرقان وحرارة مع عروءات؟,انسداد القنوات الصفراوية,4. التهاب طرق صفراوية صاعد.,انسداد القنوات الصفراوية,4. التهاب طرق صفراوية صاعد.,0.6180416941642761,0.5347037315368652,0.5733602046966553,Incorrect
4946,ما هو التشخيص المحتمل لمريضة تبلغ من العمر 40 سنة عولجت لالتهاب مرارة حاد حيث لوحظ وجود مرارة مجسوسة غير ممضة، لم يكن هناك ترفع حروري وكانت المريضة بشكل عام بصحة جيدة؟,حصوات المرارة,3. قيلة مخاطية في المرارة.,حصوات المرارة,3. قيلة مخاطية في المرارة.,0.6145901679992676,0.5304951667785645,0.5694546699523926,Incorrect
4947,ما هو التشخيص المحتمل لمريض عمره 48 سنة يعاني من اضطراب رئوي وصداع وارتفاع ضغط؟,ANSWER: الانسداد الرئوي المزمن,3. متلازمة كون.,الانسداد الرئوي المزمن,3. متلازمة كون.,0.4904541075229645,0.4908375144004822,0.49064573645591736,Incorrect
4948,ما هو التشخيص المحتمل لمريض ربو مع تفاقم متكرر لحالته تطور لديه بشكل تدريجي شعرانية مع بدانة جذعية وكدمات؟,متلازمة كوشينغ,1. متلازمة كوشينغ.,متلازمة كوشينغ,1. متلازمة كوشينغ.,0.8586351871490479,0.6918455362319946,0.766269326210022,Correct
4950,ما هو التشخيص المحتمل لسيدة حامل تبلغ من العمر 30 سنة تبين أثناء إجراء ايكو بطن لها وجود كتلة متكلسة في الشرسوف يبلغ قطرها 1 سم مع سماع لغط في منطقة الشرسوف دون وجود أي أعراض؟,ANSWER: تكلس الشرسوف,3. أم دم شريان طحالي.,تكلس الشرسوف,3. أم دم شريان طحالي.,0.4167540669441223,0.44906720519065857,0.4323076605796814,Incorrect
4952,ما هي نسبة الاستفادة من استئصال الطحال في حالة سيدة عمرها 40 سنة تعاني من فرفرية مناعية مزمنة معندة على العلاج بالستيروئيدات؟,ANSWER: 50%,1. أقل من 20%,50%,1. أقل من 20%,0.7796602249145508,0.6409481763839722,0.7035320997238159,Incorrect
4953,ما هي الخطوة التالية في تدبير مريض بعمر 70 سنة دون سوابق جراحية يعاني من ألم بطني متقطع منذ أسبوع وتوسع بطني وإقياء مستمر منذ يوم، مع عدم وجود فتوق بالفحص وتعداد 3000 كرية بيضاء / مم؟,ANSWER: تصوير البطن,4. إجراء (CT) التصوير الطبقي المحوسب للبطن.,تصوير البطن,4. إجراء (CT) التصوير الطبقي المحوسب للبطن.,0.564457893371582,0.44223499298095703,0.4959268867969513,Incorrect
4957,ما هي الخطوة التالية في تدبير مريض بعمر 70 سنة دون سوابق جراحية يعاني من ألم بطني متقطع منذ أسبوع وتوسع بطني وإقياء مستمر منذ يوم، مع عدم وجود فتوق بالفحص وتعداد 3000 كرية بيضاء / مم؟,ANSWER: تصوير البطن,4. إجراء (CT) التصوير الطبقي المحوسب للبطن.,تصوير البطن,4. إجراء (CT) التصوير الطبقي المحوسب للبطن.,0.564457893371582,0.44223499298095703,0.4959268867969513,Incorrect
4958,ما هي الخطوة التالية في تدبير شاب عمره 20 سنة راجع الإسعاف بعد 20 يوماً من استئصال زائدة ملتهبة ويعاني من إقياء مع تمدد بطن وإيلام خفيف وتعداد WBC 14000 كرية/مم2 والكهارل طبيعية؟,ANSWER: متابعة الجراح,1. مراقبة 24 ساعة أخرى مع وضع NG.,متابعة الجراح,1. مراقبة 24 ساعة أخرى مع وضع NG.,0.4956014156341553,0.37806978821754456,0.4289300739765167,Incorrect
4960,ما هي الخطوة الأولى الأهم في تدبير مريض يبلغ من العمر 32 سنة يعاني من إقياء كميات كبيرة من الدم الأحمر القاني؟,ANSWER: تقييم مجرى الهواء,3. الإنعاش بالسوائل.,تقييم مجرى الهواء,3. الإنعاش بالسوائل.,0.45512843132019043,0.41986870765686035,0.4367881417274475,Incorrect
4961,ما هو التشخيص المحتمل لمريض عمره 70 سنة تطور لديه بعد 3 أيام من احتشاء قلبي ألم بطني مع تطبل البطن وخفوت في أصوات الأمعاء وتحليل غازات الدم يشير إلى حماض استقلابي؟,انسداد معوي,2. احتشاء مساريقي.,انسداد معوي,2. احتشاء مساريقي.,0.5359586477279663,0.5418288707733154,0.5388777852058411,Incorrect
