id,input,prediction,ground_truth,prediction_clean,ground_truth_clean,bert_precision_example,bert_recall_example,bert_f1_example,judge_label
4,ما هو العصب الذي ينقل إحساس الذوق من ثلث اللسان الخلفي؟,ANSWER: العصب اللساني البلعومي,التاسع,العصب اللساني البلعومي,التاسع,0.26637372374534607,0.3412637412548065,0.2992037236690521,Correct
8,ما هي القوس البيضاء عند حدود جسم الظفر مع جذره؟,Answer in one concise line.,هليل الظفر,Answer in one concise line.,هليل الظفر,0.3428424596786499,0.38732486963272095,0.36372873187065125,Incorrect
12,أين يقع الخط الالوي السفلي؟,وي السفلي؟,السطح الخارجي للحرقفة,وي السفلي؟,السطح الخارجي للحرقفة,0.41246259212493896,0.5692691802978516,0.4783429801464081,Incorrect
16,ما هي الحافة من الفرع التي تشكل زاوية الفك السفلي؟,in one concise line.,الخلفية,in one concise line.,الخلفية,0.40904372930526733,0.4193951189517975,0.4141547381877899,Incorrect
17,ما هي البنية التشريحية التي تتعصب بالعصب الشظوي السطحي؟,ANSWER: عضلة شظوية سطحيّة,العضله الشظويه الطويله,عضلة شظوية سطحيّة,العضله الشظويه الطويله,0.7551554441452026,0.7393605709075928,0.7471745014190674,Incorrect
19,أين تشاهد الجسور بين الخلوية؟,؟,الطبقة الشائكة من النسيج الظهاري المطبق,؟,الطبقة الشائكة من النسيج الظهاري المطبق,0.3314971923828125,0.3242158889770508,0.3278161287307739,Incorrect
21,ما الذي يحول الثلمتين الاسكيتين إلى ثقبتين؟,concise line.,الرباط العجزي الشوكي العجزي الحدبي,concise line.,الرباط العجزي الشوكي العجزي الحدبي,0.49976301193237305,0.4068905711174011,0.4485701322555542,Incorrect
28,ما هو الهرمون الذي يفرز PTH؟,Answer in one concise line.,الغدد جارات الدرق,Answer in one concise line.,الغدد جارات الدرق,0.4425475001335144,0.4517213702201843,0.4470873773097992,Incorrect
35,ما الذي يقع بين جسم الفقرة والقوس الفقرية؟,ANSWER: الفص الفقري,الثقبة الفقرية,الفص الفقري,الثقبة الفقرية,0.7873654365539551,0.6988144516944885,0.7404518723487854,Incorrect
49,أين تقع المنطقة الشمية؟,in one concise line.,سقف الأنف,in one concise line.,سقف الأنف,0.40042731165885925,0.41077661514282227,0.40553590655326843,Incorrect
50,ما الذي يتصل به المدورين بالأمام في الفخذ؟,ANSWER: العضلة المستقيمة الفخذية,الخط بين المدورين,العضلة المستقيمة الفخذية,الخط بين المدورين,0.6096735000610352,0.4060337543487549,0.48743969202041626,Incorrect
51,أين يوجد التلم الكعبري في جسم العضد؟,ANSWER: رأس العضد,على الوجه الخلفي.,رأس العضد,على الوجه الخلفي.,0.44790229201316833,0.4431207776069641,0.4454987049102783,Incorrect
54,ما الذي تتشكل منه ضفيرة راشكوف في لب السن؟,concise line.,ألياف حسية.,concise line.,ألياف حسية.,0.641852080821991,0.6016756296157837,0.6211148500442505,Incorrect
55,أين يقع المستقيم؟,يقع المستقيم؟,القولون السيني والقناة الشرجية,يقع المستقيم؟,القولون السيني والقناة الشرجية,0.44623681902885437,0.4327869415283203,0.4394089877605438,Incorrect
56,إلى أي صنف من أصناف الغدد تنتمي حديثات المونتغمري؟,ANSWER: غدد صماء,دهنية,غدد صماء,دهنية,0.44753965735435486,0.498302698135376,0.47155892848968506,Incorrect
64,ما هو العصب المحرك لعضلات اللسان؟,Answer in one concise line.,12,Answer in one concise line.,12,0.2598216235637665,0.31967857480049133,0.28665876388549805,Incorrect
73,ما هي الضفيرة التي يتفرع منها العصب الحجابي؟,line.,الرقبية,line.,الرقبية,0.527022123336792,0.5550565123558044,0.5406761169433594,Incorrect
74,من أين يفرز الأدرينالين؟,Answer in one concise line.,لب الكظر,Answer in one concise line.,لب الكظر,0.44607728719711304,0.47627153992652893,0.46068018674850464,Incorrect
75,ما هو الوريد الذي يتشكل منه الوريد الأجوف السفلي؟,ANSWER: الوريد الخصوي الأيمن,الوريدين الحرقفيين المشتركين الأيمن والأيسر,الوريد الخصوي الأيمن,الوريدين الحرقفيين المشتركين الأيمن والأيسر,0.6753928661346436,0.5933842062950134,0.6317381262779236,Incorrect
78,ما هي الطبقة الأكثر تمايزاً وكثافة في الشرايين؟,.,المتوسطة,.,المتوسطة,0.4581316113471985,0.4446701407432556,0.4513005316257477,Incorrect
79,مما ينتج هرمون T4؟,Answer in one concise line.,الدرق,Answer in one concise line.,الدرق,0.3952001631259918,0.46208813786506653,0.42603474855422974,Incorrect
85,ما هي العضلة التي ترتكز بشكل أساسي على العظم الزورقي؟,ANSWER: عضلة الزورقي,الظنبوبي الخلفي,عضلة الزورقي,الظنبوبي الخلفي,0.600111722946167,0.6349186897277832,0.6170247197151184,Incorrect
87,أين تقع المنطقة الشمية؟,ية؟,سقف الأنف,ية؟,سقف الأنف,0.6187200546264648,0.6187200546264648,0.6187200546264648,Incorrect
88,ما هو اسم الوسادة من النسيج الدهني فوق الارتفاق العاني؟,ANSWER: غشاء البريتوني,جبل العانة,غشاء البريتوني,جبل العانة,0.5393844842910767,0.5639842748641968,0.5514101386070251,Incorrect
98,أين يتوضع الكولون السيني؟,الكولون السيني؟,الناحية المغبنية اليسرى,الكولون السيني؟,الناحية المغبنية اليسرى,0.49135512113571167,0.573813259601593,0.5293925404548645,Incorrect
103,ما هو القسم من العظم الجبهي الذي يفصل بين القسمين الحجاجيين من الخلف؟,ANSWER: الحاجز الحجاجي,الثلمة الغربالية,الحاجز الحجاجي,الثلمة الغربالية,0.744701087474823,0.5781453847885132,0.6509380340576172,Incorrect
105,ما هي الفروع الانتهائية للسبات الظاهر؟,الظاهر؟,الفكي والصدغي والسطحي,الظاهر؟,الفكي والصدغي والسطحي,0.43392983078956604,0.4704192578792572,0.45143839716911316,Incorrect
113,أين يمر عصب الفك العلوي؟,العلوي؟,الثقبة المدورة,العلوي؟,الثقبة المدورة,0.5622531175613403,0.546412467956543,0.554219663143158,Incorrect
114,ما هي النقطة التشريحية على الوجه السفلي لجسم العظم الوتدي؟,ANSWER:,المنقار الوتدي,,المنقار الوتدي,0.0,0.0,0.0,Incorrect
115,ما اسم العظم الذي يتوضع كيس الدمع عليه؟,Answer in one concise line.,الدمعي أنسي الحجاج,Answer in one concise line.,الدمعي أنسي الحجاج,0.38689807057380676,0.39342963695526123,0.3901365399360657,Incorrect
116,من أين ينشأ الشريان السباتي المشترك الأيسر؟,.,قوس الأبهر مباشرة,.,قوس الأبهر مباشرة,0.4205058515071869,0.29210418462753296,0.3447369933128357,Incorrect
120,ما طول الأسهر؟,ئي,45 سم,ئي,45 سم,0.6238914728164673,0.6236166954040527,0.62375408411026,Incorrect
128,ما هو المكان الذي يعبر من خلاله الشريان السحائي الأوسط؟,ANSWER:,الثقبة الشوكية,,الثقبة الشوكية,0.0,0.0,0.0,Incorrect
138,ما هي الطية الجلدية التي تغطي رأس القضيب؟,concise line.,القلفة,concise line.,القلفة,0.47872084379196167,0.4643462300300598,0.4714239835739136,Incorrect
145,ما هي البنية التشريحية التي ترتكز على الحفرة المدورية؟,.,العضلة السدادية الظاهرة,.,العضلة السدادية الظاهرة,0.29061800241470337,0.21672262251377106,0.2482888102531433,Incorrect
147,أين يتوضع الدرز الأكليلي؟,Answer in one concise line.,يتوضع بين العظم الجبهي والجداريين.,Answer in one concise line.,يتوضع بين العظم الجبهي والجداريين.,0.47883883118629456,0.542489767074585,0.5086809396743774,Incorrect
152,ماذا يفعل الرباط المتصالب الأمامي؟,in one concise line.,يمنع انزياح الساق للأمام,in one concise line.,يمنع انزياح الساق للأمام,0.4776846766471863,0.4266892671585083,0.4507492184638977,Incorrect
157,ما العصب القحفي الذي يعبر الثقبة البيضية؟,line.,الفكي السفلي,line.,الفكي السفلي,0.49456092715263367,0.48440414667129517,0.48942986130714417,Incorrect
159,إلى أي قصبات تتفرع القصبات الفصية؟,line.,قطعية شدفية,line.,قطعية شدفية,0.5277546644210815,0.514799952507019,0.5211968421936035,Incorrect
161,أين توجد نوى الأعصاب القحفية من الثالث حتى الثاني عشر؟,ANSWER: في الجسر,جذع الدماغ,في الجسر,جذع الدماغ,0.5541046857833862,0.533106803894043,0.5434029698371887,Incorrect
166,على ماذا يحتوي البلعوم الفموي من اللوزتين؟,ANSWER: اللوزتين الفمويين,الحنكيتين,اللوزتين الفمويين,الحنكيتين,0.6126604080200195,0.6515153646469116,0.6314907670021057,Incorrect
167,على أي من وجوه الكبد يوجد مسكن المرارة؟,.,السفلي,.,السفلي,0.6012701392173767,0.6012701392173767,0.6012701392173767,Incorrect
168,ما هو العصب القحفي الثاني؟,in one concise line.,البصري - حاسي,in one concise line.,البصري - حاسي,0.43975651264190674,0.39184898138046265,0.41442281007766724,Incorrect
175,ما وظيفة العضلة تحت الكتفية؟,concise line.,دوران أنسي للكتف.,concise line.,دوران أنسي للكتف.,0.5710779428482056,0.5236363410949707,0.546329140663147,Incorrect
178,أين تتوضع المشيمة في ارتكاز المشيمة المعيب؟,one concise line.,بين الجنين والمهبل.,one concise line.,بين الجنين والمهبل.,0.5022262334823608,0.48094993829727173,0.49135786294937134,Incorrect
181,ما اسم الطبقة من السحايا التي تغطي الجيوب الوريدية؟,.,الام الجافية,.,الام الجافية,0.40577366948127747,0.34480640292167664,0.37281396985054016,Incorrect
184,ما هي الألياف التي تربط المراكز القشرية بالمحيط؟,line.,إسقاطية,line.,إسقاطية,0.49839192628860474,0.5157883763313293,0.5069409608840942,Incorrect
185,ما الذي تشكله البصلة عندما تتمادى في الأمام في جسم القضيب؟,ANSWER: رأس القضيب,الجسم الاسفنجي,رأس القضيب,الجسم الاسفنجي,0.6196034550666809,0.6838587522506714,0.6501473188400269,Incorrect
193,ما هي أكبر غدد الجسم؟,أكبر غدد الجسم؟,الكبد,أكبر غدد الجسم؟,الكبد,0.43847107887268066,0.45871952176094055,0.44836682081222534,Incorrect
194,ما هي الشرايين الخمسة التي يتفرع إليها الشريان الكلوي؟,ANSWER: الشريان الكلوي العلوي، الشريان الكلوي الأوسط، الشريان الكلوي السفلي، الشريان الكلوي الخلفي، الشريان الكلوي الأمامي.,قطعية,الشريان الكلوي العلوي، الشريان الكلوي الأوسط، الشريان الكلوي السفلي، الشريان الكلوي الخلفي، الشريان الكلوي الأمامي.,قطعية,0.2961205244064331,0.3312950134277344,0.31272178888320923,Incorrect
196,بماذا ينتهي الشريان الوجهي؟,؟,الشريان الزاوي,؟,الشريان الزاوي,0.4971509277820587,0.42454707622528076,0.4579894244670868,Incorrect
201,ما هي طبقة لب السن الأكثر عمقا والأقرب لجوهر اللب؟,line.,المنطقة الغنية بالخلايا.,line.,المنطقة الغنية بالخلايا.,0.45458388328552246,0.3874691128730774,0.41835182905197144,Incorrect
202,أين تقع فوهة مصب الجيب الأكليلي؟,Answer in one concise line.,أمام وأسفل مصب الأجوف السفلي,Answer in one concise line.,أمام وأسفل مصب الأجوف السفلي,0.4410144090652466,0.43404847383499146,0.4375036954879761,Incorrect
203,ما هي الزاوية الأمامية السفلية للعظم الجداري؟,Answer in one concise line.,وتدية,Answer in one concise line.,وتدية,0.3887665867805481,0.4555627405643463,0.4195224642753601,Incorrect
206,أي عصب هو المحرك لعضلات اللسان؟,؟,12,؟,12,0.5023375153541565,0.5023375153541565,0.5023375153541565,Incorrect
208,ما هو البروز العظمي الذي يحتوي عليه الوجه الداخلي لفرع الفك السفلي؟,ANSWER: بروز العظم الصدغي,اللسين,بروز العظم الصدغي,اللسين,0.441278874874115,0.49392932653427124,0.4661220610141754,Incorrect
209,ما هي المواد التي تفرزها الغدد استجابة للتنبيه وترحل عبر الدم؟,ANSWER: هرمونات,الهرمونات,هرمونات,الهرمونات,0.44867467880249023,0.44867467880249023,0.44867467880249023,Correct
210,ما هي الزاوية بين قبضة وجسم القص؟,القص؟,لويس,القص؟,لويس,0.5679389238357544,0.6163004040718079,0.5911321043968201,Incorrect
215,من أين يخرج العصب الفكي العلوي من الجمجمة؟,one concise line.,الثقبة المدورة,one concise line.,الثقبة المدورة,0.495769739151001,0.4431583285331726,0.46799004077911377,Incorrect
217,ما الذي يحدد المنصف العلوي جانبياً؟,Answer in one concise line.,الجنية المنصفية.,Answer in one concise line.,الجنية المنصفية.,0.45283496379852295,0.536811351776123,0.49126026034355164,Incorrect
219,ما هما الممران اللذان يمر عبرهما الهواء إلى جوف الأنف؟,ANSWER: الممران الأنفان,المنخرين,الممران الأنفان,المنخرين,0.5984257459640503,0.63216233253479,0.6148315668106079,Correct
223,أين ترتكز العضلة العريضة الظهرية؟,in one concise line.,قاع أخدود ذات الرأسين.,in one concise line.,قاع أخدود ذات الرأسين.,0.5683675408363342,0.5506113171577454,0.5593485236167908,Incorrect
225,ما هو القولون الذي يمتد بشكل أفقي؟,Answer in one concise line.,الكولون المعترض,Answer in one concise line.,الكولون المعترض,0.4434286057949066,0.47959744930267334,0.46080437302589417,Incorrect
228,كم عدد القطع العصعصية في النخاع الشوكي؟,line.,1,line.,1,0.480907142162323,0.554656445980072,0.5151556730270386,Incorrect
230,ما الطبقة التي تمثلها العضلة الدافعة في المثانة؟,concise line.,العضلية,concise line.,العضلية,0.5238264799118042,0.4860144853591919,0.5042125582695007,Incorrect
231,ما هي الخلايا التي توجد في الجلد وتعمل كمستقبلات آلية حسية؟,ANSWER: الخلايا الحسية الجلدية,خلايا ميركل.,الخلايا الحسية الجلدية,خلايا ميركل.,0.5218464136123657,0.5789928436279297,0.5489363074302673,Incorrect
235,ما اسم الكرة الصغيرة فوق قمة الغضروف؟,؟,القريني,؟,القريني,0.541914165019989,0.44506269693374634,0.48873645067214966,Incorrect
236,أين لا توجد الغدد الزهمية؟,ية؟,راحة اليد وأخمص القدم,ية؟,راحة اليد وأخمص القدم,0.6253116130828857,0.4430655539035797,0.5186446309089661,Incorrect
240,ما هو العصب المسؤول عن حركات عضلات الوجه التعبيرية؟,ANSWER: العصب الوجهي,السابع,العصب الوجهي,السابع,0.3941591680049896,0.4492441415786743,0.4199027717113495,Correct
241,ما هي الزاوية الخلفية السفلية في العظم الجداري؟,ANSWER: زاوية الجدارية السفلية,خشانية,زاوية الجدارية السفلية,خشانية,0.4251263737678528,0.5236709117889404,0.4692811071872711,Incorrect
245,ما هو الاسم الآخر لفرع الفك السفلي؟,concise line.,الرأد.,concise line.,الرأد.,0.5193823575973511,0.611603319644928,0.5617329478263855,Incorrect
253,ماذا يفعل الرباط المتصالب الأمامي؟,in one concise line.,يمنع ازياح الساق للأمام,in one concise line.,يمنع ازياح الساق للأمام,0.4884602129459381,0.4451024532318115,0.4657745063304901,Incorrect
255,ما هي الثقبة التي يعبر من خلالها العصب الوجهي؟,ANSWER: الثقبة الستية,الثقبة الإبرية الخشانية,الثقبة الستية,الثقبة الإبرية الخشانية,0.821629524230957,0.7446165084838867,0.7812296152114868,Incorrect
262,ماذا تفرز خلايا بيتا في البنكرياس؟,ANSWER: الأنسولين,الأنسولين,الأنسولين,الأنسولين,1.0,1.0,1.0,Correct
267,ما هو التامور الخارجي الذي لا يرتبط بالقلب؟,ANSWER: التامور البريتوني,التامور الليفي,التامور البريتوني,التامور الليفي,0.8287127614021301,0.7890651226043701,0.8084031343460083,Incorrect
269,ما هو القسم من الضلع الواقع بين الرأس والحديبة؟,ANSWER: القسم الوسطي,العنق,القسم الوسطي,العنق,0.5520851612091064,0.5834800601005554,0.5673485994338989,Incorrect
273,مع أي عظم يتمفصل الظنبوب في الأسفل؟,يتمفصل الظنبوب في الأسفل؟,القعب,يتمفصل الظنبوب في الأسفل؟,القعب,0.44475823640823364,0.42527350783348083,0.4347977042198181,Incorrect
277,أي من العضلات العميقة التالية للمثلث الخلفي للعنق ترتبط بحدبة الأطلس الخلفية؟,ANSWER: عضلة الصلب العلوي,المستقيمه الرأسيه الخلفيه الصغيرة,عضلة الصلب العلوي,المستقيمه الرأسيه الخلفيه الصغيرة,0.5503069758415222,0.7033222317695618,0.617476224899292,Incorrect
279,ما هو التركيب الذي يتصل بالخلف مع البلعوم الفموي عبر برزخ الحلق؟,in one concise line.,جوف الفم المخصوص,in one concise line.,جوف الفم المخصوص,0.4682033061981201,0.4521249234676361,0.4600236713886261,Incorrect
281,ما هي البنية التي تغطي السطوح الأمامي والإنسي والوحشي للخصية؟,Answer in one concise line.,الغلالة الغمدية,Answer in one concise line.,الغلالة الغمدية,0.4214257597923279,0.41884854435920715,0.42013320326805115,Incorrect
282,أين يقع موقع الغدة الدرقية؟,concise line.,تحت الحنجرة وعلى جانبي الرغامي وأمامها,concise line.,تحت الحنجرة وعلى جانبي الرغامي وأمامها,0.534325122833252,0.4278673529624939,0.4752069413661957,Incorrect
283,أين تتوضع مستقبلات الشم؟,one concise line.,سقف الأنف.,one concise line.,سقف الأنف.,0.5114649534225464,0.5604819655418396,0.5348527431488037,Incorrect
284,ما هي طبيعة هرمونات الغدة النخامية؟,ANSWER: هرمونات الببتيد,بيتيدية,هرمونات الببتيد,بيتيدية,0.48871326446533203,0.528448224067688,0.5078046321868896,Correct
285,ما هو مفصل المرفق؟,in one concise line.,نموذج رزى,in one concise line.,نموذج رزى,0.46563634276390076,0.43286144733428955,0.44865113496780396,Incorrect
286,ما هو المكان الذي تنشأ منه العضلة المدورة الكبيرة بشكل أساسي؟,ANSWER: خلف الكلم الإنتهائي,أسفل الحافة الوحشية لعظم لوح الكتف.,خلف الكلم الإنتهائي,أسفل الحافة الوحشية لعظم لوح الكتف.,0.4724780321121216,0.45218929648399353,0.46211105585098267,Incorrect
287,أين يتوضع الأبهر النازل البطني؟,Answer in one concise line.,أيسر الأجوف السفلي,Answer in one concise line.,أيسر الأجوف السفلي,0.4694916605949402,0.4844346344470978,0.4768460988998413,Incorrect
288,ما الذي يجاور السطح العلوي لمثانة الرجل؟,concise line.,عرى اللفائفي والكولون السيني,concise line.,عرى اللفائفي والكولون السيني,0.5223038196563721,0.4330953359603882,0.4735347330570221,Incorrect
289,ما هي عضلة الشهيق الرئيسية؟,يق الرئيسية؟,الحجاب الحاجز.,يق الرئيسية؟,الحجاب الحاجز.,0.40339115262031555,0.422127366065979,0.41254663467407227,Incorrect
290,ما هو ترتيب دخول التراكيب إلى سرة الكلية من الخلف للأمام؟,ANSWER:,حويضة – شريان – وريد,,حويضة – شريان – وريد,0.0,0.0,0.0,Incorrect
302,أين تشاهد التلمة الكعبرية للزند؟,Answer in one concise line.,الوجه الوحشي للناتئ المنقاري.,Answer in one concise line.,الوجه الوحشي للناتئ المنقاري.,0.4592174291610718,0.4764031171798706,0.46765244007110596,Incorrect
308,أين تتوضع الثقبة العوراء في اللسان؟,in one concise line.,خلف الكلم الإنتهائي,in one concise line.,خلف الكلم الإنتهائي,0.5063104629516602,0.46411871910095215,0.48429739475250244,Incorrect
313,ما هو أطول أجزاء الأنبوب الهضمي؟,Answer in one concise line.,المعي الدقيق,Answer in one concise line.,المعي الدقيق,0.38351234793663025,0.4343746304512024,0.4073620140552521,Incorrect
315,ما هو ترتيب العضلات من الأعلى للأسفل على الناحية الخلفية للألية؟,؟,كمثرية - توأمية علوية - سادة باطنة - توأمية سفلية,؟,كمثرية - توأمية علوية - سادة باطنة - توأمية سفلية,0.36641329526901245,0.3274593651294708,0.3458428978919983,Incorrect
325,ما هي الطبقة المبطنة للتامور الليفي؟,المبطنة للتامور الليفي؟,التامور المصلي الجداري,المبطنة للتامور الليفي؟,التامور المصلي الجداري,0.5947126746177673,0.6499871015548706,0.6211226582527161,Incorrect
330,ما هو أطول أجزاء أنبوب الهضم؟,أطول أجزاء أنبوب الهضم؟,المعي الدقيق,أطول أجزاء أنبوب الهضم؟,المعي الدقيق,0.5483958721160889,0.5217055082321167,0.5347177982330322,Incorrect
331,ما هو الهرمون الذي يسرع عملية تصنيع الأحماض الدهنية من الغلوكوز في الخلايا الشحمية؟,ANSWER: هرمون الأنسولين,الانسولين,هرمون الأنسولين,الانسولين,0.7870309352874756,0.8177131414413452,0.8020787239074707,Correct
338,ما هو الرباط الذي يربط الرحم بجدران الحوض الجانبية؟,ANSWER: رباط الرحم الجانبي,العريض,رباط الرحم الجانبي,العريض,0.06516022235155106,0.0690184086561203,0.06703384220600128,Incorrect
339,ما هو لون لب الكظر؟,الكظر؟,بني غامق,الكظر؟,بني غامق,0.574083149433136,0.574083149433136,0.574083149433136,Incorrect
347,ما الذي يشكل معظم الكتلة العضلية للسان؟,concise line.,ذقنية لسانية,concise line.,ذقنية لسانية,0.5349095463752747,0.46668827533721924,0.4984755218029022,Incorrect
349,ما هي أصغر الحليمات الذوقية وأكثرها عدداً؟,.,الخيطية,.,الخيطية,0.45654022693634033,0.4346539378166199,0.44532832503318787,Incorrect
354,ما هي العضلات الطويلة التي تربط الفقرات مع بعضها؟,ANSWER: أربطة بين الفقرات,عضلات العمود الفقري,أربطة بين الفقرات,عضلات العمود الفقري,0.49559250473976135,0.5030361413955688,0.49928659200668335,Incorrect
355,ما هو أضيق قسم في جذع الدماغ؟,concise line.,مستوى الدماغ المتوسط,concise line.,مستوى الدماغ المتوسط,0.48519065976142883,0.4325057864189148,0.457335889339447,Incorrect
358,أين يقع التلفيف خلف المركزي؟,in one concise line.,الفص الجداري.,in one concise line.,الفص الجداري.,0.5506566166877747,0.5787350535392761,0.5643467903137207,Incorrect
361,ما هي الباحة التي يحويها التلفيف خلف المركزي؟,.,الحس الجسدي الأولية,.,الحس الجسدي الأولية,0.49911075830459595,0.32185494899749756,0.39134708046913147,Incorrect
367,ما هي أصغر الحليمات الذوقية وأكثرها عدداً؟,concise line.,الخيطية,concise line.,الخيطية,0.49923741817474365,0.4865837097167969,0.4928293526172638,Incorrect
368,ما هي المجموعة العضلية التي تنتمي إليها العضلة الحرقفية؟,ANSWER: عضلة الحوض,عضلات الزنار الحوضي الأمامية,عضلة الحوض,عضلات الزنار الحوضي الأمامية,0.6835527420043945,0.6303274631500244,0.655862033367157,Incorrect
372,ما هو القسم المسؤول عن تنظيم الفعالية الحياتية الذاتية؟,concise line.,جذع الدماغ,concise line.,جذع الدماغ,0.5299156308174133,0.4839538633823395,0.5058929324150085,Incorrect
373,ما هي المادة شبيهة بالهلام التي تشغل أربعة أخماس المقلة؟,ANSWER: الهلامية,الخلط الزجاجي,الهلامية,الخلط الزجاجي,0.6759321689605713,0.6759321689605713,0.6759321689605713,Incorrect
374,أين تقع أجسام العصبونات التي تفرز الهرمون المضاد للإدرار ADH؟,ANSWER: النخامية الخلفية,الأنوية فوق البصرية,النخامية الخلفية,الأنوية فوق البصرية,0.6624407172203064,0.6112246513366699,0.6358029246330261,Incorrect
377,ما هي العضلات التي لها منشأ عظمي وترتكز على باطن جلد الوجه؟,.,عضلات الوجه التعبيرية,.,عضلات الوجه التعبيرية,0.3479038178920746,0.28912633657455444,0.3158034682273865,Incorrect
378,ما هو مصدر التروية الرئيسية للمعدة؟,ية الرئيسية للمعدة؟,فروع الجذع الزلاقي,ية الرئيسية للمعدة؟,فروع الجذع الزلاقي,0.5250751972198486,0.5507959723472595,0.5376281142234802,Incorrect
380,ما هي أطول أجزاء أنبوب الهضم؟,أنبوب الهضم؟,المعي الدقيق,أنبوب الهضم؟,المعي الدقيق,0.5686068534851074,0.6224362850189209,0.594305157661438,Incorrect
382,من أين ينشأ الجذع الرئوي؟,ذع الرئوي؟,البطين الأيمن,ذع الرئوي؟,البطين الأيمن,0.529774010181427,0.5712752342224121,0.5497425198554993,Incorrect
383,ما هو اسم المنعكس الذي يحدث عند رفع الخصية والصفن للأعلى؟,Answer in one concise line.,المشمري,Answer in one concise line.,المشمري,0.3824187219142914,0.4533279538154602,0.4148651957511902,Incorrect
389,ما هو العظم الذي يحتوي على تلم في وجهه السفلي لمرور وتر الشظية الطويلة؟,ANSWER: عظم الشظية,النردي,عظم الشظية,النردي,0.633125901222229,0.6597962379455566,0.6461859941482544,Incorrect
392,ما هي المنطقة المتوسطة من نواحي البطن؟,طة من نواحي البطن؟,السرية,طة من نواحي البطن؟,السرية,0.4003562331199646,0.4365817606449127,0.41768497228622437,Incorrect
394,ما الذي يصل بين الأذينة اليسرى والبطين الأيسر؟,ANSWER: الصمام التاجي,فوهة التاجي,الصمام التاجي,فوهة التاجي,0.715522050857544,0.6186475157737732,0.6635677218437195,Correct
395,ما الذي يعطي الرباط الحرقفي القطني منشأ له؟,ANSWER: العضلة الحرقفية,العضلة المربعة القطنية.,العضلة الحرقفية,العضلة المربعة القطنية.,0.6084336042404175,0.575343132019043,0.591425895690918,Incorrect
399,ماذا يحفز ACTH إفرازه؟,Answer in one concise line.,الكورتيزول,Answer in one concise line.,الكورتيزول,0.4195307195186615,0.5362063646316528,0.4707466959953308,Incorrect
401,ما هو أكثر أقسام الإحليل قابلية للتمدد وأعرضها؟,ANSWER: الإحليل البولي,الموثي,الإحليل البولي,الموثي,0.552595853805542,0.615236759185791,0.5822363495826721,Incorrect
402,مما يتكون الزنار الحوضي؟,Answer in one concise line.,من العظمين الوركيين و العجز.,Answer in one concise line.,من العظمين الوركيين و العجز.,0.4757843613624573,0.4706920087337494,0.4732244908809662,Incorrect
403,أين تقع الباحة الحركية الأولية؟,Answer in one concise line.,في التلفيف أمام المركزي .,Answer in one concise line.,في التلفيف أمام المركزي .,0.48504477739334106,0.5051908493041992,0.49491286277770996,Incorrect
412,ما هي العضلة المسؤولة عن قبض الفخذ وقبض الساق؟,ANSWER: عضلة الفخذية,الخياطية,عضلة الفخذية,الخياطية,0.5079495310783386,0.5988721251487732,0.5496762990951538,Incorrect
420,أين تتوضع الغدة تحت الطية اللسانية؟,in one concise line.,تحت اللسان,in one concise line.,تحت اللسان,0.3923737406730652,0.39630693197250366,0.3943305015563965,Incorrect
424,أين يتوضع السرج التركي؟,Answer in one concise line.,على الوجه العلوي لجسم العظم الوتدي.,Answer in one concise line.,على الوجه العلوي لجسم العظم الوتدي.,0.4963139295578003,0.5441875457763672,0.5191494226455688,Incorrect
426,ما هو القسم مع الضلع الواقع بين الرأس والحدبية؟,ANSWER: القسم العلوي,العنق,القسم العلوي,العنق,0.6051427721977234,0.6548138856887817,0.6289992332458496,Incorrect
443,كم عدد شدف النخاع الشوكي؟,one concise line.,31,one concise line.,31,0.35658299922943115,0.34944599866867065,0.3529784381389618,Incorrect
450,ما هي العضلة الموسعة المسؤولة عن فتح الحنجرة؟,ANSWER: العضلة الحنجرية العليا,الحلقية الطرجهالية الخلفية,العضلة الحنجرية العليا,الحلقية الطرجهالية الخلفية,0.610297441482544,0.5934197902679443,0.601740300655365,Incorrect
453,ما يُدعى القسم العلوي المتسع من الحالب؟,لوي المتسع من الحالب؟,الحويضة,لوي المتسع من الحالب؟,الحويضة,0.4292551875114441,0.5144155621528625,0.46799278259277344,Incorrect
468,أين توجد نقطة التعظم البدئية في لوح الكتف؟,البدئية في لوح الكتف؟,الحفرة تحت الشوك,البدئية في لوح الكتف؟,الحفرة تحت الشوك,0.5709364414215088,0.6175806522369385,0.5933432579040527,Incorrect
469,ما هو الشريان الذي يستمر به الشريان تحت الترقوة؟,ان تحت الترقوة؟,الابطي,ان تحت الترقوة؟,الابطي,0.4618759751319885,0.6033139228820801,0.5232048034667969,Incorrect
474,ما هو الشريان الذي يمكن الشعور بنبضه عند الحافة السفلية للفك السفلي أمام العضلة الماضغة؟,ANSWER: شريان الفك السفلي,الوجهي.,شريان الفك السفلي,الوجهي.,0.512124240398407,0.48893168568611145,0.500259280204773,Incorrect
489,ما هو الشريان الذي يعتبر الشريان المخي الخلفي فرعاً منه؟,.,القاعدي,.,القاعدي,0.3676350712776184,0.35200098156929016,0.359648197889328,Incorrect
501,ما هو أكبر أعضاء الجسم وزناً ومساحة؟,احة؟,الجلد,احة؟,الجلد,0.6192764043807983,0.6558228135108948,0.6370258331298828,Incorrect
505,ما الذي يشكله نصفا الكرة المخية مع الدماغ البيني؟,one concise line.,المخ,one concise line.,المخ,0.4017753005027771,0.3982750177383423,0.40001749992370605,Incorrect
510,ما هو اسم الحافة اليسرى للمعدة التي تمتد من الفؤاد إلى البواب؟,ANSWER: حافة البواب,الانحناء الكبير,حافة البواب,الانحناء الكبير,0.5994290113449097,0.6119422912597656,0.6056209802627563,Incorrect
515,ما هو مصدر نشأة الشريان الشوكي الأمامي؟,ANSWER: الشريان السباتي الداخلي,الفقري,الشريان السباتي الداخلي,الفقري,0.37010762095451355,0.4736124873161316,0.41551125049591064,Incorrect
517,أين يقع الثرب الصغير؟,in one concise line.,المعدة والكبد,in one concise line.,المعدة والكبد,0.45382624864578247,0.42900997400283813,0.4410693347454071,Incorrect
526,أين تقع صفيحة الأكيمات؟,concise line.,الدماغ المتوسط .,concise line.,الدماغ المتوسط .,0.5772916078567505,0.5949645042419434,0.5859948396682739,Incorrect
529,ما هي الباحة التي يحويها التلفيف خلف المركزي؟,ANSWER: حفرة بونيه,الحس الجسدي الأولية,حفرة بونيه,الحس الجسدي الأولية,0.6026642322540283,0.5645759105682373,0.5829986333847046,Incorrect
530,ما هي الألياف التي تربط المراكز القشرية بالمحيط؟,ANSWER: ألياف الحبل الشوكي,إسقاطية,ألياف الحبل الشوكي,إسقاطية,0.43334007263183594,0.481378436088562,0.4560978412628174,Incorrect
531,ما نوع المفصل الحلقي الطرجهالي؟,in one concise line.,الزليلي,in one concise line.,الزليلي,0.4012634754180908,0.4121447801589966,0.40663135051727295,Incorrect
533,ما هو رقم العصب الحركي للعضلات الماضغة؟,.,الخامس,.,الخامس,0.5820189714431763,0.5820189714431763,0.5820189714431763,Incorrect
541,كم عدد فصيصات الخصية؟,in one concise line.,250,in one concise line.,250,0.3807505667209625,0.3986530303955078,0.38949620723724365,Incorrect
548,أين ترتكز العضلة الأخمعية الخلفية بوتر رقيق؟,ANSWER: على العظم الأخمعي,الضلع الثاني.,على العظم الأخمعي,الضلع الثاني.,0.37447789311408997,0.3881748914718628,0.38120341300964355,Incorrect
554,أين يتوضع الثلم المهمازي؟,؟,الأنسي,؟,الأنسي,0.6060455441474915,0.5948882102966309,0.6004151105880737,Incorrect
557,ما هي المنطقة التي يقع بينها القسيم العضلي (sarcomere)؟,ANSWER: بين خطي زانر10000000000000000000000000000000000000000000000000000000000000000000000000000000000000000000000000000000000000000000000000000000000000000000000000000000000000000000000000000000000000000000000000000000000000000000000000000000000000000000000000000,الخطين -Z-,بين خطي زانر10000000000000000000000000000000000000000000000000000000000000000000000000000000000000000000000000000000000000000000000000000000000000000000000000000000000000000000000000000000000000000000000000000000000000000000000000000000000000000000000000000,الخطين -Z-,0.5591329336166382,0.5578551292419434,0.5584933161735535,Correct
562,ما الذي تنتجه الخلايا المجاورة للجريبات في الدرق؟,ANSWER: هرمونات الدرق,كاليستونين,هرمونات الدرق,كاليستونين,0.5579652786254883,0.5579652786254883,0.5579652786254883,Incorrect
563,ما الذي تتحول إليه الوحيدات Monocytes بعد مغادرتها الدوران؟,ANSWER: ماكروفاجات,بالعات,ماكروفاجات,بالعات,0.6413689851760864,0.6966057419776917,0.6678470969200134,Correct
568,ما هو الشريان الذي ينتهي به الشريان الوجهي؟,concise line.,الزاوي,concise line.,الزاوي,0.4815695285797119,0.47966521978378296,0.480615496635437,Incorrect
571,أين يتوضع الثلم المهمازي؟,زي؟,الانسي,زي؟,الانسي,0.6646728515625,0.6736853122711182,0.6691487431526184,Incorrect
573,ما هو العصب القحفي الذي يحمل التعصيب نظير الودي للقلب؟,ANSWER: العصب المبهم,10,العصب المبهم,10,0.3980294466018677,0.41852331161499023,0.40801918506622314,Correct
575,ما هي العضلة التي يمر العصب تحت اللساني في الناحية تحت الفك عميقاً منها؟,ANSWER: عضلة تحت اللسان,لامية لسانية.,عضلة تحت اللسان,لامية لسانية.,0.5109882354736328,0.49182364344596863,0.5012227892875671,Incorrect
576,تحت أي قسم من أقسام التشريح يندرج التنبيب الرغامي؟,Answer in one concise line.,التشريح التقني .,Answer in one concise line.,التشريح التقني .,0.4554555118083954,0.5915127992630005,0.5146436095237732,Incorrect
578,ما هي العظام التي يتشكل منها مفصل الركبة؟,بة؟,المفصل بين عظمي الفخذ والظنبوب والمفصل بين عظمي الفخذ والرضفة.,بة؟,المفصل بين عظمي الفخذ والظنبوب والمفصل بين عظمي الفخذ والرضفة.,0.323762446641922,0.29385077953338623,0.30808231234550476,Incorrect
579,ما هي الحركة الخاصة بالساعد؟,ما هي الحركة الخاصة بالساعد؟,الكب,ما هي الحركة الخاصة بالساعد؟,الكب,0.4130019545555115,0.4509153962135315,0.43112677335739136,Incorrect
582,ما الذي يحويه القسم الأمامي للثلم الأمامي الخلفي الأيسر للكبد؟,ANSWER: القسم الأمامي للثلم الأمامي الخلفي الأيسر للكبد يحوي القسم الأيسر من الكبد.,تلم الرباط الوريدي,القسم الأمامي للثلم الأمامي الخلفي الأيسر للكبد يحوي القسم الأيسر من الكبد.,تلم الرباط الوريدي,0.4342769682407379,0.44529587030410767,0.4397173821926117,Incorrect
586,ماذا تشكل الصفيحتان السفليتان للشفرين الصغيرين عند اتحادهما؟,.,لجيم البظر,.,لجيم البظر,0.3467637598514557,0.32447099685668945,0.3352472186088562,Incorrect
591,ما هي الانطباعات التي توجد على العظم الجداري؟,؟,السحائي الأوسط,؟,السحائي الأوسط,0.5201223492622375,0.37594032287597656,0.4364314377307892,Incorrect
592,ما هو العصب الحركي للعضلات الماضغة؟,غة؟,الخامس,غة؟,الخامس,0.6241149306297302,0.6414951682090759,0.6326857209205627,Incorrect
593,أين يقع الشق الحجاجي السفلي؟,لي؟,الجناح البير والفكي العلوي,لي؟,الجناح البير والفكي العلوي,0.41723310947418213,0.3990441560745239,0.4079359769821167,Incorrect
597,ما هو العضو المتخصص بتشكيل الصوت والتدخل بالدور في الكلام؟,line.,الحنجرة,line.,الحنجرة,0.565984845161438,0.5651966333389282,0.565590500831604,Incorrect
601,ما هي حركة الركبة للخلف بمستوى سهمي؟,in one concise line.,عطف,in one concise line.,عطف,0.377366840839386,0.3978695571422577,0.3873470723628998,Incorrect
603,ما هو العصب القحفي المتواسط بإفراز الغدد الدمعية واللعابية؟,ANSWER: العصب القحفي السابع,السابع,العصب القحفي السابع,السابع,0.4697874188423157,0.5216219425201416,0.4943496286869049,Correct
609,أين تتوضع الصفيحة الأفقية للعظم الغربالي؟,.,الثلمة الغربالية في العظم الدمعي.,.,الثلمة الغربالية في العظم الدمعي.,0.4233606159687042,0.2192625105381012,0.28890061378479004,Incorrect
612,ما هو لون لب الكظر؟,الكظر؟,بني غامق,الكظر؟,بني غامق,0.5740835070610046,0.5740835070610046,0.5740835070610046,Incorrect
616,ما هو وجه العظم الجبهي الذي ينتمي للقحف العصبي؟,ANSWER: وجه القحف العصبي,الداخلى,وجه القحف العصبي,الداخلى,0.42608264088630676,0.5100935697555542,0.4643186330795288,Incorrect
618,ما هو لون لب الكظر؟,الكظر؟,بني غامق,الكظر؟,بني غامق,0.5740835070610046,0.5740835070610046,0.5740835070610046,Incorrect
627,ما هي اللفافة التي تحيط بجسم القضيب؟,سم القضيب؟,بوك,سم القضيب؟,بوك,0.4377574920654297,0.529167890548706,0.47914186120033264,Incorrect
632,ما هي العضلة التي تعد من العضلات الوحشية للساق وقد تعد من العضلات الأمامية للساق؟,ANSWER: عضلة الساق الأمامية,العضلة الشظويةالثالثة,عضلة الساق الأمامية,العضلة الشظويةالثالثة,0.7367009520530701,0.5512863993644714,0.6306478381156921,Incorrect
635,ما هو أول ما يتأثر من الخلايا الكبدية في حالة الإصابة بنقص الأكسجة؟,line.,الخلايا الكبدية المركزية,line.,الخلايا الكبدية المركزية,0.4455356001853943,0.39463603496551514,0.4185440242290497,Incorrect
636,ما هي العضلات الطويلة التي تربط الفقرات مع بعضها؟,ها؟,عضلات العمود الفقري,ها؟,عضلات العمود الفقري,0.47874897718429565,0.4346906542778015,0.4556572735309601,Incorrect
640,ما هي الطية الجلدية التي تغطي رأس القضيب؟,one concise line.,القلفة,one concise line.,القلفة,0.4334152936935425,0.4099555015563965,0.421359121799469,Incorrect
644,من أين يتفرع الشريان الأكليلي الأيمن والأيسر؟,ANSWER: من الشريان التاجي الأيسر,الأبهر الصاعد,من الشريان التاجي الأيسر,الأبهر الصاعد,0.5111819505691528,0.5527178049087524,0.531139075756073,Incorrect
645,متى ينشأ برزخ الأبهر؟,Answer in one concise line.,بعد منشأ الشريان تحت الترقوة الأيسر,Answer in one concise line.,بعد منشأ الشريان تحت الترقوة الأيسر,0.4743651747703552,0.5091003179550171,0.4911193549633026,Incorrect
647,ما هو أصغر الفروع الأمامية للأبهر البطني؟,one concise line.,المساريقي السفلي,one concise line.,المساريقي السفلي,0.49308931827545166,0.5884682536125183,0.5365732908248901,Incorrect
655,ما هي الألياف التي تربط التلافيف والفصوص في نصف كرة مخية واحد؟,ANSWER: ألياف داخلية,ترابطية,ألياف داخلية,ترابطية,0.6966904401779175,0.7907610535621643,0.7407510876655579,Incorrect
656,ما هي ميزابة النبض بين أوتار العضلات؟,one concise line.,العضدية الكعبرية قابضة الرسغ الكعبرية,one concise line.,العضدية الكعبرية قابضة الرسغ الكعبرية,0.4885917603969574,0.4076106548309326,0.4444424510002136,Incorrect
657,ما هو الوريد السطحي الذي يشكل الابطي؟,in one concise line.,القاعدي,in one concise line.,القاعدي,0.37773627042770386,0.3787935972213745,0.3782641887664795,Incorrect
660,ماذا تفرز الخلايا ألفا في البنكرياس؟,in one concise line.,الفلوكاغون,in one concise line.,الفلوكاغون,0.45243093371391296,0.4431022107601166,0.44771796464920044,Incorrect
664,ما هو اسم أعمق الانخفاضات في الصيوان؟,ANSWER: الحفرة السفلية,المحار,الحفرة السفلية,المحار,0.6547194719314575,0.6098077893257141,0.6314660310745239,Incorrect
665,ما هي وظيفة هرمون الغدة جار الدرقية PTH؟,ANSWER: زيادة تركيز الكالسيوم في الدم,يرفع كالسيوم الدم,زيادة تركيز الكالسيوم في الدم,يرفع كالسيوم الدم,0.7278621196746826,0.7665402293205261,0.7467005848884583,Correct
669,ما الذي يمتد من المنخر حتى المنعر؟,concise line.,جوف الأنف,concise line.,جوف الأنف,0.5234642028808594,0.514918327331543,0.5191560983657837,Incorrect
671,ما الذي يقع بين جسم الفقرة والقوس الفقرية؟,.,الثقبة الفقرية,.,الثقبة الفقرية,0.3909420073032379,0.33508819341659546,0.3608666658401489,Incorrect
676,أين تتوضع الطية المخملة؟,نتهائي,الوجه السفلي للسان,نتهائي,الوجه السفلي للسان,0.46968746185302734,0.43301403522491455,0.4506058096885681,Incorrect
680,ما هو الهرمون الذي يفرز PTH؟,الهرمون الذي يفرز PTH؟,الغدد جارات الدرق.,الهرمون الذي يفرز PTH؟,الغدد جارات الدرق.,0.4874180257320404,0.4874117374420166,0.4874148666858673,Incorrect
683,ما هو الهرمون الذي يسرع عملية تصنيع الأحماض الدهنية من الغلوكوز في الخلايا الشحمية؟,ANSWER: هرمون الأنسولين,الأنسولين,هرمون الأنسولين,الأنسولين,0.7870310544967651,0.8177132606506348,0.8020788431167603,Correct
688,ما هي العضلات التي تعمل على توازن الرأس على الجذع؟,على الجذع؟,عضلات العنق.,على الجذع؟,عضلات العنق.,0.49941277503967285,0.4922308325767517,0.4957957863807678,Incorrect
693,من أين يخرج العصب الوجهي من الجمجمة؟,.,الثقبة الأبرية الخشائية,.,الثقبة الأبرية الخشائية,0.38191601634025574,0.32158327102661133,0.3491625189781189,Incorrect
696,ما الذي يتصل به المدورين بالخلف في الفخذ؟,ANSWER: العضلة المستقيمة الفخذية,العرف بين المدورين,العضلة المستقيمة الفخذية,العرف بين المدورين,0.58979332447052,0.3886563181877136,0.46855124831199646,Incorrect
698,أين يدخل الحالبان المثانة؟,one concise line.,الخلفي,one concise line.,الخلفي,0.3796137273311615,0.4199725091457367,0.39877456426620483,Incorrect
700,ما هي الباحة المسؤولة عن حركات العين؟,line.,8,line.,8,0.520668625831604,0.6239053606987,0.567631185054779,Incorrect
709,ما هو الشريان الذي ينشأ منه الجذع المشترك للشريان بين العظمين؟,ANSWER: الشريان السباتي الداخلي,الزندي,الشريان السباتي الداخلي,الزندي,0.49828770756721497,0.5427274703979492,0.5195590853691101,Incorrect
710,ما هو وجه عظم الترقوة الذي عليه ميزابة طولانية؟,Answer in one concise line.,الوجه السفلي,Answer in one concise line.,الوجه السفلي,0.4335269331932068,0.47045162320137024,0.4512351155281067,Incorrect
713,من أين يفرز الغلوكاغون؟,غون؟,خلايا الفا في المعثكلة,غون؟,خلايا الفا في المعثكلة,0.3972257375717163,0.4553605914115906,0.42431116104125977,Incorrect
715,ما هي الطبقة المبطنة للتامور الليفي؟,في؟,التامور المصلي الجداري,في؟,التامور المصلي الجداري,0.4217626452445984,0.42948248982429504,0.42558756470680237,Incorrect
718,ما هو معنى التوسع في نهاية الأسهر؟,ANSWER: توسع في نهاية الأسهر,مجل الأسهر,توسع في نهاية الأسهر,مجل الأسهر,0.6196025609970093,0.6394028663635254,0.629347026348114,Incorrect
720,كم عدد فقرات الجزء الصدري من العمود الفقري؟,ANSWER: 12,12,12,12,1.000000238418579,1.000000238418579,1.000000238418579,Correct
722,من أين ينتج هرمون الأستروجين؟,ANSWER: المبيض,المبيض,المبيض,المبيض,1.0000005960464478,1.0000005960464478,1.0000005960464478,Correct
739,ما هي الفروع الانتهائية للسباني الخارجي؟,ANSWER:,حنكي وصدغي سطحي,,حنكي وصدغي سطحي,0.0,0.0,0.0,Incorrect
743,ما هو مصدر التعصيب الحركي لعضلات الظهر العميقة؟,concise line.,الشعب الاوليه الظهريه,concise line.,الشعب الاوليه الظهريه,0.5433224439620972,0.47866764664649963,0.5089499354362488,Incorrect
748,ما هو الجيب الوريدي الذي يصب في الوريد الوداجي الباطن؟,ANSWER: الجيب الوريدي الصلبي,الجيب السيني,الجيب الوريدي الصلبي,الجيب السيني,0.6393880844116211,0.6021777987480164,0.6202253103256226,Incorrect
752,أين يتوضع العظم الكتفي؟,الكتفي؟,الاضلاع الثانية حتى السابعة,الكتفي؟,الاضلاع الثانية حتى السابعة,0.41456782817840576,0.48691558837890625,0.44783860445022583,Incorrect
753,ما هي المنطقة الأعمق في الغدة الكظرية؟,؟,اللب,؟,اللب,0.6575462818145752,0.6575462818145752,0.6575462818145752,Incorrect
756,ما الذي يقع بين النواة العدسية من جهة والنواة والمهاد من الجهة الأخرى؟,ANSWER: النواة الرمادية,المحفظة الداخلية.,النواة الرمادية,المحفظة الداخلية.,0.5484259128570557,0.540645956993103,0.544508159160614,Incorrect
760,ما الذي ينفتح على القرين الأنفي العلوي؟,ي؟,الجيب الوتدي,ي؟,الجيب الوتدي,0.5505965352058411,0.4752240777015686,0.5101413130760193,Incorrect
761,أين يمكن إجراء الحقن العضلي في القسم العلوي؟,Answer in one concise line.,الدالية,Answer in one concise line.,الدالية,0.3947978615760803,0.4601192772388458,0.4249630570411682,Incorrect
763,أين تتوضع الاحدوبة الدالية في العضد؟,؟,الوحشي,؟,الوحشي,0.6708132028579712,0.6708132028579712,0.6708132028579712,Incorrect
768,ما هو أكبر الجيوب جانب الأنف؟,in one concise line.,الفكي,in one concise line.,الفكي,0.3938049077987671,0.3771669268608093,0.38530638813972473,Incorrect
775,ما هو العصب المحرك لعضلات اللسان؟,.,12,.,12,0.45421576499938965,0.45421576499938965,0.45421576499938965,Incorrect
777,ما الذي يتوضع تحت الخط الضرسي اللامي؟,.,حفرة الغدة تحت الفك السفلي,.,حفرة الغدة تحت الفك السفلي,0.3068068325519562,0.24651958048343658,0.2733789086341858,Incorrect
791,ما هي الطبقة المحيطة بالقلب والمرتبطة به؟,ANSWER: غشاء التامور,التامور المصلي الحشوي,غشاء التامور,التامور المصلي الحشوي,0.7093687057495117,0.7123258113861084,0.7108442187309265,Incorrect
793,ما هو الشريان الذي ينشأ منه الشريان الزاوي؟,ANSWER: الشريان الصدغي العلوي,الشريان الوجهي,الشريان الصدغي العلوي,الشريان الوجهي,0.6553015112876892,0.6851363778114319,0.6698869466781616,Incorrect
796,ما هو تشكل الوريد المأبضي؟,one concise line.,الوريد الظنبوبي الامامي والوريد الظنبوبي الخلفي,one concise line.,الوريد الظنبوبي الامامي والوريد الظنبوبي الخلفي,0.4926522970199585,0.5699608325958252,0.5284942984580994,Incorrect
799,ما هي المنطقة الأعمق في قشر الكظر؟,one concise line.,الشبكية,one concise line.,الشبكية,0.4597601890563965,0.4401479959487915,0.44974038004875183,Incorrect
802,أين يقع التلم الوحشي؟,Answer in one concise line.,فص الجزيرة,Answer in one concise line.,فص الجزيرة,0.4275433421134949,0.46690183877944946,0.4463566243648529,Incorrect
803,أين يصب الوريد الكلوي؟,Answer in one concise line.,الأجوف السفلي,Answer in one concise line.,الأجوف السفلي,0.4677799940109253,0.4937148094177246,0.48039761185646057,Incorrect
808,أين ترتكز العضلة المدورة الصغيرة؟,Answer in one concise line.,حديبة العضد الكبرى.,Answer in one concise line.,حديبة العضد الكبرى.,0.4866396188735962,0.5177364945411682,0.5017066597938538,Incorrect
811,ما هو الجزء من البلعوم الذي يتبعه الردب الكمثري؟,ANSWER: البلعوم الحنجري,الحنجري,البلعوم الحنجري,الحنجري,0.6157585382461548,0.6722494959831238,0.64276522397995,Correct
815,كم عدد الأعصاب القحفية؟,فية؟,12 شفعًا,فية؟,12 شفعًا,0.5543539524078369,0.5534602403640747,0.5539067387580872,Incorrect
816,أين تتوضع نواة العصب العاشر؟,concise line.,البصلة,concise line.,البصلة,0.5125789642333984,0.48089563846588135,0.4962320923805237,Incorrect
817,ما هو العنصر الذي يجاور الرغامي من الخلف؟,ANSWER: الحنجرة,المري,الحنجرة,المري,0.5212645530700684,0.6254305839538574,0.5686163306236267,Incorrect
818,ما هو العصب القحفي الذي يجتاز النفق الصدري؟,ANSWER: العصب القحفي الحادي عشر,2,العصب القحفي الحادي عشر,2,0.36821797490119934,0.3110295832157135,0.337216317653656,Incorrect
819,ما هو العظم الأضخم في هيكل القدم؟,concise line.,العقب,concise line.,العقب,0.5170100927352905,0.5208712220191956,0.5189334750175476,Incorrect
822,أين يوجد النفير البلعومي السمعي؟,line.,البلعوم الانفي,line.,البلعوم الانفي,0.480769544839859,0.44765061140060425,0.4636193513870239,Incorrect
826,ما الذي يحد فتحة وينسلو من الأسفل؟,.,الإثني عشر.,.,الإثني عشر.,0.5356805324554443,0.3430105447769165,0.41822224855422974,Incorrect
830,ما يُسمى الوجه الأمامي للوح الكتف؟,line.,الحفرة تحت الكتفية,line.,الحفرة تحت الكتفية,0.4752507507801056,0.543834924697876,0.5072349905967712,Incorrect
832,ما هو الشريان الذي يروي القولون الصاعد؟,ANSWER: الشريان الكلوي العلوي,المساريقي العلوي,الشريان الكلوي العلوي,المساريقي العلوي,0.5795301795005798,0.6905405521392822,0.6301839351654053,Incorrect
834,ما هي الطية الجلدية التي تغطي رأس القضيب؟,طي رأس القضيب؟,القلفة,طي رأس القضيب؟,القلفة,0.584811806678772,0.6509660482406616,0.6161182522773743,Incorrect
835,ما يُدعى القسم العلوي المتسع من الحالب؟,سع من الحالب؟,الحويضة,سع من الحالب؟,الحويضة,0.46820732951164246,0.5349423885345459,0.4993550181388855,Incorrect
839,ما هي المنطقة الفاصلة بين الطيتين الصوتيين؟,بين الطيتين الصوتيين؟,مشق المزمار,بين الطيتين الصوتيين؟,مشق المزمار,0.5612859725952148,0.48802056908607483,0.5220955014228821,Incorrect
840,ما هي الطبقة من الكظر التي تتألف من حبال مقوسة من خلايا عمودية متقاربة؟,ANSWER: الطبقة القاعدية,الطبقة الكبيبة,الطبقة القاعدية,الطبقة الكبيبة,0.8550426959991455,0.7822777628898621,0.8170433044433594,Incorrect
841,ما هي الخلايا التي تتوضع في اللحمة بين النبيبات؟,؟,لايديغ,؟,لايديغ,0.6387045979499817,0.5873305201530457,0.6119412183761597,Incorrect
860,ما هو السطح الخلفي للفخذ تحت المدور الكبير؟,الكبير؟,الأحدوبة الأولوية,الكبير؟,الأحدوبة الأولوية,0.5285592675209045,0.4742673635482788,0.49994364380836487,Incorrect
861,ما الذي يحويه القسم الأمامي للثلم الأمامي الخلفي الأيسر للكبد؟,ANSWER: القسم الأمامي للثلم الأمامي الخلفي الأيسر للكبد يحوي القسم الأيسر من الكبد.,ثلم الرباط المدور,القسم الأمامي للثلم الأمامي الخلفي الأيسر للكبد يحوي القسم الأيسر من الكبد.,ثلم الرباط المدور,0.44994229078292847,0.5005105137825012,0.47388118505477905,Incorrect
864,ما هو الشريان الذي يروي معظم الوجه الوحشي للمخ؟,Answer in one concise line.,المخى الأوسط.,Answer in one concise line.,المخى الأوسط.,0.4317604601383209,0.5055002570152283,0.46572959423065186,Incorrect
870,ما هي المنطقة الفاصلة بين الطيتين الصوتيين؟,Answer in one concise line.,مشق المزمار,Answer in one concise line.,مشق المزمار,0.4539460241794586,0.4777223467826843,0.46553078293800354,Incorrect
872,ما هو العصب القحفي الذي يعبر الثقبة البيضية؟,in one concise line.,الفكي السفلي,in one concise line.,الفكي السفلي,0.44951939582824707,0.41951119899749756,0.4339972138404846,Incorrect
873,ما هو الهرمون الذي يسبب دفقه الشديد حدوث عملية الإباضة؟,.,LH,.,LH,0.6340149641036987,0.6197162866592407,0.626784086227417,Incorrect
876,ما هو الهرمون الذي يستهدف الدرق ويحفز إفراز الهرمون الدرقي؟,ANSWER: هرمون تحفيز الدرق,TSH,هرمون تحفيز الدرق,TSH,0.41741204261779785,0.4496847987174988,0.4329478442668915,Correct
882,ما هي أكبر عقدة مفردة من النسيج اللمفاوي؟,Answer in one concise line.,الطحال,Answer in one concise line.,الطحال,0.34970924258232117,0.4257780611515045,0.3840128183364868,Incorrect
884,ما هي العضلة الرئيسية المسؤولة عن قبض المرفق؟,؟,العضدية,؟,العضدية,0.584224283695221,0.550668478012085,0.5669503211975098,Incorrect
887,ما هي التراكيب التي توجد على حافتي اللسان وتحوي براعم ذوقية كثيرة؟,ANSWER: حواف اللسان,الورقية,حواف اللسان,الورقية,0.6026347279548645,0.6379373073577881,0.6197837591171265,Incorrect
888,ما هي الشعيرات الدموية التي تغلفها محفظة بومان؟,Answer in one concise line.,الكبيبة الكلوية,Answer in one concise line.,الكبيبة الكلوية,0.4556632936000824,0.4691067934036255,0.4622873067855835,Incorrect
891,ما هي الحافة من الفرع التي تشكل زاوية الفك السفلي؟,ANSWER: حافة الفك السفلي,الخلفية,حافة الفك السفلي,الخلفية,0.5597782731056213,0.6442837119102478,0.5990655422210693,Incorrect
904,ما الذي تغلفه العضلة البصلية الإسفنجية؟,ANSWER: غلاف العضلة البصلية الإسفنجية,بصلة القضيب,غلاف العضلة البصلية الإسفنجية,بصلة القضيب,0.5568678975105286,0.5421281456947327,0.549399197101593,Incorrect
909,من أين يخرج العصب الشوكي؟,in one concise line.,الثقبة بين الفقرية,in one concise line.,الثقبة بين الفقرية,0.45492520928382874,0.42395320534706116,0.43889346718788147,Incorrect
911,ما هي الألياف التي تعصب العضلة مصرة الحدقة؟,ANSWER: العصب القحفي الثالث,نظيرة ودية,العصب القحفي الثالث,نظيرة ودية,0.5437297821044922,0.4680500626564026,0.5030595660209656,Incorrect
915,ما هو البطين الذي يحويه الدماغ البيني داخله؟,ANSWER: البطين الثالث,الثالث,البطين الثالث,الثالث,0.7935960292816162,0.9194494485855103,0.8518996238708496,Correct
919,ما الذي يشغل الجزء العلوي من قبة القحف؟,.,العظم الجداري,.,العظم الجداري,0.3757709860801697,0.3126099109649658,0.3412928283214569,Incorrect
920,ما هو العصب الذي يعصب الغدة النكفية؟,line.,تحت اللساني,line.,تحت اللساني,0.4921048581600189,0.5084033012390137,0.5001212954521179,Incorrect
921,من أين يخرج العصب تحت اللساني؟,concise line.,النفق تحت اللساني,concise line.,النفق تحت اللساني,0.5086072683334351,0.4356343150138855,0.4693010449409485,Incorrect
922,ما هي الخلايا البالعة الكبدية؟,one concise line.,خلايا كوبفر.,one concise line.,خلايا كوبفر.,0.5505861639976501,0.5650349855422974,0.5577170252799988,Incorrect
932,أين يصب الوريد الصافن الكبير (الأنسي)؟,ANSWER: في الوريد الأجوف السفلي,الوريد الفخذي,في الوريد الأجوف السفلي,الوريد الفخذي,0.6678760051727295,0.6882315874099731,0.677901029586792,Incorrect
948,ما هو الشريان الذي يستمر به الريان تحت الترقوة؟,ANSWER: الشريان تحت الترقوي,الإبطي,الشريان تحت الترقوي,الإبطي,0.474365234375,0.5380994081497192,0.5042262673377991,Incorrect
950,ما تُدعى الردب بين عنق الرحم والمهبل؟,ANSWER:,قبو المهبل,,قبو المهبل,0.0,0.0,0.0,Incorrect
954,في أي مستوى من الفقرات الصدرية يتم التمفصل بين قبضة وجسم القص؟,سم القص؟,الرابعة.,سم القص؟,الرابعة.,0.43334829807281494,0.42450109124183655,0.42887911200523376,Incorrect
958,ما هو الرباط الذي يربط الرحم بجدران الحوض الجانبية؟,الحوض الجانبية؟,العريض,الحوض الجانبية؟,العريض,0.10336936265230179,0.12244629859924316,0.11210202425718307,Incorrect
959,ما هي العضلة التي تنشأ من الشوكة الحرقفية الأمامية العلوية وترتكز انسي الظنبوب؟,ANSWER: عضلة الورك العضدية,الخياطية,عضلة الورك العضدية,الخياطية,0.4341139793395996,0.5364393591880798,0.4798825979232788,Incorrect
964,ما هي الطبقة البطانية الرحمية التي تتعرض إلى تغيرات ملحوظة أثناء الدورة الشهرية؟,in one concise line.,الطبقة الوظيفية.,in one concise line.,الطبقة الوظيفية.,0.5200679302215576,0.5154797434806824,0.5177636742591858,Incorrect
982,ما هو موقع مستقبلات الضغط المسؤولة عن المنعكس القلبي التثبيطي؟,ANSWER: في الأذين الأيسر,الجيب السباتي.,في الأذين الأيسر,الجيب السباتي.,0.4778078496456146,0.46180638670921326,0.4696708619594574,Incorrect
985,ما هو أكبر أعضاء الجسم وزناً ومساحة؟,احة؟,الجلد,احة؟,الجلد,0.6192764043807983,0.6558228135108948,0.6370258331298828,Incorrect
988,ما هي البنية الأكثر علواً في جذر الرئة اليسرى؟,in one concise line.,الشريان الرئوي,in one concise line.,الشريان الرئوي,0.44555407762527466,0.42581820487976074,0.4354626536369324,Incorrect
994,ما هو المكان الذي يعبر من خلاله الشريان السحاني الأوسط؟,one concise line.,الثقبة الشوكية,one concise line.,الثقبة الشوكية,0.5024008750915527,0.46131765842437744,0.48098358511924744,Incorrect
995,ما هو الجوف الهوائي الذي يحوي عظيمات السمع؟,Answer in one concise line.,الأذن الوسطى,Answer in one concise line.,الأذن الوسطى,0.4294601380825043,0.4812701940536499,0.45389145612716675,Incorrect
1008,ما هي وظيفة النهايات العصبية الحرة الواردة ضمن ألياف العضلة القلبية؟,ANSWER:,الإحساس بالألم.,,الإحساس بالألم.,0.0,0.0,0.0,Incorrect
1015,ما هي الخلايا التي تخزن فيتامين A في الكبد؟,Answer in one concise line.,خلايا إيتو,Answer in one concise line.,خلايا إيتو,0.4030688405036926,0.4086706042289734,0.4058503806591034,Incorrect
1021,من أين يحمل الشريان الرئوي الدم غير المؤكسج؟,Answer in one concise line.,البطين الأيمن,Answer in one concise line.,البطين الأيمن,0.39119428396224976,0.43148887157440186,0.41035476326942444,Incorrect
1022,ما هو العصب القحفي الثاني؟,ئي,البصري - حاسي,ئي,البصري - حاسي,0.6503740549087524,0.4710659682750702,0.5463851690292358,Incorrect
1023,ما هو العظم الذي تنتمي إليه الثلمة الاسكية الصغيرة؟,لمة الاسكية الصغيرة؟,الاسك,لمة الاسكية الصغيرة؟,الاسك,0.492826908826828,0.5263580083847046,0.5090408325195312,Incorrect
1028,ما هو الغضروف المرتبط مع الحلقة الرغامية الأولى؟,الحلقة الرغامية الأولى؟,الحلقي,الحلقة الرغامية الأولى؟,الحلقي,0.5513221025466919,0.5399326682090759,0.5455679297447205,Incorrect
1035,ما هو المفصل الذي يتألف من سطحين كل منهما محدب في اتجاه ومقعر في اتجاه آخر؟,ANSWER: مفصل كروي,سرجي saddle,مفصل كروي,سرجي saddle,0.5799286961555481,0.5263192653656006,0.5518250465393066,Incorrect
1039,ما هو أكبر أعصاب الجسم؟,ئي,الوركي,ئي,الوركي,0.7141874432563782,0.6711196303367615,0.6919840574264526,Incorrect
1041,كم عدد العضلات بين العظمية الأخمصية؟,مصية؟,3,مصية؟,3,0.5120744705200195,0.557550311088562,0.5338457226753235,Incorrect
1052,أين ينتهي الأبهر النازل؟,بهر النازل؟,L4,بهر النازل؟,L4,0.44209736585617065,0.48027077317237854,0.46039411425590515,Incorrect
1062,ما هي المراكز المسؤولة عن تنسيق الفعالية الحركية وضمان الثباتية؟,ANSWER: مراكز القشرة الحركية,النوى القاعدية,مراكز القشرة الحركية,النوى القاعدية,0.619172215461731,0.5437754392623901,0.5790297389030457,Incorrect
1066,ما هو وجه العظم الجبهي الذي ينتمي للقحف العصبي؟,ANSWER: وجه القحف العصبي,الداخلي,وجه القحف العصبي,الداخلي,0.42608264088630676,0.5100935697555542,0.4643186330795288,Incorrect
1070,أين ينفتح الجيب الفكي؟,؟,الصماخ المتوسط,؟,الصماخ المتوسط,0.5390136241912842,0.49492478370666504,0.5160291790962219,Incorrect
1071,ما هو أكبر أقسام المعثكلة؟,؟,الرأس,؟,الرأس,0.6441814303398132,0.6441814303398132,0.6441814303398132,Incorrect
1077,ما هي الحدود التشريحية للحجرة الخلفية للعين؟,concise line.,القزحية في الأمام والعدسة في الخلف,concise line.,القزحية في الأمام والعدسة في الخلف,0.5100138783454895,0.5259820222854614,0.5178748369216919,Incorrect
1079,أين ترتكز العضلة الشظوية القصيرة؟,؟,قاعدة المشط الخامس,؟,قاعدة المشط الخامس,0.5204711556434631,0.41745585203170776,0.4633062481880188,Incorrect
1083,ما هي المنطقة في الحنجرة التي تشمل الطيتين الصوتيتين والمسافة بينهما؟,ANSWER: الحنجرة,المزمار,الحنجرة,المزمار,0.6295008063316345,0.6673030853271484,0.6478509306907654,Incorrect
1085,أين تقع الوهدة في البلعوم؟,وم؟,الفموي,وم؟,الفموي,0.4731416702270508,0.47147297859191895,0.47230586409568787,Incorrect
1086,ما هي الغدة التي تتوضع تحت الطية اللسانية؟,Answer in one concise line.,اللسان,Answer in one concise line.,اللسان,0.3268105983734131,0.4223380386829376,0.3684837818145752,Incorrect
1102,ما هو العصب الذي ينتقل عبره الحس غير العام (حس الذوق) من الثلث الأمامي للسان؟,ANSWER: العصب اللساني البلعومي,العصب الوجهي.,العصب اللساني البلعومي,العصب الوجهي.,0.6915673017501831,0.6830993890762329,0.6873072385787964,Incorrect
1106,ماذا يروي المساريقي العلوي؟,روي المساريقي العلوي؟,الأمعاء الدقيقة,روي المساريقي العلوي؟,الأمعاء الدقيقة,0.5604276657104492,0.468520849943161,0.5103696584701538,Incorrect
1123,ما هي المنطقة الأعمق من قشر الكظر؟,عمق من قشر الكظر؟,المنطقة الشبكية,عمق من قشر الكظر؟,المنطقة الشبكية,0.49340584874153137,0.5034878253936768,0.4983958899974823,Incorrect
1126,ما هي الفقرة التي تحتوي على ثقبة فقرية كبيرة ومثلثية الشكل؟,Answer in one concise line.,الفقرة الرقبية,Answer in one concise line.,الفقرة الرقبية,0.4376717209815979,0.4522835314273834,0.444857656955719,Incorrect
1127,ما هو لون قشر الكظر؟,قشر الكظر؟,مائل للصفرة,قشر الكظر؟,مائل للصفرة,0.49492013454437256,0.5015827417373657,0.49822914600372314,Incorrect
1130,ما هو النسيج الضام الليفي الذي يرتكز حول السطوح المفصلية؟,ANSWER: غشاء المفصل,المحفظة المفصلية,غشاء المفصل,المحفظة المفصلية,0.6671340465545654,0.6120656728744507,0.6384145021438599,Correct
1137,كم عدد شدف النخاع الشوكي؟,كي؟,31,كي؟,31,0.5431132316589355,0.5628304481506348,0.5527960658073425,Incorrect
1151,ما هو التصريف اللمفاوي للثلث الخلفي للسان؟,concise line.,العقد الرقبيه العميقه,concise line.,العقد الرقبيه العميقه,0.5234382748603821,0.43804389238357544,0.47694891691207886,Incorrect
1153,ما هي الغدة التي تقوم بإفراز الميلاتونين؟,بإفراز الميلاتونين؟,الخاليا الصنوبرية.,بإفراز الميلاتونين؟,الخاليا الصنوبرية.,0.48365065455436707,0.4781622588634491,0.48089078068733215,Incorrect
1156,ما هو الشريان الذي له انطباعات على الوجه الداخلي للعظم الصدغي وهو فرع من أي شريان؟,line.,الفكي,line.,الفكي,0.5229028463363647,0.5483139753341675,0.535306990146637,Incorrect
1160,ما هو التصنيف الذي يمكننا من معرفة العضلات التي تشارك في كل مرحلة مفصلية وتطبيق ذلك أثناء الفحص؟,ANSWER: التصنيف العضلي,وظيفي.,التصنيف العضلي,وظيفي.,0.6010918617248535,0.590363621711731,0.5956794619560242,Incorrect
1162,ما هي الشرايين التي تسير بين الفصوص بإتجاه القشرة على كل جانب من جانبي الهرم الكلوي؟,ANSWER: شرايين القشرة الكلوية,الشرايين بين الفصوص,شرايين القشرة الكلوية,الشرايين بين الفصوص,0.6882644891738892,0.6208568811416626,0.6528252363204956,Incorrect
1200,ما هو الدواء الأمثل لبدء التخدير لمريض مصاب بنزف حاد؟,concise line.,كيتامين,concise line.,كيتامين,0.4915071129798889,0.466100811958313,0.4784669280052185,Incorrect
1205,ما هو المخدر الذي يتميز بالمباشرة والصحو السريعين؟,؟,الديسفلوران,؟,الديسفلوران,0.5496754050254822,0.456922709941864,0.49902570247650146,Incorrect
1211,ما هو الدواء الأمثل لبدء التخدير لمريض مصاب بنزف رضي حاد؟,.,كيتامين,.,كيتامين,0.4515184462070465,0.43731489777565,0.4443031847476959,Incorrect
1219,ما هو المرخي العضلي الأمثل لتسهيل تنبيب مريض ذي خطورة عالية للاستنشاق؟,ANSWER: Succinylcholine100% of the proceeds from the sale of this book will be donated to the American Red Cross to help the victims of Hurricane Katrina.,السوكسنيل كولين,Succinylcholine100% of the proceeds from the sale of this book will be donated to the American Red Cross to help the victims of Hurricane Katrina.,السوكسنيل كولين,0.5089471936225891,0.6486724019050598,0.5703773498535156,Correct
1222,ما هو الترياق المناسب للتسمم بالمورفين؟,هائي,A. النالوكسون,هائي,A. النالوكسون,0.6606807708740234,0.6084204316139221,0.633474588394165,Incorrect
1270,ما الذي يشير إليه بقاء عيني المريض مفتوحتين مع رأرأة خفيفة وحركات غير هادفة بعد إعطائه جرعة من الكيتامين؟,ANSWER:,أن الجرعة السابقة مركنة ومخدرة,,أن الجرعة السابقة مركنة ومخدرة,0.0,0.0,0.0,Incorrect
1273,ما هو الدواء المنتخب للإرخاء العضلي والتنبيب لمريض يعاني من قصور كلوي ويحتاج لعملية إسعافية؟,concise line.,اتراكوريوم,concise line.,اتراكوريوم,0.5533062815666199,0.6379740238189697,0.5926313400268555,Incorrect
1275,ما هو المرخي العضلي المفضل استعماله لمريض سيخضع لجراحة إسعافية ويعاني من قصور كلوي؟,Answer in one concise line.,B. أتراكوريوم,Answer in one concise line.,B. أتراكوريوم,0.4454668462276459,0.5440577864646912,0.48985081911087036,Incorrect
1296,ماذا يفكك الببسين؟,لم الإنتهائي,البروتين,لم الإنتهائي,البروتين,0.4545951783657074,0.5559303164482117,0.5001818537712097,Incorrect
1309,ما التعبير الصحيح لوصف جزيئات الإيثين في تفاعل تشكيل البولي إيثين؟,concise line.,مونوميرات (موحودات),concise line.,مونوميرات (موحودات),0.5086961388587952,0.5536972880363464,0.5302436351776123,Incorrect
1351,ماذا يسبب عوز إنزيم البيروفات كيناز؟,البيروفات كيناز؟,فقر دم انحلالي,البيروفات كيناز؟,فقر دم انحلالي,0.5008991360664368,0.5034447908401489,0.5021687150001526,Incorrect
1354,ماذا ندعو آلية تفاعل الكلور مع البروبان في ضوء الشمس لإنتاج 1-كلورو بروبان؟,ANSWER: تفاعل راديكالي,استبدال الجذور الحرة,تفاعل راديكالي,استبدال الجذور الحرة,0.5748738050460815,0.5368862152099609,0.5552310347557068,Correct
1356,ما هي الاسطوانات المنحنية التي تكون سهلة التمييز لمحتواها الكاسر للضوء؟,ANSWER:,شمعية,,شمعية,0.0,0.0,0.0,Incorrect
1359,ما هي الحموض الأمينية المشحونة سلبياً؟,ونة سلبياً؟,اسباريتك,ونة سلبياً؟,اسباريتك,0.4352453351020813,0.42175841331481934,0.4283957779407501,Incorrect
1362,ما هي أعراض عوز فيتامين البيوتين؟,ين البيوتين؟,من أعراضه التخلف العقلي.,ين البيوتين؟,من أعراضه التخلف العقلي.,0.39869076013565063,0.39985865354537964,0.3992738723754883,Incorrect
1363,ما هي مفرزات الصفراء؟,ما هي مفرزات الصفراء؟,الأملاح الصفراوية.,ما هي مفرزات الصفراء؟,الأملاح الصفراوية.,0.4626268744468689,0.4711838364601135,0.4668661653995514,Incorrect
1366,ما هي خصائص الشجرة الوراثية لخلة متنحية جسدية فيها الأبوين مصابين؟,ANSWER: 100% مصابين,كل الأبناء مصابين,100% مصابين,كل الأبناء مصابين,0.6283737421035767,0.6305654644966125,0.6294676661491394,Correct
1369,ما هي النواتج المتشكلة عند تفاعل معدن الصوديوم مع الإيثانول؟,.,اوكسيد الصوديوم وهيدروجين,.,اوكسيد الصوديوم وهيدروجين,0.4026334583759308,0.36825698614120483,0.38467875123023987,Incorrect
1370,ما هي خصائص أنزيم RNA Polymerase؟,زيم RNA Polymerase؟,يشكل الروابط التكافؤية الإستيرية.,زيم RNA Polymerase؟,يشكل الروابط التكافؤية الإستيرية.,0.5940053462982178,0.464139461517334,0.5211032032966614,Incorrect
1372,ما هو النكليوتيد في جزيء DNA؟,زيء DNA؟,يمكن أنيرتبط به أكثر من مجموعة فوسفات واحدة.,زيء DNA؟,يمكن أنيرتبط به أكثر من مجموعة فوسفات واحدة.,0.40713420510292053,0.34235334396362305,0.3719441890716553,Incorrect
1374,ما هو فيتامين البيوتين؟,ANSWER: خلف الكلم الإنتهائي,يصنع من قبل الجراثيم المعوية,خلف الكلم الإنتهائي,يصنع من قبل الجراثيم المعوية,0.5113663673400879,0.524307906627655,0.5177562832832336,Incorrect
1375,ما هي حالة عدم تحمل اللاكتوز؟,ANSWER: خلف الكلم الإنتهائي,من أسبابها الإسهالات الشديدة,خلف الكلم الإنتهائي,من أسبابها الإسهالات الشديدة,0.45943886041641235,0.5202552080154419,0.4879593849182129,Incorrect
1403,ما هو اسم الاستر المتشكل عندما يتفاعل الميتانول مع حمض البوتانوئيك بوجود بضع قطرات من حمض الكبريت المركز؟,ANSWER: ميثيل بوتيريت,بوتانوات الميتيل,ميثيل بوتيريت,بوتانوات الميتيل,0.6798305511474609,0.5797303915023804,0.6258028745651245,Correct
1437,ما هو سبب الوفاة لدى مرض التلاسيميا؟,نتهائي,تراكم الحديد,نتهائي,تراكم الحديد,0.6109676957130432,0.6560050249099731,0.6326858401298523,Incorrect
1454,ما هي الصبغيات التي يوجد فيها الكروماتين المغاير؟,ين المغاير؟,1,ين المغاير؟,1,0.4266655445098877,0.5102911591529846,0.4647464454174042,Incorrect
1460,ما المركب الذي ينقص منه نتيجة التأخر في فصل البلازما أو المصل من الكريات في الدم؟,.,الغلوكوز.,.,الغلوكوز.,0.5082043409347534,0.306903213262558,0.38269683718681335,Incorrect
1503,ما هو المركب الذي يستخدم كزمرة ملحقة لجميع الإنزيمات الناقلة الزمرة الأمين؟,ANSWER: كوفاكس1000000000000000000000000000000000000000000000000000000000000000000000000000000000000000000000000000000000000000000000000000000000000000000000000000000000000000000000000000000000000000000000000000000000000000000000000000000000000000000000000000000,البيرودوكسال فوسفات,كوفاكس1000000000000000000000000000000000000000000000000000000000000000000000000000000000000000000000000000000000000000000000000000000000000000000000000000000000000000000000000000000000000000000000000000000000000000000000000000000000000000000000000000000,البيرودوكسال فوسفات,0.3852449655532837,0.3221537172794342,0.35088586807250977,Incorrect
1508,ما هو العلاج الثاني لمرض الثلاسيميا بيتا؟,يميا بيتا؟,زرع نقي عظام,يميا بيتا؟,زرع نقي عظام,0.4990937411785126,0.5012017488479614,0.5001454949378967,Incorrect
1554,ما هو الاضطراب الذي يتميز بفرط شديد في بيليروبين المصل غير المرتبط وعوز جزئي في UDPGT؟,ANSWER: عوز UDPGT,كريجلر نجار,عوز UDPGT,كريجلر نجار,0.5949973464012146,0.5602085590362549,0.5770791172981262,Incorrect
1577,ما هو سبب الوفاة لدى مرضى التلاسيميا؟,وفاة لدى مرضى التلاسيميا؟,تراكم الحديد,وفاة لدى مرضى التلاسيميا؟,تراكم الحديد,0.4316883683204651,0.5022962093353271,0.46432334184646606,Incorrect
1581,ماذا يسبب عوز الثيامين الشديد؟,ئي,البري بري,ئي,البري بري,0.6531288027763367,0.6460973620414734,0.6495940685272217,Incorrect
1591,كم يبلغ عدد الجينات التي تشفر لجزيئات الرنا الأصغري miRNAs في مجين الإنسان؟,؟,125,؟,125,0.7076634168624878,0.7076634168624878,0.7076634168624878,Incorrect
1600,أين يتم اصطناع الدقائق الكيلوسية؟,in one concise line.,الأمعاء,in one concise line.,الأمعاء,0.43448787927627563,0.42505866289138794,0.42972153425216675,Incorrect
1616,ما هو الإنزيم الذي يتم بوساطته ربط شدف أوكازاكي؟,ANSWER: DNA ligase10000000000000000000000000000000000000000000000000000000000000000000000000000000000000000000000000000000000000000000000000000000000000000000000000000000000000000000000000000000000000000000000000000000000000000000000000000000000000000000000000000000,أنزيم الليغاز,DNA ligase10000000000000000000000000000000000000000000000000000000000000000000000000000000000000000000000000000000000000000000000000000000000000000000000000000000000000000000000000000000000000000000000000000000000000000000000000000000000000000000000000000000,أنزيم الليغاز,0.5094896554946899,0.4841124415397644,0.4964769780635834,Correct
1617,ما هو أكثر الأنزيمات فعالية تحفيزية في جسم الإنسان؟,line.,كاربونيك انهيدراز.,line.,كاربونيك انهيدراز.,0.5812145471572876,0.49161800742149353,0.53267502784729,Incorrect
1619,ما هو الشكل الفعال لفيتامين B6؟,Answer in one concise line.,البيريدوكسال فوسفات,Answer in one concise line.,البيريدوكسال فوسفات,0.46562808752059937,0.45823925733566284,0.4619041383266449,Incorrect
1669,ما هو الموقع الطبيعي للجين الورمي ABL؟,.,9q34,.,9q34,0.6358734965324402,0.5912307500839233,0.6127400398254395,Incorrect
1694,كم عدد طبقات الفوسفولبيد في المذيلة؟,ANSWER: طبقتان,3,طبقتان,3,0.5840368270874023,0.6165041327476501,0.5998314023017883,Incorrect
1695,ما هو التركيب الذي يدخل فيه الكولاجين 4؟,ANSWER: غشاء القاعدة,الغشاء القاعدي .,غشاء القاعدة,الغشاء القاعدي .,0.6275342702865601,0.5745992660522461,0.5999013185501099,Correct
1696,ما الذي تؤدي إليه استلة الهيستونات؟,line.,تفعيل الانتساخ.,line.,تفعيل الانتساخ.,0.5561885833740234,0.5388107299804688,0.5473617911338806,Incorrect
1707,ما هي الخصائص التي تتميز بها شجرة النسب الحاوية على حالة وراثة متعلقة بالمتقدرات والأم فقط فيها مصابة؟,ANSWER: شجرة النسب المتعلقة بالمتقدرات والأم فقط فيها مصابة,كل الأولاد مصابون.,شجرة النسب المتعلقة بالمتقدرات والأم فقط فيها مصابة,كل الأولاد مصابون.,0.5211771130561829,0.46940702199935913,0.49393925070762634,Incorrect
1715,ما هو الحمض الأميني الذي تتم أستلة الهستونات له؟,تتم أستلة الهستونات له؟,اللوسين,تتم أستلة الهستونات له؟,اللوسين,0.3998624384403229,0.3574164807796478,0.3774498999118805,Incorrect
1740,ما هي المكونات التي تتألف منها الفوسفولبيدات بالإضافة إلى حمضين دسمين والفوسفات؟,in one concise line.,الغليسرول .,in one concise line.,الغليسرول .,0.5059913396835327,0.5415306091308594,0.523158073425293,Incorrect
1741,ما هي الوظيفة الوحيدة لسيغما في إنزيم بوليمراز RNA البكتيري؟,يري؟,التعرف على المحضض.,يري؟,التعرف على المحضض.,0.4042336344718933,0.38043075799942017,0.3919711410999298,Incorrect
1746,ما هي الأجزاء التي تتبادل بينها الإشارات الجزيئية التي يعتمد عليها ضبط النظام الخلوي الجذعي؟,ANSWER:,الخلايا الجذعية وذريتها والنسج المحيطة .,,الخلايا الجذعية وذريتها والنسج المحيطة .,0.0,0.0,0.0,Incorrect
1755,ما تدعى البروتينات المشكلة لمعقدات الثقوب النووية؟,وب النووية؟,النكليوبورين .,وب النووية؟,النكليوبورين .,0.45349371433258057,0.43524596095085144,0.44418248534202576,Incorrect
1756,كيف تتم إزالة المتقدرات الحاوية على طفرات بالية؟,الحاوية على طفرات بالية؟,الجيني الاختناق.,الحاوية على طفرات بالية؟,الجيني الاختناق.,0.4609997570514679,0.4794713258743286,0.47005414962768555,Incorrect
1760,ما هو عامل الإطلاق في حقيقيات النوى؟,هو عامل الإطلاق في حقيقيات النوى؟,RF2,هو عامل الإطلاق في حقيقيات النوى؟,RF2,0.36733028292655945,0.3110445737838745,0.33685237169265747,Incorrect
1818,ما هي الروابط التي تربط سلسلتي عديدي النكليوتيد مع بعضهما البعض؟,ANSWER: روابط هيدروجينية,هيدروجينية.,روابط هيدروجينية,هيدروجينية.,0.7434248328208923,0.5972403287887573,0.6623626947402954,Correct
1823,ما هي خصائص الشجرة الوراثية لخلة متنحية فيها الأبوين مصابين؟,.,كل الأبناء مصابين.,.,كل الأبناء مصابين.,0.3832756578922272,0.3094676434993744,0.342439740896225,Incorrect
1851,ما هو أكبر مستوى من المستويات التراتبية للحياة؟,للحياة؟,المنظومة البيئية .,للحياة؟,المنظومة البيئية .,0.44127899408340454,0.4412040710449219,0.4412415325641632,Incorrect
1861,ما هو الحمض الأميني الذي تبدأ به جميع عديدات الببتيد في بدائيات النوى؟,ANSWER: ميثيونين,المعدل الميثيونين.,ميثيونين,المعدل الميثيونين.,0.6453668475151062,0.6722654104232788,0.6585415601730347,Correct
1862,ما الذي يدل عليه تقدير نسبة تنوع النمط الظاهري لخلة ما بسبب الاختلافات الجينية؟,ANSWER: التباين الجيني,قابلية الانتقال بالوراثة.,التباين الجيني,قابلية الانتقال بالوراثة.,0.49367648363113403,0.4307301938533783,0.4600602388381958,Incorrect
1866,ما هي الآلية التي تضمن للخلية الجذعية استمرارها إلى ما لا نهاية؟,one concise line.,التجديد الذاتي,one concise line.,التجديد الذاتي,0.4519428014755249,0.42335638403892517,0.43718278408050537,Incorrect
1868,ما هو الحمض الأميني الذي نتج عن ترجمة أول جزيء رنا مرسال صنعي؟,line.,الهستيدين,line.,الهستيدين,0.49249064922332764,0.46554258465766907,0.4786376357078552,Incorrect
1869,ما هي الإنزيمات التي تقوم القلنسوة بحماية سلسلة الرنا من التدرك بها؟,.,الليغاز,.,الليغاز,0.48582518100738525,0.4555049538612366,0.4701767563819885,Incorrect
1871,ما هو مقدار المادة الوراثية التي يتشاركها أقرباء من الدرجة الثانية مع المستلفت؟,لفت؟,سدس مادتهم الوراثية,لفت؟,سدس مادتهم الوراثية,0.4682243764400482,0.36769843101501465,0.4119168817996979,Incorrect
1881,أين يلتحم الغشاءان النوويان؟,أين يلتحم الغشاءان النوويان؟,معدات الثقوب النووية .,أين يلتحم الغشاءان النوويان؟,معدات الثقوب النووية .,0.5722105503082275,0.5171307325363159,0.543278157711029,Incorrect
1903,ما هي النتائج المتوقعة في حال إصابة أب بصفة تخضع لوراثة متنحية مرتبطة بالصبغي X؟,one concise line.,ينقل الصفة فقط لبناته,one concise line.,ينقل الصفة فقط لبناته,0.4751272201538086,0.3994719982147217,0.43402743339538574,Incorrect
1923,ما هي النظرية التي تفسر ظهور المتقدرات والصانعات بإدخال جراثيم داخل الخلايا تقوم بالفسفرة والتركيب الضوئي؟,ANSWER:,فرضية التعايش الداخلي,,فرضية التعايش الداخلي,0.0,0.0,0.0,Incorrect
1933,ماذا يسبب وجود الألائل السائد في الأنماط الجينية المختلفة التالية RRYY و RrYy و RRYy و RrYY؟,ANSWER: لون زهرة أحمر,نمط ظاهري جديد,لون زهرة أحمر,نمط ظاهري جديد,0.4872649908065796,0.630415678024292,0.5496730804443359,Incorrect
1950,ما هو المكان الذي توجد فيه أكبر نسبة للبروتينات في أغشية خلايا الجسم؟,خلايا الجسم؟,الغشاء الخلوي للصانعات الخضراء .,خلايا الجسم؟,الغشاء الخلوي للصانعات الخضراء .,0.534397304058075,0.48232078552246094,0.5070253610610962,Incorrect
1951,ما هو المسؤول عن إزالة مشراع الرنا قرب انتهاء تنسخ الدنا واستبدالها بنكليوتيدات الدنا؟,.,بوليميراز الدنا من النمط الأول,.,بوليميراز الدنا من النمط الأول,0.35990282893180847,0.2646762728691101,0.3050301969051361,Incorrect
1953,ما الذي ترتبط به الصبيغيات الشقيقة على أنيبيبات مغزل الانقسام؟,قسام؟,الجسيم الحركي .,قسام؟,الجسيم الحركي .,0.5206679701805115,0.4912990927696228,0.5055573582649231,Incorrect
1985,ما المميز بشجرة النسب الحاوية على حالة وراثة متعلقة بالمتقدرات والتي تكون فيها الأم فقط مصابة؟,ANSWER:,الاولاد كلهم مصابون.,,الاولاد كلهم مصابون.,0.0,0.0,0.0,Incorrect
1989,ما هو الاختلاف بين الانترونات والاكسونات؟,ونات والاكسونات؟,لا تترجم إلى بروتين.,ونات والاكسونات؟,لا تترجم إلى بروتين.,0.4715087413787842,0.3637174963951111,0.41065752506256104,Incorrect
1991,ما الذي تمثله الخطوط الأفقية التي ترسم أعلى الدوائر والمربعات في شجرة النسب؟,line.,التواءم,line.,التواءم,0.5289266109466553,0.48918405175209045,0.5082796216011047,Incorrect
1998,علام تحتوي الخلايا التي يعبر عنها مصطلح الهيولي المتغايرة؟,يرة؟,متقدرات سليمة وطافرة,يرة؟,متقدرات سليمة وطافرة,0.5015956163406372,0.5103678703308105,0.5059437155723572,Incorrect
2001,ما هي الطرق التي يمكن من خلالها تمييز الصبغيات بعضها عن بعض؟,Answer in one concise line.,النمط الجيني,Answer in one concise line.,النمط الجيني,0.4124068021774292,0.45930853486061096,0.4345959424972534,Incorrect
2006,ما هو التعبير الذي يُستخدم للطاقة الكامنة المختزنة في مدروج للشحنات الكهربائية؟,ANSWER: طاقة كهروستاتيكية,بالكمون الكهربائي.,طاقة كهروستاتيكية,بالكمون الكهربائي.,0.6560023427009583,0.4920077919960022,0.5622916221618652,Incorrect
2010,ما الذي تتشكل منه الأرجل الصفائحية؟,رجل الصفائحية؟,الأكتين.,رجل الصفائحية؟,الأكتين.,0.4708973169326782,0.49467945098876953,0.4824954867362976,Incorrect
2022,ما هي الرابطة في البنية الثانوية للحمض النووي؟,؟,هيدروجينية,؟,هيدروجينية,0.46128785610198975,0.5602720379829407,0.505984365940094,Incorrect
2025,ما نوع الجينات التي تعد جينات الرنا الريباسي منها؟,Answer in one concise line.,الخدمية.,Answer in one concise line.,الخدمية.,0.46144601702690125,0.5546108484268188,0.5037571787834167,Incorrect
2039,ما هو عدد الصبغيات المأشوبة إذا حدث تأشيب في 80 انقسام؟,ANSWER: 160,320,160,320,0.8994259238243103,0.8994259238243103,0.8994259238243103,Incorrect
2045,ما هي العملية التي يتم بها تكوين متعضية تشبه الأبوين من بيضة مخصبة؟,ANSWER: تكوين متعضية تشبه الأبوين من بيضة مخصبة: تكوين متعضية تشبه الأبوين من بيضة مخصبة.,التنامي الجنيني,تكوين متعضية تشبه الأبوين من بيضة مخصبة: تكوين متعضية تشبه الأبوين من بيضة مخصبة.,التنامي الجنيني,0.4834773540496826,0.4511992335319519,0.4667809307575226,Incorrect
2055,على من يظهر الاحلال الوراثي في الوراثة الجنسية المناحية؟,one concise line.,على الذكور والإناث من الأبناء,one concise line.,على الذكور والإناث من الأبناء,0.4711322784423828,0.504410982131958,0.48720401525497437,Incorrect
2058,ما هو المجهر الذي يدرس السطح الطبوغرافي؟,الطبوغرافي؟,مجهر القوة الذرية .,الطبوغرافي؟,مجهر القوة الذرية .,0.41410738229751587,0.3832676410675049,0.3980911374092102,Incorrect
2068,ما هي البنى السيتوبلازمية المغلفة بغشاء واحد على الأقل؟,قل؟,العضبيات,قل؟,العضبيات,0.5652228593826294,0.5652228593826294,0.5652228593826294,Incorrect
2078,ما هي خصائص شجرة النسب الحاوية على حالة وراثة متعلقة بالمتقدرات والوالدين فيها مصابين؟,ANSWER: شجرة النسب المتجانسة,الأولاد كلهم مصابون.,شجرة النسب المتجانسة,الأولاد كلهم مصابون.,0.4680825471878052,0.3555663228034973,0.4041391909122467,Incorrect
2088,ما الذي تختلف به الأحماض الأمينية عن بعضها؟,ض الأمينية عن بعضها؟,المجموعة الكربوكسيلية,ض الأمينية عن بعضها؟,المجموعة الكربوكسيلية,0.4238823652267456,0.4246353507041931,0.4242585003376007,Incorrect
2090,ما الذي يشير إليه المربع الصغير المملوء في شجرة الوراثة؟,ANSWER: ذكر,طفل مصاب,ذكر,طفل مصاب,0.4309539496898651,0.42426618933677673,0.4275839030742645,Incorrect
2103,ما هو سبب حدوث التلاسيميا بيتا؟,Answer in one concise line.,خلة جسدية متنحية.,Answer in one concise line.,خلة جسدية متنحية.,0.5138719081878662,0.5361462831497192,0.5247728228569031,Incorrect
2105,ماذا يؤدي وجود التربتوفان في مشغل التيربتوفان؟,.,تثبيط انتساخ الجينات,.,تثبيط انتساخ الجينات,0.3284992277622223,0.2520129084587097,0.2852172553539276,Incorrect
2115,ما الذي تساعد عليه حلقة الأكتين المتقلصة؟,in one concise line.,انقسام النواة,in one concise line.,انقسام النواة,0.4356238543987274,0.4230267405509949,0.4292329251766205,Incorrect
2121,ما الذي يدل عليه المعين في شجرة النسب؟,ما الذي يدل عليه المعين في شجرة النسب؟,الفرد مات في مرحلة مبكرة,ما الذي يدل عليه المعين في شجرة النسب؟,الفرد مات في مرحلة مبكرة,0.5051495432853699,0.609117865562439,0.5522832274436951,Incorrect
2123,كم عدد الجينات المسؤولة عن الاصطناع الحيوي للحمض الأميني التربتوفان في جينوم بكتيريا E.Coli؟,ANSWER: 5 جينات,6,5 جينات,6,0.5783298015594482,0.6827176213264465,0.626203179359436,Incorrect
2125,ما هي وظيفة حويصلات كوب ٢؟,الإنتهائي,النقل التقدمى من الشبكة البلازمية الى مدخل غولجي فقط .,الإنتهائي,النقل التقدمى من الشبكة البلازمية الى مدخل غولجي فقط .,0.3885081708431244,0.3602569103240967,0.3738495409488678,Incorrect
2138,ما هو معدل الحاملين في مجتمع إذا كان انتشار مرض التالاسيميا معروفاً في ذلك المجتمع؟,ذلك المجتمع؟,50M,ذلك المجتمع؟,50M,0.34218737483024597,0.36677348613739014,0.3540540933609009,Incorrect
2139,أين تجري عملية التمثيل الضوئي؟,هائي,الصائعات الخضراء,هائي,الصائعات الخضراء,0.6729592084884644,0.5953717231750488,0.6317923069000244,Incorrect
2154,ماذا يحدث عند انخفاض نسبة الكوليسترول في الغشاء الخلوي؟,سترول في الغشاء الخلوي؟,تزداد مرونة الغشاء.,سترول في الغشاء الخلوي؟,تزداد مرونة الغشاء.,0.5047608613967896,0.4708859920501709,0.48723533749580383,Incorrect
2166,أين يتحد الغشاءان النوويان الداخلي والخارجي؟,النوويان الداخلي والخارجي؟,معقدات الثقوب النووية,النوويان الداخلي والخارجي؟,معقدات الثقوب النووية,0.4672665596008301,0.48579275608062744,0.4763495922088623,Incorrect
2167,كم عدد القواعد الآزوتية اللازمة لإنتاج بروتين الأنسولين المكوّن من 51 حمض أميني إنتاجاً كاملاً؟,ANSWER: 153,153,153,153,0.9999998807907104,0.9999998807907104,0.9999998807907104,Correct
2170,ما هي الترسبات الصباغية التي تحوي بروتين الفيرتين؟,؟,حبيبات هيمرسيدرين,؟,حبيبات هيمرسيدرين,0.40702739357948303,0.3287079930305481,0.3636991083621979,Incorrect
2179,ما هو أول عنصر من عناصر الدراسة العلمية المنهجية؟,جية؟,الاختبار والنتائج .,جية؟,الاختبار والنتائج .,0.3838656544685364,0.3165467381477356,0.3469710946083069,Incorrect
2181,ماذا تشير النجمة بعد رمز الجين؟,تشير النجمة بعد رمز الجين؟,لترميز الجينات,تشير النجمة بعد رمز الجين؟,لترميز الجينات,0.5738033056259155,0.6241577863693237,0.5979222655296326,Incorrect
2191,ما يُعرف بامتصاص بعض المواد الضوء بطول موجة ومن ثم إصداره بطول موجة أطول؟,ANSWER: فلوريسنس,التألق,فلوريسنس,التألق,0.5515732765197754,0.5996809005737305,0.5746219754219055,Correct
2200,ما يُدعى نوع وترتيب الأحماض الأمينية في البروتين؟,ANSWER: تسلسل الأحماض الأمينية,البنية الأولية,تسلسل الأحماض الأمينية,البنية الأولية,0.6320101022720337,0.6720138192176819,0.6513983011245728,Correct
2202,ماذا ينتج عند حدوث خلل في تنظيم السبيل الإشاري WNT؟,ANSWER: خلل في تنظيم السبيل الإشاري WNT,سرطان أمعاء,خلل في تنظيم السبيل الإشاري WNT,سرطان أمعاء,0.5020020008087158,0.5882985591888428,0.5417351722717285,Incorrect
2204,ما هي الشعبة التي ينتمي إليها الإنسان؟,Answer in one concise line.,الثدييات .,Answer in one concise line.,الثدييات .,0.41168898344039917,0.5921013355255127,0.48568227887153625,Incorrect
2216,ما هي نتيجة التطور التي تؤدي إلى التكيف؟,in one concise line.,الاصطفاء الطبيعي .,in one concise line.,الاصطفاء الطبيعي .,0.5301492214202881,0.5865370035171509,0.5569194555282593,Incorrect
2218,أين تكثر جزر CpG؟,الإنتهائي,المحضضات.,الإنتهائي,المحضضات.,0.48836541175842285,0.47774454951286316,0.4829965829849243,Incorrect
2222,ما هو الأساس الأزوتي المتمم للتايمين في الرنا؟,في الرنا؟,اليوراسيل,في الرنا؟,اليوراسيل,0.5513917803764343,0.5581947565078735,0.5547724366188049,Incorrect
2224,ما هو الموقع الذي يبدأ فيه انتساخ الجينات المرمزة للبروتينات بارتباط انزيم الرنا بوليميراز؟,ANSWER: موقع المروج,المطلق القريب .,موقع المروج,المطلق القريب .,0.5453240871429443,0.5184529423713684,0.5315491557121277,Incorrect
2228,أين تقع الجينات المسؤولة عن الزمر الدموية عند البشر؟,مر الدموية عند البشر؟,الصيغي 9,مر الدموية عند البشر؟,الصيغي 9,0.4512147307395935,0.47557371854782104,0.46307411789894104,Incorrect
2232,ما هو الدور الرئيسي في تعرف جسيم التضفير مواقع التضفير؟,التضفير مواقع التضفير؟,snRNPs.,التضفير مواقع التضفير؟,snRNPs.,0.39691880345344543,0.4826527535915375,0.4356074333190918,Incorrect
2236,ما هي الصبغيات التي يحدث بينها إزفاء متبادل في حالة ابيضاض الدم النقوي المزمن CML؟,Answer in one concise line.,9 و 11,Answer in one concise line.,9 و 11,0.36564135551452637,0.3777097761631012,0.3715776205062866,Incorrect
2249,ما هو عدد الأنماط الظاهرية المختلفة في الجيل الثاني في حال التفارز المستقل بين المورثتين A و B؟,Answer in one concise line.,8,Answer in one concise line.,8,0.3045559227466583,0.3638927936553955,0.3315907418727875,Incorrect
2250,ما هو عدد الأنماط الجينية في أعراس فرد متغاير الأليلات AB/ab إذا كان الارتباط بين المورثتين A و B كاملاً؟,ANSWER: 2,2,2,2,0.9999998211860657,0.9999998211860657,0.9999998211860657,Correct
2273,ما نوع الوراثة التي يكون فيها والدا الطفل المصاب حاملين متغايري الألائل عديمين الأمراض؟,متغايري الألائل عديمين الأمراض؟,الجسدية المتنحية,متغايري الألائل عديمين الأمراض؟,الجسدية المتنحية,0.44956502318382263,0.48680734634399414,0.4674455523490906,Incorrect
2274,ما هو نمط هذا المرض إذا عانى فرد متخالف الألائل من أعراض مرض وكان موضع الجين على الصبغي 5؟,ضع الجين على الصبغي 5؟,صبغي جسدي سائد,ضع الجين على الصبغي 5؟,صبغي جسدي سائد,0.537328839302063,0.5833253264427185,0.5593831539154053,Incorrect
2281,ما هو خطر إصابة الطفل بالورم التليفي العصبي في الحمل التالي لأم مصابة أنجبت ذكرًا مصابًا بالمرض علمًا أن زوجها سليم؟,ليم؟,0.5,ليم؟,0.5,0.5270148515701294,0.5074442625045776,0.5170444250106812,Incorrect
2282,ما هو الاحتمال الأول لطراز انتقال هذا المرض الوراثي عندما ينجب أبوان سليمان طفلين (ذكر وأنثى) مصابين بمرض استقلابي بدأت تظاهراته مبكراً؟,ANSWER: 1/4,صبغي جسدي سائد,1/4,صبغي جسدي سائد,0.4174647331237793,0.36481961607933044,0.38937076926231384,Incorrect
2285,ما هو القانون الذي ينص على أن زاوية الورود تساوي زاوية الانعكاس؟,ص على أن زاوية الورود تساوي زاوية الانعكاس؟,للانعكاس,ص على أن زاوية الورود تساوي زاوية الانعكاس؟,للانعكاس,0.38816457986831665,0.626115083694458,0.4792282283306122,Incorrect
2289,ما هي الصيغة التي تعطينا التفاصيل الأقل والنسبة الأبسط للذرات الموجودة في الجزيء؟,سبة الأبسط للذرات الموجودة في الجزيء؟,الصيغة التجريبية,سبة الأبسط للذرات الموجودة في الجزيء؟,الصيغة التجريبية,0.5001710653305054,0.5691460371017456,0.5324339866638184,Incorrect
2290,ما هو الذي يعطي لأشعة جاما مصدرا آخر للأشعة السينية التي يمكن أن تكون مفيدة وطاقتها قريبة من طاقة أشعة جاما الأصلية بحيث يمكن عدهما أشعة واحدة؟,ANSWER:,التحول الداخلي,,التحول الداخلي,0.0,0.0,0.0,Incorrect
2295,ما هو التواتر المناسب للأمواج التي يمكن استخدامها للكشف عن المواد غير المرئية بالنسبة للتواتر 500GHz؟,للتواتر 500GHz؟,الأعلى,للتواتر 500GHz؟,الأعلى,0.4370462894439697,0.5530593991279602,0.4882560670375824,Incorrect
2296,ما هو المجال الذي تكون فيه الأمواج تحت الصوتية أصغر منه؟,Answer in one concise line.,20 Hz,Answer in one concise line.,20 Hz,0.41022294759750366,0.45029836893081665,0.42932748794555664,Incorrect
2299,ما هو المقدار الذي يتزايد لدى انتثار فوتون عن الكترون بمفعول كومتون؟,ANSWER: طاقة فوتون,طوله الموجي,طاقة فوتون,طوله الموجي,0.5070128440856934,0.651008665561676,0.5700581073760986,Incorrect
2305,ما الذي يعبر عن شدة الموجة الصوتية؟,الصوتية؟,بالواط على المتر المربع .,الصوتية؟,بالواط على المتر المربع .,0.45811936259269714,0.377450555562973,0.4138909578323364,Incorrect
2306,ما هي خصائص الأشعة السينية؟,ائص الأشعة السينية؟,اشعاعات كهرطيسية وبأطوال موجية أقصر بكثير منها في حالة الضوء المرئي.,ائص الأشعة السينية؟,اشعاعات كهرطيسية وبأطوال موجية أقصر بكثير منها في حالة الضوء المرئي.,0.4642965793609619,0.46062642335891724,0.462454229593277,Incorrect
2309,ما هي القوة التي تحدث تشوهاً في الجسم وتكون مطبقة على وحدة السطح؟,ANSWER: الضغط,الاجهاد,الضغط,الاجهاد,0.5604637265205383,0.5558560490608215,0.5581503510475159,Incorrect
2311,ماذا تعتبر درجة حرارة النواة والغلاف في جسم الإنسان؟,in one concise line.,ثابتة - متغيرة,in one concise line.,ثابتة - متغيرة,0.4602610766887665,0.4824424982070923,0.47109082341194153,Incorrect
2312,ما هو ثابت التناسب بين تدرج السرعة؟,عة؟,معامل لزوجه المائع,عة؟,معامل لزوجه المائع,0.43640822172164917,0.417621910572052,0.4268084168434143,Incorrect
2319,ما هو الناتج عندما تتفاعل الألدهيدات مع NaBH5؟,line.,أغوال أولية,line.,أغوال أولية,0.5420783758163452,0.5362673997879028,0.5391572713851929,Incorrect
2320,ما هي الطريقة التي يجري بها التبادل الحراري بين الجسم والوسط المحيط؟,one concise line.,الأوعية الدموية,one concise line.,الأوعية الدموية,0.479870080947876,0.4388333559036255,0.45843520760536194,Incorrect
2322,ما هو المعيار الذي يستخدمه العلماء لحساب الكتل الذرية النسبية؟,concise line.,نظير الكربون 12,concise line.,نظير الكربون 12,0.5189685821533203,0.4709993898868561,0.49382179975509644,Incorrect
2324,ما هي الوحدة التي يقاس بها الضغط في إطار السيارة في الولايات المتحدة؟,Answer in one concise line.,الباوند لكل موجه مربعه,Answer in one concise line.,الباوند لكل موجه مربعه,0.4403894543647766,0.5219466090202332,0.47771209478378296,Incorrect
2325,ما هو القانون الذي ينص على أن تغير الحقل المغنطيسي يولد حقلا كهربائيا؟,ANSWER: قانون فاراداي,فارادي,قانون فاراداي,فارادي,0.6246710419654846,0.7115275859832764,0.6652764081954956,Correct
2328,ما هو وصف جريان المائع المستقر من ناحية سرعته في أي نقطة منه مع الزمن؟,المائع المستقر من ناحية سرعته في أي نقطة منه مع الزمن؟,ثابتة .,المائع المستقر من ناحية سرعته في أي نقطة منه مع الزمن؟,ثابتة .,0.4611789584159851,0.46974611282348633,0.4654231369495392,Incorrect
2332,ما هي المادة التي تتخذ شكل أسفل الوعاء الذي يحتويها ولها حجم خاص بها؟,تتخذ شكل أسفل الوعاء الذي يحتويها ولها حجم خاص بها؟,سائلة,تتخذ شكل أسفل الوعاء الذي يحتويها ولها حجم خاص بها؟,سائلة,0.39183783531188965,0.3808111548423767,0.38624581694602966,Incorrect
2338,ما تسمى القوى عندما يكون عمر الحالة المثارة طويلا؟,SWER: خلف الكلم الإنتهائي,شبه مستقرة,SWER: خلف الكلم الإنتهائي,شبه مستقرة,0.40860527753829956,0.4725355803966522,0.43825122714042664,Incorrect
2340,ما هو الذي يعطى لأشعة غاما مصدراً آخر للأشعة السينية التي يمكن أن تكون مفيدة وطاقتها قريبة من طاقة أشعة غاما الأصلية بحيث يمكن الحصول على أشعة واحدة؟,ANSWER:,التحول الداخلي,,التحول الداخلي,0.0,0.0,0.0,Incorrect
2341,ما نوع الكثافة التي تعتبر منها العظام ومستحضرات التباين العائمة مثل اليود والباريوم؟,ANSWER: كثافة معينة,الكلسية.,كثافة معينة,الكلسية.,0.4063384234905243,0.44318848848342896,0.4239642322063446,Incorrect
2342,ما هي طبيعة الأشعة السينية؟,ئي,اشعاعات كهر طيسية,ئي,اشعاعات كهر طيسية,0.5977494120597839,0.5064540505409241,0.548327624797821,Incorrect
2346,ما هو مجموع الكتل الذرية النسبية في مركب أيوني؟,وني؟,الكتلة الصيغية النسبية,وني؟,الكتلة الصيغية النسبية,0.38590312004089355,0.3137049078941345,0.34607866406440735,Incorrect
2347,أين يقع مجال التيراهرتز؟,أين يقع مجال التيراهرتز؟,الأشعة تحت الحمراء والأمواج المكروية .,أين يقع مجال التيراهرتز؟,الأشعة تحت الحمراء والأمواج المكروية .,0.43369752168655396,0.4475122392177582,0.4404965937137604,Incorrect
2349,لماذا يُستخدم الماء في درجة معينة كمادة مرجعية للوزن النوعي؟,ي؟,قيمتها العظمى,ي؟,قيمتها العظمى,0.5337872505187988,0.5312466621398926,0.5325139164924622,Incorrect
2352,ما هي مكونات صمام الأشعة السينية؟,مكونات صمام الأشعة السينية؟,المسدد,مكونات صمام الأشعة السينية؟,المسدد,0.4676414728164673,0.4317546486854553,0.4489821195602417,Incorrect
2361,ما الذي تتعلق به الطاقة التي يصدرها الجسم الأسود وفقاً لدراسة تغير تابع إشعاع الجسم الأسود؟,ANSWER: قانون ستيفان-بولتزمان,درجة حرارته المطلقة,قانون ستيفان-بولتزمان,درجة حرارته المطلقة,0.38909560441970825,0.4083408713340759,0.3984859883785248,Incorrect
2363,ما هي قوة اللزوجة بالنسبة لاتجاه جريان المائع؟,جاه جريان المائع؟,تعاكسه .,جاه جريان المائع؟,تعاكسه .,0.4082599878311157,0.40750810503959656,0.4078837037086487,Incorrect
2364,ما هي الطاقة التي يمكن بها تفكيك رابطة في خلايا النسج؟,هي الطاقة التي يمكن بها تفكيك رابطة في خلايا النسج؟,فوتون أشعة سينينة.,هي الطاقة التي يمكن بها تفكيك رابطة في خلايا النسج؟,فوتون أشعة سينينة.,0.5236130356788635,0.4970296323299408,0.5099751353263855,Incorrect
2369,ما يجب أن يكون عليه ضغط الهواء داخل القاعة في حالة الثوران بالنسبة لضغط الماء خارجها حيث تتوازن قوة الضغط نحو الخارج مع قوة التوتر السطحي نحو الداخل؟,ANSWER: ضغط الهواء داخل القاعة يجب أن يكون مساويا لضغط الماء خارجها.,اکبر,ضغط الهواء داخل القاعة يجب أن يكون مساويا لضغط الماء خارجها.,اکبر,0.23771920800209045,0.3237581253051758,0.27414649724960327,Incorrect
2372,ما هو المجال الموجي لأشعة UVC؟,SWER: خلف الكلم الإنتهائي,100-280nm,SWER: خلف الكلم الإنتهائي,100-280nm,0.44382941722869873,0.5356762409210205,0.48544666171073914,Incorrect
2373,ما هي طبيعة الارتباط بين قرينة الانكسار لوسط مادي معين وسرعة الأمواج في ذلك الوسط؟,واج في ذلك الوسط؟,عكسيا - سرعة,واج في ذلك الوسط؟,عكسيا - سرعة,0.3999573290348053,0.3934308886528015,0.3966672420501709,Incorrect
2381,ما هي الخاصية التي يميزها التواتر والطول الموجي؟,ئي,الموجة,ئي,الموجة,0.17387904226779938,0.17387878894805908,0.17387892305850983,Incorrect
2384,ما هي الطاقة التي تحملها الموجة في وحدة الزمن؟,خلف الكلم الإنتهائي,استطاعة الموجة الضوئية,خلف الكلم الإنتهائي,استطاعة الموجة الضوئية,0.5117140412330627,0.5245800614356995,0.5180671811103821,Incorrect
2387,ما هي قابلية العين التي تسمح بالمطابقة لكل أبعاد الجسم عن العين مع الاستمرار بتشكيل خيال على بعد ثابت من العدسة يتحدد بالفاصل بين العدسة والشبكية؟,ANSWER:,تعديل شكل العدسة,,تعديل شكل العدسة,0.0,0.0,0.0,Incorrect
2388,كيف يؤثر الضغط على توازن التفاعلات التي تكون متفاعلاتها ومنتجاتها؟,التفاعلات التي تكون متفاعلاتها ومنتجاتها؟,غازات,التفاعلات التي تكون متفاعلاتها ومنتجاتها؟,غازات,0.41438430547714233,0.4269351363182068,0.4205660820007324,Incorrect
2389,ما هو التواتر في حالة الأمواج الصوتية؟,لسان؟,عدد الإنضغاطات الاي تمر في نقطة معينة في الثانية,لسان؟,عدد الإنضغاطات الاي تمر في نقطة معينة في الثانية,0.3003544807434082,0.39124470949172974,0.33982717990875244,Incorrect
2391,ما هو شكل الطاقة التي تصدرها أجسامنا حتى في درجات الحرارة العادية؟,ما هو شكل الطاقة التي تصدرها أجسامنا حتى في درجات الحرارة العادية؟,إشعاع كهرطيسي,ما هو شكل الطاقة التي تصدرها أجسامنا حتى في درجات الحرارة العادية؟,إشعاع كهرطيسي,0.4909185469150543,0.5275379419326782,0.5085698962211609,Incorrect
2400,ما هي التحولات التي تحافظ على العدد الكتلي؟,ANSWER: خلف الكلم الإنتهائي,الايزوبارية,خلف الكلم الإنتهائي,الايزوبارية,0.5163593292236328,0.5685316324234009,0.5411909818649292,Incorrect
2410,ما هو القانون الذي يربط بين معدل الجريان الحجمي في وعاء دموي من جهة وفارق الضغط بين طرفي الوعاء ونصف قطره الداخلي وطوله ولزوجة الدم؟,ANSWER: قانون بويزمان,قانون بورواري,قانون بويزمان,قانون بورواري,0.693346381187439,0.693346381187439,0.693346381187439,Incorrect
2412,ما نوع الجريان عندما تكون سرعة المائع في أي نقطة منه ثابتة مع مرور الزمن؟,ANSWER: جريان لا متغير,مستقر,جريان لا متغير,مستقر,0.5790927410125732,0.6338639855384827,0.6052417755126953,Correct
2413,ما هي آلية انتقال الحرارة في الموائع؟,ع؟,الحمل,ع؟,الحمل,0.5995754599571228,0.6071643233299255,0.6033459901809692,Incorrect
2417,ما هي صفات الخيال في المصورات ذات الثقب؟,؟,خیال حقيقي مقلوب.,؟,خیال حقيقي مقلوب.,0.3939463496208191,0.3682471215724945,0.38066351413726807,Incorrect
2419,ما هي العلاقة التناسبية لقرينة الانكسار لأي وسط معين؟,line.,عكسيا مع سرعة الأمواج في ذلك الوسط,line.,عكسيا مع سرعة الأمواج في ذلك الوسط,0.3988998830318451,0.4100414514541626,0.40439391136169434,Incorrect
2422,ما هي الأشعة التي حققت حلم الإنسان القديم في رؤية داخل الجسم من دون بضع؟,من دون بضع؟,الاشعة السينية,من دون بضع؟,الاشعة السينية,0.41179490089416504,0.41044437885284424,0.4111185371875763,Incorrect
2427,ما هو المركب الذي يتشكل من تفاعل حمض الآزوت المركز بوجود حمض الكبريت المركز مع نترو البنزين؟,ANSWER: حمض النيتريك,ميتا ثنائي نترو البنزن,حمض النيتريك,ميتا ثنائي نترو البنزن,0.595862627029419,0.5201341509819031,0.5554289817810059,Incorrect
2429,ما هي التبادلات التي تجري بين الجسم الصلب والمانع المتحرك الذي يختلف عنه في درجة الحرارة؟,in one concise line.,الحمل,in one concise line.,الحمل,0.37151190638542175,0.41940897703170776,0.39401015639305115,Incorrect
2430,ما هي وظيفة الحقل الكهربائي في الأفران الكروية؟,قل الكهربائي في الأفران الكروية؟,يجعل جزيئات الماء تقوم بحركة دورانية,قل الكهربائي في الأفران الكروية؟,يجعل جزيئات الماء تقوم بحركة دورانية,0.5619570016860962,0.520890474319458,0.5406450033187866,Incorrect
2435,ما هي طبيعة الإشعاعات الكهرومغناطيسية؟,one concise line.,مثنوية .,one concise line.,مثنوية .,0.565282940864563,0.5756874084472656,0.5704377293586731,Incorrect
2438,ما هو التفاعل الذي تخضع له هالوجينات الألكانات بالقلويات؟,ANSWER: استبدال هالوجيني,استبدال نكليوفيلي,استبدال هالوجيني,استبدال نكليوفيلي,0.7508431673049927,0.6421608924865723,0.6922623515129089,Incorrect
2443,ما هي استخدامات الليزر الصباغي؟,غي؟,معالجة الوحمات الوعائية .,غي؟,معالجة الوحمات الوعائية .,0.3309839963912964,0.2830469608306885,0.3051442801952362,Incorrect
2462,ماذا تصدر النظائر المشعة في التصوير بالأصدر البوزتروني؟,ANSWER: إلكترونات موجبة,بوزترونات,إلكترونات موجبة,بوزترونات,0.5560764074325562,0.5721907615661621,0.5640184879302979,Correct
2473,ما هي الأشعة التي ساهمت في تقدم علم البلورات؟,اهمت في تقدم علم البلورات؟,X-RAY,اهمت في تقدم علم البلورات؟,X-RAY,0.3572087287902832,0.38137292861938477,0.3688955307006836,Incorrect
2482,ما الذي يتم التحكم في ارتفاع النهاية المدببة للحفاظ عليه عندما نمسح سطح المعدن في مجهر STM؟,one concise line.,ثبات التيار النفقي,one concise line.,ثبات التيار النفقي,0.4935861825942993,0.5865025520324707,0.5360477566719055,Incorrect
2483,ما هو معدل الإشعاع من سطح إلى معدل الإشعاع من مساحة مساوية من سطح مشع مثالي في درجة الحرارة نفسها؟,ANSWER: معامل الإشعاع,الإصدارية,معامل الإشعاع,الإصدارية,0.5027850866317749,0.5138353705406189,0.5082501769065857,Correct
2485,ما هي الجزئيات التي يمكن الاستفادة من تفاعلها في التصوير؟,فاعلها في التصوير؟,فوتونات الفلورة السينية .,فاعلها في التصوير؟,فوتونات الفلورة السينية .,0.4521228075027466,0.46866098046302795,0.4602434039115906,Incorrect
2501,ما هو الوسط الذي تكون فيه كثافة الأيونات الموجبة والسالبة أكبر من كثافة الأيونات المعتدلة؟,ANSWER: وسط الأيونات,بلازما,وسط الأيونات,بلازما,0.6526591777801514,0.6954272985458374,0.6733648180961609,Incorrect
2503,ما هو الإجراء المستخدم للاطمئنان على صحة الجنين عند المرأة الحامل؟,امل؟,الإيكو غرافي .,امل؟,الإيكو غرافي .,0.4289352595806122,0.38105157017707825,0.4035780727863312,Incorrect
2505,ما يُدعى الضغط الذي يسببه عمود من الزئبق ارتفاعه 1 مم؟,Answer in one concise line.,التور .,Answer in one concise line.,التور .,0.3964349627494812,0.5588454008102417,0.4638342261314392,Incorrect
2543,ما هي الظاهرة التي تنقسم فيها نواة ذات عدد كتلي كبير إلى نواتين أو أكثر لكل منهما عدد كتلي متوسط؟,ANSWER: انقسام النواة,ظاهرة الإنشطار النووي,انقسام النواة,ظاهرة الإنشطار النووي,0.5530238747596741,0.5168640613555908,0.5343329310417175,Incorrect
2555,ما هو مجال الأشعة الذي يشع فيه جسم الإنسان بشكل قريب جداً من إشعاع الجسم الأسود؟,Answer in one concise line.,تحت الحمراء,Answer in one concise line.,تحت الحمراء,0.3377644419670105,0.38496094942092896,0.3598216474056244,Incorrect
2557,ما هي الأشعة التي اشتهرت بانتزاع جزيئات الماء لدى تفاعلها مع النسج؟,Answer in one concise line.,الأشعة تحت الحمراء.,Answer in one concise line.,الأشعة تحت الحمراء.,0.4777452349662781,0.5303372144699097,0.5026693940162659,Incorrect
2563,ما هي الظاهرة التي تنقسم فيها نواة ذات عدد كتلي كبير إلى نواتين أو أكثر لكل منهما عدد كتلي متوسط؟,line.,ظاهرة الانشطار النووي.,line.,ظاهرة الانشطار النووي.,0.47523680329322815,0.412170946598053,0.441462904214859,Incorrect
2575,ما هي طريقة العلاج الفيزيائي التي تستعمل فيها تيارات كهربائية عالية التردد لإحداث الحرارة في الأنسجة العميقة؟,ANSWER: العلاج الحراري بالتيار العالي التردد1000000000000000000000000000000000000000000000000000000000000000000000000000000000000000000000000000000000000000000000000000000000000000000000000000000000000000000000000000000000000000000000000000000000000000000000000000000000000000000000000,تسخين موضعي في الانسجة الحية,العلاج الحراري بالتيار العالي التردد1000000000000000000000000000000000000000000000000000000000000000000000000000000000000000000000000000000000000000000000000000000000000000000000000000000000000000000000000000000000000000000000000000000000000000000000000000000000000000000000000,تسخين موضعي في الانسجة الحية,0.5142446756362915,0.6053832769393921,0.5561046004295349,Correct
2577,كيف تتولد الأشعة السينية؟,لم الإنتهائي,تسرع الالكترونات بكمون مرتفع في أنبوب الفراغ ويسمح لها بالسقوط على سطح داخل الانبوب .,لم الإنتهائي,تسرع الالكترونات بكمون مرتفع في أنبوب الفراغ ويسمح لها بالسقوط على سطح داخل الانبوب .,0.3925766348838806,0.3437579572200775,0.36654898524284363,Incorrect
2579,ما هو الأساس الذي تترتب وفقه العناصر في الجدول الدوري حالياً؟,حالياً؟,إعدادها الذرية,حالياً؟,إعدادها الذرية,0.45136991143226624,0.4098517894744873,0.42961013317108154,Incorrect
2590,ما هو الشرط الذي يجب أن تحققه النقطتان لتطبيق معادلة برنولي على جريان أي مائع مثالي؟,ANSWER:,خط الانحناء نفسه,,خط الانحناء نفسه,0.0,0.0,0.0,Incorrect
2601,ما هي الأمواج التي تستخدم في تفتيت الحصى؟,في تفتيت الحصى؟,الأمواج فوق الصوتية,في تفتيت الحصى؟,الأمواج فوق الصوتية,0.45033663511276245,0.4464176893234253,0.4483686089515686,Incorrect
2611,ما هو المجهر الذي يمسح العينة نقطة فنقطة ولكنه يكشف عن الالكترونات النافذة؟,النافذة؟,STEM,النافذة؟,STEM,0.514531135559082,0.661907434463501,0.5789881348609924,Incorrect
2615,من أين تشتق قوة المقاومة من اللزوجة عندما تكون السرعة النسبية بين الجسم والمائع كافية لأن يكون الجريان حول الجسم رقائقياً؟,ANSWER: قوة الرفع,منخفضة,قوة الرفع,منخفضة,0.6297128200531006,0.5964123010635376,0.6126103401184082,Incorrect
2620,ما هي الرابطة التي تبقى صلبة دائماً؟,لم الإنتهائي,الأيونية,لم الإنتهائي,الأيونية,0.5726215839385986,0.5976476073265076,0.5848669409751892,Incorrect
2636,كم عدد العدسات في مجهر SEM؟,؟,اثنتان,؟,اثنتان,0.6903417706489563,0.6903417706489563,0.6903417706489563,Incorrect
2637,ما هي الحالة التي تتولد فيها الأمواج الصادمة بالنسبة لسرعة منبع الأمواج الصوتية؟,ANSWER:,تتجاوز سرعة الموجة الصوتية .,,تتجاوز سرعة الموجة الصوتية .,0.0,0.0,0.0,Incorrect
2641,ما هو العدد النيوكلوني في نواة ذرة ما؟,Answer in one concise line.,مجموع البروتونات والنترونات,Answer in one concise line.,مجموع البروتونات والنترونات,0.45276814699172974,0.530483067035675,0.4885543882846832,Incorrect
2645,ما هو سبب تخامد الأشعة السينية في الجسم المدروس؟,Answer in one concise line.,امتصاص الجسم لها,Answer in one concise line.,امتصاص الجسم لها,0.4204234480857849,0.4780648946762085,0.4473952054977417,Incorrect
2648,ما يُستخدم لقياس درجة التشوه؟,درجة التشوه؟,انفعال,درجة التشوه؟,انفعال,0.46279099583625793,0.4907917082309723,0.47638025879859924,Incorrect
2653,ما هي الوحدة التي يقيسها الروتنجن؟,؟,التعرض للإشعاع .,؟,التعرض للإشعاع .,0.3782848119735718,0.2973880171775818,0.33299359679222107,Incorrect
2661,ما تتألف منه الحلقة البنزنية؟,زنية؟,ستة كربونات,زنية؟,ستة كربونات,0.6183331608772278,0.6005139350891113,0.6092933416366577,Incorrect
2670,ماذا يشير انزياح الضوء من المجرات البعيدة نحو الترددات الأخفض؟,ANSWER: توسع الكون,ابتعاد المجرات عنا,توسع الكون,ابتعاد المجرات عنا,0.7359681129455566,0.6671960353851318,0.6998967528343201,Correct
2674,ما هي الوحدة التي يقيسها الرونتجن؟,جن؟,التعرض للإشعاع.,جن؟,التعرض للإشعاع.,0.36154791712760925,0.344787061214447,0.35296863317489624,Incorrect
2687,ما هي النظائر؟,ئي,لها نفس عدد البروتونات وتختلف بعدد النترونات,ئي,لها نفس عدد البروتونات وتختلف بعدد النترونات,0.37754660844802856,0.2877189517021179,0.32656827569007874,Incorrect
2702,ما هي زاوية الورود التي يكون الضوء المنعكس عندها مستقطبا كليا؟,ANSWER: زاوية براه,زاوية بروستو,زاوية براه,زاوية بروستو,0.6566094160079956,0.6566094160079956,0.6566094160079956,Incorrect
2719,كيف يمكن توليد الأمواج فوق الصوتية؟,فوق الصوتية؟,بلورات كهر ضغطية,فوق الصوتية؟,بلورات كهر ضغطية,0.5061280727386475,0.47523558139801025,0.4901956021785736,Incorrect
2731,أين تشكل العين مديدة البصر (العين الطامسة) خيال الجسم القريب؟,ANSWER: خلف الشبكية,وراء الشبكية.,خلف الشبكية,وراء الشبكية.,0.7560452222824097,0.691185474395752,0.7221619486808777,Correct
2734,ما هو الاضطراب الذي يمثل هذه الحالة؟,راب الذي يمثل هذه الحالة؟,الحدية للجريان المستقر,راب الذي يمثل هذه الحالة؟,الحدية للجريان المستقر,0.4515456557273865,0.48345524072647095,0.4669559597969055,Incorrect
2740,متى يأخذ احتمال وجود الالكترون قيمة عظمى في الحالة الأساسية في ذرة هيدروجين؟,ANSWER: عند نصف قطر بور,بعده عن النواة أصغر من نصف قطر بور,عند نصف قطر بور,بعده عن النواة أصغر من نصف قطر بور,0.6745742559432983,0.5816166400909424,0.6246560215950012,Incorrect
2741,ما ينص عليه قانون الانعكاس الأول؟,عليه قانون الانعكاس الأول؟,زاوية الورود تساوي زاوية الانعكاس.,عليه قانون الانعكاس الأول؟,زاوية الورود تساوي زاوية الانعكاس.,0.5312751531600952,0.48203930258750916,0.5054610371589661,Incorrect
2742,ما هو الانفعال في حالة التشوه التحددي أو الانضغاطي؟,؟,التغير النسبي في الطول زيادة أو نقصانا,؟,التغير النسبي في الطول زيادة أو نقصانا,0.3250836431980133,0.29453134536743164,0.30905425548553467,Incorrect
2750,ما هو وزن الحجم المنغمس من الجسم عندما يكون الجسم مغموساً وليس مغموراً كلياً نتيجة كون كثافة المائع أكبر من كثافة الجسم؟,ANSWER: وزن الحجم المنغمس,وزن الجسم,وزن الحجم المنغمس,وزن الجسم,0.6908301711082458,0.7540169954299927,0.7210419774055481,Incorrect
2769,ما اسم الجهاز الذي يصور مقاطع في الجسم البشري بالأشعة السينية والاستعانة بالحاسب؟,ب؟,الماسح .,ب؟,الماسح .,0.5236030220985413,0.4660528600215912,0.4931546449661255,Incorrect
2774,ما هو العنصر الأكثر استخداماً في التصوير بالتجاوب المغناطيسي؟,وير بالتجاوب المغناطيسي؟,الهيدروجين,وير بالتجاوب المغناطيسي؟,الهيدروجين,0.5283128023147583,0.4875786602497101,0.5071290731430054,Incorrect
2779,ما هو سبب تخامد الأشعة السينية في الجسم المدروس؟,هو سبب تخامد الأشعة السينية في الجسم المدروس؟,امتصاص الجسم لها,هو سبب تخامد الأشعة السينية في الجسم المدروس؟,امتصاص الجسم لها,0.5205510854721069,0.5698067545890808,0.5440663695335388,Incorrect
2792,ما هي الخطوة الأولى في التفاعلات؟,هائي,المبادرة,هائي,المبادرة,0.5772278308868408,0.5772278308868408,0.5772278308868408,Incorrect
2800,ماذا يزداد عندما ترتد الفوتونات التي تعبر الثقب في الحجرة عن الجدران مرات عديدة قبل أن تغادر؟,ANSWER: الضوضاء,احتمال امتصاتصها,الضوضاء,احتمال امتصاتصها,0.5054539442062378,0.44376271963119507,0.47260361909866333,Incorrect
2805,كيف تعمل الحزم الإلكترونية على معالجة الأورام؟,ونية على معالجة الأورام؟,القريبة من الجلد,ونية على معالجة الأورام؟,القريبة من الجلد,0.5400110483169556,0.5581727623939514,0.5489417314529419,Incorrect
2806,ما هو السبب وراء تكرار الطراز (الدورية في الجدول الدوري) الناجم عن ترتيب العناصر؟,one concise line.,ازدياد أعدادها البروتونية,one concise line.,ازدياد أعدادها البروتونية,0.4801854193210602,0.4059143662452698,0.4399372637271881,Incorrect
2810,ما هو المركب الذي يتشكل عند أكسدة الكيلات البنزن (مثل ميتيل البنزن) ببرمنغنات البوتاسيوم (VII) القلوية أو بأي مؤكسد قوي آخر؟,ANSWER: بنزوكينون,حمض البنزويك,بنزوكينون,حمض البنزويك,0.6356948614120483,0.6327405571937561,0.6342142820358276,Incorrect
2822,ما هي النوى التي لها عدد N ثابت حيث تحوي العدد نفسه من النترونات؟,هي النوى التي لها عدد N ثابت حيث تحوي العدد نفسه من النترونات؟,ايزوتونات,هي النوى التي لها عدد N ثابت حيث تحوي العدد نفسه من النترونات؟,ايزوتونات,0.44122812151908875,0.4800976514816284,0.4598429501056671,Incorrect
2823,ماذا يحدث إذا كانت الحقول الكهربائية لمنبع الأمواج الكهرطيسية لها اتجاهات عشوائية عند انتشاره؟,يسية لها اتجاهات عشوائية عند انتشاره؟,غير مستقطب,يسية لها اتجاهات عشوائية عند انتشاره؟,غير مستقطب,0.39091986417770386,0.4361046254634857,0.4122779369354248,Incorrect
2830,ما هو التفاعل الذي تخضع له الألكانات مع الهالوجينات في ضوء الشمس؟,فاعل الذي تخضع له الألكانات مع الهالوجينات في ضوء الشمس؟,استبدال,فاعل الذي تخضع له الألكانات مع الهالوجينات في ضوء الشمس؟,استبدال,0.34239259362220764,0.43882685899734497,0.38465774059295654,Incorrect
2854,ما هو الشيء الذي تهتز حوله الذرتان في الجزيء ثنائي الذرة؟,؟,مركز كتلتيهما,؟,مركز كتلتيهما,0.3923005163669586,0.32420992851257324,0.3550198972225189,Incorrect
2855,ما هي البنية لأكسيد المغنزيوم؟,هي البنية لأكسيد المغنزيوم؟,ايونية عملاقة,هي البنية لأكسيد المغنزيوم؟,ايونية عملاقة,0.5530093908309937,0.5767077803611755,0.5646100640296936,Incorrect
2868,ماذا يزداد عندما ترتد الفوتونات التي تعبر الثقب في الحجرة عن الجدران مرات عديدة قبل أن تغادر؟,ANSWER: الضوضاء,احتمال امتصاتصها,الضوضاء,احتمال امتصاتصها,0.5054539442062378,0.44376271963119507,0.47260361909866333,Incorrect
2877,ما هي وحدة قياس الجرعة المكافئة للإشعاع؟,المكافئة للإشعاع؟,بالسفرت .,المكافئة للإشعاع؟,بالسفرت .,0.4478227496147156,0.47749748826026917,0.46218428015708923,Incorrect
2883,ما هي طريقة التصوير التي يمكن اعتبارها الأقل ضرراً على الجسم؟,راً على الجسم؟,التصوير الحراري.,راً على الجسم؟,التصوير الحراري.,0.4702443778514862,0.45872291922569275,0.46441221237182617,Incorrect
2891,ما هي أعمار النصف للنظائر المشعة المستخدمة في تقنية الـ PET؟,Answer in one concise line.,قصيرة نسبيا,Answer in one concise line.,قصيرة نسبيا,0.4049323797225952,0.44230252504348755,0.42279329895973206,Incorrect
2898,ما هي المماكبات (الإيزوميرات)؟,(الإيزوميرات)؟,تختلف في طاقتها الداخلية فقط .,(الإيزوميرات)؟,تختلف في طاقتها الداخلية فقط .,0.4157431125640869,0.40143314003944397,0.40846285223960876,Incorrect
2913,ما هو القانون الذي تمثل معادلة برنولي المطبقة على جريان المائع أحد أشكال انحفاظه؟,ANSWER: قانون حفظ الطاقة,الطاقة .,قانون حفظ الطاقة,الطاقة .,0.5813559293746948,0.6077598333358765,0.5942647457122803,Correct
2926,ماذا يستخدم قانون ستوكس لقياسه؟,لم الإنتهائي,مقاومة اللزوجة .,لم الإنتهائي,مقاومة اللزوجة .,0.4517921209335327,0.457538902759552,0.45464736223220825,Incorrect
2949,ما هو العلم الذي يقوم بحساب البعد بين الذرات عند معرفة الطول الموجي للأشعة السينية وقياس الزاوية؟,Answer in one concise line.,علم البلورات,Answer in one concise line.,علم البلورات,0.4285546541213989,0.4479590356349945,0.438042014837265,Incorrect
2975,ما هي الأوساط التي تنتشر فيها الأمواج العرضانية؟,الأوساط التي تنتشر فيها الأمواج العرضانية؟,الجسم الصلب,الأوساط التي تنتشر فيها الأمواج العرضانية؟,الجسم الصلب,0.48137351870536804,0.586229145526886,0.5286520719528198,Incorrect
2981,ما هي الخصائص التي تتمتع بها حزمة الفوتونات من أشعة X عالية الطاقة والتي تجعلها تستخدم في الطب النووي عند المعالجة عن بعد؟,ANSWER:,قدرة اختراق عالية تسمح بتدمير الأورام السطحية والعميقة .,,قدرة اختراق عالية تسمح بتدمير الأورام السطحية والعميقة .,0.0,0.0,0.0,Incorrect
2986,ما هو القانون الذي ينص على أن تشوه مادة يتناسب طرديا مع القوى التي تحدث التشوه؟,ANSWER: قانون هوك,قانون هوك,قانون هوك,قانون هوك,1.0,1.0,1.0,Correct
2987,علام نعتمد لتفسير لثنائية الإصدار في طيف بخار الصوديوم؟,concise line.,النظرية الذرية,concise line.,النظرية الذرية,0.4943128526210785,0.4163854122161865,0.4520150423049927,Incorrect
2989,ما هي المعادلة التي تعبر عن انخفاض الطاقة في الموائع؟,Answer in one concise line.,معادلة بيرنولي,Answer in one concise line.,معادلة بيرنولي,0.44072121381759644,0.44723737239837646,0.4439553916454315,Incorrect
3001,متى يحدث تفاعل اشعاع الليزر مع النسج؟,؟,تمتصه النسج .,؟,تمتصه النسج .,0.4168385863304138,0.3245130777359009,0.36492687463760376,Incorrect
3003,ما هي البنية التي تأخذها الشبكات الأيونية لكلوريد الصوديوم وأكسيد المغنزيوم؟,ANSWER: مكعب مركزي الوجه مكعب مركزي الجسم,مكعبية,مكعب مركزي الوجه مكعب مركزي الجسم,مكعبية,0.4156801998615265,0.49860870838165283,0.45338356494903564,Incorrect
3013,ما هو العمل الذي يقوم به المائع على المائع الذي يتقدمه في وحدة الجريان؟,one concise line.,الضغط,one concise line.,الضغط,0.42076221108436584,0.4213155210018158,0.4210386872291565,Incorrect
3024,ما هي الكمية الوسطية للأوزون في الغلاف الجوي؟,الجوي؟,300 DU,الجوي؟,300 DU,0.48348110914230347,0.4630339443683624,0.47303664684295654,Incorrect
3027,ما هو النكليد الإشعاعي المماكب الذي يشيع استخدامه في التشخيص الطبي؟,one concise line.,التكنسيوم - 99,one concise line.,التكنسيوم - 99,0.45918896794319153,0.39905837178230286,0.4270172417163849,Incorrect
3041,كيف يتغير نصف القطر الذري عبر الدور الثالث من اليسار إلى اليمين؟,؟,يتناقص,؟,يتناقص,0.6474847793579102,0.5339107513427734,0.585238516330719,Incorrect
3054,إذا كان الإشعاع وحيد الطول الموجي فمن أي نوع من الفوتونات يكون مؤلفاً؟,one concise line.,المتساوية الطاقات,one concise line.,المتساوية الطاقات,0.46175605058670044,0.435898095369339,0.4484546184539795,Incorrect
3056,ما هي الأمواج الميكانيكية التي تنشأ عن الوحدات المحركة في الألياف ولا تدركها الأذن؟,ANSWER:,الأمواج تحت الصوتية,,الأمواج تحت الصوتية,0.0,0.0,0.0,Incorrect
3064,ما هو مصدر العنصر المشع الذي يعطى للمريض عند استخدام تقنية التصوير SPECT؟,؟,لأشعة غاما .,؟,لأشعة غاما .,0.48347562551498413,0.3649316430091858,0.4159218370914459,Incorrect
3065,ما نوع الصورة التي نحصل عليها في التصوير الومضاني للجزء المصور من جسم المريض؟,عليها في التصوير الومضاني للجزء المصور من جسم المريض؟,ثنائية البعد .,عليها في التصوير الومضاني للجزء المصور من جسم المريض؟,ثنائية البعد .,0.5092268586158752,0.42513614892959595,0.4633975028991699,Incorrect
3066,إذا تضيق قطر الشريان إلى ثلث قيمته الأصلية عند مريض مصاب بمرض وعائي وقلبي وبقي هبوط الضغط فيه على حاله، إلى كم ينخفض معدل جريان الدم؟,ANSWER: ينخفض إلى ثلث قيمته الأصلية.,81/1 من قيمته الأصلية .,ينخفض إلى ثلث قيمته الأصلية.,81/1 من قيمته الأصلية .,0.6821387410163879,0.6418833136558533,0.6613990664482117,Incorrect
3096,ما هي السكريات التي لا تحتاج أثناء امتصاصها من الأمعاء الدقيقة لوجود الصوديوم؟,أثناء امتصاصها من الأمعاء الدقيقة لوجود الصوديوم؟,الفركتوز.,أثناء امتصاصها من الأمعاء الدقيقة لوجود الصوديوم؟,الفركتوز.,0.5160465240478516,0.4784129559993744,0.4965176582336426,Incorrect
3099,ما هو الأنزيم المعوي الذي يحول مولد التربسين إلى تربسين؟,نتهائي,الإنتيروكيناز.,نتهائي,الإنتيروكيناز.,0.44979768991470337,0.43311068415641785,0.4412964880466461,Incorrect
3100,ما هو العامل الهرموني الذي يحرض إفراز عصارة بنكرياسية غنية بالإنزيمات الهاضمة؟,ANSWER: هرمون الكوليسيستوكينين,الكوليسيستوكينين CCK,هرمون الكوليسيستوكينين,الكوليسيستوكينين CCK,0.8465890884399414,0.7236683368682861,0.7803176045417786,Correct
3101,ما هو الإنزيم الذي يفكك سكر اللبن (اللاكتوز) إلى غلوكوز وغالاكتوز؟,ANSWER: لاكتاز,اللاكتاز.,لاكتاز,اللاكتاز.,0.5962868928909302,0.5487536191940308,0.5715336799621582,Correct
3109,ما هو مستودع الصفراء خارج أوقات الهضم والذي يعمل على تكثيفها؟,؟,المرارة.,؟,المرارة.,0.5258737206459045,0.40539348125457764,0.4578401744365692,Incorrect
3115,ما هي الشوارد التي يكون تركيزها أقل في اللعاب منه في البلازما؟,Answer in one concise line.,صوديوم وكلور.,Answer in one concise line.,صوديوم وكلور.,0.4472919702529907,0.5161747932434082,0.4792709946632385,Incorrect
3117,ما هو الهرمون الذي يحفز إفراز عصارة بنكرياسية غنية بالأنزيمات الهاضمة؟,line.,الكوليسيستوكينين CCK,line.,الكوليسيستوكينين CCK,0.5037227869033813,0.4331236481666565,0.4657630920410156,Incorrect
3118,ما هو السكر الذي لا يحتاج للصوديوم من أجل عملية امتصاصه؟,ه؟,الفركتوز.,ه؟,الفركتوز.,0.5127920508384705,0.3959781527519226,0.4468774199485779,Incorrect
3120,ما هو الناقل العصبي الذي يتحرر من العصبونات بعد العقدة في القسم الودي؟,concise line.,النورابينفرين أو الأستيل كولين.,concise line.,النورابينفرين أو الأستيل كولين.,0.5538960695266724,0.4639509916305542,0.5049493908882141,Incorrect
3121,ما الذي يحدد نمط استجابة العضو المعصب بواسطة الجهاز العصبي المستقل (استثارة أو تثبيط)؟,ANSWER: نوع المستقبلات العصبية,نمط المستقبلات الموجودة في العضو.,نوع المستقبلات العصبية,نمط المستقبلات الموجودة في العضو.,0.752264142036438,0.7130575180053711,0.7321363091468811,Correct
3127,ما هو الناقل الكيميائي الذي تحرره جميع العصبونات قبل العقدة؟,العصبونات قبل العقدة؟,الأستيل كولين.,العصبونات قبل العقدة؟,الأستيل كولين.,0.41537562012672424,0.45114898681640625,0.4325238764286041,Incorrect
3130,ما هو الناقل العصبي الذي يتحرر من طرفيات جميع الألياف اللاودية بعد العقدية؟,بعد العقدية؟,أستيل كولين.,بعد العقدية؟,أستيل كولين.,0.3858485221862793,0.38399672508239746,0.3849203884601593,Incorrect
3140,ما هي الميزة التي تتمتع بها قنوات IF في النسيج العقدي القلبي التي تمكنها من توليد التنبيه عفوياً؟,concise line.,عندما تنفتح يتجاوز التيار الداخل من الصوديوم التيار الخارج من البوتاسيوم,concise line.,عندما تنفتح يتجاوز التيار الداخل من الصوديوم التيار الخارج من البوتاسيوم,0.48723581433296204,0.45447903871536255,0.4702877104282379,Incorrect
3141,ما هي الفائدة الوظيفية من التأخير الزمني في كمون الفعل لمدة 0.1 ثانية عند مروره في العقدة الأذينية البطينية؟,ANSWER:,إنهاء تقلص الأذينات قبل بدء تقلص البطينات.,,إنهاء تقلص الأذينات قبل بدء تقلص البطينات.,0.0,0.0,0.0,Incorrect
3147,ماذا يحدث للبطينات في حال توقف العقدة الجيبية الأذينية عن العمل؟,Answer in one concise line.,تتباطأ انقباضاتها,Answer in one concise line.,تتباطأ انقباضاتها,0.45505377650260925,0.5427051782608032,0.4950294494628906,Incorrect
3149,ما هو سبب ظهور طور الهضبة في كامن فعل العضلة القلبية؟,ية؟,دخول شوارد الكالسيوم.,ية؟,دخول شوارد الكالسيوم.,0.3680434823036194,0.32065263390541077,0.3427174985408783,Incorrect
3152,ما هو سبب طور الهضبة في كمون عمل الليف العضلي القلبي؟,Answer in one concise line.,الكالسيوم.,Answer in one concise line.,الكالسيوم.,0.4051683247089386,0.5741535425186157,0.4750814437866211,Incorrect
3175,ما هي المناطق التي تطبق عليها المعالجة الإشعاعية في علاج أورام الخصية من النمط المنوي؟,ANSWER: الخصية والغدد الليمفاوية الخصوية1000000000000000000000000000000000000000000000000000000000000000000000000000000000000000000000000000000000000000000000000000000000000000000000000000000000000000000000000000000000000000000000000000000000000000000000000000000000000000000000,سلسلة العقد اللمفاوية الحرقفية والأبهرية,الخصية والغدد الليمفاوية الخصوية1000000000000000000000000000000000000000000000000000000000000000000000000000000000000000000000000000000000000000000000000000000000000000000000000000000000000000000000000000000000000000000000000000000000000000000000000000000000000000000000,سلسلة العقد اللمفاوية الحرقفية والأبهرية,0.6126415133476257,0.644871711730957,0.6283435225486755,Incorrect
3180,ما هي الأورام التي لا تعتبر المعالجة الشعاعية معالجة شافية لها إذا استخدمت لوحدها في المراحل المبكرة؟,ANSWER: سرطان الثدي,الثدي,سرطان الثدي,الثدي,0.6733946204185486,0.7154104113578796,0.6937669515609741,Correct
3186,ما هي الجرعة الكلية الموصى بها في حال تقرر إجراء تشعيع وقائي للقحف بجرعة ٢ غري في كل جلسة؟,ANSWER: ٦٠ غري,٣٠ غري,٦٠ غري,٣٠ غري,0.6133955717086792,0.5163788795471191,0.5607216954231262,Incorrect
3187,ما هو الزمن الأقل الفاصل بين كل جلستين عند إجراء المعالجة الشعاعية بطريق التجزئة المفرطة؟,line.,٦ ساعات,line.,٦ ساعات,0.5750466585159302,0.5933094024658203,0.5840352773666382,Incorrect
3191,ما الذي يحول مولد الببسين إلى ببسين؟,ما الذي يحول مولد الببسين إلى ببسين؟,حمض كلور الماء الموجود في المعدة.,ما الذي يحول مولد الببسين إلى ببسين؟,حمض كلور الماء الموجود في المعدة.,0.399636447429657,0.502524733543396,0.44521355628967285,Incorrect
3202,ما هو سبب حدوث عمى ربعي علوي أيمن مماثل؟,ثل؟,الفصل الصدغي,ثل؟,الفصل الصدغي,0.5539164543151855,0.5209771394729614,0.5369420647621155,Incorrect
3207,ما هي المدة الزمنية التي يتطور خلالها الصداع المزمن؟,من؟,4أسابيع,من؟,4أسابيع,0.4803498387336731,0.4299972951412201,0.4537810683250427,Incorrect
3209,ما هو نوع الصداع غير النابض ثنائي الجانب الذي قد يرتبط بتشنج عضلات الرقبة؟,ANSWER: صداع عضلي,صداع التوتر,صداع عضلي,صداع التوتر,0.7814635038375854,0.7951266765594482,0.7882359027862549,Correct
3284,أين يحدث التكيس للجيارديا اللمبلية؟,اللمبلية؟,أثناء التغوط,اللمبلية؟,أثناء التغوط,0.5218982696533203,0.5127052068710327,0.5172609090805054,Incorrect
3288,ما هي الذبابة ذهبية العيون Chrysop ثوي ناقل له؟,؟,اللوا لوا,؟,اللوا لوا,0.6152597665786743,0.5594567060470581,0.5860328078269958,Incorrect
3293,ما هي الفترة الزمنية الذي تظهر فيها إيجابية اختبار سابين فيلدمان بعد العدوى به؟,ANSWER: 1-2 أسابيع,1-2 أسبوع,1-2 أسابيع,1-2 أسبوع,0.93409264087677,0.93409264087677,0.93409264087677,Correct
3315,ما الذي تنتهي به المرحلة الخارج خلوية للمتصورات؟,ورات؟,الأقاسيم المتحركة,ورات؟,الأقاسيم المتحركة,0.5052837133407593,0.4470553994178772,0.4743894636631012,Incorrect
3335,أين تتكاثر خبيطيات الفخرية البنكروفتية؟,Answer in one concise line.,الأوعية اللمفاوية للانسان,Answer in one concise line.,الأوعية اللمفاوية للانسان,0.44594019651412964,0.4912130832672119,0.4674831032752991,Incorrect
3336,ما هو المرض الذي يستخدم عقار melarsporol في علاجه؟,.,المثقبية الغامبية,.,المثقبية الغامبية,0.39193135499954224,0.3039853870868683,0.34240129590034485,Incorrect
3338,ما هو الخمج الطفيلي الذي يمكن أن ينتقل من شخص لآخر؟,ANSWER:,المرمية الدودية,,المرمية الدودية,0.0,0.0,0.0,Incorrect
3341,ما هي أفضل أماكن الخزع التشخيصية القندية في جسم الإنسان؟,.,الطحال,.,الطحال,0.5741061568260193,0.5741061568260193,0.5741061568260193,Incorrect
3365,ما هو المسبب لداء هجرة اليرقات الجلدي؟,line.,الديدان القوسية,line.,الديدان القوسية,0.5085272789001465,0.4674902558326721,0.4871460497379303,Incorrect
3371,ما هو العلاج المناسب للمتحولة العصبية naegleria fowleri؟,ANSWER: علاج متحولة العصبية naegleria fowleri هو العلاج المناسب.,الأمفوتريسين,علاج متحولة العصبية naegleria fowleri هو العلاج المناسب.,الأمفوتريسين,0.43628400564193726,0.46512192487716675,0.45024165511131287,Incorrect
3386,أين تتوضع يرقات الأسطوانية الوعائية عند الإنسان؟,.,الجهاز العصبي المركزي,.,الجهاز العصبي المركزي,0.34633418917655945,0.27845340967178345,0.3087063431739807,Incorrect
3408,ما هو الشكل المعدي للإنسان من متفرعة الخصية الصينية؟,ANSWER: فيروس كورونا2019-01-17 11:00:00,خليفة المذنبة,فيروس كورونا2019-01-17 11:00:00,خليفة المذنبة,0.3110586702823639,0.3726547658443451,0.33908212184906006,Incorrect
3410,أين تتوضع الأسطوانية البرازية عند الإنسان؟,one concise line.,الجزء الأمامي من الصائم,one concise line.,الجزء الأمامي من الصائم,0.4692218005657196,0.5962213277816772,0.5251524448394775,Incorrect
3472,ما هو العصب الذي يصاب في متلازمة قاع الحجاج؟,.,العصب الفكي العلوي,.,العصب الفكي العلوي,0.33170562982559204,0.27508288621902466,0.3007523715496063,Incorrect
3499,ما هو تعريف الحول المتقارب؟,؟,يتلاقي فيها محورا الرؤية في نقطة تقع أمام الجسم المنظور,؟,يتلاقي فيها محورا الرؤية في نقطة تقع أمام الجسم المنظور,0.33108559250831604,0.3067481517791748,0.3184525668621063,Incorrect
3514,ما هي أسباب حدوث فيض الدمع Epiphora؟,one concise line.,نقص في التصريف,one concise line.,نقص في التصريف,0.47925856709480286,0.4258657693862915,0.4509873688220978,Incorrect
3527,أين تقع حفيرة البكرة في الجدار العلوي للحجاج؟,ANSWER: خلف الكلم الإنتهائي,الأمامي الأنسي,خلف الكلم الإنتهائي,الأمامي الأنسي,0.5479673743247986,0.6644838452339172,0.6006270051002502,Incorrect
3542,ما هي النسبة التي تشكلها القرنية من سطح غلاف كرة العين الليفي؟,ANSWER: 80%,السدس الأمامي,80%,السدس الأمامي,0.5638453960418701,0.46376192569732666,0.5089298486709595,Incorrect
3554,ما هو أكثر تنكسات القرنية شيوعاً؟,Answer in one concise line.,القوس الشيخية,Answer in one concise line.,القوس الشيخية,0.38218557834625244,0.41707056760787964,0.39886677265167236,Incorrect
3580,ما هي الحالات التي تشاهد فيها الرؤية المزدوجة الأحادية الجانب؟,ANSWER: عصبية العين,تحت خلع العدسة,عصبية العين,تحت خلع العدسة,0.5652695298194885,0.6196330189704895,0.5912041664123535,Incorrect
3601,ما هو المرض الذي يشاهد فيه حلقة كاي زر- فليشر عند المرضى؟,ANSWER: التهاب الكبد الوبائي ب,داء ويلسون,التهاب الكبد الوبائي ب,داء ويلسون,0.5828777551651001,0.5897216796875,0.5862797498703003,Incorrect
3607,ما الذي يجب فعله في الحالات المعندة وغير المستجيبة للعلاج في الورم الكاذب للحجاج؟,جاج؟,يجب اخذ خزعة من الورم,جاج؟,يجب اخذ خزعة من الورم,0.4458553194999695,0.3751424252986908,0.40745362639427185,Incorrect
3609,ما هي النتائج التي تؤدي إليها إصابة الشعبة العينية من العصب الخامس في متلازمة الشق الحجاجي العلوي؟,line.,فقد حس الملتحمة والقرنية,line.,فقد حس الملتحمة والقرنية,0.4259180724620819,0.39967650175094604,0.41238027811050415,Incorrect
3620,ما هو التشخيص الأقرب لمريض عمره 65 سنة لديه فقد رؤية في النصف العلوي من الساحة البصرية مع بدء مفاجئ؟,ANSWER:,التهاب العصب البصري الاقفاري,,التهاب العصب البصري الاقفاري,0.0,0.0,0.0,Incorrect
3667,ما الذي يدل عليه ظهور تقبب على شكل حويصل أسود في قعر القرحة القرنية الجرثومية؟,in one concise line.,تقبب غشاء ديسميه وخطر انثقابه,in one concise line.,تقبب غشاء ديسميه وخطر انثقابه,0.4780532121658325,0.545216977596283,0.5094309449195862,Incorrect
3680,ما هي الطريقة التالية لتقدير حدة البصر لدى المريض إذا لم يتمكن من قراءة أكبر أحرف اللوحة؟,ANSWER: اختبار اللوحة القريبة,بعد أصابع الفاحص,اختبار اللوحة القريبة,بعد أصابع الفاحص,0.5276093482971191,0.5275343060493469,0.5275718569755554,Incorrect
3683,ما الذي يشكو منه المريض في الحول الشللي عند البالغين؟,الغين؟,رؤية مزدوجة,الغين؟,رؤية مزدوجة,0.5802825689315796,0.5523414015769958,0.5659673810005188,Incorrect
3700,متى ينعدم يوروبيلينوجين البول؟,وروبيلينوجين البول؟,اليرقان الانسدادي,وروبيلينوجين البول؟,اليرقان الانسدادي,0.5202546119689941,0.5911434888839722,0.5534383058547974,Incorrect
3702,في الاحتباس الصفراوي ما هو الانزيم الأفضل للوصول للتشخيص؟,Answer in one concise line.,ALT,Answer in one concise line.,ALT,0.4239407777786255,0.4957491159439087,0.45704159140586853,Incorrect
3713,ما هي نتيجة رحلان البروتينات في الالتهابات الحادة؟,وراء في اللسان؟,ترتفع الموجة a_2غلوبيولين وترتفع الموجة a_1غلوبيولين,وراء في اللسان؟,ترتفع الموجة a_2غلوبيولين وترتفع الموجة a_1غلوبيولين,0.3257644772529602,0.3293426036834717,0.3275437653064728,Incorrect
3720,ما هو المركب الذي يتم اصطناعه بدءا من الحموض الأمينية؟,؟,أمونيا,؟,أمونيا,0.5598015785217285,0.4874652624130249,0.5211352705955505,Incorrect
3730,ما هي أعراض فقر الدم بعوز الحديد عند المريض؟,بة العوراء في اللسان؟,الشحوب,بة العوراء في اللسان؟,الشحوب,0.4801493287086487,0.49931058287620544,0.48954254388809204,Incorrect
3731,ما هي الحالة التي تعاني منها مريضة عمرها 44 سنة تشكو من تعب عام وكانت قيمة البولة الدموية 140 ملغ/دل وقيمة الكرياتنين 6 ملغ/دل وحمض البول 4 ملغ/دل؟,ANSWER: فشل كلوي حاد,اليوريميا,فشل كلوي حاد,اليوريميا,0.4917641878128052,0.5951526165008545,0.5385411977767944,Incorrect
3733,ما هو سبب تشمع الكبد عند مريض عمره 12 سنة؟,12 سنة؟,داء ويلسون,12 سنة؟,داء ويلسون,0.5087053775787354,0.5290764570236206,0.5186909437179565,Incorrect
3734,ما هو الاحتمال الأكثر ترجيحاً لسبب تشمع الكبد عند مريض عمره 12 سنة؟,line.,داء ويلسون,line.,داء ويلسون,0.4723469316959381,0.4672130346298218,0.46976596117019653,Incorrect
3736,ما هو تصنيف مريض عنده الغلوكوز 210 ملغ / دل؟,؟,مريض سكري,؟,مريض سكري,0.518551230430603,0.5005118250846863,0.5093719363212585,Incorrect
3737,ما هو تصنيف مريض تم تحليل الغلوكوز الصيامي له فكانت النتيجة 128 ملغ/دل؟,ANSWER: مريض سكري,مريض سكري,مريض سكري,مريض سكري,1.0000003576278687,1.0000003576278687,1.0000003576278687,Correct
3738,ما هو المركب الذي يعتبر ايتلين ديامين تترا استات مركباً لاقطاً له؟,ANSWER:,الكالسيوم,,الكالسيوم,0.0,0.0,0.0,Incorrect
3739,ما هو المركب الذي يستخدم في تدبير حمى البحر الأبيض المتوسط؟,Answer in one concise line.,الكولشيمين,Answer in one concise line.,الكولشيمين,0.4568086862564087,0.5051990151405334,0.47978681325912476,Incorrect
3742,ما هو النمط التحسسي الذي يعود إليه داء الفقاع المحرض دوائياً؟,one concise line.,الثاني.,one concise line.,الثاني.,0.4390672445297241,0.5361337065696716,0.4827697277069092,Incorrect
3743,ما هي آلية تأثير المركب دابيريدامول؟,يدامول؟,تثبيط PDE,يدامول؟,تثبيط PDE,0.5153372883796692,0.47444644570350647,0.4940471947193146,Incorrect
3774,"ما هي جرعة الدواء عند طفل وزنه 17,5 كغ إذا كانت جرعة البالغ 100 ملغ؟",100 ملغ؟,25 ملغ.,100 ملغ؟,25 ملغ.,0.5778943300247192,0.5778943300247192,0.5778943300247192,Incorrect
3792,ما هو معدل التصفية الكلوية للكرياتينين عند رجل عمره 40 سنة ومستوى كرياتينين الدم 1 ملغ/دل ووزنه 72 كغ؟,ANSWER: 100 مل/دقيقة,100,100 مل/دقيقة,100,0.5351577401161194,0.6012622714042664,0.5662873983383179,Correct
3804,ما هي الخلايا التي تقوم بإفراز بروتين برفورين الذي يفتح ثقوب في غشاء الخلية الهدف؟,ثقوب في غشاء الخلية الهدف؟,الخلايا القاتلة.,ثقوب في غشاء الخلية الهدف؟,الخلايا القاتلة.,0.5393457412719727,0.49518632888793945,0.5163235664367676,Incorrect
3807,كيف يتأثر الغاز كلما زاد وزنه الجزيئي؟,لم الإنتهائي,انخفض معدل الانتشار.,لم الإنتهائي,انخفض معدل الانتشار.,0.40322601795196533,0.40360042452812195,0.40341314673423767,Incorrect
3809,ما هو المبدأ الأساسي للتشتت؟,ئي,الانتشار,ئي,الانتشار,0.6197450160980225,0.6197450160980225,0.6197450160980225,Incorrect
3810,ما هو العامل الذي يسرع العامل السابع تشكله؟,السابع تشكله؟,الثالث,السابع تشكله؟,الثالث,0.5553402900695801,0.6881136298179626,0.6146382689476013,Incorrect
3813,ما هو السائل الموجود داخل الخلايا؟,ما هو السائل الموجود داخل الخلايا؟,السيتوبلازما.,ما هو السائل الموجود داخل الخلايا؟,السيتوبلازما.,0.4255736768245697,0.4399517774581909,0.4326432943344116,Incorrect
3816,ما هي مقدرة شخص على إدراك منبهين لمسيين مطبقين على منطقة من سطح الجسم على أنهما منفصلان؟,ANSWER: التمييز اللمسي,تمييز حس النقطتين,التمييز اللمسي,تمييز حس النقطتين,0.7225412130355835,0.6935268640518188,0.7077367901802063,Incorrect
3817,ما هو سبب عدم قدرة ألياف الجهاز العصبي المركزي على التجدد؟,ANSWER: عدم وجود غمد مييلين,غياب غمد شوان,عدم وجود غمد مييلين,غياب غمد شوان,0.6843552589416504,0.7023006677627563,0.6932118535041809,Incorrect
3820,ما هو المجال الذي تكون فيه النسخ السيتولوجية شفافة نسبياً؟,ANSWER:,تحت الأحمر القريب,,تحت الأحمر القريب,0.0,0.0,0.0,Incorrect
3823,ما هو العامل الرئيسي الذي يحدد ارتباط الأكسجين بخضاب الدم؟,.,الضغط الجزئي للأوكسجين في الدم PO2.,.,الضغط الجزئي للأوكسجين في الدم PO2.,0.47936636209487915,0.34556329250335693,0.4016134440898895,Incorrect
3828,ما الذي يؤدي إليه العامل ٣ مع الكالسيوم؟,one concise line.,تلقيم راجع إيجابي للثرومبين.,one concise line.,تلقيم راجع إيجابي للثرومبين.,0.5452578663825989,0.4630569815635681,0.5008067488670349,Incorrect
3831,متى يزداد الانحلال في التلاسيميا؟,حلال في التلاسيميا؟,التعرض للشدة والحمى.,حلال في التلاسيميا؟,التعرض للشدة والحمى.,0.41257303953170776,0.5123991370201111,0.4570993185043335,Incorrect
3832,ما هو الفيتامين الأساسي في عملية تشكيل عوامل التخثر؟,كيل عوامل التخثر؟,K,كيل عوامل التخثر؟,K,0.2623576521873474,0.3213087022304535,0.2888561189174652,Incorrect
3838,ما هو المستوى من الفيزيولوجيا الذي تنتمي إليه دراسة آلية وتوليد ونقل كوامن الفعل في القلب؟,ANSWER:,النسيجي,,النسيجي,0.0,0.0,0.0,Incorrect
3839,أين توجد المستقبلات النيكوتينية؟,توجد المستقبلات النيكوتينية؟,العقدة الجيبية الأذينية في القلب,توجد المستقبلات النيكوتينية؟,العقدة الجيبية الأذينية في القلب,0.5538095235824585,0.6112658381462097,0.5811209678649902,Incorrect
3848,ما الذي تعتمد عليه سرعة انتشار الأوكسجين عبر غشاء الخلية؟,concise line.,مقدار ذوبانه في الشحوم,concise line.,مقدار ذوبانه في الشحوم,0.4646361768245697,0.5750484466552734,0.5139794945716858,Incorrect
3852,ماذا يحدث عندما يصل التيروكسين إلى المستوى الدوراني المطلوب؟,concise line.,تتوقف الغدة النخامية عن افراز THS,concise line.,تتوقف الغدة النخامية عن افراز THS,0.5005157589912415,0.4594876766204834,0.4791249930858612,Incorrect
3853,ما هي الوظيفة الرئيسية للعقدة الأذينية البطينية في الحالات السوية؟,.,توليد إشارات تجعلها ناظمة للقلب,.,توليد إشارات تجعلها ناظمة للقلب,0.3032121956348419,0.21617960929870605,0.25240403413772583,Incorrect
3855,ما هي العوامل التي تحرض إفراز عصارة بنكرياسية غنية بالإنزيمات؟,ANSWER: تحريض عصارة بنكرياسية غنية بالإنزيمات,الأستيل كولين والكوليسيستوكينين,تحريض عصارة بنكرياسية غنية بالإنزيمات,الأستيل كولين والكوليسيستوكينين,0.6750098466873169,0.5512183904647827,0.6068655848503113,Incorrect
3857,أين يتم إعادة امتصاص القسم الأعظم من الماء المرتشح؟,line.,النبيبات الدانية,line.,النبيبات الدانية,0.5088776350021362,0.47063493728637695,0.4890097379684448,Incorrect
3861,ما هو سبب الصوت الأول للقلب؟,الأول للقلب؟,انغلاق الصمامات الأذينية البطينية,الأول للقلب؟,انغلاق الصمامات الأذينية البطينية,0.4262533187866211,0.38436126708984375,0.40422484278678894,Incorrect
3866,ما هي الخلايا التي تمتلك أسرع معدل لزوال الاستقطاب؟,ANSWER: الخلايا العصبية,العقدة الجيبية الأذينية.,الخلايا العصبية,العقدة الجيبية الأذينية.,0.6173509955406189,0.5678002834320068,0.5915398001670837,Incorrect
3868,ما هو الذي وظيفته تسريع عملية تشكل الترومبوبلاستين الصفيحي؟,ANSWER: عامل التخثر السابع,العامل السابع,عامل التخثر السابع,العامل السابع,0.6166062355041504,0.8067750930786133,0.6989870071411133,Correct
3869,ما الذي يعمل على تسهيل الانتقال بين الشهيق والزفير؟,ANSWER: العضلة الحجابية,مركز التنفس الجسري,العضلة الحجابية,مركز التنفس الجسري,0.5835939645767212,0.5879330635070801,0.585755467414856,Incorrect
3871,ما الذي يزداد في الأسناخ الرئوية؟,concise line.,بتضيق فوهة القصيبات,concise line.,بتضيق فوهة القصيبات,0.5510730147361755,0.4663313329219818,0.5051730275154114,Incorrect
3872,ما يعرف بالموجهة الجسدية؟,Answer in one concise line.,هرمون النمو,Answer in one concise line.,هرمون النمو,0.401475191116333,0.4584282636642456,0.428065687417984,Incorrect
3874,ما هي العقدة الرأسية للجهاز العصبي المستقل؟,ANSWER: العقدة العنقية,الوطاء,العقدة العنقية,الوطاء,0.45627856254577637,0.50859534740448,0.481018602848053,Incorrect
3876,ما هي المحطة الرئيسية الدماغية التي تتكامل فيها وظائف الجهاز العصبي المستقل مع وظائف البنى العصبية الأخرى؟,ANSWER: النواة العقدية,الوطاء,النواة العقدية,الوطاء,0.5830854773521423,0.4957714080810547,0.5358951687812805,Incorrect
3880,ما هو الناقل العصبي المحرر من طرفيات الألياف بعد العقدية في القسم الودي؟,in one concise line.,الاستيل كولين أو النور أدرينالين,in one concise line.,الاستيل كولين أو النور أدرينالين,0.4828301668167114,0.42084652185440063,0.4497125744819641,Incorrect
3891,ما هو الدور المهم الذي تؤديه خلايا سيرتولي في الخصية؟,الخصية؟,تغذية النطاف,الخصية؟,تغذية النطاف,0.6164896488189697,0.614872932434082,0.6156802177429199,Incorrect
3897,ما هو الذي يروي النسيج الضام للرئة؟,سيج الضام للرئة؟,الفروع القصبية للأبهر.,سيج الضام للرئة؟,الفروع القصبية للأبهر.,0.5217957496643066,0.5131558179855347,0.5174397230148315,Incorrect
3902,ما هي البوابات التي تتحكم بنفوذية القنوات للشوارد التي تسهم في تشكيل كامن الفعل؟,ANSWER: بوابات البوتاسيوم,القنوات المبوبة بالفولطاج,بوابات البوتاسيوم,القنوات المبوبة بالفولطاج,0.5765110850334167,0.6389883756637573,0.6061440706253052,Incorrect
3909,ما هي أجهزة التحكم والضبط والمراقبة في الجسم؟,بط والمراقبة في الجسم؟,العصبى الصماوى,بط والمراقبة في الجسم؟,العصبى الصماوى,0.5222297310829163,0.468108594417572,0.4936903119087219,Incorrect
3914,ما هي المواد التي تحررها نهايات المحاوير العصبية في المشابك والموصلات المشبكية؟,one concise line.,النواقل عصبية,one concise line.,النواقل عصبية,0.5071861743927002,0.44346484541893005,0.47318992018699646,Incorrect
3916,ماذا ينقل الترانسفيرين؟,نتهائي,الحديدي,نتهائي,الحديدي,0.4121512472629547,0.4194134473800659,0.4157506227493286,Incorrect
3918,ما هو الإحساس الذي يمكن أن يُدرك كلياً في المهاد؟,line.,حس الألم,line.,حس الألم,0.5129632949829102,0.530145525932312,0.5214129090309143,Incorrect
3919,أين توجد المستقبلات المسكارينية؟,ينية؟,الخلايا المستجيبة للتنبيه بالعصبونات الكولينية الفعل بعد العقدية,ينية؟,الخلايا المستجيبة للتنبيه بالعصبونات الكولينية الفعل بعد العقدية,0.3378615081310272,0.5303863286972046,0.41277870535850525,Incorrect
3930,ما هي الزمرة الدموية إذا كانت الكرية الحمراء لا تحوي مولد ارتصاص؟,ANSWER: O-,O,O-,O,0.7706115245819092,0.8765439391136169,0.8201713562011719,Correct
3935,ما هو ناظم القلب؟,ما هو ناظم القلب؟,العقدة الجيبية.,ما هو ناظم القلب؟,العقدة الجيبية.,0.41499292850494385,0.4341275691986084,0.42434462904930115,Incorrect
3941,ما الذي يشكله الجهاز الانزيمي في الخلايا البطانية السليمة اعتباراً من حمض الاراشيدونيك؟,ANSWER: البروستاجلاندين100% of the proceeds from the sale of this book will be donated to the American Red Cross to help the victims of Hurricane Katrina.,الترومبوكسان A2,البروستاجلاندين100% of the proceeds from the sale of this book will be donated to the American Red Cross to help the victims of Hurricane Katrina.,الترومبوكسان A2,0.4781118929386139,0.4905332624912262,0.4842429459095001,Incorrect
3948,ما الذي تتناسب معه سرعة النقل في الألياف العصبية اللانخاعينية؟,Answer in one concise line.,الجذر التربيعي ل قطر الليف,Answer in one concise line.,الجذر التربيعي ل قطر الليف,0.46082520484924316,0.439332515001297,0.4498222768306732,Incorrect
3958,أين تقع أجسام عصبونات المرتبة الثانية للإحساسات المنقولة بمسلك العمود الظهري؟,ANSWER: في النخاع الشوكي,المهاد,في النخاع الشوكي,المهاد,0.4412776827812195,0.47502946853637695,0.45753195881843567,Incorrect
3960,ما هي العوامل التي تتناسب معها سرعة الانتشار البسيط؟,شار البسيط؟,طردا مع مدروج تركيز المادة المنتشرة,شار البسيط؟,طردا مع مدروج تركيز المادة المنتشرة,0.41602790355682373,0.36416926980018616,0.38837510347366333,Incorrect
3962,ما هي آلية تحرر شوارد الكالسيوم من الشبكة الهيولية في العضلات الهيكلية؟,ANSWER: تحرر شوارد الكالسيوم من الشبكة الهيولية في العضلات الهيكلية عن طريق تفاعل دلتا-غاما-بيتا-ألفا.,الانتشار,تحرر شوارد الكالسيوم من الشبكة الهيولية في العضلات الهيكلية عن طريق تفاعل دلتا-غاما-بيتا-ألفا.,الانتشار,0.24955803155899048,0.38689982891082764,0.3034103810787201,Incorrect
3964,ما الذي يؤكد الدور الأهم للمراكز الشوكية والبصلية في وظيفة الجهاز العصبي المستقل؟,ANSWER:,عدم حدوث تبدلت مهمة في وظائف الجهاز العصبي المستقبل عند قطع جذع الدماغ فوق مستوى البصلة,,عدم حدوث تبدلت مهمة في وظائف الجهاز العصبي المستقبل عند قطع جذع الدماغ فوق مستوى البصلة,0.0,0.0,0.0,Incorrect
3965,ما هو الهدف الأساسي للنقل الفاعل عبر الغشاء؟,عبر الغشاء؟,الحفاظ على مدروج تركيز مرتفع للمادة عبر الغشاء,عبر الغشاء؟,الحفاظ على مدروج تركيز مرتفع للمادة عبر الغشاء,0.591776967048645,0.4410584270954132,0.5054208040237427,Incorrect
3968,ما الذي يتأثر بتغير كمية الأوكسجين في الأسناخ؟,؟,الأوعية الدموية للسنخ,؟,الأوعية الدموية للسنخ,0.3391493558883667,0.25976887345314026,0.294198602437973,Incorrect
3975,ما هي أقصى مدة لحفظ الدم؟,؟,20 يوم,؟,20 يوم,0.7440376281738281,0.7127195000648499,0.72804194688797,Incorrect
3978,ماذا يحدث عندما تكون تهوية السنخ أعلى من ترويته الدموية؟,concise line.,حيز ميت فيزيولوجي,concise line.,حيز ميت فيزيولوجي,0.5621669292449951,0.5565399527549744,0.5593392848968506,Incorrect
4000,ما هي الحالات التي تزداد فيها كمية الماء الموجودة في الأحياز الخاصة؟,ANSWER: زيادة حجم الدم,الجنب وانصباب الجنب,زيادة حجم الدم,الجنب وانصباب الجنب,0.5201230049133301,0.5643210411071777,0.5413213968276978,Incorrect
4001,ما هو الهرمون المطلق للموجهة القشرية؟,in one concise line.,CRH,in one concise line.,CRH,0.4045994281768799,0.35805827379226685,0.3799087703227997,Incorrect
4004,ما هي الشاردة الإيجابية الأساسية في السائل داخل الخلوي؟,ANSWER:,بوتاسيوم,,بوتاسيوم,0.0,0.0,0.0,Incorrect
4013,ما هو نوع المصل الذي يحمله شخص من الزمرة الدموية B؟,.,يحوي الراصة Anti A,.,يحوي الراصة Anti A,0.4297349452972412,0.2873433232307434,0.34440165758132935,Incorrect
4016,ما هي الحالة التي يكون فيها انقلاب الصيغة أكثر شيوعاً؟,concise line.,الأطفال.,concise line.,الأطفال.,0.5123952627182007,0.6148941516876221,0.5589848160743713,Incorrect
4026,ما هو حجم الضربة (Stroke Volume)؟,؟,كمّية الدم التي يضخها البطين الأيمن في ضربة واحدة,؟,كمّية الدم التي يضخها البطين الأيمن في ضربة واحدة,0.2934492826461792,0.3286725878715515,0.31006380915641785,Incorrect
4034,ما هي أقصى كمية هواء يمكن استنشاقها زيادة على كمية الحجم الجاري السوية؟,؟,حجم الشهيق المخر,؟,حجم الشهيق المخر,0.515278697013855,0.35393792390823364,0.41963455080986023,Incorrect
4040,ما هي الآلية التي يتم من خلالها التنظيم المديد للجريان الموضعي؟,ان الموضعي؟,إفراز الأنجيوجنين وعامل النمو البطاني.,ان الموضعي؟,إفراز الأنجيوجنين وعامل النمو البطاني.,0.37540674209594727,0.36491477489471436,0.3700864315032959,Incorrect
4045,ما هي الشوارد التي تسبب قوى الجذب بين خيوط الاكتين والميوزين مما يؤدي إلى انزلاق بعضها على بعض؟,ANSWER:,الكالسيوم,,الكالسيوم,0.0,0.0,0.0,Incorrect
4060,ما هو الهدف من آلية المزلاج في العضلات الملساء؟,في العضلات الملساء؟,تحافظ على تقلّص مقوٍمديد فى العضلات الملمس باستخدام كمية قليلة جداً من الطاقه,في العضلات الملساء؟,تحافظ على تقلّص مقوٍمديد فى العضلات الملمس باستخدام كمية قليلة جداً من الطاقه,0.4852341115474701,0.4522958993911743,0.4681863784790039,Incorrect
4062,ما هي الخلايا الدبقية التي تشكل جزء من الحاجز الوعائي الدموي؟,ANSWER: الخلايا الدبقية النجمية,الخلايا النجمية,الخلايا الدبقية النجمية,الخلايا النجمية,0.7859795093536377,0.8527562618255615,0.8180072903633118,Correct
4065,ما هي الآلية التي يتم من خلالها التنظيم المديد للضغط الشرياني؟,ANSWER: تنظيم ضغط الدم المديد,افراز الانجيوجينين وعامل النمو البطاني,تنظيم ضغط الدم المديد,افراز الانجيوجينين وعامل النمو البطاني,0.5597172975540161,0.6112087965011597,0.5843308568000793,Incorrect
4069,ما هي المستقبلة الأسرع تلاؤماً؟,؟,باشيني.,؟,باشيني.,0.4678463339805603,0.4472953975200653,0.4573401212692261,Incorrect
4074,لماذا لا تتمكن الألياف العصبية المركزية من التجديد؟,concise line.,عدم وجود غمد شوان,concise line.,عدم وجود غمد شوان,0.5376222133636475,0.4446823000907898,0.4867555499076843,Incorrect
4083,ما هي كمية الهواء الموجودة في الرئتين في نهاية شهيق سوي؟,في الرئتين في نهاية شهيق سوي؟,السعة الوظيفية المدخرة + الحجم الجاري,في الرئتين في نهاية شهيق سوي؟,السعة الوظيفية المدخرة + الحجم الجاري,0.48674947023391724,0.4989016354084015,0.4927506446838379,Incorrect
4086,ما هي الفائدة الوظيفية من التأخير الزمني لكامن الفعل لمدة 0.1 ثانية عند مروره في العقدة الأذينية البطينية؟,ANSWER: تأخير أذيني بطيني100% of the proceeds from the sale of this book will be donated to the American Red Cross to help the victims of Hurricane Katrina.,إنهاء تقلص الأذينات قبل تقلص البطينات,تأخير أذيني بطيني100% of the proceeds from the sale of this book will be donated to the American Red Cross to help the victims of Hurricane Katrina.,إنهاء تقلص الأذينات قبل تقلص البطينات,0.47835782170295715,0.5007754564285278,0.48931002616882324,Incorrect
4093,ما هي المواد التي يقتصر عليها الامتصاص المعدي؟,ئي,الماء والشوارد,ئي,الماء والشوارد,0.6252498030662537,0.5185675621032715,0.5669336318969727,Incorrect
4094,ما هو المركب الذي يتشكل من تفاعل الهيموغلوبين مع حمض أو قلوي؟,قلوي؟,هيماتين.,قلوي؟,هيماتين.,0.4644964933395386,0.45294585824012756,0.4586484730243683,Incorrect
4095,ما الذي يتناسب إفراغه عكسياً مع إفراغ الهيدروجين؟,ANSWER: إفراغ الهيدروكسيل100% of the proceeds from the sale of this book will be donated to the American Red Cross to help the victims of Hurricane Katrina.,البوتاسيوم,إفراغ الهيدروكسيل100% of the proceeds from the sale of this book will be donated to the American Red Cross to help the victims of Hurricane Katrina.,البوتاسيوم,0.3572765588760376,0.4057618975639343,0.3799787759780884,Incorrect
4096,ما هو الغشاء الكبيبي نفوذ له؟,Answer in one concise line.,الالبومين.,Answer in one concise line.,الالبومين.,0.4554927945137024,0.5808656215667725,0.5105957984924316,Incorrect
4097,ما هو المسؤول عن إرسال السيالات في العصبونات؟,concise line.,المحوار,concise line.,المحوار,0.5024144053459167,0.4963148832321167,0.4993460178375244,Incorrect
4098,ما هو المستوى الذي يعتبر ضخ الدم مثالاً على دراسته؟,line.,الأعضاء,line.,الأعضاء,0.5483125448226929,0.6197174787521362,0.5818324089050293,Incorrect
4101,ما هي العملية التي يتم بها تحويل النورادرينالين إلى أدرينالين؟,"ANSWER: تحويل النورادرينالين إلى أدرينالين يتم عن طريق عملية تسمى ""تحويل النورادرينالين إلى أدرينالين"".",ميتلة,"تحويل النورادرينالين إلى أدرينالين يتم عن طريق عملية تسمى ""تحويل النورادرينالين إلى أدرينالين"".",ميتلة,0.23165248334407806,0.28869956731796265,0.25704893469810486,Incorrect
4103,ما الذي يشكل جسراً بين ألياف الكولاجين والصفيحات الدموية؟,ANSWER: ألياف الكولاجين والصفيحات الدموية تشكل جسراً بين ألياف الكولاجين والصفيحات الدموية.,الترومبوكسان A2,ألياف الكولاجين والصفيحات الدموية تشكل جسراً بين ألياف الكولاجين والصفيحات الدموية.,الترومبوكسان A2,0.45259594917297363,0.4558701515197754,0.45422714948654175,Incorrect
4108,ما هي الفائدة الوظيفية من وجود الكليونات المجاورة للّب؟,ANSWER: تسهيل التخلص من النفايات,زيادة القدرة على تكثيف البول,تسهيل التخلص من النفايات,زيادة القدرة على تكثيف البول,0.6408063173294067,0.493583083152771,0.5576412081718445,Incorrect
4121,ما هو السبب الذي يحمي العضلة القلبية من التكزز؟,concise line.,طول فترة كامن فعل الليف العضلي القلبي,concise line.,طول فترة كامن فعل الليف العضلي القلبي,0.5302485823631287,0.4607629179954529,0.49306973814964294,Incorrect
4122,ما هو الهرمون الذي يخضع لتأثير مزدوج منبه ومثبط من الوطاء؟,ANSWER: هرمون النمو,GH,هرمون النمو,GH,0.4037696123123169,0.4037696123123169,0.4037696123123169,Correct
4127,أين تقع المساحة الصغرى في ساحة الحس الأولية عند الإنسان؟,concise line.,الجذع,concise line.,الجذع,0.5186097025871277,0.49833089113235474,0.5082681179046631,Incorrect
4131,ما هو مصدر الATP الذي تحتاجه الليفات العضلية بشدة؟,Answer in one concise line.,المتقدرات الغزيرة الموازية للبيفات,Answer in one concise line.,المتقدرات الغزيرة الموازية للبيفات,0.46186137199401855,0.4341990351676941,0.4476032257080078,Incorrect
4134,ما هو الذي يفعل السبيل الخارجي للتخثر؟,ثر؟,رض الأنسجة,ثر؟,رض الأنسجة,0.6297186017036438,0.5349509716033936,0.5784792900085449,Incorrect
4137,ما الذي تتناسب معه سرعة انتشار الغاز عبر الغشاء التنفسي عكسياً؟,عكسياً؟,ثخانة الغشاء,عكسياً؟,ثخانة الغشاء,0.5443002581596375,0.5106568932533264,0.5269421339035034,Incorrect
4147,ما هي القيمة العظمى لضغط الأوكسجين في الأسناخ عند زيادة التهوية السنخية في الحالات السوية؟,ANSWER: 100 mmHg,149 ملم زئبقي,100 mmHg,149 ملم زئبقي,0.6501947641372681,0.569103479385376,0.6069526076316833,Incorrect
4148,أين يحدث الامتصاص بشكل أساسي؟,نتهائي,الامعاء الدقيقة,نتهائي,الامعاء الدقيقة,0.5239871144294739,0.4780541658401489,0.4999678134918213,Incorrect
4149,ما هو الهرمون الذي يتم إفرازه نتيجة الشدة (الكروب)؟,دة (الكروب)؟,الكورتيزول,دة (الكروب)؟,الكورتيزول,0.5572448968887329,0.5827285051345825,0.5697019100189209,Incorrect
4152,ما هي آلية تحرر شوارد الكالسيوم من الشبكة الهيولية في العضلات الهيكلية؟,ANSWER: تحرر شوارد الكالسيوم من الشبكة الهيولية في العضلات الهيكلية عن طريق تفاعل دلتا-غاما-بيتا-ألفا.,الانتشار,تحرر شوارد الكالسيوم من الشبكة الهيولية في العضلات الهيكلية عن طريق تفاعل دلتا-غاما-بيتا-ألفا.,الانتشار,0.24955803155899048,0.38689982891082764,0.3034103810787201,Incorrect
4157,ماذا يسبب التنبيه اللاودي على القلب؟,يسبب التنبيه اللاودي على القلب؟,تباطؤ ضربات القلب.,يسبب التنبيه اللاودي على القلب؟,تباطؤ ضربات القلب.,0.5181069374084473,0.5264461040496826,0.5222432613372803,Incorrect
4159,ما هو المسؤول عن زوال الاستقطاب؟,هو المسؤول عن زوال الاستقطاب؟,دخول شوارد الصوديوم,هو المسؤول عن زوال الاستقطاب؟,دخول شوارد الصوديوم,0.4720286726951599,0.4875929057598114,0.47968459129333496,Incorrect
4164,ما هو الرقم الهيدروجيني الطبيعي للبول؟,يني الطبيعي للبول؟,بين 4.7 و 8,يني الطبيعي للبول؟,بين 4.7 و 8,0.40822336077690125,0.3987460136413574,0.4034290313720703,Incorrect
4172,ماذا يحدث عند وصول كمية كبيرة من NaCl إلى اللطخة الكثيفة؟,one concise line.,تقبيض الشرين الوارد,one concise line.,تقبيض الشرين الوارد,0.5184714198112488,0.45828956365585327,0.4865264892578125,Incorrect
4175,ما هي كمية الدم التي تمر في نقطة معينة من الدوران خلال فترة محددة من الزمن؟,ANSWER: معدل تدفق الدم,تدفق الدم,معدل تدفق الدم,تدفق الدم,0.8188555240631104,0.8341096043586731,0.8264122605323792,Correct
4179,ما هو الانزيم المعوي الذي يقوم بهضم الدسم في الأمعاء؟,one concise line.,الليباز,one concise line.,الليباز,0.4974404573440552,0.46070265769958496,0.47836723923683167,Incorrect
4193,ماذا يسبب نقص فيتامين B12 وحمض الفوليك؟,in one concise line.,فقر دم زائد الصباغ زائد الحجم,in one concise line.,فقر دم زائد الصباغ زائد الحجم,0.4623127579689026,0.43195050954818726,0.44661620259284973,Incorrect
4195,ما هي وظيفة الصمامات القلبية؟,القلبية؟,توجيه مجرى الدم باتجاه واحد,القلبية؟,توجيه مجرى الدم باتجاه واحد,0.4720330834388733,0.44110751152038574,0.45604661107063293,Incorrect
4196,ما هو المستوى الذي يعد عليه تنظيم الضغط الشرياني؟,Answer in one concise line.,الأجهزه,Answer in one concise line.,الأجهزه,0.4451277554035187,0.48210200667381287,0.46287769079208374,Incorrect
4202,ما هو نوع العضلات الذي يمتاز بخاصية الارتخاء بعد الكرب؟,ANSWER: عضلات غير إرادية,العضلات وحيدة الوحدة الحشوية,عضلات غير إرادية,العضلات وحيدة الوحدة الحشوية,0.5480318069458008,0.5926990509033203,0.569490909576416,Incorrect
4209,ما هو أسرع أجزاء الجهاز الناقل في القلب في توصيل السيالة؟,ANSWER: العقدة الجيبية الأذينية,ألياف بوركنج.,العقدة الجيبية الأذينية,ألياف بوركنج.,0.49536192417144775,0.5062262415885925,0.5007351636886597,Incorrect
4219,ما هو اسم الأسناخ التي يصلها دم ولا يصلها هواء؟,Answer in one concise line.,التحويلة الفيزيولوجية,Answer in one concise line.,التحويلة الفيزيولوجية,0.4590010643005371,0.47670072317123413,0.46768346428871155,Incorrect
4221,ما هي الطريقة التي يمكن بها تحرير النص الفعال حيوياً بتقنية الأسر الصوتي؟,ANSWER: تحرير النص الفعال حيوياً بتقنية الأسر الصوتي يمكن أن يتم عن طريق استخدام تقنية الأسر الصوتي.,تفعيله بالامتصاص مستدعي الفوتونه,تحرير النص الفعال حيوياً بتقنية الأسر الصوتي يمكن أن يتم عن طريق استخدام تقنية الأسر الصوتي.,تفعيله بالامتصاص مستدعي الفوتونه,0.4165042042732239,0.4425080120563507,0.4291124939918518,Incorrect
4222,ما هي الشاردة ذات التركيز الأكبر داخل العصبون؟,Answer in one concise line.,البوتاسيوم,Answer in one concise line.,البوتاسيوم,0.35011279582977295,0.42030349373817444,0.38201069831848145,Incorrect
4223,ما هو العظم الذي يتمفصل معه الغضروف الطرجهالي؟,Answer in one concise line.,الغضروف الحلقي,Answer in one concise line.,الغضروف الحلقي,0.4613531827926636,0.49775487184524536,0.4788632392883301,Incorrect
4226,ماذا يحدث في طور الانقباض الأذيني؟,الأذيني؟,الصمامات الأذينية البطينية مفتوحة و السينية مغلقة,الأذيني؟,الصمامات الأذينية البطينية مفتوحة و السينية مغلقة,0.3903932571411133,0.44030213356018066,0.4138484299182892,Incorrect
4231,ما هو الحجم الرئوي الذي يزداد مع التقدم بالعمر؟,Answer in one concise line.,الحجم المتبقي.,Answer in one concise line.,الحجم المتبقي.,0.4621625542640686,0.6126208305358887,0.5268604159355164,Incorrect
4237,ما الذي يحرض إفراز عصارة غنية بالإنزيمات الهاضمة من البنكرياس؟,ANSWER: تحريض عصارة البنكرياس,CCK,تحريض عصارة البنكرياس,CCK,0.34124860167503357,0.35466456413269043,0.3478272557258606,Incorrect
4243,ما الذي يتمثل به زوال استقطاب البطينات على مخطط القلب؟,Answer in one concise line.,الموجة QRS.,Answer in one concise line.,الموجة QRS.,0.5089325308799744,0.5797566175460815,0.5420408844947815,Incorrect
4245,ما هو العامل المحرض على زيادة إفراز الألدوستيرون؟,وستيرون؟,زيادة تركيز البوتاسيوم في السائل خارج الخلوي,وستيرون؟,زيادة تركيز البوتاسيوم في السائل خارج الخلوي,0.42663776874542236,0.4534723460674286,0.4396459758281708,Incorrect
4246,ما هي الطريقة المستخدمة لحل الخثرة إذا تشكلت في أوعية القلب والرئتين؟,line.,البلازمين,line.,البلازمين,0.5143554210662842,0.5308623313903809,0.5224785208702087,Incorrect
4247,ما الذي تسمح به خاصية الارتخاء بعد الكرب للأعضاء الجوفاء التي تحوي عضلات ملساء؟,ANSWER:,المحافظة على مقدار الضغط نفسه على الرغم من تغير الحجم ضمن حدود معينة,,المحافظة على مقدار الضغط نفسه على الرغم من تغير الحجم ضمن حدود معينة,0.0,0.0,0.0,Incorrect
4249,ما هو معدل التهوية السنخية؟,معدل التهوية السنخية؟,كمية الهواء الذي يصل للمناطق التنفسية مضروب,معدل التهوية السنخية؟,كمية الهواء الذي يصل للمناطق التنفسية مضروب,0.5168879628181458,0.530127763748169,0.5234241485595703,Incorrect
4255,متى يتوقف التقلص العضلي؟,one concise line.,ارتباط الكالسيوم بالتربونين,one concise line.,ارتباط الكالسيوم بالتربونين,0.4586237072944641,0.5118693113327026,0.48378586769104004,Incorrect
4258,ما هي عصبونات المرتبة الثانية في المسلك الظهري؟,ANSWER: عصبونات الحبل الشوكي10000000000000000000000000000000000000000000000000000000000000000000000000000000000000000000000000000000000000000000000000000000000000000000000000000000000000000000000000000000000000000000000000000000000000000000000000000000000000000000000000,النواتين الناحلة واإلسفينية,عصبونات الحبل الشوكي10000000000000000000000000000000000000000000000000000000000000000000000000000000000000000000000000000000000000000000000000000000000000000000000000000000000000000000000000000000000000000000000000000000000000000000000000000000000000000000000000,النواتين الناحلة واإلسفينية,0.5404281616210938,0.46904557943344116,0.5022130012512207,Incorrect
4265,ما هو القشراني المعدني الرئيسي؟,Answer in one concise line.,الالدوسترون (معدني),Answer in one concise line.,الالدوسترون (معدني),0.4158623516559601,0.4743102490901947,0.44316747784614563,Incorrect
4266,ما هي أقل أنسجة الجسم البشري احتواءً على الماء؟,ANSWER: العظام,الدهنى,العظام,الدهنى,0.5205435156822205,0.5142818689346313,0.5173937678337097,Incorrect
4270,ما هو طليعة الانزيم الذي يتحول إلى شكله الفعال تحت تأثير الخنثرين؟,Answer in one concise line.,العامل الحادي عشر,Answer in one concise line.,العامل الحادي عشر,0.3639764189720154,0.40928107500076294,0.3853015899658203,Incorrect
4277,ما هي الآلية التي يستطيع من خلالها الجهاز التنفسي تأمين كميات كبيرة من الأكسجين أثناء التمارين المجهدة؟,ANSWER: زيادة معدل التنفس,يحصل كامل التبادل الغازي للأكسجين خلال قطع الدم ثلث المسافة عبر الوعاء الشعري.,زيادة معدل التنفس,يحصل كامل التبادل الغازي للأكسجين خلال قطع الدم ثلث المسافة عبر الوعاء الشعري.,0.5085650682449341,0.4581848382949829,0.4820622205734253,Incorrect
4278,ما الذي يحول الببسين إلى مولد ببسين؟,ول الببسين إلى مولد ببسين؟,حمض كلور الماء,ول الببسين إلى مولد ببسين؟,حمض كلور الماء,0.4658966064453125,0.5209674835205078,0.491895467042923,Incorrect
4280,ما هي الوظائف التي يتآزر فيها الجهازان الودي واللاودي؟,واللاودي؟,تنظيم افراز اللعاب,واللاودي؟,تنظيم افراز اللعاب,0.4667835831642151,0.4199741780757904,0.44214344024658203,Incorrect
4281,من أين يتم إفراز الإريثروبويتين؟,يتين؟,الكلية,يتين؟,الكلية,0.4547177255153656,0.4802348017692566,0.46712806820869446,Incorrect
4282,ما الجزء من الأجسام الضدية من IgG التي يتم قطعها وأخذها في المراكز الحديثة؟,ANSWER: Fc,الجزء المفرط التغير,Fc,الجزء المفرط التغير,0.3562990128993988,0.3453395962715149,0.3507337272167206,Incorrect
4284,ما الذي يؤدي إلى نقصان حجم الدفقة بزيادته؟,؟,معدل دقات القلب.,؟,معدل دقات القلب.,0.4288070499897003,0.3266509771347046,0.37082207202911377,Incorrect
4285,ما تدعى الترنجات العشوائية لشدة الإشعاع المترابط المنتشرة انتشاراً متعدداً؟,ANSWER:,البقع,,البقع,0.0,0.0,0.0,Incorrect
4286,ما هو المسؤول عن إعادة الاستقطاب؟,هائي,دخول شوارد الصوديوم,هائي,دخول شوارد الصوديوم,0.5075043439865112,0.48633965849876404,0.4966966509819031,Incorrect
4287,ما هي المادة التي تشتق منها الهرمونات الأمينية؟,مونات الأمينية؟,التيروزين,مونات الأمينية؟,التيروزين,0.4951702356338501,0.516075611114502,0.5054068565368652,Incorrect
4296,كيف يؤدي التأثير الحاصر غير المباشر تأثيره على الجهاز العصبي المستقل؟,Answer in one concise line.,إنقاص فعالية العصبون قبل المشبكي,Answer in one concise line.,إنقاص فعالية العصبون قبل المشبكي,0.4701152443885803,0.42167508602142334,0.4445795714855194,Incorrect
4297,ما هو الطريق الهندسي الذي يمكن للضوء أن يقطعه في الخلاء مضروبا بقرينة انكسار الوسط؟,ANSWER: المسار البصري,المسار الضوئي,المسار البصري,المسار الضوئي,0.79839026927948,0.7544288039207458,0.7757872343063354,Correct
4298,ما هي الألياف العصبية التي تتميز بالنقل القفزي؟,one concise line.,الألياف المغمدة بالنخاعين,one concise line.,الألياف المغمدة بالنخاعين,0.5035879611968994,0.5139940977096558,0.5087378621101379,Incorrect
4299,ما هو الكمون تقريباً عندما يتكون الليف نفوذ لشوارد البوتاسيوم فقط؟,ANSWER: 100ms,سالب 94 ميلي فولط,100ms,سالب 94 ميلي فولط,0.49352186918258667,0.5125497579574585,0.5028558969497681,Incorrect
4302,ماذا ينقص في حال نقص المتناول من الماء؟,من الماء؟,حجم البول,من الماء؟,حجم البول,0.5663809776306152,0.6018719673156738,0.5835873484611511,Incorrect
4307,ما هو الجزء الذي يملك فعالية ATPase؟,ATPase؟,رأس الميوزين,ATPase؟,رأس الميوزين,0.542370617389679,0.564873456954956,0.5533934235572815,Incorrect
4308,أين يوجد مركز العطش؟,لم الإنتهائي,الوطاء,لم الإنتهائي,الوطاء,0.4750145375728607,0.587254524230957,0.5252048373222351,Incorrect
4310,أين يحدث الامتصاص بشكل رئيسي؟,ئي,أمعاء دقيقة,ئي,أمعاء دقيقة,0.5517661571502686,0.4408717155456543,0.49012452363967896,Incorrect
4311,ما هو الناقل العصبي الذي تحرره الألياف قبل العقدية في القسمين الودي ونظير الودي؟,ANSWER: Acetylcholine,الأستيل كولين,Acetylcholine,الأستيل كولين,0.7623090744018555,0.6676625609397888,0.7118536233901978,Correct
4315,ما هو الصوت الذي يسمع عند بدء الانبساط البطيني؟,ء الانبساط البطيني؟,الثاني,ء الانبساط البطيني؟,الثاني,0.3303662836551666,0.3792799711227417,0.35313740372657776,Incorrect
4317,ما الذي يُنقص الإفراز المعدي؟,ئي,السكرتين,ئي,السكرتين,0.6038108468055725,0.585195779800415,0.5943576693534851,Incorrect
4321,كيف يتم إلغاء التأثير التثبيطي للتروبونين؟,ثبيطي للتروبونين؟,الكالسيوم,ثبيطي للتروبونين؟,الكالسيوم,0.3789336681365967,0.46419963240623474,0.4172551929950714,Incorrect
4322,ما هي الوظائف التي يتآزر فيها القسمين الودّي ونظير الودّي للجهاز العصبي المستقل؟,ANSWER: تنظيم ضربات القلب,تنظيم إفراز اللعاب,تنظيم ضربات القلب,تنظيم إفراز اللعاب,0.7415326237678528,0.6764925122261047,0.7075209617614746,Incorrect
4332,ماذا يؤدي نقص تركيز الأوكسجين في الأسناخ؟,الأوكسجين في الأسناخ؟,تقبض الأوعية الدموية لهذه الأسناخ.,الأوكسجين في الأسناخ؟,تقبض الأوعية الدموية لهذه الأسناخ.,0.6424099206924438,0.5289660692214966,0.5801946520805359,Incorrect
4335,ما هي الظاهرة التي تحدث عندما تتجمع المراكز المثارة ويستطيع الإشعاع أن ينتشر مرات كثيرة؟,ANSWER: التوهج,الانتثار المتعدد,التوهج,الانتثار المتعدد,0.6186155676841736,0.5935682654380798,0.605833113193512,Incorrect
4341,ما هو المسؤول عن تحفيز تحرر الكالسيوم من الشبكة الهيولية؟,Answer in one concise line.,كامن الفعل,Answer in one concise line.,كامن الفعل,0.4546968340873718,0.5187236070632935,0.48460453748703003,Incorrect
4343,ما هي آلية عمل الحاصرات الغير مباشرة في الجهاز العصبي المستقل؟,؟,تنقص فعالية العصبون قبل المشبكي,؟,تنقص فعالية العصبون قبل المشبكي,0.4174554646015167,0.283081591129303,0.3373810052871704,Incorrect
4349,ما هو نمط المستقبلات الموجودة في العضو؟,ات الموجودة في العضو؟,إرخاء مصرة المثانة,ات الموجودة في العضو؟,إرخاء مصرة المثانة,0.5742776989936829,0.4906771779060364,0.52919602394104,Incorrect
4352,ما الذي يؤدي إلى انخفاض ضغط الدم عند زيادته؟,concise line.,قطر الاوعية الدموية,concise line.,قطر الاوعية الدموية,0.5238174200057983,0.44455981254577637,0.4809451699256897,Incorrect
4353,ما هي الحالات التي تنقص فيها سرعة موجة النبض؟,concise line.,بازدياد المرونة.,concise line.,بازدياد المرونة.,0.5694580078125,0.49903786182403564,0.5319274067878723,Incorrect
4356,ما هي الخلايا التي تستجيب للعصبونات بعد العقد اللاودية؟,ANSWER: خلايا العضلات الملساء,الأستيل كولين,خلايا العضلات الملساء,الأستيل كولين,0.5030655860900879,0.5095418095588684,0.5062830448150635,Incorrect
4360,ما هو الجزء من النفرون الكتيم تماماً للماء؟,one concise line.,الجزء الصاعد من عروة هانله,one concise line.,الجزء الصاعد من عروة هانله,0.5214935541152954,0.5238392949104309,0.5226637721061707,Incorrect
4361,أين يتم تخرب الكريات الحمر بشكل رئيسي؟,ي؟,الطحال,ي؟,الطحال,0.6008239984512329,0.6243903040885925,0.6123805642127991,Incorrect
4367,ما هو العامل الأساسي الذي يحدد ارتباط الخضاب بالأوكسجين؟,concise line.,ضغط الأوكسجين في الدم.,concise line.,ضغط الأوكسجين في الدم.,0.5857861638069153,0.5196906924247742,0.5507625341415405,Incorrect
4369,ما هو العامل الذي تفرزه الكلية ويؤثر في تشكيل الكريات الحمر؟,.,التروميو موديولين,.,التروميو موديولين,0.3969464898109436,0.4513065814971924,0.42238470911979675,Incorrect
4371,إلام يؤدي زيحان منحنى تفارق الأكسجين الخضاب نحو اليمين؟,ANSWER: زيادة تركيز الأكسجين في الدم,نقص النسبة المئوية لإشباع الخضاب بالأكسجين,زيادة تركيز الأكسجين في الدم,نقص النسبة المئوية لإشباع الخضاب بالأكسجين,0.7169536352157593,0.6934002637863159,0.7049803137779236,Incorrect
4373,ما الذي يشكل غمد النخاعين في الجهاز العصبي المركزي؟,.,الخلايا الدبقية قليلة التغصنات,.,الخلايا الدبقية قليلة التغصنات,0.30676692724227905,0.2935486435890198,0.3000122606754303,Incorrect
4378,ما الذي يثبط إفراز الـ FSH؟,؟,البروجسترون,؟,البروجسترون,0.4229004681110382,0.45328211784362793,0.43756455183029175,Incorrect
4385,ماذا تمثل الموجة QRS؟,ة QRS؟,زوال استقطاب البطينين,ة QRS؟,زوال استقطاب البطينين,0.47584009170532227,0.4518871307373047,0.46355441212654114,Incorrect
4402,ما الذي يعتمد عليه هرمون النمو في تأثيره على الخلية الهدف؟,ANSWER: مستقبلات الخلية الهدف,السوماتوميدين,مستقبلات الخلية الهدف,السوماتوميدين,0.5155900120735168,0.624969482421875,0.5650350451469421,Incorrect
4405,ما الذي يضمن سرعة توصيل كامن الفعل إلى جميع أنحاء الليف العضلي؟,ANSWER: تفرع الليف العضلي,انابيب المستعرضة,تفرع الليف العضلي,انابيب المستعرضة,0.5278339385986328,0.5577819347381592,0.5423948764801025,Incorrect
4406,ما الذي يسمع بوضوح في الحالة الطبيعية للإنسان؟,؟,الصوتان الأول و الثاني,؟,الصوتان الأول و الثاني,0.4018227458000183,0.3739889860153198,0.387406587600708,Incorrect
4410,ماذا يحدث لمعدل الترشيح الكبيبي عندما يصبح ضغط الدم 100 ممز؟,ANSWER: ينخفض معدل الترشيح الكبيبي.,يبقي ثابتا,ينخفض معدل الترشيح الكبيبي.,يبقي ثابتا,0.39819490909576416,0.4081149101257324,0.4030938744544983,Incorrect
4414,ما هو المستوى الذي يعد عليه تنظيم الضغط الشرياني؟,اني؟,الأجهزة,اني؟,الأجهزة,0.5328261256217957,0.4664749801158905,0.49744778871536255,Incorrect
4424,ما الذي يثبط فعالية جهاز الهضم؟,؟,التنبيه اللاودي.,؟,التنبيه اللاودي.,0.40457651019096375,0.3392482399940491,0.36904358863830566,Incorrect
4437,ما هي الأسباب التي تُعزى إليها ظاهرة الانتشار الخلفي المترابط؟,ANSWER:,تموضع ضعيف,,تموضع ضعيف,0.0,0.0,0.0,Incorrect
4441,ما الذي يحدث مباشرة قبل صوت القلب الثاني؟,القلب الثاني؟,الموجة T.,القلب الثاني؟,الموجة T.,0.4741176962852478,0.4399641156196594,0.45640283823013306,Incorrect
4444,ما هو الأنزيم المعوي الذي يحول مولد التربسين إلى تربسين؟,ANSWER: التربسينوجين,الإنتيروكيناز,التربسينوجين,الإنتيروكيناز,0.7157436609268188,0.6932306289672852,0.7043073177337646,Incorrect
4448,ما هي أهمية التأخير الذي يحدث أثناء مرور كامن الفعل في العقدة الأذينية البطينية؟,؟,كل ما سبق صحيح.,؟,كل ما سبق صحيح.,0.36338183283805847,0.26702430844306946,0.30783894658088684,Incorrect
4449,ما هو سبب ظهور طور الهضبة في كامن فعل العضلة القلبية؟,ن فعل العضلة القلبية؟,دخول شوارد الكالسيوم.,ن فعل العضلة القلبية؟,دخول شوارد الكالسيوم.,0.5371930599212646,0.4682828485965729,0.5003765821456909,Incorrect
4452,ما الأقنية التي يسبب انتفاحها بطور الهضبة في كمون عمل الليف العضلي القلبي؟,in one concise line.,الكالسيوم,in one concise line.,الكالسيوم,0.35746192932128906,0.4155200123786926,0.38431063294410706,Incorrect
4471,ما هو المخطط الذي عبارة عن صندوق ذو قرنين ممتدين بشكل موازي للمحور الشاقولي الذي تتوزع عليه القياسات؟,ANSWER: مخطط شريطي,المخطط الصندوقي,مخطط شريطي,المخطط الصندوقي,0.7958927750587463,0.7958927750587463,0.7958927750587463,Incorrect
4474,ما هو المقياس الذي يسمح بترتيب السمات دون اعتبار لتساوي الفروق بين أي رتبتين؟,ANSWER: مقياس الترتيب,الرتبي,مقياس الترتيب,الرتبي,0.5638529062271118,0.5689820051193237,0.5664058327674866,Correct
4475,ماذا يعني أن تكون قيمة معامل الارتباط تساوي −0.92؟,Answer in one concise line.,وجود علاقة عكسية قوية,Answer in one concise line.,وجود علاقة عكسية قوية,0.45427757501602173,0.5059443712234497,0.47872093319892883,Incorrect
4477,ما هي مصادر البيانات السكانية؟,نتهائي,التعداد ومسوح العينة والسجلات السكانية,نتهائي,التعداد ومسوح العينة والسجلات السكانية,0.3667755722999573,0.44138580560684204,0.4006366729736328,Incorrect
4478,ماذا نحصل عليه بعد تحديد مجتمع الدراسة والعينة وقياس قيم المتغير على أفراد العينة؟,concise line.,البيانات الخام,concise line.,البيانات الخام,0.48623818159103394,0.4735924005508423,0.4798319637775421,Incorrect
4480,ما هو نوع المتغير الذي يمثله عدد الكريات الحمر؟,in one concise line.,عشوائي منفصل,in one concise line.,عشوائي منفصل,0.4548383355140686,0.4307805895805359,0.44248270988464355,Incorrect
4481,ما هو المقياس الذي تكون فيه قيمة الصفر نسبية وليست مطلقة؟,ANSWER: مقياس لوجاريتمى,المقياس الفتروي,مقياس لوجاريتمى,المقياس الفتروي,0.6356109380722046,0.6695998907089233,0.6521629095077515,Incorrect
4482,ما هو مخطط تنظيم البيانات الذي يشبه أسلوب الجداول التكرارية والأعمدة؟,ANSWER: مخططات التكرار,مخطط الساق والورقة,مخططات التكرار,مخطط الساق والورقة,0.6437966823577881,0.5368797779083252,0.5854973196983337,Incorrect
4484,ما هو التوقع الرياضي للعدد الثابت؟,ابت؟,العدد الثابت ذاته,ابت؟,العدد الثابت ذاته,0.4487892985343933,0.425420880317688,0.4367927312850952,Incorrect
4491,ما هو التوزيع المستخدم من أجل اختبار الفروض حول معامل الارتباط الخطي؟,Answer in one concise line.,ستيودنت بدرجة حرية n-2,Answer in one concise line.,ستيودنت بدرجة حرية n-2,0.4952640235424042,0.5023461580276489,0.49877992272377014,Incorrect
4494,ما هو الإحصاء الذي يسعى لعرض وتوضيح سلوك الظاهرة؟,اهرة؟,إحصاء وصفي,اهرة؟,إحصاء وصفي,0.4968738853931427,0.47433409094810486,0.485342413187027,Incorrect
4495,ما هو الغرض الرئيسي من حساب معامل الارتباط الخطي؟,ارتباط الخطي؟,قياس قوة العلاقة الخطية بين متغيرين,ارتباط الخطي؟,قياس قوة العلاقة الخطية بين متغيرين,0.5027546882629395,0.49957743287086487,0.5011610388755798,Incorrect
4497,ما هو الخط المنكسر الذي يصل النقاط التي فواصلها مراكز الفئات وترتيبها تكرارات الفئات؟,ANSWER: خط الوسط,المضلع التكراري,خط الوسط,المضلع التكراري,0.6562943458557129,0.5322683453559875,0.5878103375434875,Incorrect
4498,من أين نحصل على المصادر الداخلية لجمع البيانات؟,one concise line.,داخل الشركة أو المؤسسة,one concise line.,داخل الشركة أو المؤسسة,0.4769338369369507,0.4214712679386139,0.4474906027317047,Incorrect
4502,ما هو الإحصاء؟,الإحصاء؟,أي دالة في العينة لا تتبع وسيط مجهول,الإحصاء؟,أي دالة في العينة لا تتبع وسيط مجهول,0.4085314869880676,0.4129984676837921,0.4107528328895569,Incorrect
4505,ماذا يحتسب اليوم إذا قُبل المريض في يوم وتخرج في نفس اليوم؟,ANSWER: يوم واحد,مدة استشفاء,يوم واحد,مدة استشفاء,0.5371997356414795,0.4951514005661011,0.5153192281723022,Incorrect
4508,ما هي طريقة جمع البيانات التي تتناسب مع الأطفال؟,Answer in one concise line.,الملاحظة,Answer in one concise line.,الملاحظة,0.3688671588897705,0.43287205696105957,0.39831477403640747,Incorrect
4522,ما هي الدراسات التي بحكم الميدان تنفيذ العمل وجمع البيانات؟,ANSWER: دراسات ميدانية,الدراسات الكيفية,دراسات ميدانية,الدراسات الكيفية,0.7121455669403076,0.7121455669403076,0.7121455669403076,Incorrect
4527,ما هو الغرض من استخدام الجداول التكرارية؟,concise line.,البيانات الوصفية والكمية,concise line.,البيانات الوصفية والكمية,0.53644859790802,0.5496789216995239,0.5429831743240356,Incorrect
4528,ما هما نوعا البيانات الموجودان؟,Answer in one concise line.,كمية ووصفية,Answer in one concise line.,كمية ووصفية,0.41938236355781555,0.434987336397171,0.4270423352718353,Incorrect
4531,ما الذي تعطينا إياه دالة التوزيع الاحتمالي المتجمع؟,ANSWER: احتمال حدوث حدث ما,احتمال ان ياخد المتغير العشوائى x قيمه اقل او تساوى قيمه محددة,احتمال حدوث حدث ما,احتمال ان ياخد المتغير العشوائى x قيمه اقل او تساوى قيمه محددة,0.5528689622879028,0.4644797444343567,0.5048345923423767,Incorrect
4541,كل متى يتكرر التعداد السكاني عادة؟,كرر التعداد السكاني عادة؟,عشرة أعوام,كرر التعداد السكاني عادة؟,عشرة أعوام,0.4338993728160858,0.4763827323913574,0.45414969325065613,Incorrect
4546,ما هو الفارق في عدد السكان بين تعدادين متعاقبين تفصلهما فترة معينة كعشر سنوات؟,line.,التغير المطلق,line.,التغير المطلق,0.4256541132926941,0.4338322877883911,0.4297042787075043,Incorrect
4551,ما هو المسجل الذي يهدف إلى تجميع المعلومات عن المرضى؟,تجميع المعلومات عن المرضى؟,السجلات الطبية,تجميع المعلومات عن المرضى؟,السجلات الطبية,0.521052360534668,0.5443139672279358,0.5324292182922363,Incorrect
4563,ما هي من أقدم الطرق المستخدمة لجمع البيانات لمراقبة الكثير من الظواهر لا سيما التي يصعب السؤال عنها؟,ANSWER: الملاحظة المباشرة,الملاحظة أو المشاهدة,الملاحظة المباشرة,الملاحظة أو المشاهدة,0.7369930744171143,0.7141974568367004,0.7254163026809692,Correct
4564,ما هو المقياس المستخدم لوصف حالة التدخين (مدخن - غير مدخن)؟,خن - غير مدخن)؟,الاسمي,خن - غير مدخن)؟,الاسمي,0.3123510479927063,0.3971559405326843,0.34968528151512146,Incorrect
4566,ما هي الطريقة التي يتم بها الحصول على بيانات تتعلق بضغط الدم وسرعة نبضات القلب ونسبة الكوليسترول في الدم لعينة من المرضى خلال فترة أسبوع؟,ANSWER: مراقبة المرضى2019-01-15 11:00:00,التسجيل,مراقبة المرضى2019-01-15 11:00:00,التسجيل,0.2859173119068146,0.4810246527194977,0.3586536645889282,Incorrect
4567,ما هي وظائف السجلات الطبية؟,ANSWER: خلف الكلم الإنتهائي,ترميز الامراض والعمليات .,خلف الكلم الإنتهائي,ترميز الامراض والعمليات .,0.44729018211364746,0.45791056752204895,0.4525381028652191,Incorrect
4568,ما هو المقياس الذي يمكن استخدام الطرق الإحصائية الوسيطية فيه؟,اس الذي يمكن استخدام الطرق الإحصائية الوسيطية فيه؟,النسبي,اس الذي يمكن استخدام الطرق الإحصائية الوسيطية فيه؟,النسبي,0.42864537239074707,0.40019652247428894,0.4139327108860016,Incorrect
4572,ما هو التوزيع الذي يتبعه مربع المتغير العشوائي Z² إذا كان للمتغير العشوائي Z توزيع طبيعي معياري؟,ANSWER: توزيع كاي مربع,توزيع كاي مربع بدرجة حرية واحدة,توزيع كاي مربع,توزيع كاي مربع بدرجة حرية واحدة,0.7625304460525513,0.5467708110809326,0.6368731260299683,Incorrect
4574,ما هي المنظمة التي وضعت التصنيف الدولي للأمراض؟,هي المنظمة التي وضعت التصنيف الدولي للأمراض؟,منظمة الصحة العالمية .,هي المنظمة التي وضعت التصنيف الدولي للأمراض؟,منظمة الصحة العالمية .,0.5733716487884521,0.5970897674560547,0.5849904417991638,Incorrect
4580,ما هي الجهة المسؤولة عن السجلات الطبية؟,هي الجهة المسؤولة عن السجلات الطبية؟,قسم السجلات الطبية في المشفى,هي الجهة المسؤولة عن السجلات الطبية؟,قسم السجلات الطبية في المشفى,0.6418613791465759,0.6898031830787659,0.6649693250656128,Incorrect
4586,ما هو التوقع الرياضي لمتحول عشوائي يخضع لتوزيع برنولي؟,ضع لتوزيع برنولي؟,P,ضع لتوزيع برنولي؟,P,0.263907790184021,0.3136434257030487,0.28663408756256104,Incorrect
4588,ما هو التصنيف الدولي للأمراض؟,للأمراض؟,ثلاثة أجزاء .,للأمراض؟,ثلاثة أجزاء .,0.3816697895526886,0.3705848455429077,0.37604567408561707,Incorrect
4589,ما هو المستقيم الذي يكون منحنى التوزيع الطبيعي المعياري مناظراً حوله؟,ANSWER: محور التوزيع الطبيعي,x=0,محور التوزيع الطبيعي,x=0,0.3956014811992645,0.5770697593688965,0.4694076180458069,Incorrect
4594,ما هي أيام الخدمة الإجمالية للمرضى الداخليين؟,in one concise line.,مجموع خدمة جميع المرضى الداخليين خلال مدة معينة,in one concise line.,مجموع خدمة جميع المرضى الداخليين خلال مدة معينة,0.46871131658554077,0.4426160454750061,0.4552900791168213,Incorrect
4595,ما هي قيمة معامل التجديد؟,جديد؟,مربع معامل الارتباط الخطي,جديد؟,مربع معامل الارتباط الخطي,0.44860535860061646,0.4170631468296051,0.43225958943367004,Incorrect
4596,ما هي وحدة المعاينة؟,خلف الكلم الإنتهائي,عنصر من العينة,خلف الكلم الإنتهائي,عنصر من العينة,0.5035529136657715,0.5493674278259277,0.5254634022712708,Incorrect
4597,ما هو الجدول التكراري الذي يضم عدد البيانات في فئة معينة وكل الفئات التي تسبقها؟,in one concise line.,تكرار المجتمع الصاعد,in one concise line.,تكرار المجتمع الصاعد,0.40991055965423584,0.4051385223865509,0.4075106084346771,Incorrect
4598,ما هو معدل الوفيات في المشفى؟,نتهائي,عدد الوفيات خلال فترة زمنية محددة على عدد المتخرجين والوفيات في نفس الفترة مضروب بـ 100,نتهائي,عدد الوفيات خلال فترة زمنية محددة على عدد المتخرجين والوفيات في نفس الفترة مضروب بـ 100,0.3681638240814209,0.3689548373222351,0.3685589134693146,Incorrect
4601,ما هو متوسط التوزيع الاحتمالي في تجربة رمي قطعة نقود 3 مرات متتالية حيث x تدل على عدد ظهور H؟,ANSWER: 1.5,1.5,1.5,1.5,1.000000238418579,1.000000238418579,1.000000238418579,Correct
4604,ما هو المجتمع الإحصائي (الجمهرة)؟,Example:,التي تشترك فيما بينها ببعض الخواص والمميزات,Example:,التي تشترك فيما بينها ببعض الخواص والمميزات,0.4271705150604248,0.27737969160079956,0.3363519608974457,Incorrect
4618,ما هو الرسم البياني الذي يتكون من مجموعة من الأعمدة المتجاورة المقامة على المحور الأفقي الذي تمثل عليه حالات الصفة المدروسة عندما تكون البيانات وصفية وفترات الفئات عندما تكون البيانات كمية ويساوي ارتفاع كل عمود تكرارات الفئة المقام عليها؟,ANSWER: الرسم البياني الشريطي,المدرج التكراري,الرسم البياني الشريطي,المدرج التكراري,0.660110592842102,0.711390495300293,0.6847919225692749,Incorrect
4622,ما هي طريقة جمع البيانات التي من أمثلتها قياس شدة تأثير نوع من الهرمونات في مجموعة من الفئران؟,هي طريقة جمع البيانات التي من أمثلتها قياس شدة تأثير نوع من الهرمونات في مجموعة من الفئران؟,التجربة,هي طريقة جمع البيانات التي من أمثلتها قياس شدة تأثير نوع من الهرمونات في مجموعة من الفئران؟,التجربة,0.46324968338012695,0.41074931621551514,0.4354226589202881,Incorrect
4623,ما نوع المتغير الذي يمثله طول شخص بالغ وقياس السكر في الدم؟,اللسان؟,عشوائي مستمر,اللسان؟,عشوائي مستمر,0.5409426093101501,0.47745057940483093,0.5072174072265625,Incorrect
4628,متى يكون المجتمع غير متجانس في العينة غير العشوائية؟,one concise line.,الحصصية,one concise line.,الحصصية,0.4696474075317383,0.4457382559776306,0.45738059282302856,Incorrect
4629,ما الذي يعتمد عليه توزيع ستيودنت؟,؟,درجة الحرية,؟,درجة الحرية,0.40625280141830444,0.33749842643737793,0.3686977028846741,Incorrect
4630,ما هي محتويات السجل الطبي؟,يات السجل الطبي؟,صفحة الموافقة على العلاج,يات السجل الطبي؟,صفحة الموافقة على العلاج,0.4753585755825043,0.494836688041687,0.4849020838737488,Incorrect
4631,ما هو التصنيف الدولي للأمراض وما الغرض من الرموز والأرقام المستخدمة فيه؟,ANSWER: التصنيف الدولي للأمراض هو نظام تصنيف طبي يستخدم لتصنيف الأمراض والمشاكل الصحية الأخرى. الرموز والأرقام المستخدمة فيه تساعد على تحديد وتصنيف الأمراض والمشاكل الصحية بشكل موحد ودقيق.,عن الامراض .,التصنيف الدولي للأمراض هو نظام تصنيف طبي يستخدم لتصنيف الأمراض والمشاكل الصحية الأخرى. الرموز والأرقام المستخدمة فيه تساعد على تحديد وتصنيف الأمراض والمشاكل الصحية بشكل موحد ودقيق.,عن الامراض .,0.4450789988040924,0.5464640855789185,0.4905882477760315,Correct
4634,ما نوع العينة التي نسحبها إذا كنا أمام مجتمع غير متجانس؟,ها إذا كنا أمام مجتمع غير متجانس؟,طبقية,ها إذا كنا أمام مجتمع غير متجانس؟,طبقية,0.4020036458969116,0.3564488887786865,0.3778581917285919,Incorrect
4636,ما هو الغرض من استخدام الجداول التكرارية في عرض البيانات؟,رض من استخدام الجداول التكرارية في عرض البيانات؟,الكمية والاسمية,رض من استخدام الجداول التكرارية في عرض البيانات؟,الكمية والاسمية,0.47595202922821045,0.5204745531082153,0.49721863865852356,Incorrect
4640,ما هي الطريقة التي يتم بها الحصول على بيانات تتعلق بضغط الدم ونسبة الكوليسترول بالدم لعينة من المرضى خلال فترة زمنية معينة؟,ANSWER: دراسة استباقية,الملاحظة أو المشاهدة,دراسة استباقية,الملاحظة أو المشاهدة,0.6156622171401978,0.5829751491546631,0.5988730192184448,Incorrect
4644,ما هي أعلى مستويات القياس؟,ANSWER: خلف الكلم الإنتهائي,المقياس الرتبي,خلف الكلم الإنتهائي,المقياس الرتبي,0.5647017359733582,0.6409177184104919,0.6004006862640381,Incorrect
4645,ما هو الهدف من تغيير الطرائق في الدراسات بالنسبة للبيانات؟,انات؟,أفضل دقة ممكنة,انات؟,أفضل دقة ممكنة,0.40749627351760864,0.4935160279273987,0.446399986743927,Incorrect
4646,ما هي طريقة جمع البيانات التي تمتاز بالتكلفة العالية؟,كلفة العالية؟,المقابلة الشخصية,كلفة العالية؟,المقابلة الشخصية,0.46849778294563293,0.5224611163139343,0.4940101206302643,Incorrect
4647,ما هو الفارق في عدد السكان بين تعدادين متعاقبين تفصلهما فترة معينة كعشر سنوات؟,ANSWER: الزيادة السكانية,التغير المطلق,الزيادة السكانية,التغير المطلق,0.5151411294937134,0.5877604484558105,0.549060046672821,Incorrect
4650,ما هو الجزء من الإحصاء الذي يعنى بوصف طبيعة وسلوك الظاهرة المدروسة وعرضها؟,.,الإحصاء الوصفي,.,الإحصاء الوصفي,0.34827813506126404,0.3085387945175171,0.3272062838077545,Incorrect
4651,ما هي الفئة التي تشكل قاعدة الهرم السكاني؟,ي؟,الأطفال,ي؟,الأطفال,0.5923460721969604,0.6000539064407349,0.5961750745773315,Incorrect
4655,ما هي فرضية العدم لاختبار الفرضيات حول معامل الارتباط الخطي لبيرسون؟,ANSWER: فرضية العدم لاختبار الفرضيات حول معامل الارتباط الخطي لبيرسون هي أن معامل الارتباط الخطي لبيرسون يساوي صفرًا.,قيمة معامل ارتباط المجتمع تساوي الصفر,فرضية العدم لاختبار الفرضيات حول معامل الارتباط الخطي لبيرسون هي أن معامل الارتباط الخطي لبيرسون يساوي صفرًا.,قيمة معامل ارتباط المجتمع تساوي الصفر,0.5292209982872009,0.6144155263900757,0.5686450600624084,Correct
4657,ما هو التكرار المتجمع الهابط لفئة معينة؟,ينة؟,عدد البيانات في الفئة والفئات التي تليها,ينة؟,عدد البيانات في الفئة والفئات التي تليها,0.37355566024780273,0.4487159848213196,0.407700777053833,Incorrect
4661,ما هو التوزيع الذي تتبعه التجربة الثنائية الوحيدة؟,Answer in one concise line.,البرنولي,Answer in one concise line.,البرنولي,0.3792092204093933,0.43416666984558105,0.40483129024505615,Incorrect
4663,ما هو نتاج العوامل المؤثرة في النمو السكاني من مواليد ووفيات وهجرة؟,من مواليد ووفيات وهجرة؟,التركيب العمري,من مواليد ووفيات وهجرة؟,التركيب العمري,0.5156972408294678,0.5320307016372681,0.5237366557121277,Incorrect
4667,ما هو المقياس المستخدم لقياس خضاب الدم؟,ئي,النسبي,ئي,النسبي,0.719151496887207,0.719151496887207,0.719151496887207,Incorrect
4672,ما هو نوع المصدر الذي تمثله البيانات التي نحصل عليها من الشركة أو المؤسسة من واقع مستنداتها وسجلاتها وفواتيرها وتقاريرها الدورية؟,ANSWER: مصدر داخلي,داخلي,مصدر داخلي,داخلي,0.7408057451248169,0.8705573081970215,0.8004575371742249,Correct
4679,ما هي الجهة المسؤولة عن السجلات الطبية؟,ئي,قسم السجلات الطبيه فى المشفى,ئي,قسم السجلات الطبيه فى المشفى,0.3391551375389099,0.3685663640499115,0.3532496392726898,Incorrect
4680,ما هو نوع الإحصاء الذي يتضمن جمع البيانات وتنظيمها وتوصيفها وتبويبها وتلخيصها؟,ANSWER: إحصاء الوصف,الوصفي,إحصاء الوصف,الوصفي,0.6618918180465698,0.7058748006820679,0.6831761598587036,Correct
4683,ما نوع العينة التي تمثلها مجموعة من المرضى الذين يراجعون طبيباً معيناً عندما يجري عليهم دراسة؟,ANSWER: عينة غير عشوائية,مصادفة,عينة غير عشوائية,مصادفة,0.5122344493865967,0.6151639223098755,0.559000551700592,Incorrect
4684,ما نوع العلاقة إذا كانت قيمة بيرسون R=0.92؟,92؟,طردية قوية,92؟,طردية قوية,0.4456929862499237,0.39212554693222046,0.4171968400478363,Incorrect
4687,ما هي وحدة المعاينة؟,نتهائي,عنصر من العينة,نتهائي,عنصر من العينة,0.5946529507637024,0.5628363490104675,0.5783073902130127,Incorrect
4688,ما هي الطريقة التي يتم بها الحصول على بيانات تتعلق بضغط الدم وسرعة نبضات القلب ونسبة الكولسترول في الدم لعينة من المرضى خلال فترة أسبوع؟,ANSWER: مراقبة المرضى2018-09-11 11:31:11,الملاحظة أو المشاهدة,مراقبة المرضى2018-09-11 11:31:11,الملاحظة أو المشاهدة,0.3742073178291321,0.5422689318656921,0.4428287148475647,Correct
4690,ما نوع الارتباط بين المتغير العشوائي X والمتغير التابع Y إذا كان تزايد X يؤدي إلى تزايد Y؟,Answer in one concise line.,إيجابي,Answer in one concise line.,إيجابي,0.33699625730514526,0.41019463539123535,0.37001004815101624,Incorrect
4692,"ماذا تعبر عنه العبارة ""احتمال أي حدث لا يزيد عن الواحد""؟","ال أي حدث لا يزيد عن الواحد""؟",المسلمة الاحتمالية,"ال أي حدث لا يزيد عن الواحد""؟",المسلمة الاحتمالية,0.4839465320110321,0.45148953795433044,0.46715494990348816,Incorrect
4693,ما تسمى الظاهرة التي يحدث فيها انحدار معدل أطوال الأبناء من معامل المجتمع؟,الأبناء من معامل المجتمع؟,الانحدار نحو المعدل,الأبناء من معامل المجتمع؟,الانحدار نحو المعدل,0.48791569471359253,0.5166711807250977,0.5018818378448486,Incorrect
4694,ما هي التقديرات التي تستخدم لتقدير نسبة النجاح لمجتمع؟,يرات التي تستخدم لتقدير نسبة النجاح لمجتمع؟,التقدير النقطي,يرات التي تستخدم لتقدير نسبة النجاح لمجتمع؟,التقدير النقطي,0.43261927366256714,0.5040866136550903,0.46562659740448,Incorrect
4696,ما نوع المتغير العشوائي الذي يدل على عدد القذفات عند قذف قطعة نقود حتى يظهر الوجه H للمرة الأولى؟,الأولى؟,متقطع قيمة الاعداد الطبيعية,الأولى؟,متقطع قيمة الاعداد الطبيعية,0.4072428345680237,0.36052969098091125,0.3824651837348938,Incorrect
4699,ما هو متوسط عدد الأطفال الذي يمكن أن تنجبهم المرأة أحياء إذا أمضت حياتها منذ ميلادها بما يتماشى مع معدلات الخصوبة العمرية في سنة معينة؟,ANSWER: معدل الخصوبة الكلي,معدل الخصوبة الكلية,معدل الخصوبة الكلي,معدل الخصوبة الكلية,0.8632299304008484,0.8033746480941772,0.8322275280952454,Correct
4700,ما هي الطريقة التي تمكننا من مراقبة رد الفعل على بعض الأسئلة والحصول على إجابات دقيقة؟,والحصول على إجابات دقيقة؟,المواجهة,والحصول على إجابات دقيقة؟,المواجهة,0.42564481496810913,0.5181887745857239,0.46737977862358093,Incorrect
4702,ما هو نوع البيانات المستخدمة لإنشاء الجدول التكراري؟,لسان؟,كمية و وصفية,لسان؟,كمية و وصفية,0.479902982711792,0.4234081506729126,0.4498889446258545,Incorrect
4714,ما هي طبيعة الأفراد أو العناصر التي تشكل المجتمع الإحصائي؟,ANSWER: خلف الكلم الإنتهائي,التي تشترك فيما بينها ببعض الخواص والمميزات,خلف الكلم الإنتهائي,التي تشترك فيما بينها ببعض الخواص والمميزات,0.37364399433135986,0.37516897916793823,0.3744049370288849,Incorrect
4717,ما هو عدد الكريات الحمر في الجسم؟,ين تتوضع الثقبة العوراء في اللسان؟,عشوائي منفصل,ين تتوضع الثقبة العوراء في اللسان؟,عشوائي منفصل,0.4414442181587219,0.4351942539215088,0.43829694390296936,Incorrect
4720,ما هو معدل وفيات الأمهات الذي يحسب بقسمة عدد الوفيات لدى النساء الحوامل التي حدثت أثناء الحمل أو الولادة أو النفاس على عدد المواليد الأحياء خلال نفس السنة مضروباً في 100000؟,ANSWER: معدل وفيات الأمهات,معدل وفيات الأمهات,معدل وفيات الأمهات,معدل وفيات الأمهات,1.0000004768371582,1.0000004768371582,1.0000004768371582,Correct
4723,ما هي المعدلات التي يكون تركيزها على معدلات الخصوبة لفئة معينة من العمر لغرض المقارنة على امتداد زمن ما ودراسة الفروق في ظاهرة الخصوبة بمختلف الأعمار؟,ANSWER: معدلات الخصوبة القياسية,معدل الخصوبة العمري,معدلات الخصوبة القياسية,معدل الخصوبة العمري,0.7627953290939331,0.8122044801712036,0.786724865436554,Incorrect
4724,ما هي العلاقة بين المتغيرين عندما يؤدي تزايد المتغير العشوائي x إلى تناقص المتغير التابع y؟,وائي x إلى تناقص المتغير التابع y؟,سلبي,وائي x إلى تناقص المتغير التابع y؟,سلبي,0.3669990599155426,0.46476271748542786,0.410135418176651,Incorrect
4729,ما هو المقياس المستخدم لوصف حالة التدخين (مدخن / غير مدخن)؟,اس المستخدم لوصف حالة التدخين (مدخن / غير مدخن)؟,مقياس اسمي,اس المستخدم لوصف حالة التدخين (مدخن / غير مدخن)؟,مقياس اسمي,0.3149527609348297,0.47059375047683716,0.37735459208488464,Incorrect
4730,ما هي الشروط التي يجب توفرها في مجموعة من المتغيرات العشوائية لتشكل عينة عشوائية؟,رات العشوائية لتشكل عينة عشوائية؟,مستقلة ولها قانون التوزيع نفسه,رات العشوائية لتشكل عينة عشوائية؟,مستقلة ولها قانون التوزيع نفسه,0.4515790641307831,0.46520334482192993,0.4582899808883667,Incorrect
4731,ما هو المستوى الذي يمكن حساب فيه المتوسطات والانحرافات المعيارية ومقاييس العلاقة الخطية؟,ANSWER: مستوى البيانات الكمية,العنقودي,مستوى البيانات الكمية,العنقودي,0.5693856477737427,0.4722515046596527,0.5162896513938904,Incorrect
4736,كم يتراوح عدد الفئات غالباً؟,وح عدد الفئات غالباً؟,بين 5 و15 فئة,وح عدد الفئات غالباً؟,بين 5 و15 فئة,0.4339020550251007,0.43159303069114685,0.43274447321891785,Incorrect
4740,ما هي فرضية العدم لاختبار الفرضيات حول معامل الارتباط الخطي لبيرسون؟,line.,قيمة معامل ارتباط المجتمع تساوي الصفر,line.,قيمة معامل ارتباط المجتمع تساوي الصفر,0.4207981526851654,0.40371084213256836,0.4120774269104004,Incorrect
4743,ما هو معدل الوفيات الخام؟,هائي,عدد الوفيات لكل الف من السكان في سنة معينة,هائي,عدد الوفيات لكل الف من السكان في سنة معينة,0.4239685535430908,0.46024125814437866,0.4413608908653259,Incorrect
4744,ما هي الجهة المسؤولة عن السجلات الطبية؟,one concise line.,قسم السجلات الطبية في المستشفى,one concise line.,قسم السجلات الطبية في المستشفى,0.45479655265808105,0.590421736240387,0.5138099193572998,Incorrect
4748,ما هو الغرض من استخدام مخطط الانتشار في الدراسة الإحصائية بين خاصتين؟,ANSWER: تحديد العلاقة بين الخاصتين,متغيرين,تحديد العلاقة بين الخاصتين,متغيرين,0.44283396005630493,0.5183467268943787,0.4776241183280945,Correct
4758,ما هو التوقع الرياضي لمجموع متغيرين عشوائيين؟,concise line.,مجموع التوقعين الرياضيين للمتغيرين العشوائيين,concise line.,مجموع التوقعين الرياضيين للمتغيرين العشوائيين,0.5213428735733032,0.4758296012878418,0.49754756689071655,Incorrect
4761,ما هو التكرار المتجمع الصاعد لفئة معينة؟,one concise line.,عدد البيانات المتضمنة في الفئة والفئات التي تسبقها,one concise line.,عدد البيانات المتضمنة في الفئة والفئات التي تسبقها,0.4707844853401184,0.5129320621490479,0.4909553527832031,Incorrect
4765,ما هي المنطقة التي تتألف من قيم دالة الاختبار قليلة الاحتمال عندما Ho صحيحة؟,ANSWER: منطقة الرفض,منطقة الرفض,منطقة الرفض,منطقة الرفض,1.000000238418579,1.000000238418579,1.000000238418579,Correct
4768,ما هو المجتمع الإحصائي؟,هائي,التي تشترك فيما بينها ببعض الخواص والميزات,هائي,التي تشترك فيما بينها ببعض الخواص والميزات,0.4105909466743469,0.296308696269989,0.34421199560165405,Incorrect
4770,ما الذي يقوم عليه الإحصاء الاستنتاجي؟,حصاء الاستنتاجي؟,على اتخاذ القرارات والتنبؤ والاستقرار والاستدلال,حصاء الاستنتاجي؟,على اتخاذ القرارات والتنبؤ والاستقرار والاستدلال,0.5586382746696472,0.4890163540840149,0.5215139389038086,Incorrect
4772,ما هي الجهة التي تصدر التصنيف الدولي للأمراض؟,مراض؟,منظمة الصحة العالمية,مراض؟,منظمة الصحة العالمية,0.3581750988960266,0.44678688049316406,0.39760372042655945,Incorrect
4778,ما الذي تختلف تبعاً له دلالات قيم المتغيرات العشوائية؟,ية؟,نوعية المقياس المستخدم,ية؟,نوعية المقياس المستخدم,0.3748200237751007,0.3679713010787964,0.37136411666870117,Incorrect
4781,ما هي الطريقة التي تستخدم فيها بعض التقنيات الإلكترونية للمراقبة والعد وتسجيل الملاحظات؟,Answer in one concise line.,التسجيل,Answer in one concise line.,التسجيل,0.3620717227458954,0.4416080713272095,0.3979042172431946,Incorrect
4782,ما الذي يحدد زمن حفظ السجلات الطبية؟,زمن حفظ السجلات الطبية؟,حسب الأسس المتبعة محليا في كل بلد,زمن حفظ السجلات الطبية؟,حسب الأسس المتبعة محليا في كل بلد,0.4425627589225769,0.5663083791732788,0.496846467256546,Incorrect
4783,ما هو التوزيع الذي يتبعه مجموع متغيرات عينة عشوائية حجمها n من توزيع برنولي بالوسيط P؟,ANSWER: توزيع بيسيل,الثنائي,توزيع بيسيل,الثنائي,0.5830987691879272,0.5879005789756775,0.5854898691177368,Incorrect
4787,ما هي مجموعة قيم المتغير العشوائي x الذي يدل على عدد أخوات طالب ما؟,أخوات طالب ما؟,صحيح موجب,أخوات طالب ما؟,صحيح موجب,0.4178430438041687,0.4354688227176666,0.4264738857746124,Incorrect
4789,ما هو معدل المواليد الخام؟,: خلف الكلم الإنتهائي,عدد المواليد الاحياء لكل ألف من السكان في سنة معينة,: خلف الكلم الإنتهائي,عدد المواليد الاحياء لكل ألف من السكان في سنة معينة,0.3645535111427307,0.4586702883243561,0.4062318503856659,Incorrect
4790,ما هي الفئة العمرية المهمة جداً من الناحية الصحية والتنموية؟,الناحية الصحية والتنموية؟,فئة الأطفال,الناحية الصحية والتنموية؟,فئة الأطفال,0.5219752788543701,0.4693402051925659,0.49426037073135376,Incorrect
4798,ما هي الطريقة التي تمتاز بوصول الإجابات خلال وقت قصير وتتميز ببساطتها وقلة تكاليفها وسرعتها؟,ANSWER: استبيان,استخدام الانترنيت والمواقع الاجتماعية,استبيان,استخدام الانترنيت والمواقع الاجتماعية,0.4177025258541107,0.35417234897613525,0.38332295417785645,Incorrect
4802,ما هو المخطط الذي يساعد بدراسة العلاقة بين متغيرين وطبيعتها؟,ANSWER: مخطط التشتت,مخطط الانتشار,مخطط التشتت,مخطط الانتشار,0.7459935545921326,0.7943490743637085,0.7694123387336731,Correct
4806,ما الذي يحدد زمن حفظ السجلات الطبية في المشفى؟,concise line.,بناء على الأسس المتبعة محلياً في كل بلد,concise line.,بناء على الأسس المتبعة محلياً في كل بلد,0.4785822033882141,0.49540776014328003,0.48684966564178467,Incorrect
4812,ما هو التوزيع الذي يستخدم في اختبار الفرضيات حول ميل خط الانحدار؟,ANSWER: توزيع t,ستيودنت,توزيع t,ستيودنت,0.5748914480209351,0.5595194697380066,0.5671013593673706,Correct
4816,ما هي أسباب تفضيل أسلوب العينة على أسلوب الحصر الشامل؟,ANSWER: توفير الوقت والمال,صعوبة حصر افراد المجتمع,توفير الوقت والمال,صعوبة حصر افراد المجتمع,0.524977445602417,0.4605868458747864,0.49067869782447815,Incorrect
4823,ما هو السجل الذي يهدف إلى تجميع المعلومات عن المريض؟,اللسان؟,السجلات الطبية .,اللسان؟,السجلات الطبية .,0.4564639925956726,0.43111371994018555,0.44342684745788574,Incorrect
4832,ما هو نوع التوزيع الإحصائي إذا علمت أن احتمال شفاء مريض مصاب بالزكام خلال أسبوع دون اللجوء للطبيب هو 0.6 وكان لدينا 10 مرضى بالزكام ولم يراجعوا الطبيب؟,ANSWER: توزيع برنولي,حداني,توزيع برنولي,حداني,0.6277083158493042,0.6763041019439697,0.6511006951332092,Incorrect
4848,ما هو الشريان الذي ينزف غالباً من قرحة اثني عشرية؟,الإنتهائي,المعدي العفجي.,الإنتهائي,المعدي العفجي.,0.42220816016197205,0.4148900508880615,0.4185170829296112,Incorrect
4854,ما هي الأورام التي تعالج في القسم البعيد للمعدة؟,ANSWER: خلف الكلم الإنتهائي,4. كل ما سبق صحيح.,خلف الكلم الإنتهائي,4. كل ما سبق صحيح.,0.4079523980617523,0.3628246486186981,0.38406744599342346,Incorrect
4855,ما هو التشخيص للآفة التي قد تسبب فقراً دموياً والنزف الحاد منها غير شائع والتي تم اكتشافها بالتنظير الهضمي العلوي لرجل عمره 55 سنة؟,ي لرجل عمره 55 سنة؟,سرطانة معدية.,ي لرجل عمره 55 سنة؟,سرطانة معدية.,0.4316582679748535,0.45488831400871277,0.4429689049720764,Incorrect
4856,ما هي الخطوة الأولى الأهم في تدبير مريض يبلغ من العمر 32 سنة أتى لقسم الطوارئ بقصة إقياء لكميات كبيرة من الدم الأحمر القاني؟,سم الطوارئ بقصة إقياء لكميات كبيرة من الدم الأحمر القاني؟,إنعاش بالسوائل.,سم الطوارئ بقصة إقياء لكميات كبيرة من الدم الأحمر القاني؟,إنعاش بالسوائل.,0.47428828477859497,0.4663286507129669,0.47027477622032166,Incorrect
4857,ما هو التشخيص المحتمل لمريضة تبلغ من العمر 45 سنة تشكو من ألم في ثديها الأيسر لمدة أسبوعين مع وجود خيط يشبه الحبل مؤلم وأودة بارزة فوقه بالفحص السريري؟,فحص السريري؟,داء,فحص السريري؟,داء,0.5535365343093872,0.6374644041061401,0.5925433039665222,Incorrect
4858,ما هو التشخيص المحتمل لمريضة تبلغ من العمر 40 عاماً من أصول آسيوية وصلت إلى بريطانيا تشكو من كتلة غير مؤلمة في ثديها الأيمن منذ عدة أشهر مع نز الخراج في إبطها الأيمن الذي يشفى ويعاود من جديد؟,ANSWER: سرطان الثدي,سل ثدي.,سرطان الثدي,سل ثدي.,0.5924649238586426,0.5574023723602295,0.5743990540504456,Incorrect
4859,ما هو التشخيص المحتمل لمريضة تبلغ من العمر 25 سنة راجعت بكتلة شاهدتها صدفة منذ 3 أسابيع في ثديها الأيسر ويمكن تحريك الكتلة من قبل المريضة ضمن نسيج الثدي؟,ANSWER: ورم حميد في الثدي,غدوم ليفي.,ورم حميد في الثدي,غدوم ليفي.,0.43022483587265015,0.43909162282943726,0.4346129894256592,Incorrect
4860,ما هو التشخيص المحتمل لمريضة تبلغ من العمر 50 عاماً تعاني من ألم واحمرار في الثدي الأيمن منذ شهر وقد عولجت بالصادات لمدة أسبوعين دون تحسن وازدادت الحالة سوءاً؟,line.,سرطان التهابي.,line.,سرطان التهابي.,0.515535295009613,0.4737221896648407,0.4937450885772705,Incorrect
4863,ما هو التشخيص المحتمل لمريضة مسنة مشخص لديها سابقاً داء هاشيموتو وتراجع بعقدة قاسية غير منتظمة في الفص الدرقي الأيمن؟,في الفص الدرقي الأيمن؟,لمفوما.,في الفص الدرقي الأيمن؟,لمفوما.,0.4593466520309448,0.5207194089889526,0.4881114065647125,Incorrect
4864,ما هو التشخيص المحتمل لطفل يبلغ من العمر 12 سنة يراجع بعقدة درقية مع ضخامة عقد لمفية ناحية؟,راجع بعقدة درقية مع ضخامة عقد لمفية ناحية؟,سرطان حليمي.,راجع بعقدة درقية مع ضخامة عقد لمفية ناحية؟,سرطان حليمي.,0.4712618291378021,0.5243462324142456,0.49638882279396057,Incorrect
4865,ما هو التشخيص المحتمل لمريضة في منتصف العمر تعاني من سلعة درقية لفترة طويلة مع تضخم الفص الأيمن أكبر من الأيسر وهي سريرياً في حالة سواء درقي؟,حالة سواء درقي؟,سلعة متعددة العقد.,حالة سواء درقي؟,سلعة متعددة العقد.,0.4176267683506012,0.4211708903312683,0.41939130425453186,Incorrect
4866,ما هو التشخيص الأكثر احتمالاً لفتاة في الربيع الخامس تشكو من عسرة تنفس مع وجود كتلة في جوف الفم بقطر 3 سم على الخط الناصف وعلى مؤخرة اللسان؟,ان؟,درق لسانية.,ان؟,درق لسانية.,0.4530903100967407,0.378213495016098,0.41227975487709045,Incorrect
4867,ما هو العلاج غير المرغوب به في حالة شابة في ربيعها الأربعين تشكو من نقص وزن مع خفقان وجحوظ في العينين مع وجود سلعة درقية متوسطة الحجم منتشرة ومتجانسة وفرط نشاط درق بدني؟,ANSWER:,المعالجة الشعاعية باليود I 131,,المعالجة الشعاعية باليود I 131,0.0,0.0,0.0,Incorrect
4868,ما هو الإجراء الأول الذي يجب إجراؤه قبل عملية sleeve gastrectomy لمريض البدانة الذي لديه BMI يساوي 40؟,rectomy لمريض البدانة الذي لديه BMI يساوي 40؟,الحصول على موافقة المريض.,rectomy لمريض البدانة الذي لديه BMI يساوي 40؟,الحصول على موافقة المريض.,0.48742520809173584,0.478137344121933,0.48273658752441406,Incorrect
4869,ما هو الإجراء الأول الذي يجب إجراؤه قبل عملية Sleeve gastrectomy لمريض البدانة الذي لديه BMI يساوي 40؟,multiple answers.,الحصول على موافقة المريض.,multiple answers.,الحصول على موافقة المريض.,0.4839836359024048,0.4576680064201355,0.47045812010765076,Incorrect
4870,ما هو التشخيص المحتمل لمريض عمره 25 سنة يعاني من عدم ارتياح عام ونقصان في الوزن وترفع حروري وبراز ملطخ بالدم على نحو متقطع خلال الست أسابيع الأخيرة بعد عودته من شبه القارة الهندية حيث عمل هناك لمدة ستة أشهر، مع وجود كبدية ومضض في الربع العلوي الأيمن وإيكو يظهر جوفا ناقص الصدى في الفص الكبدي الأيمن ذو حوا,ANSWER: التهاب الكبد الفيروسي أ,خراجة كبدية زحارية.,التهاب الكبد الفيروسي أ,خراجة كبدية زحارية.,0.5204074382781982,0.41275104880332947,0.46036919951438904,Incorrect
4871,ما هو التشخيص المحتمل لمريض عمره 50 سنة يعاني من أصمية حديثة وألم في الربع العلوي الأيمن لمدة 3-4 أشهر مع فحص سريري سلبي ووظائف كبد طبيعية وتنظير هضمي علوي طبيعي بينما أظهر الإيكو وجود آفة كيسية وحيدة تبلغ 6 سم؟,بينما أظهر الإيكو وجود آفة كيسية وحيدة تبلغ 6 سم؟,داء كيسي بسيط,بينما أظهر الإيكو وجود آفة كيسية وحيدة تبلغ 6 سم؟,داء كيسي بسيط,0.4353290796279907,0.5669704675674438,0.49250492453575134,Incorrect
4872,ما هو التشخيص المحتمل لمريضة تبلغ من العمر 30 سنة تعاني من ألم مستمر في الربع العلوي الأيمن من البطن مع إقياء وارتفاع حرارة وإيجابية علامة مورفي؟,التشخيص المحتمل لمريضة تبلغ من العمر 30 سنة تعاني من ألم مستمر في الربع العلوي الأيمن من البطن مع إقياء وارتفاع حرارة وإيجابية علامة مورفي؟,التهاب مرارة حاد.,التشخيص المحتمل لمريضة تبلغ من العمر 30 سنة تعاني من ألم مستمر في الربع العلوي الأيمن من البطن مع إقياء وارتفاع حرارة وإيجابية علامة مورفي؟,التهاب مرارة حاد.,0.457188218832016,0.46969902515411377,0.46335917711257935,Incorrect
4873,ما هو التشخيص المحتمل لمريض يبلغ من العمر 60 سنة لديه سابقة حصيات مرارية يراجع بقصة ألم بطني شديد ومستمر لمدة 6 ساعات وبالفحص السريري كان المريض غير مرتاح ومصدوم مع انتفاخ البطن ومضض راجع معممين؟,ANSWER: التهاب الزائدة الدودية الحاد,التهاب بريتوان تالي لانثقاب مرارة.,التهاب الزائدة الدودية الحاد,التهاب بريتوان تالي لانثقاب مرارة.,0.5583630800247192,0.5230468511581421,0.5401282906532288,Incorrect
4874,ما هو التشخيص المحتمل لمريض يبلغ من العمر 56 سنة يعاني من ألم شديد في أعلى البطن منذ أسبوع مع حمى متقطعة وعدم راحة شديدة مع وجود علامات لتخريش بريتواني في الربع العلوي الأيمن مع جس كتلة؟,concise line.,تقيح مرارة.,concise line.,تقيح مرارة.,0.6003216505050659,0.5555822849273682,0.5770861506462097,Incorrect
4875,ما هو التشخيص المحتمل لمريض يبلغ من العمر 60 سنة يراجع بقصة ألم بطني ويرقان وحرارة مع عروءات؟,المحتمل لمريض يبلغ من العمر 60 سنة يراجع بقصة ألم بطني ويرقان وحرارة مع عروءات؟,التهاب طرق صفراوية صاعد.,المحتمل لمريض يبلغ من العمر 60 سنة يراجع بقصة ألم بطني ويرقان وحرارة مع عروءات؟,التهاب طرق صفراوية صاعد.,0.44704219698905945,0.45462459325790405,0.4508015215396881,Incorrect
4876,ما هو التشخيص المحتمل لمريضة تبلغ من العمر 40 سنة عولجت لالتهاب مرارة حاد حيث لوحظ وجود مرارة مجسوسة غير ممضة، لم يكن هناك ترفع حروري وكانت المريضة بشكل عام بصحة جيدة؟,حة جيدة؟,قيلة مخاطية في المرارة.,حة جيدة؟,قيلة مخاطية في المرارة.,0.5249842405319214,0.46110838651657104,0.4909774959087372,Incorrect
4877,ما هو التشخيص المحتمل لمريض عمره 80 سنة لديه تصبغ جلدي ملحوظ ونسيج ندبي ولديه ندبات بطنية لاستئصال كظر ثنائي الجانب؟,كظر ثنائي الجانب؟,متلازمة نيلسون.,كظر ثنائي الجانب؟,متلازمة نيلسون.,0.4620321989059448,0.44859349727630615,0.4552136957645416,Incorrect
4878,ما هو التشخيص المحتمل لمريض عمره 48 سنة يعاني من اضطراب رئوي وصداع وارتفاع ضغط؟,عمره 48 سنة يعاني من اضطراب رئوي وصداع وارتفاع ضغط؟,متلازمة كون.,عمره 48 سنة يعاني من اضطراب رئوي وصداع وارتفاع ضغط؟,متلازمة كون.,0.4678526818752289,0.46270740032196045,0.46526581048965454,Incorrect
4879,ما هو التشخيص المحتمل لمريض ربو مع تفاقم متكرر لحالته تطور لديه بشكل تدريجي شعرانية مع بدانة جذعية وكدمات؟,بشكل تدريجي شعرانية مع بدانة جذعية وكدمات؟,متلازمة كوشينغ.,بشكل تدريجي شعرانية مع بدانة جذعية وكدمات؟,متلازمة كوشينغ.,0.4444983899593353,0.46379169821739197,0.45394012331962585,Incorrect
4881,ما هو التشخيص المحتمل لسيدة حامل تبلغ من العمر 30 سنة تبين أثناء إجراء ايكو بطن لها وجود كتلة متكلسة في الشرسوف يبلغ قطرها 1 سم مع سماع لغط في منطقة الشرسوف دون وجود أي أعراض؟,ANSWER:,أم دم شريان طحالي.,,أم دم شريان طحالي.,0.0,0.0,0.0,Incorrect
4882,ما هو التشخيص الأكثر احتمالاً لطفل عمره 7 سنوات يعاني من فقر دم منجلي ويشكو منذ ساعتين من ألم بطني حاد في الربع العلوي الأيسر مع ضغط 60/100 ملم زئبقي ونبض 110 ن/د وحرارة 37 درجة ومضض في الربع العلوي الأيسر للبطن بدون إيلام مرتد مع صعوبة جس الطحال وخضاب 6.1 غ/دل؟,ANSWER: تليف الطحال,نوبة ألمية بسبب انسداد الأوعية الدموية.,تليف الطحال,نوبة ألمية بسبب انسداد الأوعية الدموية.,0.4863108992576599,0.4524247646331787,0.46875619888305664,Incorrect
4883,ما هي نسبة الاستفادة من استئصال الطحال في حالة سيدة عمرها 40 سنة تعاني من فرفرية مناعية مزمنة معندة على العلاج بالستيروئيدات؟,؟,أقل من 20%,؟,أقل من 20%,0.49283209443092346,0.43889540433883667,0.46430256962776184,Incorrect
4884,ما هي الخطوة التالية في تدبير مريض بعمر 70 سنة دون سوابق جراحية يعاني من ألم بطني متقطع منذ أسبوع وتوسع بطني وإقياء مستمر منذ يوم، مع عدم وجود فتوق بالفحص وتعداد 3000 كرية بيضاء / مم؟,أسبوع وتوسع بطني وإقياء مستمر منذ يوم، مع عدم وجود فتوق بالفحص وتعداد 3000 كرية بيضاء / مم؟,إجراء (CT) التصوير الطبقي المحوسب للبطن.,أسبوع وتوسع بطني وإقياء مستمر منذ يوم، مع عدم وجود فتوق بالفحص وتعداد 3000 كرية بيضاء / مم؟,إجراء (CT) التصوير الطبقي المحوسب للبطن.,0.4150445759296417,0.5027146935462952,0.45469221472740173,Incorrect
4894,ما هي الخطوة التالية في تدبير مريض بعمر 70 سنة دون سوابق جراحية يعاني من ألم بطني متقطع منذ أسبوع وتوسع بطني وإقياء مستمر منذ يوم، مع عدم وجود فتوق بالفحص وتعداد 3000 كرية بيضاء / مم؟,أسبوع وتوسع بطني وإقياء مستمر منذ يوم، مع عدم وجود فتوق بالفحص وتعداد 3000 كرية بيضاء / مم؟,إجراء (CT) التصوير الطبقي المحوسب للبطن.,أسبوع وتوسع بطني وإقياء مستمر منذ يوم، مع عدم وجود فتوق بالفحص وتعداد 3000 كرية بيضاء / مم؟,إجراء (CT) التصوير الطبقي المحوسب للبطن.,0.4150445759296417,0.5027146935462952,0.45469221472740173,Incorrect
4896,ما هي الخطوة التالية في تدبير شاب عمره 20 سنة راجع الإسعاف بعد 20 يوماً من استئصال زائدة ملتهبة ويعاني من إقياء مع تمدد بطن وإيلام خفيف، وتعداد WBC كان 14000 كرية/مم3 والكهارل طبيعية؟,ANSWER: استئصال الزائدة مرة أخرى,مراقبة 24 ساعة أخرى مع وضع NG.,استئصال الزائدة مرة أخرى,مراقبة 24 ساعة أخرى مع وضع NG.,0.5985376834869385,0.4972073435783386,0.543187141418457,Incorrect
4897,ما هي العلامات الأكثر توافقاً مع بالغ عمره 45 سنة لديه ألم بطني حاد وتم تشخيصه بالتهاب مرارة حاد؟,الأكثر توافقاً مع بالغ عمره 45 سنة لديه ألم بطني حاد وتم تشخيصه بالتهاب مرارة حاد؟,ألم بطني مستمر ومضض مراق أيمن وارتفاع الكريات البيضاء.,الأكثر توافقاً مع بالغ عمره 45 سنة لديه ألم بطني حاد وتم تشخيصه بالتهاب مرارة حاد؟,ألم بطني مستمر ومضض مراق أيمن وارتفاع الكريات البيضاء.,0.5112966895103455,0.4877411723136902,0.4992412328720093,Incorrect
4898,ما هي الخطوة الأولى الأهم في تدبير مريض يبلغ من العمر 32 سنة أتى لقسم الطوارئ بقصة إقياء لكميات كبيرة من الدم الأحمر القاني؟,بلغ من العمر 32 سنة أتى لقسم الطوارئ بقصة إقياء لكميات كبيرة من الدم الأحمر القاني؟,الإنعاش بالسوائل.,بلغ من العمر 32 سنة أتى لقسم الطوارئ بقصة إقياء لكميات كبيرة من الدم الأحمر القاني؟,الإنعاش بالسوائل.,0.4474189281463623,0.42065101861953735,0.43362224102020264,Incorrect
4899,ما هو التشخيص المحتمل لمريض عمره 70 سنة تطور لديه بعد 3 أيام من احتشاء قلبي ألم بطني مع تعدد البطن وخفوت في أصوات الأمعاء وتحليل غازات الدم يشير إلى احمضاض استقلابي؟,إلى احمضاض استقلابي؟,احتشاء مساريقي.,إلى احمضاض استقلابي؟,احتشاء مساريقي.,0.500558078289032,0.5092398524284363,0.5048616528511047,Incorrect
4902,ما هي القاعدة الجراحية الأصح حالياً في مراقبة المريض أثناء تدبير مريض الانسداد المعوي ووضع القرار الجراحي المناسب في المراكز الجراحية المتطورة؟,ريض الانسداد المعوي ووضع القرار الجراحي المناسب في المراكز الجراحية المتطورة؟,يجب دائماً عدم إجراء الجراحة حتى يتم استقرا المريض بعد الإنعاش.,ريض الانسداد المعوي ووضع القرار الجراحي المناسب في المراكز الجراحية المتطورة؟,يجب دائماً عدم إجراء الجراحة حتى يتم استقرا المريض بعد الإنعاش.,0.5485965013504028,0.48250555992126465,0.5134329199790955,Incorrect
4905,ما هو التشخيص المحتمل للمريضة إذا كانت الصورة البسيطة تدل على سويات معوية دقيقة وغياب لارتسام الكولونات وكانت مقاطع التصوير الطبقي المحوري تشير لتوسع عرى المعي؟,مقاطع التصوير الطبقي المحوري تشير لتوسع عرى المعي؟,التصاقات معوية.,مقاطع التصوير الطبقي المحوري تشير لتوسع عرى المعي؟,التصاقات معوية.,0.4487798511981964,0.48899370431900024,0.46802452206611633,Incorrect
4907,ما هو التشخيص الأقوى لمريض عمره 65 سنة تطور لديه ألم بطني حاد مفاجئ مستمر في الربع العلوي الأيمن منذ ساعة، تلاه آلام مغصية سرية مع غثيان، والفحص السريري يبدي سحنة سمية مع فحص بطني سوي تقريباً؟,ANSWER: التهاب الزائدة الدودية الحاد,انسداد أمعاء بنقص التروية.,التهاب الزائدة الدودية الحاد,انسداد أمعاء بنقص التروية.,0.5515210628509521,0.5228293538093567,0.5367920994758606,Incorrect
4911,ما هو التشخيص المحتمل في المريضة التي تظهر صورتها البسيطة سويات معوية دقيقة وغياب الارتسام الكولوني، وتشير مقاطع التصوير الطبقي المحوري لتوسع عرى المعي الدقيق وزيادة في شحم المساريقا مع عدم ارتسام الكولون بالكامل؟,Answer in one concise line.,التصاقات معوية.,Answer in one concise line.,التصاقات معوية.,0.48238101601600647,0.5616189241409302,0.5189929604530334,Incorrect
4912,ما هو التشخيص لمريض عمره 60 سنة مصاب بداء كرون منذ عشر سنوات راجع المشفى بقصة حمى وعرواءات تلاها خروج هواء ومفرزات معوية عند التبول؟,in one concise line.,ناسور معدي مثاني.,in one concise line.,ناسور معدي مثاني.,0.529478907585144,0.5371875166893005,0.5333054065704346,Incorrect
4926,ما هي الحالة التي لا تدخل في التشخيص التفريقي لطفلة عمرها 10 سنوات تعاني منذ ساعتين من ألم حفرة حرقفية يمنى دون إيلام مرتد؟,يلام مرتد؟,نزف رتج ميكل.,يلام مرتد؟,نزف رتج ميكل.,0.461249440908432,0.47261154651641846,0.466861367225647,Incorrect
4928,ما هو التشخيص المحتمل لمريضة عمرها 50 سنة تعرضت لألم بطني حاد طاعن منذ نصف ساعة في الشرسوف تعمم في أنحاء البطن مع إقياءات بنية اللون وفحص البطن لين؟,ANSWER: التهاب الزائدة الدودية الحاد,صمة شريان مساريقي علوي.,التهاب الزائدة الدودية الحاد,صمة شريان مساريقي علوي.,0.503619372844696,0.5521910190582275,0.5267878770828247,Incorrect
4929,ما هو الفحص الذي يجب إجراؤه أولاً لمريض يشتكي من ألم بطني حاد ومفاجئ؟,ه أولاً لمريض يشتكي من ألم بطني حاد ومفاجئ؟,صورة بطن شعاعية.,ه أولاً لمريض يشتكي من ألم بطني حاد ومفاجئ؟,صورة بطن شعاعية.,0.5151274800300598,0.46192413568496704,0.4870772659778595,Incorrect
4930,ما هو التشخيص الأقوى لمريض عمره 65 سنة تطور لديه ألم بطني حاد مفاجئ ومستمر في الربع السفلي الأيمن منذ ساعة، تلاه آلام مغصة سرية مع غثيان، والفحص السريري يبدي سحنة سمية مع فحص بطن سوي تقريباً؟,ANSWER: التهاب الزائدة الدودية الحاد,انسداد أمعاء بنقص التروية.,التهاب الزائدة الدودية الحاد,انسداد أمعاء بنقص التروية.,0.5515210628509521,0.5228293538093567,0.5367920994758606,Incorrect
4932,ما هي الخطوة الأولى الأهم في تدبير شاب عمره 32 سنة يراجع قسم الطوارئ بقصة إقياء كميات كبيرة من الدم الأحمر القاني؟,في تدبير شاب عمره 32 سنة يراجع قسم الطوارئ بقصة إقياء كميات كبيرة من الدم الأحمر القاني؟,الإنعاش بالسوائل.,في تدبير شاب عمره 32 سنة يراجع قسم الطوارئ بقصة إقياء كميات كبيرة من الدم الأحمر القاني؟,الإنعاش بالسوائل.,0.43311113119125366,0.4265039563179016,0.4297821521759033,Incorrect
4934,ما هو التشخيص للآفة التي قد تسبب فقراً دموياً والنزف الحاد منها غير شائع والتي تم اكتشافها بالتنظير الهضمي العلوي لرجل عمره 55 سنة؟,ها بالتنظير الهضمي العلوي لرجل عمره 55 سنة؟,2. سرطانة معدية.,ها بالتنظير الهضمي العلوي لرجل عمره 55 سنة؟,2. سرطانة معدية.,0.4192742109298706,0.43791288137435913,0.4283909201622009,Incorrect
4935,ما هي الخطوة الأولى الأهم في تدبير مريض يبلغ من العمر 32 سنة أتى لقسم الطوارئ بقصة إقياء لكميات كبيرة من الدم الأحمر القاني؟,بلغ من العمر 32 سنة أتى لقسم الطوارئ بقصة إقياء لكميات كبيرة من الدم الأحمر القاني؟,3. الإنعاش بالسوائل.,بلغ من العمر 32 سنة أتى لقسم الطوارئ بقصة إقياء لكميات كبيرة من الدم الأحمر القاني؟,3. الإنعاش بالسوائل.,0.45536237955093384,0.4100457429885864,0.4315175712108612,Incorrect
4936,ما هو العلاج الأمثل لمريض عمره 40 سنة وجد لديه بالتنظير الهضمي العلوي لمفوما معدية؟,العلوي لمفوما معدية؟,4. علاج كيماوي.,العلوي لمفوما معدية؟,4. علاج كيماوي.,0.4398247003555298,0.5344245433807373,0.4825318157672882,Incorrect
4937,ما هو التشخيص المحتمل لطفل يبلغ من العمر 12 سنة يراجع بعقدة درقية مع ضخامة عقد لمفية ناحية؟,خامة عقد لمفية ناحية؟,4. سرطان حليمي.,خامة عقد لمفية ناحية؟,4. سرطان حليمي.,0.5217384696006775,0.44736677408218384,0.4816988706588745,Incorrect
4938,ما هو التشخيص المحتمل لمريضة في منتصف العمر تعاني من سلعة درقية لفترة طويلة مع تضخم الفص الأيمن أكبر من الأيسر وهي سريرياً في حالة سواء درقي؟,line.,3. سلعة متعددة العقد.,line.,3. سلعة متعددة العقد.,0.477763831615448,0.4046730399131775,0.4381914436817169,Incorrect
4939,ما هو التشخيص الأكثر احتمالاً لفتاة في الربيع الخامس تشكو من عسرة تنفس مع وجود كتلة في جوف الفم بقطر 3 سم على الخط الناصف وعلى مؤخرة اللسان؟,ANSWER: ورم اللسان,2. درق لسانية.,ورم اللسان,2. درق لسانية.,0.5851500034332275,0.5110207796096802,0.5455788969993591,Incorrect
4940,ما هو العلاج غير المرغوب به في حالة شابة في ربيعها الأربعين تشكو من نقص وزن مع خفقان وجحوظ في العينين مع وجود سلعة درقية متوسطة الحجم منتشرة ومتجانسة وفرط نشاط درق بدني؟,منتشرة ومتجانسة وفرط نشاط درق بدني؟,3. المعالجة الشعاعية باليود I 131,منتشرة ومتجانسة وفرط نشاط درق بدني؟,3. المعالجة الشعاعية باليود I 131,0.47721245884895325,0.5044865012168884,0.4904705882072449,Incorrect
4941,ما هو الإجراء الأول الذي يجب إجراؤه قبل عملية Sleeve gastrectomy لمريض البدانة الذي لديه BMI يساوي 40؟,خلف الكلم الإنتهائي,3. الحصول على موافقة المريض.,خلف الكلم الإنتهائي,3. الحصول على موافقة المريض.,0.3966326117515564,0.39225977659225464,0.3944340944290161,Incorrect
4942,ما هو التشخيص المحتمل لمريض عمره 50 سنة يعاني من أصمية حديثة وألم في الربع العلوي الأيمن لمدة 3-4 أشهر مع فحص سريري سلبي ووظائف كبد طبيعية وتنظير هضمي علوي طبيعي بينما أظهر الإيكو وجود آفة كيسية وحيدة تبلغ 6 سم؟,ANSWER: كيس صفراوي,4. داء كيسي بسيط,كيس صفراوي,4. داء كيسي بسيط,0.4868009686470032,0.444918692111969,0.46491846442222595,Incorrect
4943,ما هو التشخيص المحتمل لمريض يبلغ من العمر 60 سنة لديه سابقة حصيات مرارية يراجع بقصة ألم بطني شديد ومستمر لمدة 6 ساعات وبالفحص السريري كان المريض غير مرتاح ومصدوم مع انتفاخ البطن ومضض راجع معممين؟,ض راجع معممين؟,4. التهاب بريتوان تالي لانثقاب مرارة.,ض راجع معممين؟,4. التهاب بريتوان تالي لانثقاب مرارة.,0.36748138070106506,0.3286806344985962,0.34699973464012146,Incorrect
4944,ما هو التشخيص المحتمل لمريض يبلغ من العمر 56 سنة يعاني من ألم شديد في أعلى البطن منذ أسبوع مع حمى متقطعة وعدم راحة شديدة مع وجود علامات لتخريش بريتواني في الربع العلوي الأيمن مع جس كتلة؟,ANSWER: التهاب الزائدة الدودية الحاد,1. تقيح مرارة.,التهاب الزائدة الدودية الحاد,1. تقيح مرارة.,0.5324907898902893,0.5163640975952148,0.5243034958839417,Incorrect
4945,ما هو التشخيص المحتمل لمريض يبلغ من العمر 60 سنة يعاني من ألم بطني ويرقان وحرارة مع عروءات؟,لمريض يبلغ من العمر 60 سنة يعاني من ألم بطني ويرقان وحرارة مع عروءات؟,4. التهاب طرق صفراوية صاعد.,لمريض يبلغ من العمر 60 سنة يعاني من ألم بطني ويرقان وحرارة مع عروءات؟,4. التهاب طرق صفراوية صاعد.,0.4990231394767761,0.4458669424057007,0.47094985842704773,Incorrect
4946,ما هو التشخيص المحتمل لمريضة تبلغ من العمر 40 سنة عولجت لالتهاب مرارة حاد حيث لوحظ وجود مرارة مجسوسة غير ممضة، لم يكن هناك ترفع حروري وكانت المريضة بشكل عام بصحة جيدة؟,Answer in one concise line.,3. قيلة مخاطية في المرارة.,Answer in one concise line.,3. قيلة مخاطية في المرارة.,0.4832163453102112,0.4819861054420471,0.48260045051574707,Incorrect
4947,ما هو التشخيص المحتمل لمريض عمره 48 سنة يعاني من اضطراب رئوي وصداع وارتفاع ضغط؟,المحتمل لمريض عمره 48 سنة يعاني من اضطراب رئوي وصداع وارتفاع ضغط؟,3. متلازمة كون.,المحتمل لمريض عمره 48 سنة يعاني من اضطراب رئوي وصداع وارتفاع ضغط؟,3. متلازمة كون.,0.4521462321281433,0.46838414669036865,0.4601219892501831,Incorrect
4948,ما هو التشخيص المحتمل لمريض ربو مع تفاقم متكرر لحالته تطور لديه بشكل تدريجي شعرانية مع بدانة جذعية وكدمات؟,ر لحالته تطور لديه بشكل تدريجي شعرانية مع بدانة جذعية وكدمات؟,1. متلازمة كوشينغ.,ر لحالته تطور لديه بشكل تدريجي شعرانية مع بدانة جذعية وكدمات؟,1. متلازمة كوشينغ.,0.42427781224250793,0.4442242980003357,0.4340219795703888,Incorrect
4950,ما هو التشخيص المحتمل لسيدة حامل تبلغ من العمر 30 سنة تبين أثناء إجراء ايكو بطن لها وجود كتلة متكلسة في الشرسوف يبلغ قطرها 1 سم مع سماع لغط في منطقة الشرسوف دون وجود أي أعراض؟,Answer in one concise line.,3. أم دم شريان طحالي.,Answer in one concise line.,3. أم دم شريان طحالي.,0.46759042143821716,0.5297008156776428,0.4967115521430969,Incorrect
4952,ما هي نسبة الاستفادة من استئصال الطحال في حالة سيدة عمرها 40 سنة تعاني من فرفرية مناعية مزمنة معندة على العلاج بالستيروئيدات؟,مزمنة معندة على العلاج بالستيروئيدات؟,1. أقل من 20%,مزمنة معندة على العلاج بالستيروئيدات؟,1. أقل من 20%,0.36088094115257263,0.40318888425827026,0.38086357712745667,Incorrect
4953,ما هي الخطوة التالية في تدبير مريض بعمر 70 سنة دون سوابق جراحية يعاني من ألم بطني متقطع منذ أسبوع وتوسع بطني وإقياء مستمر منذ يوم، مع عدم وجود فتوق بالفحص وتعداد 3000 كرية بيضاء / مم؟,ANSWER: استبعاد انسداد معوي,4. إجراء (CT) التصوير الطبقي المحوسب للبطن.,استبعاد انسداد معوي,4. إجراء (CT) التصوير الطبقي المحوسب للبطن.,0.45462873578071594,0.43273115158081055,0.4434097707271576,Incorrect
4957,ما هي الخطوة التالية في تدبير مريض بعمر 70 سنة دون سوابق جراحية يعاني من ألم بطني متقطع منذ أسبوع وتوسع بطني وإقياء مستمر منذ يوم، مع عدم وجود فتوق بالفحص وتعداد 3000 كرية بيضاء / مم؟,one concise line.,4. إجراء (CT) التصوير الطبقي المحوسب للبطن.,one concise line.,4. إجراء (CT) التصوير الطبقي المحوسب للبطن.,0.522020697593689,0.46405029296875,0.4913314878940582,Incorrect
4958,ما هي الخطوة التالية في تدبير شاب عمره 20 سنة راجع الإسعاف بعد 20 يوماً من استئصال زائدة ملتهبة ويعاني من إقياء مع تمدد بطن وإيلام خفيف وتعداد WBC 14000 كرية/مم2 والكهارل طبيعية؟,ANSWER: استئصال الزائدة مرة أخرى,1. مراقبة 24 ساعة أخرى مع وضع NG.,استئصال الزائدة مرة أخرى,1. مراقبة 24 ساعة أخرى مع وضع NG.,0.6078579425811768,0.49321213364601135,0.5445664525032043,Incorrect
4960,ما هي الخطوة الأولى الأهم في تدبير مريض يبلغ من العمر 32 سنة يعاني من إقياء كميات كبيرة من الدم الأحمر القاني؟,وة الأولى الأهم في تدبير مريض يبلغ من العمر 32 سنة يعاني من إقياء كميات كبيرة من الدم الأحمر القاني؟,3. الإنعاش بالسوائل.,وة الأولى الأهم في تدبير مريض يبلغ من العمر 32 سنة يعاني من إقياء كميات كبيرة من الدم الأحمر القاني؟,3. الإنعاش بالسوائل.,0.4785742163658142,0.40210917592048645,0.4370221495628357,Incorrect
4961,ما هو التشخيص المحتمل لمريض عمره 70 سنة تطور لديه بعد 3 أيام من احتشاء قلبي ألم بطني مع تطبل البطن وخفوت في أصوات الأمعاء وتحليل غازات الدم يشير إلى حماض استقلابي؟,إلى حماض استقلابي؟,2. احتشاء مساريقي.,إلى حماض استقلابي؟,2. احتشاء مساريقي.,0.462159663438797,0.5145004391670227,0.48692750930786133,Incorrect
