id,input,prediction,ground_truth,prediction_clean,ground_truth_clean,bert_precision_example,bert_recall_example,bert_f1_example,judge_label
1,ما هو العصب الذي ينقل إحساس الذوق من ثلث اللسان الخلفي؟,العصب البلعومي اللساني,التاسع,العصب البلعومي اللساني,التاسع,0.39573198556900024,0.34365615248680115,0.36786019802093506,Correct
2,ما هي القوس البيضاء عند حدود جسم الظفر مع جذره؟,الهليل,هليل الظفر,الهليل,هليل الظفر,0.7353900074958801,0.7014760971069336,0.7180328965187073,Correct
3,أين يقع الخط الالوي السفلي؟,على السطح الخارجي لعظم الحرقفة,السطح الخارجي للحرقفة,على السطح الخارجي لعظم الحرقفة,السطح الخارجي للحرقفة,0.6911411285400391,0.7912399768829346,0.7378109097480774,Correct
4,ما هي الحافة من الفرع التي تشكل زاوية الفك السفلي؟,الحافة الخلفية السفلية,الخلفية,الحافة الخلفية السفلية,الخلفية,0.5960742235183716,0.5550950765609741,0.5748552680015564,Incorrect
5,ما هي البنية التشريحية التي تتعصب بالعصب الشظوي السطحي؟,العضلات الشظوية,العضله الشظويه الطويله,العضلات الشظوية,العضله الشظويه الطويله,0.7849166393280029,0.6864587068557739,0.7323935031890869,Incorrect
6,أين تشاهد الجسور بين الخلوية؟,بين الخلايا الشوكية,الطبقة الشائكة من النسيج الظهاري المطبق,بين الخلايا الشوكية,الطبقة الشائكة من النسيج الظهاري المطبق,0.5204920768737793,0.5576943755149841,0.5384513735771179,Correct
7,ما الذي يحول الثلمتين الاسكيتين إلى ثقبتين؟,الرباط العجزي الحدبي والرباط العجزي الشوكي,الرباط العجزي الشوكي العجزي الحدبي,الرباط العجزي الحدبي والرباط العجزي الشوكي,الرباط العجزي الشوكي العجزي الحدبي,0.8222759962081909,0.7704319357872009,0.7955101728439331,Correct
8,ما هو الهرمون الذي يفرز PTH؟,هرمون الغدة الدرقية,الغدد جارات الدرق,هرمون الغدة الدرقية,الغدد جارات الدرق,0.6583247780799866,0.6486802101135254,0.6534669399261475,Incorrect
9,ما الذي يقع بين جسم الفقرة والقوس الفقرية؟,السويقة,الثقبة الفقرية,السويقة,الثقبة الفقرية,0.6909334659576416,0.6078264713287354,0.6467210054397583,Incorrect
10,أين تقع المنطقة الشمية؟,سقف الجوف الأنفي والجدار الوحشي,سقف الأنف,سقف الجوف الأنفي والجدار الوحشي,سقف الأنف,0.5931434631347656,0.6343754529953003,0.6130669713020325,Correct
11,ما الذي يتصل به المدورين بالأمام في الفخذ؟,الخط المدوري,الخط بين المدورين,الخط المدوري,الخط بين المدورين,0.7887848019599915,0.7453749179840088,0.7664657235145569,Correct
12,أين يوجد التلم الكعبري في جسم العضد؟,السطح الخلفي للعضد,على الوجه الخلفي.,السطح الخلفي للعضد,على الوجه الخلفي.,0.592698335647583,0.5812830924987793,0.5869352221488953,Correct
13,ما الذي تتشكل منه ضفيرة راشكوف في لب السن؟,ألياف عصبية غير مغمدة,ألياف حسية.,ألياف عصبية غير مغمدة,ألياف حسية.,0.5718173980712891,0.6067178249359131,0.5887508392333984,Correct
14,أين يقع المستقيم؟,الجزء الأخير من الأمعاء الغليظة,القولون السيني والقناة الشرجية,الجزء الأخير من الأمعاء الغليظة,القولون السيني والقناة الشرجية,0.6316126585006714,0.5992897748947144,0.6150268316268921,Incorrect
15,إلى أي صنف من أصناف الغدد تنتمي حديثات المونتغمري؟,غدد دهنية متضخمة,دهنية,غدد دهنية متضخمة,دهنية,0.5106720328330994,0.5435928106307983,0.5266184210777283,Correct
16,ما هو العصب المحرك لعضلات اللسان؟,العصب تحت اللسان,12,العصب تحت اللسان,12,0.24364307522773743,0.27973848581314087,0.26044610142707825,Correct
17,ما هي الضفيرة التي يتفرع منها العصب الحجابي؟,الضفيرة الرقبية,الرقبية,الضفيرة الرقبية,الرقبية,0.708717942237854,0.8346841335296631,0.7665605545043945,Correct
18,من أين يفرز الأدرينالين؟,الغدة الكظرية,لب الكظر,الغدة الكظرية,لب الكظر,0.6333736181259155,0.6530380845069885,0.6430555582046509,Incorrect
19,ما هو الوريد الذي يتشكل منه الوريد الأجوف السفلي؟,الوريدين الحرقفيين الأصليين,الوريدين الحرقفيين المشتركين الأيمن والأيسر,الوريدين الحرقفيين الأصليين,الوريدين الحرقفيين المشتركين الأيمن والأيسر,0.8264756202697754,0.6493383646011353,0.7272763848304749,Incorrect
20,ما هي الطبقة الأكثر تمايزاً وكثافة في الشرايين؟,الغلالة الباطنة,المتوسطة,الغلالة الباطنة,المتوسطة,0.535892128944397,0.600136399269104,0.5661976933479309,Incorrect
21,مما ينتج هرمون T4؟,الغدة الدرقية,الدرق,الغدة الدرقية,الدرق,0.5530028343200684,0.5664021968841553,0.5596223473548889,Correct
22,ما هي العضلة التي ترتكز بشكل أساسي على العظم الزورقي؟,العضلة الظنبوبية الخلفية,الظنبوبي الخلفي,العضلة الظنبوبية الخلفية,الظنبوبي الخلفي,0.6753202676773071,0.6729058623313904,0.6741109490394592,Correct
23,أين تقع المنطقة الشمية؟,سقف الجوف الأنفي والجزء العلوي من الحاجز الأنفي والجدار الوحشي,سقف الأنف,سقف الجوف الأنفي والجزء العلوي من الحاجز الأنفي والجدار الوحشي,سقف الأنف,0.5273278951644897,0.5431966781616211,0.5351446866989136,Correct
24,ما هو اسم الوسادة من النسيج الدهني فوق الارتفاق العاني؟,جبل العانة,جبل العانة,جبل العانة,جبل العانة,1.0000003576278687,1.0000003576278687,1.0000003576278687,Correct
25,أين يتوضع الكولون السيني؟,الحوض الأيسر,الناحية المغبنية اليسرى,الحوض الأيسر,الناحية المغبنية اليسرى,0.6294375658035278,0.5992270708084106,0.613960862159729,Incorrect
26,ما هو القسم من العظم الجبهي الذي يفصل بين القسمين الحجاجيين من الخلف؟,الشوكة الأنفية,الثلمة الغربالية,الشوكة الأنفية,الثلمة الغربالية,0.6151826977729797,0.6151826977729797,0.6151826977729797,Incorrect
27,ما هي الفروع الانتهائية للسبات الظاهر؟,الشريان الفكي والشريان الصدغي السطحي,الفكي والصدغي والسطحي,الشريان الفكي والشريان الصدغي السطحي,الفكي والصدغي والسطحي,0.6949931979179382,0.6756114959716797,0.685165286064148,Correct
28,أين يمر عصب الفك العلوي؟,الثقبة المدورة,الثقبة المدورة,الثقبة المدورة,الثقبة المدورة,1.0000004768371582,1.0000004768371582,1.0000004768371582,Correct
29,ما هي النقطة التشريحية على الوجه السفلي لجسم العظم الوتدي؟,الخطم الوتدي,المنقار الوتدي,الخطم الوتدي,المنقار الوتدي,0.7754921913146973,0.8621988296508789,0.8165501952171326,Correct
30,ما اسم العظم الذي يتوضع كيس الدمع عليه؟,العظم الدمعي,الدمعي أنسي الحجاج,العظم الدمعي,الدمعي أنسي الحجاج,0.5934825539588928,0.5552164912223816,0.573712170124054,Correct
31,من أين ينشأ الشريان السباتي المشترك الأيسر؟,قوس الأبهر,قوس الأبهر مباشرة,قوس الأبهر,قوس الأبهر مباشرة,0.8375515341758728,0.6824575662612915,0.7520921230316162,Correct
32,ما طول الأسهر؟,30-35 سم,45 سم,30-35 سم,45 سم,0.7122043371200562,0.8370886445045471,0.7696132063865662,Incorrect
33,ما هو المكان الذي يعبر من خلاله الشريان السحائي الأوسط؟,الثقبة الشوكية,الثقبة الشوكية,الثقبة الشوكية,الثقبة الشوكية,1.0000001192092896,1.0000001192092896,1.0000001192092896,Correct
34,ما هي الطية الجلدية التي تغطي رأس القضيب؟,القلفة,القلفة,القلفة,القلفة,0.9999998211860657,0.9999998211860657,0.9999998211860657,Correct
35,ما هي البنية التشريحية التي ترتكز على الحفرة المدورية؟,الرباط المدور,العضلة السدادية الظاهرة,الرباط المدور,العضلة السدادية الظاهرة,0.4991951584815979,0.4594978094100952,0.4785245954990387,Incorrect
36,أين يتوضع الدرز الأكليلي؟,بين العظم الجبهي والجداري,يتوضع بين العظم الجبهي والجداريين.,بين العظم الجبهي والجداري,يتوضع بين العظم الجبهي والجداريين.,0.8206236362457275,0.6997765302658081,0.755397379398346,Correct
37,ماذا يفعل الرباط المتصالب الأمامي؟,يمنع الإزاحة الأمامية لقصبة الساق,يمنع انزياح الساق للأمام,يمنع الإزاحة الأمامية لقصبة الساق,يمنع انزياح الساق للأمام,0.7336708903312683,0.69923996925354,0.7160416841506958,Correct
38,ما العصب القحفي الذي يعبر الثقبة البيضية؟,العصب ثلاثي التوائم,الفكي السفلي,العصب ثلاثي التوائم,الفكي السفلي,0.5425140857696533,0.5826650261878967,0.5618732571601868,Incorrect
39,إلى أي قصبات تتفرع القصبات الفصية؟,القصبات القطعية,قطعية شدفية,القصبات القطعية,قطعية شدفية,0.6743903756141663,0.6859180927276611,0.680105447769165,Correct
40,أين توجد نوى الأعصاب القحفية من الثالث حتى الثاني عشر؟,جذع الدماغ,جذع الدماغ,جذع الدماغ,جذع الدماغ,1.0,1.0,1.0,Correct
41,على ماذا يحتوي البلعوم الفموي من اللوزتين؟,اللوزتان الحنكيتان,الحنكيتين,اللوزتان الحنكيتان,الحنكيتين,0.6775296926498413,0.7025741338729858,0.689824640750885,Correct
42,على أي من وجوه الكبد يوجد مسكن المرارة؟,الوجه الحشوي,السفلي,الوجه الحشوي,السفلي,0.5562316179275513,0.6908841729164124,0.6162885427474976,Correct
43,ما هو العصب القحفي الثاني؟,العصب البصري,البصري - حاسي,العصب البصري,البصري - حاسي,0.5377740859985352,0.49678274989128113,0.5164663195610046,Correct
44,ما وظيفة العضلة تحت الكتفية؟,تدوير الذراع داخليًا وتقريبها,دوران أنسي للكتف.,تدوير الذراع داخليًا وتقريبها,دوران أنسي للكتف.,0.5685262680053711,0.5657032132148743,0.5671112537384033,Correct
45,أين تتوضع المشيمة في ارتكاز المشيمة المعيب؟,الجزء السفلي من الرحم,بين الجنين والمهبل.,الجزء السفلي من الرحم,بين الجنين والمهبل.,0.6563266515731812,0.5404126048088074,0.5927560329437256,Incorrect
46,ما اسم الطبقة من السحايا التي تغطي الجيوب الوريدية؟,الأم الجافية,الام الجافية,الأم الجافية,الام الجافية,1.0000001192092896,1.0000001192092896,1.0000001192092896,Correct
47,ما هي الألياف التي تربط المراكز القشرية بالمحيط؟,الألياف الإسقاطية,إسقاطية,الألياف الإسقاطية,إسقاطية,0.48693132400512695,0.532950758934021,0.5089027881622314,Correct
48,ما الذي تشكله البصلة عندما تتمادى في الأمام في جسم القضيب؟,الجسم الإسفنجي,الجسم الاسفنجي,الجسم الإسفنجي,الجسم الاسفنجي,1.0,1.0,1.0,Correct
49,ما هي أكبر غدد الجسم؟,الكبد,الكبد,الكبد,الكبد,0.9999999403953552,0.9999999403953552,0.9999999403953552,Correct
50,ما هي الشرايين الخمسة التي يتفرع إليها الشريان الكلوي؟,الشريان القطعي العلوي، الشريان القطعي السفلي، الشريان القطعي الأمامي العلوي، الشريان القطعي الأمامي السفلي، الشريان القطعي الخلفي,قطعية,الشريان القطعي العلوي، الشريان القطعي السفلي، الشريان القطعي الأمامي العلوي، الشريان القطعي الأمامي السفلي، الشريان القطعي الخلفي,قطعية,0.4874746799468994,0.3761165738105774,0.42461591958999634,Correct
51,بماذا ينتهي الشريان الوجهي؟,الشريان الزاوي,الشريان الزاوي,الشريان الزاوي,الشريان الزاوي,0.9999998807907104,0.9999998807907104,0.9999998807907104,Correct
52,ما هي طبقة لب السن الأكثر عمقا والأقرب لجوهر اللب؟,اللب المركزي,المنطقة الغنية بالخلايا.,اللب المركزي,المنطقة الغنية بالخلايا.,0.41108474135398865,0.38898634910583496,0.3997303545475006,Incorrect
53,أين تقع فوهة مصب الجيب الأكليلي؟,الأذين الأيمن,أمام وأسفل مصب الأجوف السفلي,الأذين الأيمن,أمام وأسفل مصب الأجوف السفلي,0.523434042930603,0.4722774624824524,0.4965416193008423,Incorrect
54,ما هي الزاوية الأمامية السفلية للعظم الجداري؟,الزاوية الوتدية,وتدية,الزاوية الوتدية,وتدية,0.5649999380111694,0.6553713083267212,0.6068394780158997,Correct
55,أي عصب هو المحرك لعضلات اللسان؟,العصب تحت اللساني,12,العصب تحت اللساني,12,0.19235634803771973,0.23634818196296692,0.21209514141082764,Correct
56,ما هو البروز العظمي الذي يحتوي عليه الوجه الداخلي لفرع الفك السفلي؟,الناتئ المنقاري,اللسين,الناتئ المنقاري,اللسين,0.6111242771148682,0.6472017765045166,0.6286458373069763,Incorrect
57,ما هي المواد التي تفرزها الغدد استجابة للتنبيه وترحل عبر الدم؟,هرمونات,الهرمونات,هرمونات,الهرمونات,0.44867467880249023,0.44867467880249023,0.44867467880249023,Correct
58,ما هي الزاوية بين قبضة وجسم القص؟,زاوية لويس,لويس,زاوية لويس,لويس,0.5773234367370605,0.7350409626960754,0.646705150604248,Correct
59,من أين يخرج العصب الفكي العلوي من الجمجمة؟,الثقبة المدورة,الثقبة المدورة,الثقبة المدورة,الثقبة المدورة,1.0000004768371582,1.0000004768371582,1.0000004768371582,Correct
60,ما الذي يحدد المنصف العلوي جانبياً؟,الجنبة المنصفية,الجنية المنصفية.,الجنبة المنصفية,الجنية المنصفية.,0.6223509907722473,0.5950950980186462,0.6084179282188416,Correct
61,ما هما الممران اللذان يمر عبرهما الهواء إلى جوف الأنف؟,المنخران والردب البلعومي الأنفي,المنخرين,المنخران والردب البلعومي الأنفي,المنخرين,0.527763843536377,0.6419521570205688,0.5792844295501709,Incorrect
62,أين ترتكز العضلة العريضة الظهرية؟,التلم بين الحديبتين للعضد,قاع أخدود ذات الرأسين.,التلم بين الحديبتين للعضد,قاع أخدود ذات الرأسين.,0.5147149562835693,0.5250735282897949,0.5198426246643066,Correct
63,ما هو القولون الذي يمتد بشكل أفقي؟,القولون المستعرض,الكولون المعترض,القولون المستعرض,الكولون المعترض,0.7420850992202759,0.7259312272071838,0.7339192032814026,Correct
64,كم عدد القطع العصعصية في النخاع الشوكي؟,قطعة واحدة,1,قطعة واحدة,1,0.43155500292778015,0.535338282585144,0.477876752614975,Correct
65,ما الطبقة التي تمثلها العضلة الدافعة في المثانة؟,الطبقة العضلية الوسطى,العضلية,الطبقة العضلية الوسطى,العضلية,0.630413830280304,0.6652863025665283,0.6473808288574219,Correct
66,ما هي الخلايا التي توجد في الجلد وتعمل كمستقبلات آلية حسية؟,خلايا ميركل,خلايا ميركل.,خلايا ميركل,خلايا ميركل.,0.8665071725845337,0.7080731391906738,0.7793192863464355,Correct
67,ما اسم الكرة الصغيرة فوق قمة الغضروف؟,كرة الغضروف,القريني,كرة الغضروف,القريني,0.5731117725372314,0.5363491773605347,0.5541214346885681,Incorrect
68,أين لا توجد الغدد الزهمية؟,راحة اليد وأخمص القدم,راحة اليد وأخمص القدم,راحة اليد وأخمص القدم,راحة اليد وأخمص القدم,0.9999999403953552,0.9999999403953552,0.9999999403953552,Correct
69,ما هو العصب المسؤول عن حركات عضلات الوجه التعبيرية؟,العصب الوجهي,السابع,العصب الوجهي,السابع,0.3941591680049896,0.4492441415786743,0.4199027717113495,Correct
70,ما هي الزاوية الخلفية السفلية في العظم الجداري؟,الزاوية الخشائية,خشانية,الزاوية الخشائية,خشانية,0.585824728012085,0.6763054132461548,0.6278218030929565,Correct
71,ما هو الاسم الآخر لفرع الفك السفلي؟,راموس الفك السفلي,الرأد.,راموس الفك السفلي,الرأد.,0.5304934978485107,0.6111999750137329,0.5679941773414612,Correct
72,ماذا يفعل الرباط المتصالب الأمامي؟,يمنع الإزاحة الأمامية لقصبة الساق,يمنع ازياح الساق للأمام,يمنع الإزاحة الأمامية لقصبة الساق,يمنع ازياح الساق للأمام,0.7397013902664185,0.7137891054153442,0.7265142798423767,Correct
73,ما هي الثقبة التي يعبر من خلالها العصب الوجهي؟,الثقبة الإبرية الخشائية,الثقبة الإبرية الخشانية,الثقبة الإبرية الخشائية,الثقبة الإبرية الخشانية,0.8879138827323914,0.9038071632385254,0.8957899808883667,Correct
74,ماذا تفرز خلايا بيتا في البنكرياس؟,الأنسولين,الأنسولين,الأنسولين,الأنسولين,1.0,1.0,1.0,Correct
75,ما هو التامور الخارجي الذي لا يرتبط بالقلب؟,التامور الليفي,التامور الليفي,التامور الليفي,التامور الليفي,1.0,1.0,1.0,Correct
76,ما هو القسم من الضلع الواقع بين الرأس والحديبة؟,العنق,العنق,العنق,العنق,0.9999998211860657,0.9999998211860657,0.9999998211860657,Correct
77,مع أي عظم يتمفصل الظنبوب في الأسفل؟,الشظية والكاحل,القعب,الشظية والكاحل,القعب,0.5108639597892761,0.6423308253288269,0.5691035985946655,Incorrect
78,أي من العضلات العميقة التالية للمثلث الخلفي للعنق ترتبط بحدبة الأطلس الخلفية؟,الرأسية الخلفية الكبيرة,المستقيمه الرأسيه الخلفيه الصغيرة,الرأسية الخلفية الكبيرة,المستقيمه الرأسيه الخلفيه الصغيرة,0.6942204833030701,0.804236888885498,0.7451899647712708,Incorrect
79,ما هو التركيب الذي يتصل بالخلف مع البلعوم الفموي عبر برزخ الحلق؟,الفم,جوف الفم المخصوص,الفم,جوف الفم المخصوص,0.744318962097168,0.5881879329681396,0.6571063995361328,Incorrect
80,ما هي البنية التي تغطي السطوح الأمامي والإنسي والوحشي للخصية؟,الغلالة الغمدية,الغلالة الغمدية,الغلالة الغمدية,الغلالة الغمدية,0.9999998807907104,0.9999998807907104,0.9999998807907104,Correct
81,أين يقع موقع الغدة الدرقية؟,أمام القصبة الهوائية,تحت الحنجرة وعلى جانبي الرغامي وأمامها,أمام القصبة الهوائية,تحت الحنجرة وعلى جانبي الرغامي وأمامها,0.6430343389511108,0.571297287940979,0.6050468683242798,Incorrect
82,أين تتوضع مستقبلات الشم؟,الظهارة الشمية,سقف الأنف.,الظهارة الشمية,سقف الأنف.,0.49116820096969604,0.5360382199287415,0.5126231908798218,Correct
83,ما هي طبيعة هرمونات الغدة النخامية؟,بروتينية,بيتيدية,بروتينية,بيتيدية,0.5947285890579224,0.5948583483695984,0.5947934985160828,Correct
84,ما هو مفصل المرفق؟,مفصل زليلي مركب,نموذج رزى,مفصل زليلي مركب,نموذج رزى,0.6494163274765015,0.668633759021759,0.6588849425315857,Incorrect
85,ما هو المكان الذي تنشأ منه العضلة المدورة الكبيرة بشكل أساسي؟,الزاوية السفلية للكتف,أسفل الحافة الوحشية لعظم لوح الكتف.,الزاوية السفلية للكتف,أسفل الحافة الوحشية لعظم لوح الكتف.,0.7208281755447388,0.6660622358322144,0.6923639178276062,Incorrect
86,أين يتوضع الأبهر النازل البطني؟,خلف البريتوان,أيسر الأجوف السفلي,خلف البريتوان,أيسر الأجوف السفلي,0.4699713885784149,0.46411800384521484,0.46702635288238525,Incorrect
87,ما الذي يجاور السطح العلوي لمثانة الرجل؟,اللفائف المعوية والقولون السيني,عرى اللفائفي والكولون السيني,اللفائف المعوية والقولون السيني,عرى اللفائفي والكولون السيني,0.6851357817649841,0.7121379971504211,0.6983759999275208,Correct
88,ما هي عضلة الشهيق الرئيسية؟,الحجاب الحاجز,الحجاب الحاجز.,الحجاب الحاجز,الحجاب الحاجز.,0.8484901189804077,0.7110673189163208,0.7737240791320801,Correct
89,ما هو ترتيب دخول التراكيب إلى سرة الكلية من الخلف للأمام؟,الشريان الكلوي، الوريد الكلوي، الحالب,حويضة – شريان – وريد,الشريان الكلوي، الوريد الكلوي، الحالب,حويضة – شريان – وريد,0.5440394878387451,0.5325900316238403,0.538253903388977,Incorrect
90,أين تشاهد التلمة الكعبرية للزند؟,على الوجه الوحشي للناتئ الإكليلي,الوجه الوحشي للناتئ المنقاري.,على الوجه الوحشي للناتئ الإكليلي,الوجه الوحشي للناتئ المنقاري.,0.7269153594970703,0.712193489074707,0.7194790840148926,Correct
91,أين تتوضع الثقبة العوراء في اللسان؟,خلف الكلم الإنتهائي,خلف الكلم الإنتهائي,خلف الكلم الإنتهائي,خلف الكلم الإنتهائي,1.0,1.0,1.0,Correct
92,ما هو أطول أجزاء الأنبوب الهضمي؟,اللفائفي,المعي الدقيق,اللفائفي,المعي الدقيق,0.6310513019561768,0.69112628698349,0.6597239971160889,Incorrect
93,ما هو ترتيب العضلات من الأعلى للأسفل على الناحية الخلفية للألية؟,الألوية الكبرى، الألوية الوسطى، الألوية الصغرى,كمثرية - توأمية علوية - سادة باطنة - توأمية سفلية,الألوية الكبرى، الألوية الوسطى، الألوية الصغرى,كمثرية - توأمية علوية - سادة باطنة - توأمية سفلية,0.6662828922271729,0.673498272895813,0.6698711514472961,Incorrect
94,ما هي الطبقة المبطنة للتامور الليفي؟,لا يوجد بطانة,التامور المصلي الجداري,لا يوجد بطانة,التامور المصلي الجداري,0.5070210695266724,0.5402571558952332,0.5231117606163025,Incorrect
95,ما هو أطول أجزاء أنبوب الهضم؟,اللفائفي,المعي الدقيق,اللفائفي,المعي الدقيق,0.6310513019561768,0.69112628698349,0.6597239971160889,Incorrect
96,ما هو الهرمون الذي يسرع عملية تصنيع الأحماض الدهنية من الغلوكوز في الخلايا الشحمية؟,الأنسولين,الانسولين,الأنسولين,الانسولين,1.0,1.0,1.0,Correct
97,ما هو الرباط الذي يربط الرحم بجدران الحوض الجانبية؟,الرباط العريض للرحم,العريض,الرباط العريض للرحم,العريض,0.08992017805576324,0.12445216625928879,0.10440489649772644,Correct
98,ما هو لون لب الكظر؟,بني محمر,بني غامق,بني محمر,بني غامق,0.8744837045669556,0.8744837045669556,0.8744837045669556,Correct
99,ما الذي يشكل معظم الكتلة العضلية للسان؟,العضلات الداخلية,ذقنية لسانية,العضلات الداخلية,ذقنية لسانية,0.6026504635810852,0.6090592741966248,0.605837881565094,Incorrect
100,ما هي أصغر الحليمات الذوقية وأكثرها عدداً؟,الحليمات الخيطية,الخيطية,الحليمات الخيطية,الخيطية,0.7077230215072632,0.7771722078323364,0.74082350730896,Correct
101,ما هي العضلات الطويلة التي تربط الفقرات مع بعضها؟,العضلات الشوكية الطويلة,عضلات العمود الفقري,العضلات الشوكية الطويلة,عضلات العمود الفقري,0.6087155342102051,0.6464344263076782,0.6270081996917725,Correct
102,ما هو أضيق قسم في جذع الدماغ؟,الجسر,مستوى الدماغ المتوسط,الجسر,مستوى الدماغ المتوسط,0.5623564124107361,0.5335437655448914,0.5475713610649109,Incorrect
103,أين يقع التلفيف خلف المركزي؟,الفص الجداري,الفص الجداري.,الفص الجداري,الفص الجداري.,0.8231855630874634,0.7420340180397034,0.7805060148239136,Correct
104,ما هي الباحة التي يحويها التلفيف خلف المركزي؟,الباحة الحسية الأولية,الحس الجسدي الأولية,الباحة الحسية الأولية,الحس الجسدي الأولية,0.7707791924476624,0.6540839076042175,0.7076529264450073,Correct
105,ما هي أصغر الحليمات الذوقية وأكثرها عدداً؟,الحليمات الخيطية,الخيطية,الحليمات الخيطية,الخيطية,0.7077230215072632,0.7771722078323364,0.74082350730896,Correct
106,ما هي المجموعة العضلية التي تنتمي إليها العضلة الحرقفية؟,العضلات الباسطة للورك,عضلات الزنار الحوضي الأمامية,العضلات الباسطة للورك,عضلات الزنار الحوضي الأمامية,0.6379013657569885,0.6624842286109924,0.6499603986740112,Incorrect
107,ما هو القسم المسؤول عن تنظيم الفعالية الحياتية الذاتية؟,الجهاز العصبي الذاتي,جذع الدماغ,الجهاز العصبي الذاتي,جذع الدماغ,0.6768273711204529,0.6629957556724548,0.6698402166366577,Incorrect
108,ما هي المادة شبيهة بالهلام التي تشغل أربعة أخماس المقلة؟,الجسم الزجاجي,الخلط الزجاجي,الجسم الزجاجي,الخلط الزجاجي,0.848261833190918,0.848261833190918,0.8482618927955627,Correct
109,أين تقع أجسام العصبونات التي تفرز الهرمون المضاد للإدرار ADH؟,النواة فوق البصرية وتحت البطينية,الأنوية فوق البصرية,النواة فوق البصرية وتحت البطينية,الأنوية فوق البصرية,0.7116475105285645,0.7927485704421997,0.7500119805335999,Incorrect
110,ما هي العضلات التي لها منشأ عظمي وترتكز على باطن جلد الوجه؟,عضلات التعبير الوجهي,عضلات الوجه التعبيرية,عضلات التعبير الوجهي,عضلات الوجه التعبيرية,0.7901729941368103,0.7901729941368103,0.7901729941368103,Correct
111,ما هو مصدر التروية الرئيسية للمعدة؟,الشريان البطني,فروع الجذع الزلاقي,الشريان البطني,فروع الجذع الزلاقي,0.6907635927200317,0.6309968829154968,0.6595290303230286,Correct
112,ما هي أطول أجزاء أنبوب الهضم؟,اللفائفي,المعي الدقيق,اللفائفي,المعي الدقيق,0.6310513019561768,0.69112628698349,0.6597239971160889,Incorrect
113,من أين ينشأ الجذع الرئوي؟,البطين الأيمن,البطين الأيمن,البطين الأيمن,البطين الأيمن,1.0,1.0,1.0,Correct
114,ما هو اسم المنعكس الذي يحدث عند رفع الخصية والصفن للأعلى؟,المنعكس المشمر,المشمري,المنعكس المشمر,المشمري,0.6146472692489624,0.6449791193008423,0.6294479966163635,Correct
115,ما هو العظم الذي يحتوي على تلم في وجهه السفلي لمرور وتر الشظية الطويلة؟,العظم النردي,النردي,العظم النردي,النردي,0.7621905207633972,0.8158842325210571,0.7881239652633667,Correct
116,ما هي المنطقة المتوسطة من نواحي البطن؟,المنطقة السرية,السرية,المنطقة السرية,السرية,0.6835296750068665,0.6225367188453674,0.6516090035438538,Correct
117,ما الذي يصل بين الأذينة اليسرى والبطين الأيسر؟,الصمام التاجي,فوهة التاجي,الصمام التاجي,فوهة التاجي,0.715522289276123,0.6186476349830627,0.6635679006576538,Correct
118,ما الذي يعطي الرباط الحرقفي القطني منشأ له؟,الناتئ المستعرض للفقرة القطنية الخامسة,العضلة المربعة القطنية.,الناتئ المستعرض للفقرة القطنية الخامسة,العضلة المربعة القطنية.,0.62324059009552,0.5780995488166809,0.5998219847679138,Incorrect
119,ماذا يحفز ACTH إفرازه؟,الكورتيزول,الكورتيزول,الكورتيزول,الكورتيزول,1.0,1.0,1.0,Correct
120,ما هو أكثر أقسام الإحليل قابلية للتمدد وأعرضها؟,الإحليل الإسفنجي,الموثي,الإحليل الإسفنجي,الموثي,0.5924619436264038,0.56010901927948,0.575831413269043,Incorrect
121,مما يتكون الزنار الحوضي؟,العظمين الوركيين والعجز,من العظمين الوركيين و العجز.,العظمين الوركيين والعجز,من العظمين الوركيين و العجز.,0.8374547958374023,0.7200150489807129,0.7743072509765625,Correct
122,أين تقع الباحة الحركية الأولية؟,الفص الجبهي,في التلفيف أمام المركزي .,الفص الجبهي,في التلفيف أمام المركزي .,0.4528951346874237,0.4376690089702606,0.4451519250869751,Incorrect
123,ما هي العضلة المسؤولة عن قبض الفخذ وقبض الساق؟,العضلة الخياطية,الخياطية,العضلة الخياطية,الخياطية,0.6202172040939331,0.5353619456291199,0.574674129486084,Correct
124,أين تتوضع الغدة تحت الطية اللسانية؟,تحت الغشاء المخاطي لأرضية الفم,تحت اللسان,تحت الغشاء المخاطي لأرضية الفم,تحت اللسان,0.40733981132507324,0.5862267017364502,0.48067939281463623,Correct
125,أين يتوضع السرج التركي؟,العظم الوتدي,على الوجه العلوي لجسم العظم الوتدي.,العظم الوتدي,على الوجه العلوي لجسم العظم الوتدي.,0.8405667543411255,0.6325182318687439,0.7218508124351501,Incorrect
126,ما هو القسم مع الضلع الواقع بين الرأس والحدبية؟,العنق,العنق,العنق,العنق,0.9999998211860657,0.9999998211860657,0.9999998211860657,Correct
127,كم عدد شدف النخاع الشوكي؟,31 قطعة,31,31 قطعة,31,0.7471936941146851,0.8313694596290588,0.7870372533798218,Correct
128,ما هي العضلة الموسعة المسؤولة عن فتح الحنجرة؟,العضلة الحلقية الطرجهالية الخلفية,الحلقية الطرجهالية الخلفية,العضلة الحلقية الطرجهالية الخلفية,الحلقية الطرجهالية الخلفية,0.8259797096252441,0.8257643580436707,0.825872004032135,Correct
129,ما يُدعى القسم العلوي المتسع من الحالب؟,حويضة الكلية,الحويضة,حويضة الكلية,الحويضة,0.5684322714805603,0.683390200138092,0.6206328272819519,Correct
130,أين توجد نقطة التعظم البدئية في لوح الكتف؟,الجسم الغضروفي,الحفرة تحت الشوك,الجسم الغضروفي,الحفرة تحت الشوك,0.6148453950881958,0.5952597856521606,0.6048940420150757,Incorrect
131,ما هو الشريان الذي يستمر به الشريان تحت الترقوة؟,الشريان الإبطي,الابطي,الشريان الإبطي,الابطي,0.7503640651702881,0.8071344494819641,0.7777146697044373,Correct
132,ما هو الشريان الذي يمكن الشعور بنبضه عند الحافة السفلية للفك السفلي أمام العضلة الماضغة؟,الشريان الوجهي,الوجهي.,الشريان الوجهي,الوجهي.,0.6710512638092041,0.6563003659248352,0.6635938882827759,Correct
133,ما هو الشريان الذي يعتبر الشريان المخي الخلفي فرعاً منه؟,الشريان القاعدي,القاعدي,الشريان القاعدي,القاعدي,0.7031809091567993,0.754421055316925,0.7279003262519836,Correct
134,ما هو أكبر أعضاء الجسم وزناً ومساحة؟,الجلد,الجلد,الجلد,الجلد,0.9999998807907104,0.9999998807907104,0.9999998807907104,Correct
135,ما الذي يشكله نصفا الكرة المخية مع الدماغ البيني؟,الدماغ الأمامي,المخ,الدماغ الأمامي,المخ,0.5070544481277466,0.6534759402275085,0.5710284113883972,Correct
136,ما هو اسم الحافة اليسرى للمعدة التي تمتد من الفؤاد إلى البواب؟,الانحناء الكبير للمعدة,الانحناء الكبير,الانحناء الكبير للمعدة,الانحناء الكبير,0.698642373085022,0.8496233224868774,0.7667713165283203,Correct
137,ما هو مصدر نشأة الشريان الشوكي الأمامي؟,الشرايين الفقرية,الفقري,الشرايين الفقرية,الفقري,0.5626250505447388,0.6126108169555664,0.5865549445152283,Correct
138,أين يقع الثرب الصغير؟,بين الكبد والانحناء الصغير للمعدة والاثني عشر,المعدة والكبد,بين الكبد والانحناء الصغير للمعدة والاثني عشر,المعدة والكبد,0.5941601991653442,0.6905771493911743,0.6387507319450378,Correct
139,أين تقع صفيحة الأكيمات؟,الدماغ المتوسط,الدماغ المتوسط .,الدماغ المتوسط,الدماغ المتوسط .,0.8088549971580505,0.6887248754501343,0.7439717650413513,Correct
140,ما هي الباحة التي يحويها التلفيف خلف المركزي؟,الباحة الحسية الأولية,الحس الجسدي الأولية,الباحة الحسية الأولية,الحس الجسدي الأولية,0.7707791924476624,0.6540839076042175,0.7076529264450073,Correct
141,ما هي الألياف التي تربط المراكز القشرية بالمحيط؟,الألياف الإسقاطية,إسقاطية,الألياف الإسقاطية,إسقاطية,0.48693138360977173,0.5329508781433105,0.508902907371521,Correct
142,ما نوع المفصل الحلقي الطرجهالي؟,مفصل زلالي مركب,الزليلي,مفصل زلالي مركب,الزليلي,0.6656729578971863,0.5825067758560181,0.6213191747665405,Correct
143,ما هو رقم العصب الحركي للعضلات الماضغة؟,العصب ثلاثي التوائم (الخامس),الخامس,العصب ثلاثي التوائم (الخامس),الخامس,0.3639094829559326,0.4846622049808502,0.4156942367553711,Correct
144,كم عدد فصيصات الخصية؟,250-300 فصيص,250,250-300 فصيص,250,0.4632081091403961,0.7026738524436951,0.5583484768867493,Incorrect
145,أين ترتكز العضلة الأخمعية الخلفية بوتر رقيق؟,الحديبة الأخمعية للضلع الثاني,الضلع الثاني.,الحديبة الأخمعية للضلع الثاني,الضلع الثاني.,0.5630174279212952,0.614694356918335,0.5877221822738647,Correct
146,أين يتوضع الثلم المهمازي؟,الفص القفوي,الأنسي,الفص القفوي,الأنسي,0.721672773361206,0.7801107168197632,0.7497547268867493,Incorrect
147,ما هي المنطقة التي يقع بينها القسيم العضلي (sarcomere)؟,خطي Z,الخطين -Z-,خطي Z,الخطين -Z-,0.708159327507019,0.600743293762207,0.6500437259674072,Correct
148,ما الذي تنتجه الخلايا المجاورة للجريبات في الدرق؟,الكالسيتونين,كاليستونين,الكالسيتونين,كاليستونين,0.7541972398757935,0.6505143642425537,0.6985293626785278,Correct
149,ما الذي تتحول إليه الوحيدات Monocytes بعد مغادرتها الدوران؟,بلاعم,بالعات,بلاعم,بالعات,0.6825200319290161,0.6825200319290161,0.6825200319290161,Correct
150,ما هو الشريان الذي ينتهي به الشريان الوجهي؟,الشريان الزاوي,الزاوي,الشريان الزاوي,الزاوي,0.7463288307189941,0.7865509986877441,0.7659122347831726,Correct
151,أين يتوضع الثلم المهمازي؟,الفص القفوي,الانسي,الفص القفوي,الانسي,0.721672773361206,0.7801107168197632,0.7497547268867493,Incorrect
152,ما هو العصب القحفي الذي يحمل التعصيب نظير الودي للقلب؟,العصب المبهم,10,العصب المبهم,10,0.3980294466018677,0.41852328181266785,0.40801918506622314,Correct
153,ما هي العضلة التي يمر العصب تحت اللساني في الناحية تحت الفك عميقاً منها؟,العضلة اللامية اللسانية,لامية لسانية.,العضلة اللامية اللسانية,لامية لسانية.,0.5082666873931885,0.5129469633102417,0.5105960965156555,Correct
154,تحت أي قسم من أقسام التشريح يندرج التنبيب الرغامي؟,التشريح السريري,التشريح التقني .,التشريح السريري,التشريح التقني .,0.7414422631263733,0.6268782019615173,0.6793642044067383,Incorrect
155,ما هي العظام التي يتشكل منها مفصل الركبة؟,الفخذ، الرضفة، الظنبوب,المفصل بين عظمي الفخذ والظنبوب والمفصل بين عظمي الفخذ والرضفة.,الفخذ، الرضفة، الظنبوب,المفصل بين عظمي الفخذ والظنبوب والمفصل بين عظمي الفخذ والرضفة.,0.6109448075294495,0.6068707704544067,0.6089009642601013,Correct
156,ما هي الحركة الخاصة بالساعد؟,الكب والبسط,الكب,الكب والبسط,الكب,0.6476922035217285,0.7918683886528015,0.7125604748725891,Incorrect
157,ما الذي يحويه القسم الأمامي للثلم الأمامي الخلفي الأيسر للكبد؟,الرباط المدور الكبدي,تلم الرباط الوريدي,الرباط المدور الكبدي,تلم الرباط الوريدي,0.6980934143066406,0.6364806890487671,0.6658648252487183,Incorrect
158,ماذا تشكل الصفيحتان السفليتان للشفرين الصغيرين عند اتحادهما؟,لجام البظر,لجيم البظر,لجام البظر,لجيم البظر,0.7920160889625549,0.7921751737594604,0.7920956015586853,Correct
159,ما هي الانطباعات التي توجد على العظم الجداري؟,انطباعات التلفيف، انطباعات الشريان السحائي الأوسط,السحائي الأوسط,انطباعات التلفيف، انطباعات الشريان السحائي الأوسط,السحائي الأوسط,0.5121545195579529,0.6186632513999939,0.5603929758071899,Correct
160,ما هو العصب الحركي للعضلات الماضغة؟,العصب ثلاثي التوائم,الخامس,العصب ثلاثي التوائم,الخامس,0.4232231080532074,0.4716373682022095,0.44612056016921997,Correct
161,أين يقع الشق الحجاجي السفلي؟,بين الجناح الكبير للعظم الوتدي والفك العلوي,الجناح البير والفكي العلوي,بين الجناح الكبير للعظم الوتدي والفك العلوي,الجناح البير والفكي العلوي,0.6188058853149414,0.67388916015625,0.645173966884613,Correct
162,ما هو العضو المتخصص بتشكيل الصوت والتدخل بالدور في الكلام؟,الحنجرة,الحنجرة,الحنجرة,الحنجرة,1.0,1.0,1.0,Correct
163,ما هي حركة الركبة للخلف بمستوى سهمي؟,ثني الركبة,عطف,ثني الركبة,عطف,0.5733611583709717,0.642179548740387,0.6058222651481628,Correct
164,ما هو العصب القحفي المتواسط بإفراز الغدد الدمعية واللعابية؟,العصب الوجهي,السابع,العصب الوجهي,السابع,0.3941591680049896,0.4492441415786743,0.4199027717113495,Correct
165,أين تتوضع الصفيحة الأفقية للعظم الغربالي؟,في الثلم الغربالي للعظم الجبهي,الثلمة الغربالية في العظم الدمعي.,في الثلم الغربالي للعظم الجبهي,الثلمة الغربالية في العظم الدمعي.,0.7328040599822998,0.6652300357818604,0.6973839402198792,Incorrect
166,ما هو لون لب الكظر؟,بني محمر,بني غامق,بني محمر,بني غامق,0.8744837045669556,0.8744837045669556,0.8744837045669556,Incorrect
167,ما هو وجه العظم الجبهي الذي ينتمي للقحف العصبي؟,الوجه الخارجي والداخلي,الداخلى,الوجه الخارجي والداخلي,الداخلى,0.5195233821868896,0.6104487776756287,0.5613278150558472,Incorrect
168,ما هو لون لب الكظر؟,بني محمر,بني غامق,بني محمر,بني غامق,0.8744837045669556,0.8744837045669556,0.8744837045669556,Correct
169,ما هي اللفافة التي تحيط بجسم القضيب؟,اللفافة العميقة للقضيب,بوك,اللفافة العميقة للقضيب,بوك,0.2909354567527771,0.3632791042327881,0.32310736179351807,Correct
170,ما هي العضلة التي تعد من العضلات الوحشية للساق وقد تعد من العضلات الأمامية للساق؟,الشظوية الثالثة,العضلة الشظويةالثالثة,الشظوية الثالثة,العضلة الشظويةالثالثة,0.6672321557998657,0.5948647260665894,0.6289737224578857,Correct
171,ما هو أول ما يتأثر من الخلايا الكبدية في حالة الإصابة بنقص الأكسجة؟,الخلايا الكبدية حول الوريد المركزي,الخلايا الكبدية المركزية,الخلايا الكبدية حول الوريد المركزي,الخلايا الكبدية المركزية,0.7342634201049805,0.8313987255096436,0.7798178791999817,Correct
172,ما هي العضلات الطويلة التي تربط الفقرات مع بعضها؟,العضلات الشوكية الطويلة,عضلات العمود الفقري,العضلات الشوكية الطويلة,عضلات العمود الفقري,0.6087155342102051,0.6464344263076782,0.6270081996917725,Correct
173,ما هي الطية الجلدية التي تغطي رأس القضيب؟,القلفة,القلفة,القلفة,القلفة,1.0,1.0,1.0,Correct
174,من أين يتفرع الشريان الأكليلي الأيمن والأيسر؟,الأبهر الصاعد,الأبهر الصاعد,الأبهر الصاعد,الأبهر الصاعد,1.0,1.0,1.0,Correct
175,متى ينشأ برزخ الأبهر؟,بعد الشريان تحت الترقوة الأيسر,بعد منشأ الشريان تحت الترقوة الأيسر,بعد الشريان تحت الترقوة الأيسر,بعد منشأ الشريان تحت الترقوة الأيسر,0.8820140361785889,0.8402020335197449,0.8606004118919373,Correct
176,ما هو أصغر الفروع الأمامية للأبهر البطني؟,الشريان المساريقي السفلي,المساريقي السفلي,الشريان المساريقي السفلي,المساريقي السفلي,0.7716572284698486,0.8018742799758911,0.7864755988121033,Correct
177,ما هي الألياف التي تربط التلافيف والفصوص في نصف كرة مخية واحد؟,الألياف الترابطية,ترابطية,الألياف الترابطية,ترابطية,0.6171680688858032,0.4995785057544708,0.5521823763847351,Correct
178,ما هي ميزابة النبض بين أوتار العضلات؟,ميزابة النبض الكعبرية,العضدية الكعبرية قابضة الرسغ الكعبرية,ميزابة النبض الكعبرية,العضدية الكعبرية قابضة الرسغ الكعبرية,0.655971884727478,0.6183171272277832,0.6365881562232971,Incorrect
179,ما هو الوريد السطحي الذي يشكل الابطي؟,الوريد البازلي,القاعدي,الوريد البازلي,القاعدي,0.6426480412483215,0.6662750244140625,0.6542482972145081,Correct
180,ماذا تفرز الخلايا ألفا في البنكرياس؟,الغلوكاجون,الفلوكاغون,الغلوكاجون,الفلوكاغون,0.7081987857818604,0.7081987857818604,0.7081988453865051,Correct
181,ما هو اسم أعمق الانخفاضات في الصيوان؟,الحفرة المثلثية,المحار,الحفرة المثلثية,المحار,0.6428654193878174,0.59843909740448,0.6198572516441345,Incorrect
182,ما هي وظيفة هرمون الغدة جار الدرقية PTH؟,تنظيم مستويات الكالسيوم والفوسفات,يرفع كالسيوم الدم,تنظيم مستويات الكالسيوم والفوسفات,يرفع كالسيوم الدم,0.651992678642273,0.7200750708580017,0.6843447685241699,Correct
183,ما الذي يمتد من المنخر حتى المنعر؟,جوف الأنف,جوف الأنف,جوف الأنف,جوف الأنف,0.9999998807907104,0.9999998807907104,0.9999998807907104,Correct
184,ما الذي يقع بين جسم الفقرة والقوس الفقرية؟,السويقة,الثقبة الفقرية,السويقة,الثقبة الفقرية,0.6909335851669312,0.6078266501426697,0.6467211842536926,Incorrect
185,أين تتوضع الطية المخملة؟,في الأذين الأيمن,الوجه السفلي للسان,في الأذين الأيمن,الوجه السفلي للسان,0.5264448523521423,0.5192099213600159,0.5228023529052734,Incorrect
186,ما هو الهرمون الذي يفرز PTH؟,هرمون الغدة الدرقية,الغدد جارات الدرق.,هرمون الغدة الدرقية,الغدد جارات الدرق.,0.6296325922012329,0.5935072302818298,0.611036479473114,Incorrect
187,ما هو الهرمون الذي يسرع عملية تصنيع الأحماض الدهنية من الغلوكوز في الخلايا الشحمية؟,الأنسولين,الأنسولين,الأنسولين,الأنسولين,1.0,1.0,1.0,Correct
188,ما هي العضلات التي تعمل على توازن الرأس على الجذع؟,العضلات تحت القذالية,عضلات العنق.,العضلات تحت القذالية,عضلات العنق.,0.46823549270629883,0.5355685949325562,0.4996437728404999,Incorrect
189,من أين يخرج العصب الوجهي من الجمجمة؟,الثقبة الإبرية الخشائية,الثقبة الأبرية الخشائية,الثقبة الإبرية الخشائية,الثقبة الأبرية الخشائية,1.0000001192092896,1.0000001192092896,1.0000001192092896,Correct
190,ما الذي يتصل به المدورين بالخلف في الفخذ؟,العرف بين المدورين,العرف بين المدورين,العرف بين المدورين,العرف بين المدورين,1.0,1.0,1.0,Correct
191,أين يدخل الحالبان المثانة؟,الزاوية العلوية الخلفية للمثانة,الخلفي,الزاوية العلوية الخلفية للمثانة,الخلفي,0.4764835834503174,0.3873060643672943,0.42729148268699646,Correct
192,ما هي الباحة المسؤولة عن حركات العين؟,الباحة أمام الحركية,8,الباحة أمام الحركية,8,0.37484806776046753,0.2801657021045685,0.3206636905670166,Incorrect
193,ما هو الشريان الذي ينشأ منه الجذع المشترك للشريان بين العظمين؟,الشريان الزندي,الزندي,الشريان الزندي,الزندي,0.7589725255966187,0.8176912069320679,0.7872384786605835,Correct
194,ما هو وجه عظم الترقوة الذي عليه ميزابة طولانية؟,الوجه السفلي,الوجه السفلي,الوجه السفلي,الوجه السفلي,1.0,1.0,1.0,Correct
195,من أين يفرز الغلوكاغون؟,خلايا ألفا في البنكرياس,خلايا الفا في المعثكلة,خلايا ألفا في البنكرياس,خلايا الفا في المعثكلة,0.7729264497756958,0.7285475730895996,0.7500811815261841,Correct
196,ما هي الطبقة المبطنة للتامور الليفي؟,لا يوجد بطانة,التامور المصلي الجداري,لا يوجد بطانة,التامور المصلي الجداري,0.5070210695266724,0.5402571558952332,0.5231117606163025,Incorrect
197,ما هو معنى التوسع في نهاية الأسهر؟,الأمبولة,مجل الأسهر,الأمبولة,مجل الأسهر,0.6560936570167542,0.6852688789367676,0.6703640222549438,Correct
198,كم عدد فقرات الجزء الصدري من العمود الفقري؟,اثنتا عشرة فقرة,12,اثنتا عشرة فقرة,12,0.3190806210041046,0.5041634440422058,0.39081671833992004,Correct
199,من أين ينتج هرمون الأستروجين؟,المبيضين,المبيض,المبيضين,المبيض,0.7776075005531311,0.7875021696090698,0.782523512840271,Correct
200,ما هي الفروع الانتهائية للسباني الخارجي؟,الشريان الفكي والشريان الصدغي السطحي,حنكي وصدغي سطحي,الشريان الفكي والشريان الصدغي السطحي,حنكي وصدغي سطحي,0.6439977288246155,0.550826907157898,0.5937796235084534,Incorrect
201,ما هو مصدر التعصيب الحركي لعضلات الظهر العميقة؟,الفروع الظهرية للأعصاب الشوكية,الشعب الاوليه الظهريه,الفروع الظهرية للأعصاب الشوكية,الشعب الاوليه الظهريه,0.622495174407959,0.6868753433227539,0.6531025171279907,Correct
202,ما هو الجيب الوريدي الذي يصب في الوريد الوداجي الباطن؟,الجيب السيني,الجيب السيني,الجيب السيني,الجيب السيني,1.0,1.0,1.0,Correct
203,أين يتوضع العظم الكتفي؟,الجزء الخلفي العلوي من القفص الصدري,الاضلاع الثانية حتى السابعة,الجزء الخلفي العلوي من القفص الصدري,الاضلاع الثانية حتى السابعة,0.599443793296814,0.5650524497032166,0.5817403197288513,Incorrect
204,ما هي المنطقة الأعمق في الغدة الكظرية؟,النخاع الكظري,اللب,النخاع الكظري,اللب,0.5374613404273987,0.6846295595169067,0.6021841764450073,Correct
205,ما الذي يقع بين النواة العدسية من جهة والنواة والمهاد من الجهة الأخرى؟,المحفظة الباطنة,المحفظة الداخلية.,المحفظة الباطنة,المحفظة الداخلية.,0.7358400821685791,0.6910848617553711,0.7127605676651001,Correct
206,ما الذي ينفتح على القرين الأنفي العلوي؟,الجيب الوتدي,الجيب الوتدي,الجيب الوتدي,الجيب الوتدي,0.9999999403953552,0.9999999403953552,0.9999999403953552,Correct
207,أين يمكن إجراء الحقن العضلي في القسم العلوي؟,العضلة الدالية,الدالية,العضلة الدالية,الدالية,0.6598823070526123,0.7501325011253357,0.7021190524101257,Correct
208,أين تتوضع الاحدوبة الدالية في العضد؟,الوجه الوحشي للعضد,الوحشي,الوجه الوحشي للعضد,الوحشي,0.5664383172988892,0.6795207262039185,0.6178479194641113,Correct
209,ما هو أكبر الجيوب جانب الأنف؟,الجيب الفكي العلوي,الفكي,الجيب الفكي العلوي,الفكي,0.6184689998626709,0.6339466571807861,0.626112163066864,Correct
210,ما هو العصب المحرك لعضلات اللسان؟,العصب تحت اللسان,12,العصب تحت اللسان,12,0.2436429262161255,0.27973827719688416,0.26044589281082153,Correct
211,ما الذي يتوضع تحت الخط الضرسي اللامي؟,الغدة تحت الفك السفلي,حفرة الغدة تحت الفك السفلي,الغدة تحت الفك السفلي,حفرة الغدة تحت الفك السفلي,0.8999291658401489,0.8448280096054077,0.8715085387229919,Incorrect
212,ما هي الطبقة المحيطة بالقلب والمرتبطة به؟,التامور,التامور المصلي الحشوي,التامور,التامور المصلي الحشوي,0.7069952487945557,0.6450949311256409,0.6746281981468201,Incorrect
213,ما هو الشريان الذي ينشأ منه الشريان الزاوي؟,الشريان الوجهي,الشريان الوجهي,الشريان الوجهي,الشريان الوجهي,1.0,1.0,1.0,Correct
214,ما هو تشكل الوريد المأبضي؟,وريد صافن صغير ووريدان ظنبوبيان خلفيان,الوريد الظنبوبي الامامي والوريد الظنبوبي الخلفي,وريد صافن صغير ووريدان ظنبوبيان خلفيان,الوريد الظنبوبي الامامي والوريد الظنبوبي الخلفي,0.6198321580886841,0.7468248009681702,0.6774282455444336,Incorrect
215,ما هي المنطقة الأعمق في قشر الكظر؟,المنطقة الشبكية,الشبكية,المنطقة الشبكية,الشبكية,0.6572256088256836,0.748379111289978,0.6998466849327087,Correct
216,أين يقع التلم الوحشي؟,الفص الجداري والفص الصدغي,فص الجزيرة,الفص الجداري والفص الصدغي,فص الجزيرة,0.4502394497394562,0.5218168497085571,0.4833928644657135,Incorrect
217,أين يصب الوريد الكلوي؟,الوريد الأجوف السفلي,الأجوف السفلي,الوريد الأجوف السفلي,الأجوف السفلي,0.8147443532943726,0.8422106504440308,0.8282498717308044,Correct
218,أين ترتكز العضلة المدورة الصغيرة؟,الحديبة الكبيرة للعضد,حديبة العضد الكبرى.,الحديبة الكبيرة للعضد,حديبة العضد الكبرى.,0.5640006065368652,0.5666888356208801,0.565341591835022,Correct
219,ما هو الجزء من البلعوم الذي يتبعه الردب الكمثري؟,البلعوم الحنجري,الحنجري,البلعوم الحنجري,الحنجري,0.6157587170600891,0.672249436378479,0.64276522397995,Correct
220,كم عدد الأعصاب القحفية؟,12 زوجًا,12 شفعًا,12 زوجًا,12 شفعًا,0.6982779502868652,0.6375920176506042,0.6665565371513367,Correct
221,أين تتوضع نواة العصب العاشر؟,النخاع المستطيل,البصلة,النخاع المستطيل,البصلة,0.6069545745849609,0.6069545745849609,0.6069545745849609,Correct
222,ما هو العنصر الذي يجاور الرغامي من الخلف؟,المريء,المري,المريء,المري,0.6508060097694397,0.7019659280776978,0.6754185557365417,Correct
223,ما هو العصب القحفي الذي يجتاز النفق الصدري؟,العصب المبهم,2,العصب المبهم,2,0.4517788887023926,0.4724598824977875,0.46188801527023315,Incorrect
224,ما هو العظم الأضخم في هيكل القدم؟,عظم الكعب,العقب,عظم الكعب,العقب,0.7205713987350464,0.7432665824890137,0.7317430377006531,Correct
225,أين يوجد النفير البلعومي السمعي؟,الجدار الوحشي للبلعوم الأنفي,البلعوم الانفي,الجدار الوحشي للبلعوم الأنفي,البلعوم الانفي,0.7705235481262207,0.8514120578765869,0.8089507818222046,Correct
226,ما الذي يحد فتحة وينسلو من الأسفل؟,الجزء الأول من الإثني عشر,الإثني عشر.,الجزء الأول من الإثني عشر,الإثني عشر.,0.5056232810020447,0.5753990411758423,0.5382593274116516,Correct
227,ما يُسمى الوجه الأمامي للوح الكتف؟,الوجه الضلعي,الحفرة تحت الكتفية,الوجه الضلعي,الحفرة تحت الكتفية,0.5781931281089783,0.6695064902305603,0.6205084323883057,Correct
228,ما هو الشريان الذي يروي القولون الصاعد؟,الشريان المساريقي العلوي,المساريقي العلوي,الشريان المساريقي العلوي,المساريقي العلوي,0.6745703220367432,0.7112734317779541,0.6924358606338501,Correct
229,ما هي الطية الجلدية التي تغطي رأس القضيب؟,القلفة,القلفة,القلفة,القلفة,1.0,1.0,1.0,Correct
230,ما يُدعى القسم العلوي المتسع من الحالب؟,حويضة الكلية,الحويضة,حويضة الكلية,الحويضة,0.5684322714805603,0.683390200138092,0.6206328272819519,Correct
231,ما هي المنطقة الفاصلة بين الطيتين الصوتيين؟,المزمار,مشق المزمار,المزمار,مشق المزمار,0.8272219896316528,0.7438324689865112,0.7833141684532166,Correct
232,ما هي الطبقة من الكظر التي تتألف من حبال مقوسة من خلايا عمودية متقاربة؟,المنطقة الكبيبية,الطبقة الكبيبة,المنطقة الكبيبية,الطبقة الكبيبة,0.6373885273933411,0.6534250974655151,0.645307183265686,Correct
233,ما هي الخلايا التي تتوضع في اللحمة بين النبيبات؟,خلايا لايديغ,لايديغ,خلايا لايديغ,لايديغ,0.6878960132598877,0.7453731298446655,0.7154820561408997,Correct
234,ما هو السطح الخلفي للفخذ تحت المدور الكبير؟,الأحدوبة الإسكية,الأحدوبة الأولوية,الأحدوبة الإسكية,الأحدوبة الأولوية,0.7458534240722656,0.721105694770813,0.7332708239555359,Incorrect
235,ما الذي يحويه القسم الأمامي للثلم الأمامي الخلفي الأيسر للكبد؟,الرباط المدور الكبدي,ثلم الرباط المدور,الرباط المدور الكبدي,ثلم الرباط المدور,0.7460469603538513,0.6843451261520386,0.7138652801513672,Correct
236,ما هو الشريان الذي يروي معظم الوجه الوحشي للمخ؟,الشريان المخي الأوسط,المخى الأوسط.,الشريان المخي الأوسط,المخى الأوسط.,0.6772659420967102,0.6606263518333435,0.6688426733016968,Correct
237,ما هي المنطقة الفاصلة بين الطيتين الصوتيين؟,المزمار,مشق المزمار,المزمار,مشق المزمار,0.8272219896316528,0.7438324689865112,0.7833141684532166,Correct
238,ما هو العصب القحفي الذي يعبر الثقبة البيضية؟,العصب ثلاثي التوائم,الفكي السفلي,العصب ثلاثي التوائم,الفكي السفلي,0.5425143241882324,0.5826648473739624,0.561873197555542,Incorrect
239,ما هو الهرمون الذي يسبب دفقه الشديد حدوث عملية الإباضة؟,الهرمون الملوتن,LH,الهرمون الملوتن,LH,0.46136459708213806,0.4727271497249603,0.46697676181793213,Correct
240,ما هو الهرمون الذي يستهدف الدرق ويحفز إفراز الهرمون الدرقي؟,الهرمون المنبه للدرق,TSH,الهرمون المنبه للدرق,TSH,0.35070157051086426,0.37704336643218994,0.36339572072029114,Correct
241,ما هي أكبر عقدة مفردة من النسيج اللمفاوي؟,الطحال,الطحال,الطحال,الطحال,1.0000001192092896,1.0000001192092896,1.0000001192092896,Correct
242,ما هي العضلة الرئيسية المسؤولة عن قبض المرفق؟,العضلة ذات الرأسين العضدية,العضدية,العضلة ذات الرأسين العضدية,العضدية,0.46659258008003235,0.6058031320571899,0.5271622538566589,Incorrect
243,ما هي التراكيب التي توجد على حافتي اللسان وتحوي براعم ذوقية كثيرة؟,الحليمات الورقية,الورقية,الحليمات الورقية,الورقية,0.6876993775367737,0.774006724357605,0.7283050417900085,Correct
244,ما هي الشعيرات الدموية التي تغلفها محفظة بومان؟,الكبيبة,الكبيبة الكلوية,الكبيبة,الكبيبة الكلوية,0.8060946464538574,0.6760499477386475,0.7353671789169312,Correct
245,ما هي الحافة من الفرع التي تشكل زاوية الفك السفلي؟,الحافة الخلفية السفلية,الخلفية,الحافة الخلفية السفلية,الخلفية,0.5960742235183716,0.5550947785377502,0.5748550891876221,Correct
246,ما الذي تغلفه العضلة البصلية الإسفنجية؟,الجسم الكهفي للقضيب والبصلة الدهليزية للمهبل,بصلة القضيب,الجسم الكهفي للقضيب والبصلة الدهليزية للمهبل,بصلة القضيب,0.6302490234375,0.661902904510498,0.6456882953643799,Incorrect
247,من أين يخرج العصب الشوكي؟,من النخاع الشوكي,الثقبة بين الفقرية,من النخاع الشوكي,الثقبة بين الفقرية,0.5373584628105164,0.5265611410140991,0.5319050550460815,Incorrect
248,ما هي الألياف التي تعصب العضلة مصرة الحدقة؟,ألياف نظيرة الودية,نظيرة ودية,ألياف نظيرة الودية,نظيرة ودية,0.5635199546813965,0.6731460690498352,0.6134740114212036,Correct
249,ما هو البطين الذي يحويه الدماغ البيني داخله؟,البطين الثالث,الثالث,البطين الثالث,الثالث,0.7935962677001953,0.9194496273994446,0.8518998622894287,Correct
250,ما الذي يشغل الجزء العلوي من قبة القحف؟,الدماغ,العظم الجداري,الدماغ,العظم الجداري,0.653609037399292,0.5459699034690857,0.5949601531028748,Incorrect
251,ما هو العصب الذي يعصب الغدة النكفية؟,العصب الأذني الصدغي,تحت اللساني,العصب الأذني الصدغي,تحت اللساني,0.6018494367599487,0.5396639108657837,0.5690628290176392,Incorrect
252,من أين يخرج العصب تحت اللساني؟,النخاع المستطيل,النفق تحت اللساني,النخاع المستطيل,النفق تحت اللساني,0.65882408618927,0.5775805711746216,0.6155330538749695,Incorrect
253,ما هي الخلايا البالعة الكبدية؟,خلايا كوبفر,خلايا كوبفر.,خلايا كوبفر,خلايا كوبفر.,0.8113667964935303,0.7169029116630554,0.7612153887748718,Correct
254,أين يصب الوريد الصافن الكبير (الأنسي)؟,الوريد الفخذي,الوريد الفخذي,الوريد الفخذي,الوريد الفخذي,1.0,1.0,1.0,Correct
255,ما هو الشريان الذي يستمر به الريان تحت الترقوة؟,الشريان الإبطي,الإبطي,الشريان الإبطي,الإبطي,0.7503640651702881,0.8071344494819641,0.7777146697044373,Correct
256,ما تُدعى الردب بين عنق الرحم والمهبل؟,القبو المهبلي,قبو المهبل,القبو المهبلي,قبو المهبل,0.8033268451690674,0.8494160771369934,0.8257288336753845,Correct
257,في أي مستوى من الفقرات الصدرية يتم التمفصل بين قبضة وجسم القص؟,T4-T5,الرابعة.,T4-T5,الرابعة.,0.3874526917934418,0.4102705121040344,0.39853528141975403,Incorrect
258,ما هو الرباط الذي يربط الرحم بجدران الحوض الجانبية؟,الرباط العريض للرحم,العريض,الرباط العريض للرحم,العريض,0.08992020785808563,0.12445223331451416,0.10440494120121002,Correct
259,ما هي العضلة التي تنشأ من الشوكة الحرقفية الأمامية العلوية وترتكز انسي الظنبوب؟,العضلة الخياطية,الخياطية,العضلة الخياطية,الخياطية,0.6202173233032227,0.5353620052337646,0.574674129486084,Correct
260,ما هي الطبقة البطانية الرحمية التي تتعرض إلى تغيرات ملحوظة أثناء الدورة الشهرية؟,الطبقة الوظيفية,الطبقة الوظيفية.,الطبقة الوظيفية,الطبقة الوظيفية.,0.9284237027168274,0.8106337785720825,0.8655396699905396,Correct
261,ما هو موقع مستقبلات الضغط المسؤولة عن المنعكس القلبي التثبيطي؟,القوس الأبهري والجيب السباتي,الجيب السباتي.,القوس الأبهري والجيب السباتي,الجيب السباتي.,0.6011744141578674,0.6116693019866943,0.6063765287399292,Incorrect
262,ما هو أكبر أعضاء الجسم وزناً ومساحة؟,الجلد,الجلد,الجلد,الجلد,1.0000001192092896,1.0000001192092896,1.0000001192092896,Correct
263,ما هي البنية الأكثر علواً في جذر الرئة اليسرى؟,الشريان الرئوي الأيسر,الشريان الرئوي,الشريان الرئوي الأيسر,الشريان الرئوي,0.7282602787017822,0.7998828887939453,0.7623931169509888,Correct
264,ما هو المكان الذي يعبر من خلاله الشريان السحاني الأوسط؟,الثقبة الشوكية,الثقبة الشوكية,الثقبة الشوكية,الثقبة الشوكية,1.0000001192092896,1.0000001192092896,1.0000001192092896,Correct
265,ما هو الجوف الهوائي الذي يحوي عظيمات السمع؟,الجوف الطبلي,الأذن الوسطى,الجوف الطبلي,الأذن الوسطى,0.5735583901405334,0.6159497499465942,0.5939986705780029,Correct
266,ما هي وظيفة النهايات العصبية الحرة الواردة ضمن ألياف العضلة القلبية؟,مستقبلات الألم,الإحساس بالألم.,مستقبلات الألم,الإحساس بالألم.,0.5913100242614746,0.5693053603172302,0.5800991058349609,Correct
267,ما هي الخلايا التي تخزن فيتامين A في الكبد؟,خلايا إيتو,خلايا إيتو,خلايا إيتو,خلايا إيتو,1.000000238418579,1.000000238418579,1.000000238418579,Correct
268,من أين يحمل الشريان الرئوي الدم غير المؤكسج؟,البطين الأيمن,البطين الأيمن,البطين الأيمن,البطين الأيمن,0.9999998807907104,0.9999998807907104,0.9999998807907104,Correct
269,ما هو العصب القحفي الثاني؟,العصب البصري,البصري - حاسي,العصب البصري,البصري - حاسي,0.5377740859985352,0.49678274989128113,0.5164663195610046,Correct
270,ما هو العظم الذي تنتمي إليه الثلمة الاسكية الصغيرة؟,عظم الإسك,الاسك,عظم الإسك,الاسك,0.8117512464523315,0.8709964752197266,0.840330958366394,Correct
271,ما هو الغضروف المرتبط مع الحلقة الرغامية الأولى؟,الغضروف الحلقي,الحلقي,الغضروف الحلقي,الحلقي,0.7586222887039185,0.8215588331222534,0.7888372540473938,Correct
272,ما هو المفصل الذي يتألف من سطحين كل منهما محدب في اتجاه ومقعر في اتجاه آخر؟,المفصل السرجى,سرجي saddle,المفصل السرجى,سرجي saddle,0.6647003889083862,0.5833207964897156,0.6213573217391968,Correct
273,ما هو أكبر أعصاب الجسم؟,العصب الوركي,الوركي,العصب الوركي,الوركي,0.6182483434677124,0.6219412088394165,0.6200892925262451,Correct
274,كم عدد العضلات بين العظمية الأخمصية؟,ثلاثة,3,ثلاثة,3,0.8016422986984253,0.8140932321548462,0.8078197836875916,Correct
275,أين ينتهي الأبهر النازل؟,الشريانين الحرقفيين الأصليين,L4,الشريانين الحرقفيين الأصليين,L4,0.4258589744567871,0.3760613203048706,0.39941397309303284,Correct
276,ما هي المراكز المسؤولة عن تنسيق الفعالية الحركية وضمان الثباتية؟,المخيخ والعقد القاعدية,النوى القاعدية,المخيخ والعقد القاعدية,النوى القاعدية,0.6020082235336304,0.6957358121871948,0.645487368106842,Incorrect
277,ما هو وجه العظم الجبهي الذي ينتمي للقحف العصبي؟,الوجه الخارجي,الداخلي,الوجه الخارجي,الداخلي,0.6468273401260376,0.7120068669319153,0.6778538227081299,Incorrect
278,أين ينفتح الجيب الفكي؟,الصماخ الأنفي الأوسط,الصماخ المتوسط,الصماخ الأنفي الأوسط,الصماخ المتوسط,0.5962478518486023,0.6981792449951172,0.643200159072876,Correct
279,ما هو أكبر أقسام المعثكلة؟,رأس المعثكلة,الرأس,رأس المعثكلة,الرأس,0.5787016749382019,0.7387820482254028,0.6490166187286377,Correct
280,ما هي الحدود التشريحية للحجرة الخلفية للعين؟,القزحية، الجسم الهدبي، العدسة,القزحية في الأمام والعدسة في الخلف,القزحية، الجسم الهدبي، العدسة,القزحية في الأمام والعدسة في الخلف,0.631511390209198,0.7332044839859009,0.6785690784454346,Incorrect
281,أين ترتكز العضلة الشظوية القصيرة؟,الحديبة الشظوية في قاعدة المشط الخامس,قاعدة المشط الخامس,الحديبة الشظوية في قاعدة المشط الخامس,قاعدة المشط الخامس,0.7193425893783569,0.7573401927947998,0.7378525137901306,Correct
282,ما هي المنطقة في الحنجرة التي تشمل الطيتين الصوتيتين والمسافة بينهما؟,المزمار,المزمار,المزمار,المزمار,1.000000238418579,1.000000238418579,1.000000238418579,Correct
283,أين تقع الوهدة في البلعوم؟,الجدار الخلفي للبلعوم الأنفي,الفموي,الجدار الخلفي للبلعوم الأنفي,الفموي,0.44001686573028564,0.5028333067893982,0.4693325459957123,Incorrect
284,ما هي الغدة التي تتوضع تحت الطية اللسانية؟,الغدة تحت اللسان,اللسان,الغدة تحت اللسان,اللسان,0.5402491688728333,0.6928131580352783,0.6070929765701294,Incorrect
285,ما هو العصب الذي ينتقل عبره الحس غير العام (حس الذوق) من الثلث الأمامي للسان؟,العصب الوجهي,العصب الوجهي.,العصب الوجهي,العصب الوجهي.,0.8168343901634216,0.7320578098297119,0.7721260190010071,Correct
286,ماذا يروي المساريقي العلوي؟,المعي الدقيق، المعي الغليظ حتى الثلثين الدانيين من المعي المعترض,الأمعاء الدقيقة,المعي الدقيق، المعي الغليظ حتى الثلثين الدانيين من المعي المعترض,الأمعاء الدقيقة,0.6193999648094177,0.6499992609024048,0.6343308687210083,Correct
287,ما هي المنطقة الأعمق من قشر الكظر؟,المنطقة الشبكية,المنطقة الشبكية,المنطقة الشبكية,المنطقة الشبكية,0.9999997019767761,0.9999997019767761,0.9999997019767761,Correct
288,ما هي الفقرة التي تحتوي على ثقبة فقرية كبيرة ومثلثية الشكل؟,الفقرة الرقبية,الفقرة الرقبية,الفقرة الرقبية,الفقرة الرقبية,0.9999997615814209,0.9999997615814209,0.9999997615814209,Correct
289,ما هو لون قشر الكظر؟,أصفر,مائل للصفرة,أصفر,مائل للصفرة,0.6107450723648071,0.5258671045303345,0.5651369094848633,Correct
290,ما هو النسيج الضام الليفي الذي يرتكز حول السطوح المفصلية؟,المحفظة المفصلية,المحفظة المفصلية,المحفظة المفصلية,المحفظة المفصلية,0.9999997615814209,0.9999997615814209,0.9999997615814209,Correct
291,كم عدد شدف النخاع الشوكي؟,31 قطعة,31,31 قطعة,31,0.7471936941146851,0.8313695788383484,0.7870373725891113,Correct
292,ما هو التصريف اللمفاوي للثلث الخلفي للسان؟,العقد اللمفاوية الرقبية العميقة,العقد الرقبيه العميقه,العقد اللمفاوية الرقبية العميقة,العقد الرقبيه العميقه,0.7873787879943848,0.86445552110672,0.8241189122200012,Correct
293,ما هي الغدة التي تقوم بإفراز الميلاتونين؟,الغدة الصنوبرية,الخاليا الصنوبرية.,الغدة الصنوبرية,الخاليا الصنوبرية.,0.6723479628562927,0.6071338653564453,0.6380789279937744,Correct
294,ما هو الشريان الذي له انطباعات على الوجه الداخلي للعظم الصدغي وهو فرع من أي شريان؟,الشريان السحائي الأوسط، الشريان الفكي,الفكي,الشريان السحائي الأوسط، الشريان الفكي,الفكي,0.34579670429229736,0.4607175588607788,0.39506956934928894,Correct
295,ما هو التصنيف الذي يمكننا من معرفة العضلات التي تشارك في كل مرحلة مفصلية وتطبيق ذلك أثناء الفحص؟,التصنيف الوظيفي,وظيفي.,التصنيف الوظيفي,وظيفي.,0.6241881847381592,0.5777233839035034,0.6000576019287109,Correct
296,ما هي الشرايين التي تسير بين الفصوص بإتجاه القشرة على كل جانب من جانبي الهرم الكلوي؟,الشرايين بين الفصيصات,الشرايين بين الفصوص,الشرايين بين الفصيصات,الشرايين بين الفصوص,0.897540807723999,0.8667080402374268,0.8818550109863281,Incorrect
297,ما هو الدواء الأمثل لبدء التخدير لمريض مصاب بنزف حاد؟,الكيتامين,كيتامين,الكيتامين,كيتامين,0.7232776284217834,0.6325712203979492,0.6748902797698975,Correct
298,ما هو المخدر الذي يتميز بالمباشرة والصحو السريعين؟,البروبوفول,الديسفلوران,البروبوفول,الديسفلوران,0.7889708280563354,0.7831302881240845,0.7860397100448608,Incorrect
299,ما هو الدواء الأمثل لبدء التخدير لمريض مصاب بنزف رضي حاد؟,الكيتامين,كيتامين,الكيتامين,كيتامين,0.7232776284217834,0.6325712203979492,0.6748902797698975,Correct
300,ما هو المرخي العضلي الأمثل لتسهيل تنبيب مريض ذي خطورة عالية للاستنشاق؟,سكسينيل كولين,السوكسنيل كولين,سكسينيل كولين,السوكسنيل كولين,0.8204637765884399,0.7866538166999817,0.8032031059265137,Correct
301,ما هو الترياق المناسب للتسمم بالمورفين؟,النالوكسون,A. النالوكسون,النالوكسون,A. النالوكسون,0.8483433127403259,0.7550884485244751,0.799004077911377,Correct
302,ما الذي يشير إليه بقاء عيني المريض مفتوحتين مع رأرأة خفيفة وحركات غير هادفة بعد إعطائه جرعة من الكيتامين؟,تخدير تفارقي,أن الجرعة السابقة مركنة ومخدرة,تخدير تفارقي,أن الجرعة السابقة مركنة ومخدرة,0.46651843190193176,0.47233617305755615,0.4694092869758606,Correct
303,ما هو الدواء المنتخب للإرخاء العضلي والتنبيب لمريض يعاني من قصور كلوي ويحتاج لعملية إسعافية؟,سيساتراكوريوم,اتراكوريوم,سيساتراكوريوم,اتراكوريوم,0.75494384765625,0.7858599424362183,0.770091712474823,Incorrect
304,ما هو المرخي العضلي المفضل استعماله لمريض سيخضع لجراحة إسعافية ويعاني من قصور كلوي؟,سيساتراكوريوم,B. أتراكوريوم,سيساتراكوريوم,B. أتراكوريوم,0.6887096166610718,0.6397196054458618,0.6633113026618958,Correct
305,ماذا يفكك الببسين؟,البروتينات,البروتين,البروتينات,البروتين,0.9114075303077698,0.9114075303077698,0.9114075303077698,Correct
306,ما التعبير الصحيح لوصف جزيئات الإيثين في تفاعل تشكيل البولي إيثين؟,مونومرات,مونوميرات (موحودات),مونومرات,مونوميرات (موحودات),0.5830947160720825,0.4424405097961426,0.503122091293335,Correct
307,ماذا يسبب عوز إنزيم البيروفات كيناز؟,فقر الدم الانحلالي المزمن,فقر دم انحلالي,فقر الدم الانحلالي المزمن,فقر دم انحلالي,0.7601639032363892,0.80387282371521,0.7814075946807861,Correct
308,ماذا ندعو آلية تفاعل الكلور مع البروبان في ضوء الشمس لإنتاج 1-كلورو بروبان؟,استبدال جذري حر,استبدال الجذور الحرة,استبدال جذري حر,استبدال الجذور الحرة,0.60457843542099,0.5590511560440063,0.5809242129325867,Correct
309,ما هي الاسطوانات المنحنية التي تكون سهلة التمييز لمحتواها الكاسر للضوء؟,الاسطوانات الشمعية,شمعية,الاسطوانات الشمعية,شمعية,0.5385513305664062,0.5467408299446106,0.5426151752471924,Correct
310,ما هي الحموض الأمينية المشحونة سلبياً؟,حمض الأسبارتيك وحمض الغلوتاميك,اسباريتك,حمض الأسبارتيك وحمض الغلوتاميك,اسباريتك,0.550687849521637,0.44273847341537476,0.4908480644226074,Correct
311,ما هي أعراض عوز فيتامين البيوتين؟,ترقق الشعر، طفح جلدي أحمر متقشر، أظافر هشة,من أعراضه التخلف العقلي.,ترقق الشعر، طفح جلدي أحمر متقشر، أظافر هشة,من أعراضه التخلف العقلي.,0.4456874430179596,0.46518582105636597,0.45522794127464294,Incorrect
312,ما هي مفرزات الصفراء؟,ماء، أملاح صفراوية، كوليسترول، بيليروبين، شوارد,الأملاح الصفراوية.,ماء، أملاح صفراوية، كوليسترول، بيليروبين، شوارد,الأملاح الصفراوية.,0.5492256283760071,0.637161374092102,0.5899345874786377,Correct
313,ما هي خصائص الشجرة الوراثية لخلة متنحية جسدية فيها الأبوين مصابين؟,جميع الأبناء مصابون,كل الأبناء مصابين,جميع الأبناء مصابون,كل الأبناء مصابين,0.8835881948471069,0.8835881948471069,0.8835881948471069,Correct
314,ما هي النواتج المتشكلة عند تفاعل معدن الصوديوم مع الإيثانول؟,إيثوكسيد الصوديوم وغاز الهيدروجين,اوكسيد الصوديوم وهيدروجين,إيثوكسيد الصوديوم وغاز الهيدروجين,اوكسيد الصوديوم وهيدروجين,0.7590634226799011,0.7894824147224426,0.7739741802215576,Incorrect
315,ما هي خصائص أنزيم RNA Polymerase؟,لا يحتاج بادئ,يشكل الروابط التكافؤية الإستيرية.,لا يحتاج بادئ,يشكل الروابط التكافؤية الإستيرية.,0.38685140013694763,0.3670498728752136,0.3766906261444092,Incorrect
316,ما هو النكليوتيد في جزيء DNA؟,سكر خماسي، قاعدة نيتروجينية، مجموعة فوسفات,يمكن أنيرتبط به أكثر من مجموعة فوسفات واحدة.,سكر خماسي، قاعدة نيتروجينية، مجموعة فوسفات,يمكن أنيرتبط به أكثر من مجموعة فوسفات واحدة.,0.6435849666595459,0.5131274461746216,0.5709995031356812,Incorrect
317,ما هو فيتامين البيوتين؟,فيتامين ب7,يصنع من قبل الجراثيم المعوية,فيتامين ب7,يصنع من قبل الجراثيم المعوية,0.4605776071548462,0.4601331949234009,0.460355281829834,Incorrect
318,ما هي حالة عدم تحمل اللاكتوز؟,عدم القدرة على هضم اللاكتوز,من أسبابها الإسهالات الشديدة,عدم القدرة على هضم اللاكتوز,من أسبابها الإسهالات الشديدة,0.5668166875839233,0.6055042147636414,0.5855221152305603,Incorrect
319,ما هو اسم الاستر المتشكل عندما يتفاعل الميتانول مع حمض البوتانوئيك بوجود بضع قطرات من حمض الكبريت المركز؟,بوتانوات الميثيل,بوتانوات الميتيل,بوتانوات الميثيل,بوتانوات الميتيل,0.8630005121231079,0.8630005121231079,0.8630005121231079,Correct
320,ما هو سبب الوفاة لدى مرض التلاسيميا؟,فشل القلب الاحتقاني,تراكم الحديد,فشل القلب الاحتقاني,تراكم الحديد,0.5093601942062378,0.5990206003189087,0.5505639314651489,Incorrect
321,ما هي الصبغيات التي يوجد فيها الكروماتين المغاير؟,الصبغيات X و Y,1,الصبغيات X و Y,1,0.3875340223312378,0.32107996940612793,0.3511909544467926,Incorrect
322,ما المركب الذي ينقص منه نتيجة التأخر في فصل البلازما أو المصل من الكريات في الدم؟,الغلوكوز,الغلوكوز.,الغلوكوز,الغلوكوز.,0.7823123335838318,0.6986032724380493,0.7380920052528381,Correct
323,ما هو المركب الذي يستخدم كزمرة ملحقة لجميع الإنزيمات الناقلة الزمرة الأمين؟,فوسفات البيريدوكسال,البيرودوكسال فوسفات,فوسفات البيريدوكسال,البيرودوكسال فوسفات,0.746112585067749,0.7388081550598145,0.7424424290657043,Correct
324,ما هو العلاج الثاني لمرض الثلاسيميا بيتا؟,نقل الدم المنتظم,زرع نقي عظام,نقل الدم المنتظم,زرع نقي عظام,0.6814581155776978,0.6814581155776978,0.6814581155776978,Incorrect
325,ما هو الاضطراب الذي يتميز بفرط شديد في بيليروبين المصل غير المرتبط وعوز جزئي في UDPGT؟,متلازمة جيلبرت,كريجلر نجار,متلازمة جيلبرت,كريجلر نجار,0.5253758430480957,0.5694055557250977,0.546505331993103,Incorrect
326,ما هو سبب الوفاة لدى مرضى التلاسيميا؟,فشل القلب الاحتقاني,تراكم الحديد,فشل القلب الاحتقاني,تراكم الحديد,0.5093601942062378,0.5990206599235535,0.5505639910697937,Incorrect
327,ماذا يسبب عوز الثيامين الشديد؟,بري بري,البري بري,بري بري,البري بري,0.7475559711456299,0.7475559711456299,0.7475559711456299,Correct
328,كم يبلغ عدد الجينات التي تشفر لجزيئات الرنا الأصغري miRNAs في مجين الإنسان؟,حوالي 2000,125,حوالي 2000,125,0.5373585224151611,0.5944990515708923,0.5644864439964294,Incorrect
329,أين يتم اصطناع الدقائق الكيلوسية؟,الخلايا المعوية,الأمعاء,الخلايا المعوية,الأمعاء,0.6726142168045044,0.6826297044754028,0.6775849461555481,Correct
330,ما هو الإنزيم الذي يتم بوساطته ربط شدف أوكازاكي؟,ليغاز الدنا,أنزيم الليغاز,ليغاز الدنا,أنزيم الليغاز,0.671009361743927,0.659085214138031,0.6649938225746155,Correct
331,ما هو أكثر الأنزيمات فعالية تحفيزية في جسم الإنسان؟,الأنهيدراز الكربوني,كاربونيك انهيدراز.,الأنهيدراز الكربوني,كاربونيك انهيدراز.,0.677795946598053,0.5600016117095947,0.6132938861846924,Correct
332,ما هو الشكل الفعال لفيتامين B6؟,فوسفات البيريدوكسال,البيريدوكسال فوسفات,فوسفات البيريدوكسال,البيريدوكسال فوسفات,0.7898353934288025,0.7751007080078125,0.7823987007141113,Correct
333,ما هو الموقع الطبيعي للجين الورمي ABL؟,الكروموسوم 9,9q34,الكروموسوم 9,9q34,0.638022780418396,0.5798341631889343,0.6075384020805359,Incorrect
334,كم عدد طبقات الفوسفولبيد في المذيلة؟,طبقتان,3,طبقتان,3,0.5840368866920471,0.6165045499801636,0.5998317003250122,Incorrect
335,ما هو التركيب الذي يدخل فيه الكولاجين 4؟,الغشاء القاعدي,الغشاء القاعدي .,الغشاء القاعدي,الغشاء القاعدي .,0.8296691179275513,0.7409442663192749,0.7828006148338318,Correct
336,ما الذي تؤدي إليه استلة الهيستونات؟,فك تكثف الكروماتين,تفعيل الانتساخ.,فك تكثف الكروماتين,تفعيل الانتساخ.,0.5293337106704712,0.5293272733688354,0.5293304920196533,Correct
337,ما هي الخصائص التي تتميز بها شجرة النسب الحاوية على حالة وراثة متعلقة بالمتقدرات والأم فقط فيها مصابة؟,جميع الأبناء مصابون,كل الأولاد مصابون.,جميع الأبناء مصابون,كل الأولاد مصابون.,0.7456965446472168,0.6648951768875122,0.7029816508293152,Correct
338,ما هو الحمض الأميني الذي تتم أستلة الهستونات له؟,اللايسين,اللوسين,اللايسين,اللوسين,0.8730480074882507,0.8730480074882507,0.8730480074882507,Incorrect
339,ما هي المكونات التي تتألف منها الفوسفولبيدات بالإضافة إلى حمضين دسمين والفوسفات؟,الغليسرول والكحول,الغليسرول .,الغليسرول والكحول,الغليسرول .,0.7557331323623657,0.6813479065895081,0.7166153788566589,Incorrect
340,ما هي الوظيفة الوحيدة لسيغما في إنزيم بوليمراز RNA البكتيري؟,التعرف على المحفز,التعرف على المحضض.,التعرف على المحفز,التعرف على المحضض.,0.7752181887626648,0.7052198648452759,0.7385642528533936,Correct
341,ما هي الأجزاء التي تتبادل بينها الإشارات الجزيئية التي يعتمد عليها ضبط النظام الخلوي الجذعي؟,الخلايا الجذعية والخلايا المتخصصة,الخلايا الجذعية وذريتها والنسج المحيطة .,الخلايا الجذعية والخلايا المتخصصة,الخلايا الجذعية وذريتها والنسج المحيطة .,0.758262038230896,0.6966245174407959,0.726137638092041,Incorrect
342,ما تدعى البروتينات المشكلة لمعقدات الثقوب النووية؟,النيوكليوبورينات,النكليوبورين .,النيوكليوبورينات,النكليوبورين .,0.6650936603546143,0.5492845773696899,0.601667046546936,Correct
343,كيف تتم إزالة المتقدرات الحاوية على طفرات بالية؟,الالتهام الذاتي للمتقدرات,الجيني الاختناق.,الالتهام الذاتي للمتقدرات,الجيني الاختناق.,0.47526878118515015,0.5070640444755554,0.49065184593200684,Incorrect
344,ما هو عامل الإطلاق في حقيقيات النوى؟,عامل إطلاق 1,RF2,عامل إطلاق 1,RF2,0.45341840386390686,0.4917336106300354,0.471799373626709,Incorrect
345,ما هي الروابط التي تربط سلسلتي عديدي النكليوتيد مع بعضهما البعض؟,روابط هيدروجينية,هيدروجينية.,روابط هيدروجينية,هيدروجينية.,0.7434247732162476,0.5972403883934021,0.6623627543449402,Correct
346,ما هي خصائص الشجرة الوراثية لخلة متنحية فيها الأبوين مصابين؟,جميع الأبناء مصابون,كل الأبناء مصابين.,جميع الأبناء مصابون,كل الأبناء مصابين.,0.7645523548126221,0.6997582912445068,0.7307218313217163,Correct
347,ما هو أكبر مستوى من المستويات التراتبية للحياة؟,المحيط الحيوي,المنظومة البيئية .,المحيط الحيوي,المنظومة البيئية .,0.5059557557106018,0.4766972064971924,0.49089089035987854,Incorrect
348,ما هو الحمض الأميني الذي تبدأ به جميع عديدات الببتيد في بدائيات النوى؟,N-فورميل ميثيونين,المعدل الميثيونين.,N-فورميل ميثيونين,المعدل الميثيونين.,0.6929143667221069,0.6531175971031189,0.6724276542663574,Correct
349,ما الذي يدل عليه تقدير نسبة تنوع النمط الظاهري لخلة ما بسبب الاختلافات الجينية؟,قابلية التوريث,قابلية الانتقال بالوراثة.,قابلية التوريث,قابلية الانتقال بالوراثة.,0.6675406694412231,0.5689553022384644,0.6143178939819336,Correct
350,ما هي الآلية التي تضمن للخلية الجذعية استمرارها إلى ما لا نهاية؟,التجديد الذاتي,التجديد الذاتي,التجديد الذاتي,التجديد الذاتي,1.0,1.0,1.0,Correct
351,ما هو الحمض الأميني الذي نتج عن ترجمة أول جزيء رنا مرسال صنعي؟,فينيل ألانين,الهستيدين,فينيل ألانين,الهستيدين,0.5851334929466248,0.5707557201385498,0.5778551697731018,Incorrect
352,ما هي الإنزيمات التي تقوم القلنسوة بحماية سلسلة الرنا من التدرك بها؟,إنزيمات النيوكلياز,الليغاز,إنزيمات النيوكلياز,الليغاز,0.5132076740264893,0.5981101989746094,0.5524157285690308,Incorrect
353,ما هو مقدار المادة الوراثية التي يتشاركها أقرباء من الدرجة الثانية مع المستلفت؟,12.50%,سدس مادتهم الوراثية,12.50%,سدس مادتهم الوراثية,0.46135497093200684,0.44563546776771545,0.4533590078353882,Incorrect
354,أين يلتحم الغشاءان النوويان؟,في الشبكة الإندوبلازمية,معدات الثقوب النووية .,في الشبكة الإندوبلازمية,معدات الثقوب النووية .,0.5541718006134033,0.5467342138290405,0.5504279136657715,Incorrect
355,ما هي النتائج المتوقعة في حال إصابة أب بصفة تخضع لوراثة متنحية مرتبطة بالصبغي X؟,لا يوجد أطفال مصابون,ينقل الصفة فقط لبناته,لا يوجد أطفال مصابون,ينقل الصفة فقط لبناته,0.5059031248092651,0.5038764476776123,0.5048877596855164,Incorrect
356,ما هي النظرية التي تفسر ظهور المتقدرات والصانعات بإدخال جراثيم داخل الخلايا تقوم بالفسفرة والتركيب الضوئي؟,نظرية التكافل الداخلي,فرضية التعايش الداخلي,نظرية التكافل الداخلي,فرضية التعايش الداخلي,0.8453801274299622,0.8453801274299622,0.8453801274299622,Correct
357,ماذا يسبب وجود الألائل السائد في الأنماط الجينية المختلفة التالية RRYY و RrYy و RRYy و RrYY؟,النمط الظاهري السائد,نمط ظاهري جديد,النمط الظاهري السائد,نمط ظاهري جديد,0.6407886743545532,0.765030026435852,0.6974193453788757,Incorrect
358,ما هو المكان الذي توجد فيه أكبر نسبة للبروتينات في أغشية خلايا الجسم؟,الغشاء الداخلي للميتوكوندريا,الغشاء الخلوي للصانعات الخضراء .,الغشاء الداخلي للميتوكوندريا,الغشاء الخلوي للصانعات الخضراء .,0.6760252714157104,0.6143131852149963,0.6436935067176819,Incorrect
359,ما هو المسؤول عن إزالة مشراع الرنا قرب انتهاء تنسخ الدنا واستبدالها بنكليوتيدات الدنا؟,بوليميراز الدنا 1,بوليميراز الدنا من النمط الأول,بوليميراز الدنا 1,بوليميراز الدنا من النمط الأول,0.8123987913131714,0.7196472883224487,0.7632153630256653,Correct
360,ما الذي ترتبط به الصبيغيات الشقيقة على أنيبيبات مغزل الانقسام؟,الحركة المركزية,الجسيم الحركي .,الحركة المركزية,الجسيم الحركي .,0.5399694442749023,0.5394185781478882,0.5396938323974609,Incorrect
361,ما المميز بشجرة النسب الحاوية على حالة وراثة متعلقة بالمتقدرات والتي تكون فيها الأم فقط مصابة؟,جميع الأبناء مصابون,الاولاد كلهم مصابون.,جميع الأبناء مصابون,الاولاد كلهم مصابون.,0.6698784232139587,0.6021324396133423,0.6342014074325562,Correct
362,ما هو الاختلاف بين الانترونات والاكسونات؟,الانترونات لا تشفر، الاكسونات تشفر,لا تترجم إلى بروتين.,الانترونات لا تشفر، الاكسونات تشفر,لا تترجم إلى بروتين.,0.5037349462509155,0.483812540769577,0.49357277154922485,Correct
363,ما الذي تمثله الخطوط الأفقية التي ترسم أعلى الدوائر والمربعات في شجرة النسب؟,زواج,التواءم,زواج,التواءم,0.7036091685295105,0.60667884349823,0.6515587568283081,Incorrect
364,علام تحتوي الخلايا التي يعبر عنها مصطلح الهيولي المتغايرة؟,حبيبات مختلفة الحجم والكثافة,متقدرات سليمة وطافرة,حبيبات مختلفة الحجم والكثافة,متقدرات سليمة وطافرة,0.5359650254249573,0.573591947555542,0.5541405081748962,Incorrect
365,ما هي الطرق التي يمكن من خلالها تمييز الصبغيات بعضها عن بعض؟,التلوين بالبزموث,النمط الجيني,التلوين بالبزموث,النمط الجيني,0.5469066500663757,0.6096155047416687,0.5765609741210938,Incorrect
366,ما هو التعبير الذي يُستخدم للطاقة الكامنة المختزنة في مدروج للشحنات الكهربائية؟,طاقة الوضع الكهروكيميائية,بالكمون الكهربائي.,طاقة الوضع الكهروكيميائية,بالكمون الكهربائي.,0.7069507241249084,0.5095101594924927,0.5922073721885681,Incorrect
367,ما الذي تتشكل منه الأرجل الصفائحية؟,صفائح الكيراتين,الأكتين.,صفائح الكيراتين,الأكتين.,0.5075157284736633,0.534199595451355,0.5205159187316895,Incorrect
368,ما هي الرابطة في البنية الثانوية للحمض النووي؟,روابط هيدروجينية,هيدروجينية,روابط هيدروجينية,هيدروجينية,0.7438222169876099,0.7794430255889893,0.7612161636352539,Correct
369,ما نوع الجينات التي تعد جينات الرنا الريباسي منها؟,جينات منزلية,الخدمية.,جينات منزلية,الخدمية.,0.49992287158966064,0.4880361557006836,0.49390801787376404,Correct
370,ما هو عدد الصبغيات المأشوبة إذا حدث تأشيب في 80 انقسام؟,160 صبغي مأشوب,320,160 صبغي مأشوب,320,0.44402873516082764,0.5690919160842896,0.49884122610092163,Incorrect
371,ما هي العملية التي يتم بها تكوين متعضية تشبه الأبوين من بيضة مخصبة؟,التكاثر الجنسي,التنامي الجنيني,التكاثر الجنسي,التنامي الجنيني,0.8047108054161072,0.7215338945388794,0.7608559131622314,Incorrect
372,على من يظهر الاحلال الوراثي في الوراثة الجنسية المناحية؟,الذكور,على الذكور والإناث من الأبناء,الذكور,على الذكور والإناث من الأبناء,0.6220051050186157,0.6032449007034302,0.6124813556671143,Incorrect
373,ما هو المجهر الذي يدرس السطح الطبوغرافي؟,المجهر الإلكتروني الماسح,مجهر القوة الذرية .,المجهر الإلكتروني الماسح,مجهر القوة الذرية .,0.574113667011261,0.5234642624855042,0.5476202964782715,Incorrect
374,ما هي البنى السيتوبلازمية المغلفة بغشاء واحد على الأقل؟,عضيات,العضبيات,عضيات,العضبيات,0.8724695444107056,0.8724695444107056,0.8724695444107056,Correct
375,ما هي خصائص شجرة النسب الحاوية على حالة وراثة متعلقة بالمتقدرات والوالدين فيها مصابين؟,جميع الأبناء مصابون,الأولاد كلهم مصابون.,جميع الأبناء مصابون,الأولاد كلهم مصابون.,0.6698784232139587,0.6021324396133423,0.6342014074325562,Correct
376,ما الذي تختلف به الأحماض الأمينية عن بعضها؟,السلسلة الجانبية,المجموعة الكربوكسيلية,السلسلة الجانبية,المجموعة الكربوكسيلية,0.6279121041297913,0.5794868469238281,0.6027284264564514,Incorrect
377,ما الذي يشير إليه المربع الصغير المملوء في شجرة الوراثة؟,فرد مصاب,طفل مصاب,فرد مصاب,طفل مصاب,0.8512686491012573,0.8512686491012573,0.8512686491012573,Correct
378,ما هو سبب حدوث التلاسيميا بيتا؟,طفرة في جين غلوبين بيتا,خلة جسدية متنحية.,طفرة في جين غلوبين بيتا,خلة جسدية متنحية.,0.6080796718597412,0.46110638976097107,0.5244913697242737,Correct
379,ماذا يؤدي وجود التربتوفان في مشغل التيربتوفان؟,كابت للمشغل,تثبيط انتساخ الجينات,كابت للمشغل,تثبيط انتساخ الجينات,0.513058602809906,0.4757654666900635,0.4937087893486023,Correct
380,ما الذي تساعد عليه حلقة الأكتين المتقلصة؟,انقسام السيتوبلازم,انقسام النواة,انقسام السيتوبلازم,انقسام النواة,0.5862975120544434,0.6429287195205688,0.6133086085319519,Incorrect
381,ما الذي يدل عليه المعين في شجرة النسب؟,غير محدد الجنس,الفرد مات في مرحلة مبكرة,غير محدد الجنس,الفرد مات في مرحلة مبكرة,0.47225916385650635,0.530967116355896,0.4998953640460968,Incorrect
382,كم عدد الجينات المسؤولة عن الاصطناع الحيوي للحمض الأميني التربتوفان في جينوم بكتيريا E.Coli؟,خمسة جينات,6,خمسة جينات,6,0.4527333974838257,0.5053767561912537,0.4776088297367096,Incorrect
383,ما هي وظيفة حويصلات كوب ٢؟,نقل البروتينات من الشبكة الإندوبلازمية,النقل التقدمى من الشبكة البلازمية الى مدخل غولجي فقط .,نقل البروتينات من الشبكة الإندوبلازمية,النقل التقدمى من الشبكة البلازمية الى مدخل غولجي فقط .,0.7385356426239014,0.5747770071029663,0.646446704864502,Incorrect
384,ما هو معدل الحاملين في مجتمع إذا كان انتشار مرض التالاسيميا معروفاً في ذلك المجتمع؟,قانون هاردي-واينبرغ,50M,قانون هاردي-واينبرغ,50M,0.35664522647857666,0.44952091574668884,0.3977331221103668,Incorrect
385,أين تجري عملية التمثيل الضوئي؟,البلاستيدات الخضراء,الصائعات الخضراء,البلاستيدات الخضراء,الصائعات الخضراء,0.7681758403778076,0.8159303665161133,0.7913333177566528,Correct
386,ماذا يحدث عند انخفاض نسبة الكوليسترول في الغشاء الخلوي؟,زيادة نفاذية الغشاء,تزداد مرونة الغشاء.,زيادة نفاذية الغشاء,تزداد مرونة الغشاء.,0.7395404577255249,0.6390352249145508,0.6856241822242737,Incorrect
387,أين يتحد الغشاءان النوويان الداخلي والخارجي؟,عند الثقوب النووية,معقدات الثقوب النووية,عند الثقوب النووية,معقدات الثقوب النووية,0.817226767539978,0.7822543382644653,0.7993582487106323,Correct
388,كم عدد القواعد الآزوتية اللازمة لإنتاج بروتين الأنسولين المكوّن من 51 حمض أميني إنتاجاً كاملاً؟,153 قاعدة آزوتية,153,153 قاعدة آزوتية,153,0.3162902295589447,0.46753063797950745,0.3773193061351776,Correct
389,ما هي الترسبات الصباغية التي تحوي بروتين الفيرتين؟,الهيموسيديرين,حبيبات هيمرسيدرين,الهيموسيديرين,حبيبات هيمرسيدرين,0.6917361617088318,0.6779080033302307,0.6847522854804993,Correct
390,ما هو أول عنصر من عناصر الدراسة العلمية المنهجية؟,تحديد المشكلة,الاختبار والنتائج .,تحديد المشكلة,الاختبار والنتائج .,0.4853402376174927,0.4280962347984314,0.4549245238304138,Incorrect
391,ماذا تشير النجمة بعد رمز الجين؟,طفرة عديمة المعنى,لترميز الجينات,طفرة عديمة المعنى,لترميز الجينات,0.4805111885070801,0.487915575504303,0.4841850697994232,Incorrect
392,ما يُعرف بامتصاص بعض المواد الضوء بطول موجة ومن ثم إصداره بطول موجة أطول؟,التألق,التألق,التألق,التألق,1.0,1.0,1.0,Correct
393,ما يُدعى نوع وترتيب الأحماض الأمينية في البروتين؟,البنية الأولية,البنية الأولية,البنية الأولية,البنية الأولية,0.9999998211860657,0.9999998211860657,0.9999998211860657,Correct
394,ماذا ينتج عند حدوث خلل في تنظيم السبيل الإشاري WNT؟,السرطان,سرطان أمعاء,السرطان,سرطان أمعاء,0.755145788192749,0.568113386631012,0.6484118103981018,Incorrect
395,ما هي الشعبة التي ينتمي إليها الإنسان؟,الحبليات,الثدييات .,الحبليات,الثدييات .,0.555848240852356,0.5249269604682922,0.5399452447891235,Incorrect
396,ما هي نتيجة التطور التي تؤدي إلى التكيف؟,الانتقاء الطبيعي,الاصطفاء الطبيعي .,الانتقاء الطبيعي,الاصطفاء الطبيعي .,0.626113772392273,0.5758551955223083,0.5999338030815125,Correct
397,أين تكثر جزر CpG؟,مناطق المحفزات الجينية,المحضضات.,مناطق المحفزات الجينية,المحضضات.,0.48633861541748047,0.5035136938095093,0.4947771728038788,Correct
398,ما هو الأساس الأزوتي المتمم للتايمين في الرنا؟,الأدينين,اليوراسيل,الأدينين,اليوراسيل,0.7300621271133423,0.681734561920166,0.705071210861206,Incorrect
399,ما هو الموقع الذي يبدأ فيه انتساخ الجينات المرمزة للبروتينات بارتباط انزيم الرنا بوليميراز؟,المحفز,المطلق القريب .,المحفز,المطلق القريب .,0.5802828073501587,0.5356638431549072,0.5570813417434692,Correct
400,أين تقع الجينات المسؤولة عن الزمر الدموية عند البشر؟,الصبغي 9,الصيغي 9,الصبغي 9,الصيغي 9,0.7576150894165039,0.7924793362617493,0.7746551632881165,Correct
401,ما هو الدور الرئيسي في تعرف جسيم التضفير مواقع التضفير؟,U1 snRNP,snRNPs.,U1 snRNP,snRNPs.,0.7669639587402344,0.772138237953186,0.769542396068573,Correct
402,ما هي الصبغيات التي يحدث بينها إزفاء متبادل في حالة ابيضاض الدم النقوي المزمن CML؟,الصبغي 9 و 22,9 و 11,الصبغي 9 و 22,9 و 11,0.620416522026062,0.7276729345321655,0.6697779297828674,Incorrect
403,ما هو عدد الأنماط الظاهرية المختلفة في الجيل الثاني في حال التفارز المستقل بين المورثتين A و B؟,أربعة أنماط ظاهرية,8,أربعة أنماط ظاهرية,8,0.3226774334907532,0.29143479466438293,0.3062613904476166,Incorrect
404,ما هو عدد الأنماط الجينية في أعراس فرد متغاير الأليلات AB/ab إذا كان الارتباط بين المورثتين A و B كاملاً؟,نمطان جينيان,2,نمطان جينيان,2,0.3003338575363159,0.3782303035259247,0.3348109722137451,Correct
405,ما نوع الوراثة التي يكون فيها والدا الطفل المصاب حاملين متغايري الألائل عديمين الأمراض؟,وراثة جسمية متنحية,الجسدية المتنحية,وراثة جسمية متنحية,الجسدية المتنحية,0.7032418251037598,0.6782083511352539,0.6904982924461365,Correct
406,ما هو نمط هذا المرض إذا عانى فرد متخالف الألائل من أعراض مرض وكان موضع الجين على الصبغي 5؟,وراثة سائدة جسمية,صبغي جسدي سائد,وراثة سائدة جسمية,صبغي جسدي سائد,0.529949426651001,0.5647090673446655,0.5467773675918579,Correct
407,ما هو خطر إصابة الطفل بالورم التليفي العصبي في الحمل التالي لأم مصابة أنجبت ذكرًا مصابًا بالمرض علمًا أن زوجها سليم؟,50%,0.5,50%,0.5,0.7335348129272461,0.7173483967781067,0.7253513336181641,Correct
408,ما هو الاحتمال الأول لطراز انتقال هذا المرض الوراثي عندما ينجب أبوان سليمان طفلين (ذكر وأنثى) مصابين بمرض استقلابي بدأت تظاهراته مبكراً؟,وراثة جسمية متنحية,صبغي جسدي سائد,وراثة جسمية متنحية,صبغي جسدي سائد,0.5299848318099976,0.46405911445617676,0.49483585357666016,Incorrect
409,ما هو القانون الذي ينص على أن زاوية الورود تساوي زاوية الانعكاس؟,قانون الانعكاس,للانعكاس,قانون الانعكاس,للانعكاس,0.6863342523574829,0.7040724754333496,0.6950902342796326,Correct
410,ما هي الصيغة التي تعطينا التفاصيل الأقل والنسبة الأبسط للذرات الموجودة في الجزيء؟,الصيغة الأولية,الصيغة التجريبية,الصيغة الأولية,الصيغة التجريبية,0.8030267953872681,0.8030267953872681,0.8030267953872681,Correct
411,ما هو الذي يعطي لأشعة جاما مصدرا آخر للأشعة السينية التي يمكن أن تكون مفيدة وطاقتها قريبة من طاقة أشعة جاما الأصلية بحيث يمكن عدهما أشعة واحدة؟,تأثير كومبتون,التحول الداخلي,تأثير كومبتون,التحول الداخلي,0.41581618785858154,0.4588121175765991,0.43625733256340027,Incorrect
412,ما هو التواتر المناسب للأمواج التي يمكن استخدامها للكشف عن المواد غير المرئية بالنسبة للتواتر 500GHz؟,تواتر تيراهيرتز,الأعلى,تواتر تيراهيرتز,الأعلى,0.47288310527801514,0.5429046750068665,0.5054804086685181,Incorrect
413,ما هو المجال الذي تكون فيه الأمواج تحت الصوتية أصغر منه؟,المجال المسموع,20 Hz,المجال المسموع,20 Hz,0.4750077724456787,0.4793291389942169,0.47715869545936584,Incorrect
414,ما هو المقدار الذي يتزايد لدى انتثار فوتون عن الكترون بمفعول كومتون؟,طول الموجة,طوله الموجي,طول الموجة,طوله الموجي,0.6424645185470581,0.723732590675354,0.6806814074516296,Correct
415,ما الذي يعبر عن شدة الموجة الصوتية؟,السعة,بالواط على المتر المربع .,السعة,بالواط على المتر المربع .,0.4584473967552185,0.3665006160736084,0.40734991431236267,Incorrect
416,ما هي خصائص الأشعة السينية؟,غير مرئية، تخترق الأجسام، تتأثر بالمواد، تسبب تأينًا,اشعاعات كهرطيسية وبأطوال موجية أقصر بكثير منها في حالة الضوء المرئي.,غير مرئية، تخترق الأجسام، تتأثر بالمواد، تسبب تأينًا,اشعاعات كهرطيسية وبأطوال موجية أقصر بكثير منها في حالة الضوء المرئي.,0.47569042444229126,0.4859374165534973,0.4807593524456024,Incorrect
417,ما هي القوة التي تحدث تشوهاً في الجسم وتكون مطبقة على وحدة السطح؟,الإجهاد,الاجهاد,الإجهاد,الاجهاد,1.0,1.0,1.0,Correct
418,ماذا تعتبر درجة حرارة النواة والغلاف في جسم الإنسان؟,درجة حرارة ثابتة ومتغيرة,ثابتة - متغيرة,درجة حرارة ثابتة ومتغيرة,ثابتة - متغيرة,0.6826202273368835,0.6766664385795593,0.6796302795410156,Correct
419,ما هو ثابت التناسب بين تدرج السرعة؟,اللزوجة الديناميكية,معامل لزوجه المائع,اللزوجة الديناميكية,معامل لزوجه المائع,0.6164088845252991,0.6213439106941223,0.6188665628433228,Correct
420,ما هو الناتج عندما تتفاعل الألدهيدات مع NaBH5؟,كحول أولي,أغوال أولية,كحول أولي,أغوال أولية,0.6211547255516052,0.5942341089248657,0.6073963046073914,Correct
421,ما هي الطريقة التي يجري بها التبادل الحراري بين الجسم والوسط المحيط؟,الحمل، التوصيل، الإشعاع، التبخر,الأوعية الدموية,الحمل، التوصيل، الإشعاع، التبخر,الأوعية الدموية,0.45857539772987366,0.486677348613739,0.4722086191177368,Incorrect
422,ما هو المعيار الذي يستخدمه العلماء لحساب الكتل الذرية النسبية؟,الكربون-12,نظير الكربون 12,الكربون-12,نظير الكربون 12,0.7510074973106384,0.8075949549674988,0.7782739996910095,Correct
423,ما هي الوحدة التي يقاس بها الضغط في إطار السيارة في الولايات المتحدة؟,رطل لكل بوصة مربعة,الباوند لكل موجه مربعه,رطل لكل بوصة مربعة,الباوند لكل موجه مربعه,0.7610564231872559,0.7880065441131592,0.7742970585823059,Correct
424,ما هو القانون الذي ينص على أن تغير الحقل المغنطيسي يولد حقلا كهربائيا؟,قانون فاراداي للحث الكهرومغناطيسي,فارادي,قانون فاراداي للحث الكهرومغناطيسي,فارادي,0.4708951711654663,0.46662652492523193,0.46875113248825073,Correct
425,ما هو وصف جريان المائع المستقر من ناحية سرعته في أي نقطة منه مع الزمن؟,ثابتة,ثابتة .,ثابتة,ثابتة .,0.8051131963729858,0.6804252862930298,0.7375364303588867,Correct
426,ما هي المادة التي تتخذ شكل أسفل الوعاء الذي يحتويها ولها حجم خاص بها؟,سائل,سائلة,سائل,سائلة,0.8890569806098938,0.8890569806098938,0.8890569806098938,Correct
427,ما تسمى القوى عندما يكون عمر الحالة المثارة طويلا؟,قوى شبه مستقرة,شبه مستقرة,قوى شبه مستقرة,شبه مستقرة,0.8434216976165771,0.7782703042030334,0.8095372915267944,Correct
428,ما هو الذي يعطى لأشعة غاما مصدراً آخر للأشعة السينية التي يمكن أن تكون مفيدة وطاقتها قريبة من طاقة أشعة غاما الأصلية بحيث يمكن الحصول على أشعة واحدة؟,تأثير كومبتون,التحول الداخلي,تأثير كومبتون,التحول الداخلي,0.41581618785858154,0.4588121175765991,0.43625733256340027,Incorrect
429,ما نوع الكثافة التي تعتبر منها العظام ومستحضرات التباين العائمة مثل اليود والباريوم؟,كثافة إشعاعية,الكلسية.,كثافة إشعاعية,الكلسية.,0.39537638425827026,0.4386550188064575,0.4158928394317627,Incorrect
430,ما هي طبيعة الأشعة السينية؟,موجات كهرومغناطيسية,اشعاعات كهر طيسية,موجات كهرومغناطيسية,اشعاعات كهر طيسية,0.733549952507019,0.6344026327133179,0.6803832650184631,Correct
431,ما هو مجموع الكتل الذرية النسبية في مركب أيوني؟,الكتلة الصيغية النسبية,الكتلة الصيغية النسبية,الكتلة الصيغية النسبية,الكتلة الصيغية النسبية,1.0,1.0,1.0,Correct
432,أين يقع مجال التيراهرتز؟,بين الموجات الميكروية والأشعة تحت الحمراء,الأشعة تحت الحمراء والأمواج المكروية .,بين الموجات الميكروية والأشعة تحت الحمراء,الأشعة تحت الحمراء والأمواج المكروية .,0.7170931696891785,0.6470167636871338,0.6802549958229065,Correct
433,لماذا يُستخدم الماء في درجة معينة كمادة مرجعية للوزن النوعي؟,كثافته معروفة,قيمتها العظمى,كثافته معروفة,قيمتها العظمى,0.5206880569458008,0.5659245252609253,0.5423646569252014,Incorrect
434,ما هي مكونات صمام الأشعة السينية؟,أنبوب زجاجي مفرغ، مهبط، مصعد، نافذة,المسدد,أنبوب زجاجي مفرغ، مهبط، مصعد، نافذة,المسدد,0.3842564821243286,0.4850814938545227,0.42882218956947327,Incorrect
435,ما الذي تتعلق به الطاقة التي يصدرها الجسم الأسود وفقاً لدراسة تغير تابع إشعاع الجسم الأسود؟,درجة الحرارة المطلقة,درجة حرارته المطلقة,درجة الحرارة المطلقة,درجة حرارته المطلقة,0.8936141133308411,0.8705521821975708,0.8819323778152466,Correct
436,ما هي قوة اللزوجة بالنسبة لاتجاه جريان المائع؟,معاكسة لاتجاه الجريان,تعاكسه .,معاكسة لاتجاه الجريان,تعاكسه .,0.45296210050582886,0.4864092469215393,0.46909019351005554,Correct
437,ما هي الطاقة التي يمكن بها تفكيك رابطة في خلايا النسج؟,طاقة التفكك,فوتون أشعة سينينة.,طاقة التفكك,فوتون أشعة سينينة.,0.513456404209137,0.4799279570579529,0.49612635374069214,Incorrect
438,ما يجب أن يكون عليه ضغط الهواء داخل القاعة في حالة الثوران بالنسبة لضغط الماء خارجها حيث تتوازن قوة الضغط نحو الخارج مع قوة التوتر السطحي نحو الداخل؟,أكبر من ضغط الماء الخارجي,اکبر,أكبر من ضغط الماء الخارجي,اکبر,0.332893967628479,0.37539273500442505,0.35286834836006165,Correct
439,ما هو المجال الموجي لأشعة UVC؟,100-280 نانومتر,100-280nm,100-280 نانومتر,100-280nm,0.8319158554077148,0.8319158554077148,0.8319158554077148,Correct
440,ما هي طبيعة الارتباط بين قرينة الانكسار لوسط مادي معين وسرعة الأمواج في ذلك الوسط؟,ارتباط عكسي,عكسيا - سرعة,ارتباط عكسي,عكسيا - سرعة,0.6717512011528015,0.5489153861999512,0.6041527986526489,Correct
441,ما هي الخاصية التي يميزها التواتر والطول الموجي؟,الموجة,الموجة,الموجة,الموجة,0.9999998807907104,0.9999998807907104,0.9999998807907104,Correct
442,ما هي الطاقة التي تحملها الموجة في وحدة الزمن؟,قدرة الموجة,استطاعة الموجة الضوئية,قدرة الموجة,استطاعة الموجة الضوئية,0.5855011940002441,0.4922596216201782,0.5348470211029053,Correct
443,ما هي قابلية العين التي تسمح بالمطابقة لكل أبعاد الجسم عن العين مع الاستمرار بتشكيل خيال على بعد ثابت من العدسة يتحدد بالفاصل بين العدسة والشبكية؟,المطابقة,تعديل شكل العدسة,المطابقة,تعديل شكل العدسة,0.5824384093284607,0.5663092136383057,0.5742605328559875,Correct
444,كيف يؤثر الضغط على توازن التفاعلات التي تكون متفاعلاتها ومنتجاتها؟,إزاحة التوازن نحو عدد أقل من مولات الغاز,غازات,إزاحة التوازن نحو عدد أقل من مولات الغاز,غازات,0.42866605520248413,0.5517737865447998,0.48249098658561707,Correct
445,ما هو التواتر في حالة الأمواج الصوتية؟,عدد الدورات في الثانية,عدد الإنضغاطات الاي تمر في نقطة معينة في الثانية,عدد الدورات في الثانية,عدد الإنضغاطات الاي تمر في نقطة معينة في الثانية,0.6690937280654907,0.5560452938079834,0.6073538064956665,Correct
446,ما هو شكل الطاقة التي تصدرها أجسامنا حتى في درجات الحرارة العادية؟,طاقة حرارية,إشعاع كهرطيسي,طاقة حرارية,إشعاع كهرطيسي,0.7091467976570129,0.5578017830848694,0.6244347095489502,Incorrect
447,ما هي التحولات التي تحافظ على العدد الكتلي؟,تحولات ألفا وبيتا وغاما,الايزوبارية,تحولات ألفا وبيتا وغاما,الايزوبارية,0.5445553660392761,0.46481162309646606,0.5015334486961365,Incorrect
448,ما هو القانون الذي يربط بين معدل الجريان الحجمي في وعاء دموي من جهة وفارق الضغط بين طرفي الوعاء ونصف قطره الداخلي وطوله ولزوجة الدم؟,قانون بوازوي,قانون بورواري,قانون بوازوي,قانون بورواري,0.8114454746246338,0.760124146938324,0.7849467992782593,Correct
449,ما نوع الجريان عندما تكون سرعة المائع في أي نقطة منه ثابتة مع مرور الزمن؟,جريان مستقر,مستقر,جريان مستقر,مستقر,0.7858975529670715,0.8526709079742432,0.8179236650466919,Correct
450,ما هي آلية انتقال الحرارة في الموائع؟,الحمل الحراري,الحمل,الحمل الحراري,الحمل,0.7499954700469971,0.8045703172683716,0.7763249278068542,Correct
451,ما هي صفات الخيال في المصورات ذات الثقب؟,حقيقي، مقلوب، مصغر,خیال حقيقي مقلوب.,حقيقي، مقلوب، مصغر,خیال حقيقي مقلوب.,0.6443943977355957,0.667330265045166,0.6556618213653564,Incorrect
452,ما هي العلاقة التناسبية لقرينة الانكسار لأي وسط معين؟,تتناسب عكسياً مع سرعة الضوء في الوسط,عكسيا مع سرعة الأمواج في ذلك الوسط,تتناسب عكسياً مع سرعة الضوء في الوسط,عكسيا مع سرعة الأمواج في ذلك الوسط,0.8035902380943298,0.7902222871780396,0.7968502044677734,Correct
453,ما هي الأشعة التي حققت حلم الإنسان القديم في رؤية داخل الجسم من دون بضع؟,الأشعة السينية,الاشعة السينية,الأشعة السينية,الاشعة السينية,0.9999999403953552,0.9999999403953552,0.9999999403953552,Correct
454,ما هو المركب الذي يتشكل من تفاعل حمض الآزوت المركز بوجود حمض الكبريت المركز مع نترو البنزين؟,ميتا ثنائي نترو البنزين,ميتا ثنائي نترو البنزن,ميتا ثنائي نترو البنزين,ميتا ثنائي نترو البنزن,0.9248526096343994,0.8954179883003235,0.9098973274230957,Correct
455,ما هي التبادلات التي تجري بين الجسم الصلب والمانع المتحرك الذي يختلف عنه في درجة الحرارة؟,تبادل حراري وحركي,الحمل,تبادل حراري وحركي,الحمل,0.5101301670074463,0.47366541624069214,0.49122199416160583,Incorrect
456,ما هي وظيفة الحقل الكهربائي في الأفران الكروية؟,تسخين المواد العازلة,يجعل جزيئات الماء تقوم بحركة دورانية,تسخين المواد العازلة,يجعل جزيئات الماء تقوم بحركة دورانية,0.5762746334075928,0.5748132467269897,0.5755429863929749,Incorrect
457,ما هي طبيعة الإشعاعات الكهرومغناطيسية؟,موجات وجسيمات,مثنوية .,موجات وجسيمات,مثنوية .,0.49481451511383057,0.47966843843460083,0.4871237576007843,Incorrect
458,ما هو التفاعل الذي تخضع له هالوجينات الألكانات بالقلويات؟,تفاعل استبدال نيكليوفيلي,استبدال نكليوفيلي,تفاعل استبدال نيكليوفيلي,استبدال نكليوفيلي,0.7609422206878662,0.8049137592315674,0.7823106050491333,Correct
459,ما هي استخدامات الليزر الصباغي؟,آفات الأوعية الدموية، الآفات الصبغية، إزالة الشعر,معالجة الوحمات الوعائية .,آفات الأوعية الدموية، الآفات الصبغية، إزالة الشعر,معالجة الوحمات الوعائية .,0.6379852294921875,0.5566989183425903,0.5945767164230347,Incorrect
460,ماذا تصدر النظائر المشعة في التصوير بالأصدر البوزتروني؟,بوزيترونات,بوزترونات,بوزيترونات,بوزترونات,0.88759446144104,0.88759446144104,0.88759446144104,Correct
461,ما هي الأشعة التي ساهمت في تقدم علم البلورات؟,الأشعة السينية,X-RAY,الأشعة السينية,X-RAY,0.47180745005607605,0.46049636602401733,0.4660833179950714,Correct
462,ما الذي يتم التحكم في ارتفاع النهاية المدببة للحفاظ عليه عندما نمسح سطح المعدن في مجهر STM؟,تيار النفق,ثبات التيار النفقي,تيار النفق,ثبات التيار النفقي,0.729824423789978,0.7684744596481323,0.7486509680747986,Correct
463,ما هو معدل الإشعاع من سطح إلى معدل الإشعاع من مساحة مساوية من سطح مشع مثالي في درجة الحرارة نفسها؟,الانبعاثية,الإصدارية,الانبعاثية,الإصدارية,0.5697959661483765,0.5984268188476562,0.5837605595588684,Correct
464,ما هي الجزئيات التي يمكن الاستفادة من تفاعلها في التصوير؟,النظائر المشعة,فوتونات الفلورة السينية .,النظائر المشعة,فوتونات الفلورة السينية .,0.6037290096282959,0.5588499307632446,0.5804232358932495,Incorrect
465,ما هو الوسط الذي تكون فيه كثافة الأيونات الموجبة والسالبة أكبر من كثافة الأيونات المعتدلة؟,البلازما,بلازما,البلازما,بلازما,0.7831165194511414,0.7461390495300293,0.7641806602478027,Correct
466,ما هو الإجراء المستخدم للاطمئنان على صحة الجنين عند المرأة الحامل؟,مراقبة الجنين,الإيكو غرافي .,مراقبة الجنين,الإيكو غرافي .,0.4492177367210388,0.41919615864753723,0.4336880147457123,Incorrect
467,ما يُدعى الضغط الذي يسببه عمود من الزئبق ارتفاعه 1 مم؟,مليمتر زئبق,التور .,مليمتر زئبق,التور .,0.5485929846763611,0.5894027948379517,0.5682661533355713,Correct
468,ما هي الظاهرة التي تنقسم فيها نواة ذات عدد كتلي كبير إلى نواتين أو أكثر لكل منهما عدد كتلي متوسط؟,الانشطار النووي,ظاهرة الإنشطار النووي,الانشطار النووي,ظاهرة الإنشطار النووي,0.8627868890762329,0.7266400456428528,0.7888823747634888,Correct
469,ما هو مجال الأشعة الذي يشع فيه جسم الإنسان بشكل قريب جداً من إشعاع الجسم الأسود؟,الأشعة تحت الحمراء,تحت الحمراء,الأشعة تحت الحمراء,تحت الحمراء,0.4968758821487427,0.5939576625823975,0.5410967469215393,Correct
470,ما هي الأشعة التي اشتهرت بانتزاع جزيئات الماء لدى تفاعلها مع النسج؟,الأشعة السينية,الأشعة تحت الحمراء.,الأشعة السينية,الأشعة تحت الحمراء.,0.6456863284111023,0.5959733128547668,0.6198346018791199,Incorrect
471,ما هي الظاهرة التي تنقسم فيها نواة ذات عدد كتلي كبير إلى نواتين أو أكثر لكل منهما عدد كتلي متوسط؟,الانشطار النووي,ظاهرة الانشطار النووي.,الانشطار النووي,ظاهرة الانشطار النووي.,0.8009766340255737,0.600763738155365,0.6865718364715576,Correct
472,ما هي طريقة العلاج الفيزيائي التي تستعمل فيها تيارات كهربائية عالية التردد لإحداث الحرارة في الأنسجة العميقة؟,المعالجة بالدياتيرمي,تسخين موضعي في الانسجة الحية,المعالجة بالدياتيرمي,تسخين موضعي في الانسجة الحية,0.5043856501579285,0.6097620725631714,0.552090585231781,Correct
473,كيف تتولد الأشعة السينية؟,تسريع الإلكترونات ثم إبطاؤها فجأة,تسرع الالكترونات بكمون مرتفع في أنبوب الفراغ ويسمح لها بالسقوط على سطح داخل الانبوب .,تسريع الإلكترونات ثم إبطاؤها فجأة,تسرع الالكترونات بكمون مرتفع في أنبوب الفراغ ويسمح لها بالسقوط على سطح داخل الانبوب .,0.6598259210586548,0.4862169027328491,0.5598717927932739,Correct
474,ما هو الأساس الذي تترتب وفقه العناصر في الجدول الدوري حالياً؟,العدد الذري,إعدادها الذرية,العدد الذري,إعدادها الذرية,0.6775249242782593,0.6773322820663452,0.6774286031723022,Correct
475,ما هو الشرط الذي يجب أن تحققه النقطتان لتطبيق معادلة برنولي على جريان أي مائع مثالي؟,على نفس خط الجريان,خط الانحناء نفسه,على نفس خط الجريان,خط الانحناء نفسه,0.7002187967300415,0.6279895305633545,0.6621402502059937,Correct
476,ما هي الأمواج التي تستخدم في تفتيت الحصى؟,الأمواج الصادمة,الأمواج فوق الصوتية,الأمواج الصادمة,الأمواج فوق الصوتية,0.7386341094970703,0.6643856167793274,0.6995452642440796,Incorrect
477,ما هو المجهر الذي يمسح العينة نقطة فنقطة ولكنه يكشف عن الالكترونات النافذة؟,المجهر الإلكتروني الماسح النافذ,STEM,المجهر الإلكتروني الماسح النافذ,STEM,0.368908166885376,0.6126128435134888,0.4605054259300232,Correct
478,من أين تشتق قوة المقاومة من اللزوجة عندما تكون السرعة النسبية بين الجسم والمائع كافية لأن يكون الجريان حول الجسم رقائقياً؟,الاحتكاك السطحي,منخفضة,الاحتكاك السطحي,منخفضة,0.6149039268493652,0.6396141052246094,0.6270156502723694,Incorrect
479,ما هي الرابطة التي تبقى صلبة دائماً؟,الرابطة التساهمية,الأيونية,الرابطة التساهمية,الأيونية,0.5239976048469543,0.557366132736206,0.5401670932769775,Incorrect
480,كم عدد العدسات في مجهر SEM؟,عدستان إلى أربع عدسات,اثنتان,عدستان إلى أربع عدسات,اثنتان,0.3557816743850708,0.4130052328109741,0.38226377964019775,Incorrect
481,ما هي الحالة التي تتولد فيها الأمواج الصادمة بالنسبة لسرعة منبع الأمواج الصوتية؟,سرعة المنبع أكبر من سرعة الصوت,تتجاوز سرعة الموجة الصوتية .,سرعة المنبع أكبر من سرعة الصوت,تتجاوز سرعة الموجة الصوتية .,0.6168843507766724,0.5859920978546143,0.6010415554046631,Correct
482,ما هو العدد النيوكلوني في نواة ذرة ما؟,مجموع عدد البروتونات والنيوترونات,مجموع البروتونات والنترونات,مجموع عدد البروتونات والنيوترونات,مجموع البروتونات والنترونات,0.8701125383377075,0.8844817876815796,0.8772383332252502,Correct
483,ما هو سبب تخامد الأشعة السينية في الجسم المدروس؟,الامتصاص والتشتت,امتصاص الجسم لها,الامتصاص والتشتت,امتصاص الجسم لها,0.5523701906204224,0.552091121673584,0.5522305965423584,Incorrect
484,ما يُستخدم لقياس درجة التشوه؟,مقياس كوب,انفعال,مقياس كوب,انفعال,0.5614159107208252,0.590778112411499,0.575722873210907,Incorrect
485,ما هي الوحدة التي يقيسها الروتنجن؟,التعرض الإشعاعي,التعرض للإشعاع .,التعرض الإشعاعي,التعرض للإشعاع .,0.7124510407447815,0.6694588661193848,0.6902862191200256,Correct
486,ما تتألف منه الحلقة البنزنية؟,ست ذرات كربون,ستة كربونات,ست ذرات كربون,ستة كربونات,0.7548102736473083,0.7646275162696838,0.7596871256828308,Correct
487,ماذا يشير انزياح الضوء من المجرات البعيدة نحو الترددات الأخفض؟,التمدد الكوني,ابتعاد المجرات عنا,التمدد الكوني,ابتعاد المجرات عنا,0.6957069039344788,0.647064208984375,0.6705045104026794,Correct
488,ما هي الوحدة التي يقيسها الرونتجن؟,التعرض للإشعاع المؤين,التعرض للإشعاع.,التعرض للإشعاع المؤين,التعرض للإشعاع.,0.6541084051132202,0.7574236989021301,0.7019850015640259,Correct
489,ما هي النظائر؟,ذرات لها نفس العدد الذري وتختلف في العدد الكتلي,لها نفس عدد البروتونات وتختلف بعدد النترونات,ذرات لها نفس العدد الذري وتختلف في العدد الكتلي,لها نفس عدد البروتونات وتختلف بعدد النترونات,0.7781798839569092,0.7496896982192993,0.7636691927909851,Correct
490,ما هي زاوية الورود التي يكون الضوء المنعكس عندها مستقطبا كليا؟,زاوية بروستر,زاوية بروستو,زاوية بروستر,زاوية بروستو,0.9468759894371033,0.9468759894371033,0.9468759894371033,Correct
491,كيف يمكن توليد الأمواج فوق الصوتية؟,تأثير بيزوكهربائي,بلورات كهر ضغطية,تأثير بيزوكهربائي,بلورات كهر ضغطية,0.6865796446800232,0.6176369190216064,0.650286078453064,Correct
492,أين تشكل العين مديدة البصر (العين الطامسة) خيال الجسم القريب؟,خلف الشبكية,وراء الشبكية.,خلف الشبكية,وراء الشبكية.,0.7560449242591858,0.6911852359771729,0.7221617102622986,Correct
493,ما هو الاضطراب الذي يمثل هذه الحالة؟,اضطراب نقص الانتباه وفرط النشاط,الحدية للجريان المستقر,اضطراب نقص الانتباه وفرط النشاط,الحدية للجريان المستقر,0.4576033651828766,0.48111045360565186,0.46906259655952454,Incorrect
494,متى يأخذ احتمال وجود الالكترون قيمة عظمى في الحالة الأساسية في ذرة هيدروجين؟,عند نصف قطر بور,بعده عن النواة أصغر من نصف قطر بور,عند نصف قطر بور,بعده عن النواة أصغر من نصف قطر بور,0.6745743751525879,0.5816166996955872,0.6246561408042908,Incorrect
495,ما ينص عليه قانون الانعكاس الأول؟,زاوية السقوط تساوي زاوية الانعكاس,زاوية الورود تساوي زاوية الانعكاس.,زاوية السقوط تساوي زاوية الانعكاس,زاوية الورود تساوي زاوية الانعكاس.,0.7756019830703735,0.7412912845611572,0.7580586075782776,Correct
496,ما هو الانفعال في حالة التشوه التحددي أو الانضغاطي؟,إجهاد القص,التغير النسبي في الطول زيادة أو نقصانا,إجهاد القص,التغير النسبي في الطول زيادة أو نقصانا,0.4187886714935303,0.4161075949668884,0.4174438416957855,Incorrect
497,ما هو وزن الحجم المنغمس من الجسم عندما يكون الجسم مغموساً وليس مغموراً كلياً نتيجة كون كثافة المائع أكبر من كثافة الجسم؟,وزن الجسم,وزن الجسم,وزن الجسم,وزن الجسم,0.9999997615814209,0.9999997615814209,0.9999997615814209,Correct
498,ما اسم الجهاز الذي يصور مقاطع في الجسم البشري بالأشعة السينية والاستعانة بالحاسب؟,التصوير المقطعي المحوسب,الماسح .,التصوير المقطعي المحوسب,الماسح .,0.5369882583618164,0.495260626077652,0.5152810215950012,Correct
499,ما هو العنصر الأكثر استخداماً في التصوير بالتجاوب المغناطيسي؟,الهيدروجين,الهيدروجين,الهيدروجين,الهيدروجين,1.000001072883606,1.000001072883606,1.000001072883606,Correct
500,ما هو سبب تخامد الأشعة السينية في الجسم المدروس؟,الامتصاص والتشتت,امتصاص الجسم لها,الامتصاص والتشتت,امتصاص الجسم لها,0.5523701906204224,0.552091121673584,0.5522305965423584,Incorrect
501,ما هي الخطوة الأولى في التفاعلات؟,التنشيط,المبادرة,التنشيط,المبادرة,0.5246221423149109,0.5083609223365784,0.5163635611534119,Incorrect
502,ماذا يزداد عندما ترتد الفوتونات التي تعبر الثقب في الحجرة عن الجدران مرات عديدة قبل أن تغادر؟,طول المسار البصري,احتمال امتصاتصها,طول المسار البصري,احتمال امتصاتصها,0.5730569362640381,0.5175611972808838,0.5438970923423767,Incorrect
503,كيف تعمل الحزم الإلكترونية على معالجة الأورام؟,تدمير الحمض النووي للخلايا السرطانية,القريبة من الجلد,تدمير الحمض النووي للخلايا السرطانية,القريبة من الجلد,0.5708717107772827,0.48834028840065,0.5263906717300415,Incorrect
504,ما هو السبب وراء تكرار الطراز (الدورية في الجدول الدوري) الناجم عن ترتيب العناصر؟,التوزيع الإلكتروني الخارجي,ازدياد أعدادها البروتونية,التوزيع الإلكتروني الخارجي,ازدياد أعدادها البروتونية,0.5538733005523682,0.5134038925170898,0.5328713059425354,Incorrect
505,ما هو المركب الذي يتشكل عند أكسدة الكيلات البنزن (مثل ميتيل البنزن) ببرمنغنات البوتاسيوم (VII) القلوية أو بأي مؤكسد قوي آخر؟,حمض البنزويك,حمض البنزويك,حمض البنزويك,حمض البنزويك,1.000000238418579,1.000000238418579,1.000000238418579,Correct
506,ما هي النوى التي لها عدد N ثابت حيث تحوي العدد نفسه من النترونات؟,النظائر المتساوية النترونات,ايزوتونات,النظائر المتساوية النترونات,ايزوتونات,0.6114832758903503,0.5688127279281616,0.5893767476081848,Correct
507,ماذا يحدث إذا كانت الحقول الكهربائية لمنبع الأمواج الكهرطيسية لها اتجاهات عشوائية عند انتشاره؟,استقطاب عشوائي,غير مستقطب,استقطاب عشوائي,غير مستقطب,0.5215260982513428,0.5355218052864075,0.5284312963485718,Correct
508,ما هو التفاعل الذي تخضع له الألكانات مع الهالوجينات في ضوء الشمس؟,استبدال جذري حر,استبدال,استبدال جذري حر,استبدال,0.4791664779186249,0.6206964254379272,0.5408254265785217,Correct
509,ما هو الشيء الذي تهتز حوله الذرتان في الجزيء ثنائي الذرة؟,مركز الكتلة,مركز كتلتيهما,مركز الكتلة,مركز كتلتيهما,0.7149255275726318,0.7149255275726318,0.7149255275726318,Correct
510,ما هي البنية لأكسيد المغنزيوم؟,شبكة أيونية,ايونية عملاقة,شبكة أيونية,ايونية عملاقة,0.6962004899978638,0.6807915568351746,0.6884098052978516,Correct
511,ماذا يزداد عندما ترتد الفوتونات التي تعبر الثقب في الحجرة عن الجدران مرات عديدة قبل أن تغادر؟,طول المسار البصري,احتمال امتصاتصها,طول المسار البصري,احتمال امتصاتصها,0.5730569362640381,0.5175611972808838,0.5438970923423767,Incorrect
512,ما هي وحدة قياس الجرعة المكافئة للإشعاع؟,سيفرت,بالسفرت .,سيفرت,بالسفرت .,0.5315818190574646,0.5183346271514893,0.5248746275901794,Correct
513,ما هي طريقة التصوير التي يمكن اعتبارها الأقل ضرراً على الجسم؟,الموجات فوق الصوتية,التصوير الحراري.,الموجات فوق الصوتية,التصوير الحراري.,0.5473693609237671,0.54939866065979,0.5483821630477905,Incorrect
514,ما هي أعمار النصف للنظائر المشعة المستخدمة في تقنية الـ PET؟,دقائق إلى ساعات,قصيرة نسبيا,دقائق إلى ساعات,قصيرة نسبيا,0.4323636293411255,0.4502749443054199,0.44113755226135254,Correct
515,ما هي المماكبات (الإيزوميرات)؟,مركبات لها نفس الصيغة الكيميائية ولكن تختلف في ترتيب الذرات,تختلف في طاقتها الداخلية فقط .,مركبات لها نفس الصيغة الكيميائية ولكن تختلف في ترتيب الذرات,تختلف في طاقتها الداخلية فقط .,0.5419505834579468,0.5049756169319153,0.522810161113739,Incorrect
516,ما هو القانون الذي تمثل معادلة برنولي المطبقة على جريان المائع أحد أشكال انحفاظه؟,قانون انحفاظ الطاقة,الطاقة .,قانون انحفاظ الطاقة,الطاقة .,0.5468727946281433,0.6136459112167358,0.5783383846282959,Correct
517,ماذا يستخدم قانون ستوكس لقياسه؟,سرعة الترسيب,مقاومة اللزوجة .,سرعة الترسيب,مقاومة اللزوجة .,0.5319969654083252,0.5161818861961365,0.5239701271057129,Incorrect
518,ما هو العلم الذي يقوم بحساب البعد بين الذرات عند معرفة الطول الموجي للأشعة السينية وقياس الزاوية؟,علم البلورات بالأشعة السينية,علم البلورات,علم البلورات بالأشعة السينية,علم البلورات,0.6862534880638123,0.918345034122467,0.785514235496521,Correct
519,ما هي الأوساط التي تنتشر فيها الأمواج العرضانية؟,الأجسام الصلبة والسوائل السطحية,الجسم الصلب,الأجسام الصلبة والسوائل السطحية,الجسم الصلب,0.6074525117874146,0.6751264333724976,0.6395041346549988,Incorrect
520,ما هي الخصائص التي تتمتع بها حزمة الفوتونات من أشعة X عالية الطاقة والتي تجعلها تستخدم في الطب النووي عند المعالجة عن بعد؟,اختراق عميق للأنسجة,قدرة اختراق عالية تسمح بتدمير الأورام السطحية والعميقة .,اختراق عميق للأنسجة,قدرة اختراق عالية تسمح بتدمير الأورام السطحية والعميقة .,0.5228446125984192,0.49093568325042725,0.5063879489898682,Correct
521,ما هو القانون الذي ينص على أن تشوه مادة يتناسب طرديا مع القوى التي تحدث التشوه؟,قانون هوك,قانون هوك,قانون هوك,قانون هوك,1.0,1.0,1.0,Correct
522,علام نعتمد لتفسير لثنائية الإصدار في طيف بخار الصوديوم؟,دوران الإلكترون المغزلي,النظرية الذرية,دوران الإلكترون المغزلي,النظرية الذرية,0.5980104207992554,0.6116846203804016,0.6047701835632324,Incorrect
523,ما هي المعادلة التي تعبر عن انخفاض الطاقة في الموائع؟,معادلة برنولي,معادلة بيرنولي,معادلة برنولي,معادلة بيرنولي,0.9199730753898621,0.9199730753898621,0.9199730157852173,Correct
524,متى يحدث تفاعل اشعاع الليزر مع النسج؟,امتصاص الفوتونات,تمتصه النسج .,امتصاص الفوتونات,تمتصه النسج .,0.5453771948814392,0.5314956307411194,0.5383469462394714,Correct
525,ما هي البنية التي تأخذها الشبكات الأيونية لكلوريد الصوديوم وأكسيد المغنزيوم؟,مكعب مركزي الوجه,مكعبية,مكعب مركزي الوجه,مكعبية,0.5928554534912109,0.6476842164993286,0.6190581917762756,Correct
526,ما هو العمل الذي يقوم به المائع على المائع الذي يتقدمه في وحدة الجريان؟,إجهاد القص,الضغط,إجهاد القص,الضغط,0.5614224076271057,0.599007248878479,0.5796061158180237,Incorrect
527,ما هي الكمية الوسطية للأوزون في الغلاف الجوي؟,300 دوبسون,300 DU,300 دوبسون,300 DU,0.806029200553894,0.806029200553894,0.806029200553894,Correct
528,ما هو النكليد الإشعاعي المماكب الذي يشيع استخدامه في التشخيص الطبي؟,التكنيشيوم-99m,التكنسيوم - 99,التكنيشيوم-99m,التكنسيوم - 99,0.7677924633026123,0.8366985321044922,0.800765872001648,Correct
529,كيف يتغير نصف القطر الذري عبر الدور الثالث من اليسار إلى اليمين؟,يتناقص,يتناقص,يتناقص,يتناقص,1.0000004768371582,1.0000004768371582,1.0000004768371582,Correct
530,إذا كان الإشعاع وحيد الطول الموجي فمن أي نوع من الفوتونات يكون مؤلفاً؟,فوتونات متماسكة,المتساوية الطاقات,فوتونات متماسكة,المتساوية الطاقات,0.5926047563552856,0.5941393375396729,0.5933710336685181,Incorrect
531,ما هي الأمواج الميكانيكية التي تنشأ عن الوحدات المحركة في الألياف ولا تدركها الأذن؟,أمواج ألفا,الأمواج تحت الصوتية,أمواج ألفا,الأمواج تحت الصوتية,0.7180626392364502,0.5823564529418945,0.6431286931037903,Incorrect
532,ما هو مصدر العنصر المشع الذي يعطى للمريض عند استخدام تقنية التصوير SPECT؟,النظائر المشعة,لأشعة غاما .,النظائر المشعة,لأشعة غاما .,0.6369642019271851,0.5724624395370483,0.6029933094978333,Incorrect
533,ما نوع الصورة التي نحصل عليها في التصوير الومضاني للجزء المصور من جسم المريض؟,صورة وظيفية,ثنائية البعد .,صورة وظيفية,ثنائية البعد .,0.44728225469589233,0.41544485092163086,0.43077611923217773,Incorrect
534,إذا تضيق قطر الشريان إلى ثلث قيمته الأصلية عند مريض مصاب بمرض وعائي وقلبي وبقي هبوط الضغط فيه على حاله، إلى كم ينخفض معدل جريان الدم؟,1/81 من قيمته الأصلية,81/1 من قيمته الأصلية .,1/81 من قيمته الأصلية,81/1 من قيمته الأصلية .,0.8696264624595642,0.7642350196838379,0.8135315775871277,Correct
535,ما هي السكريات التي لا تحتاج أثناء امتصاصها من الأمعاء الدقيقة لوجود الصوديوم؟,الفركتوز,الفركتوز.,الفركتوز,الفركتوز.,0.8026555776596069,0.7315219044685364,0.7654395699501038,Correct
536,ما هو الأنزيم المعوي الذي يحول مولد التربسين إلى تربسين؟,إنتروكيناز,الإنتيروكيناز.,إنتروكيناز,الإنتيروكيناز.,0.4915962815284729,0.49167561531066895,0.4916359484195709,Correct
537,ما هو العامل الهرموني الذي يحرض إفراز عصارة بنكرياسية غنية بالإنزيمات الهاضمة؟,كوليسيستوكينين,الكوليسيستوكينين CCK,كوليسيستوكينين,الكوليسيستوكينين CCK,0.7942450642585754,0.713765025138855,0.7518575191497803,Correct
538,ما هو الإنزيم الذي يفكك سكر اللبن (اللاكتوز) إلى غلوكوز وغالاكتوز؟,اللاكتاز,اللاكتاز.,اللاكتاز,اللاكتاز.,0.7769032716751099,0.7067159414291382,0.7401493787765503,Correct
539,ما هو مستودع الصفراء خارج أوقات الهضم والذي يعمل على تكثيفها؟,المرارة,المرارة.,المرارة,المرارة.,0.7547049522399902,0.6720702648162842,0.7109946608543396,Correct
540,ما هي الشوارد التي يكون تركيزها أقل في اللعاب منه في البلازما؟,الصوديوم والكلوريد,صوديوم وكلور.,الصوديوم والكلوريد,صوديوم وكلور.,0.7106037735939026,0.6505570411682129,0.6792559623718262,Correct
541,ما هو الهرمون الذي يحفز إفراز عصارة بنكرياسية غنية بالأنزيمات الهاضمة؟,الكوليسيستوكينين,الكوليسيستوكينين CCK,الكوليسيستوكينين,الكوليسيستوكينين CCK,0.9084605574607849,0.787056565284729,0.8434121608734131,Correct
542,ما هو السكر الذي لا يحتاج للصوديوم من أجل عملية امتصاصه؟,الفركتوز,الفركتوز.,الفركتوز,الفركتوز.,0.8026555776596069,0.7315219044685364,0.7654395699501038,Correct
543,ما هو الناقل العصبي الذي يتحرر من العصبونات بعد العقدة في القسم الودي؟,نورأدرينالين,النورابينفرين أو الأستيل كولين.,نورأدرينالين,النورابينفرين أو الأستيل كولين.,0.45530611276626587,0.38516750931739807,0.4173102378845215,Correct
544,ما الذي يحدد نمط استجابة العضو المعصب بواسطة الجهاز العصبي المستقل (استثارة أو تثبيط)؟,نوع المستقبلات الكولينية أو الأدرينالية,نمط المستقبلات الموجودة في العضو.,نوع المستقبلات الكولينية أو الأدرينالية,نمط المستقبلات الموجودة في العضو.,0.6223866939544678,0.6794568300247192,0.6496708393096924,Correct
545,ما هو الناقل الكيميائي الذي تحرره جميع العصبونات قبل العقدة؟,أستيل كولين,الأستيل كولين.,أستيل كولين,الأستيل كولين.,0.690694272518158,0.6271234750747681,0.6573755741119385,Correct
546,ما هو الناقل العصبي الذي يتحرر من طرفيات جميع الألياف اللاودية بعد العقدية؟,أستيل كولين,أستيل كولين.,أستيل كولين,أستيل كولين.,0.7502859830856323,0.6520243883132935,0.6977125406265259,Correct
547,ما هي الميزة التي تتمتع بها قنوات IF في النسيج العقدي القلبي التي تمكنها من توليد التنبيه عفوياً؟,نفاذية متزايدة لأيونات الصوديوم والبوتاسيوم,عندما تنفتح يتجاوز التيار الداخل من الصوديوم التيار الخارج من البوتاسيوم,نفاذية متزايدة لأيونات الصوديوم والبوتاسيوم,عندما تنفتح يتجاوز التيار الداخل من الصوديوم التيار الخارج من البوتاسيوم,0.6055635213851929,0.5542389154434204,0.5787655711174011,Incorrect
548,ما هي الفائدة الوظيفية من التأخير الزمني في كمون الفعل لمدة 0.1 ثانية عند مروره في العقدة الأذينية البطينية؟,إعطاء وقت لامتلاء البطينين بالدم,إنهاء تقلص الأذينات قبل بدء تقلص البطينات.,إعطاء وقت لامتلاء البطينين بالدم,إنهاء تقلص الأذينات قبل بدء تقلص البطينات.,0.5949305295944214,0.6111878156661987,0.6029496192932129,Correct
549,ماذا يحدث للبطينات في حال توقف العقدة الجيبية الأذينية عن العمل؟,تنقبض بشكل مستقل وبطيء,تتباطأ انقباضاتها,تنقبض بشكل مستقل وبطيء,تتباطأ انقباضاتها,0.48929843306541443,0.6749392747879028,0.5673183798789978,Correct
550,ما هو سبب ظهور طور الهضبة في كامن فعل العضلة القلبية؟,تدفق الكالسيوم للداخل,دخول شوارد الكالسيوم.,تدفق الكالسيوم للداخل,دخول شوارد الكالسيوم.,0.5988885164260864,0.6094681620597839,0.6041320562362671,Correct
551,ما هو سبب طور الهضبة في كمون عمل الليف العضلي القلبي؟,تدفق الكالسيوم إلى الداخل,الكالسيوم.,تدفق الكالسيوم إلى الداخل,الكالسيوم.,0.594117283821106,0.6438143849372864,0.6179682612419128,Correct
552,ما هي المناطق التي تطبق عليها المعالجة الإشعاعية في علاج أورام الخصية من النمط المنوي؟,العقد اللمفية حول الأبهر والعقد اللمفية الحرقفية,سلسلة العقد اللمفاوية الحرقفية والأبهرية,العقد اللمفية حول الأبهر والعقد اللمفية الحرقفية,سلسلة العقد اللمفاوية الحرقفية والأبهرية,0.5724823474884033,0.6439849138259888,0.6061322093009949,Correct
553,ما هي الأورام التي لا تعتبر المعالجة الشعاعية معالجة شافية لها إذا استخدمت لوحدها في المراحل المبكرة؟,الأورام اللمفاوية الخبيثة,الثدي,الأورام اللمفاوية الخبيثة,الثدي,0.549278736114502,0.5221415758132935,0.5353665351867676,Incorrect
554,ما هي الجرعة الكلية الموصى بها في حال تقرر إجراء تشعيع وقائي للقحف بجرعة ٢ غري في كل جلسة؟,30-36 غري,٣٠ غري,30-36 غري,٣٠ غري,0.4996826648712158,0.44304513931274414,0.46966254711151123,Incorrect
555,ما هو الزمن الأقل الفاصل بين كل جلستين عند إجراء المعالجة الشعاعية بطريق التجزئة المفرطة؟,6 ساعات,٦ ساعات,6 ساعات,٦ ساعات,0.9548450708389282,0.9548450708389282,0.9548450708389282,Correct
556,ما الذي يحول مولد الببسين إلى ببسين؟,حمض الهيدروكلوريك,حمض كلور الماء الموجود في المعدة.,حمض الهيدروكلوريك,حمض كلور الماء الموجود في المعدة.,0.7118310928344727,0.5795353055000305,0.6389066576957703,Correct
557,ما هو سبب حدوث عمى ربعي علوي أيمن مماثل؟,آفة في الفص الصدغي الأيسر,الفصل الصدغي,آفة في الفص الصدغي الأيسر,الفصل الصدغي,0.5482074022293091,0.6302434206008911,0.5863699913024902,Correct
558,ما هي المدة الزمنية التي يتطور خلالها الصداع المزمن؟,15 يومًا في الشهر لمدة 3 أشهر,4أسابيع,15 يومًا في الشهر لمدة 3 أشهر,4أسابيع,0.507725179195404,0.509181797504425,0.5084524154663086,Incorrect
559,ما هو نوع الصداع غير النابض ثنائي الجانب الذي قد يرتبط بتشنج عضلات الرقبة؟,صداع التوتر,صداع التوتر,صداع التوتر,صداع التوتر,0.9999998211860657,0.9999998211860657,0.9999998211860657,Correct
560,أين يحدث التكيس للجيارديا اللمبلية؟,الأمعاء الدقيقة,أثناء التغوط,الأمعاء الدقيقة,أثناء التغوط,0.5487940311431885,0.5710710287094116,0.5597109198570251,Incorrect
561,ما هي الذبابة ذهبية العيون Chrysop ثوي ناقل له؟,لا شيء,اللوا لوا,لا شيء,اللوا لوا,0.5995787382125854,0.5673253536224365,0.5830063223838806,Incorrect
562,ما هي الفترة الزمنية الذي تظهر فيها إيجابية اختبار سابين فيلدمان بعد العدوى به؟,3-4 أسابيع,1-2 أسبوع,3-4 أسابيع,1-2 أسبوع,0.8064345121383667,0.8064345121383667,0.8064345121383667,Incorrect
563,ما الذي تنتهي به المرحلة الخارج خلوية للمتصورات؟,الأبواغ,الأقاسيم المتحركة,الأبواغ,الأقاسيم المتحركة,0.5846050381660461,0.501781702041626,0.5400362610816956,Incorrect
564,أين تتكاثر خبيطيات الفخرية البنكروفتية؟,الجهاز اللمفاوي,الأوعية اللمفاوية للانسان,الجهاز اللمفاوي,الأوعية اللمفاوية للانسان,0.7291694283485413,0.6725894212722778,0.6997374892234802,Correct
565,ما هو المرض الذي يستخدم عقار melarsporol في علاجه؟,داء المثقبيات الأفريقي,المثقبية الغامبية,داء المثقبيات الأفريقي,المثقبية الغامبية,0.7130939364433289,0.628523588180542,0.6681432127952576,Correct
566,ما هو الخمج الطفيلي الذي يمكن أن ينتقل من شخص لآخر؟,الجرب,المرمية الدودية,الجرب,المرمية الدودية,0.4879878759384155,0.4097011685371399,0.4454308748245239,Incorrect
567,ما هي أفضل أماكن الخزع التشخيصية القندية في جسم الإنسان؟,العقد اللمفية، نقي العظم، الكبد، الطحال,الطحال,العقد اللمفية، نقي العظم، الكبد، الطحال,الطحال,0.3900899887084961,0.5286207795143127,0.44891098141670227,Incorrect
568,ما هو المسبب لداء هجرة اليرقات الجلدي؟,يرقات الديدان الخطافية للحيوانات,الديدان القوسية,يرقات الديدان الخطافية للحيوانات,الديدان القوسية,0.6346213817596436,0.6779394745826721,0.655565619468689,Correct
569,ما هو العلاج المناسب للمتحولة العصبية naegleria fowleri؟,الأمفوتريسين ب,الأمفوتريسين,الأمفوتريسين ب,الأمفوتريسين,0.7820210456848145,0.8530165553092957,0.8159773945808411,Correct
570,أين تتوضع يرقات الأسطوانية الوعائية عند الإنسان؟,الأمعاء الدقيقة,الجهاز العصبي المركزي,الأمعاء الدقيقة,الجهاز العصبي المركزي,0.6525770425796509,0.6876189708709717,0.6696398854255676,Incorrect
571,ما هو الشكل المعدي للإنسان من متفرعة الخصية الصينية؟,الأكياس المحفظة,خليفة المذنبة,الأكياس المحفظة,خليفة المذنبة,0.5344445109367371,0.5364368557929993,0.5354387760162354,Incorrect
572,أين تتوضع الأسطوانية البرازية عند الإنسان؟,الأمعاء الغليظة,الجزء الأمامي من الصائم,الأمعاء الغليظة,الجزء الأمامي من الصائم,0.5330195426940918,0.6678547263145447,0.592867374420166,Incorrect
573,ما هو العصب الذي يصاب في متلازمة قاع الحجاج؟,العصب تحت الحجاج,العصب الفكي العلوي,العصب تحت الحجاج,العصب الفكي العلوي,0.5560660362243652,0.528760552406311,0.5420696139335632,Correct
574,ما هو تعريف الحول المتقارب؟,انحراف العين للداخل,يتلاقي فيها محورا الرؤية في نقطة تقع أمام الجسم المنظور,انحراف العين للداخل,يتلاقي فيها محورا الرؤية في نقطة تقع أمام الجسم المنظور,0.48990529775619507,0.4607853591442108,0.47489938139915466,Correct
575,ما هي أسباب حدوث فيض الدمع Epiphora؟,انسداد القناة الدمعية، فرط إفراز الدموع، ارتخاء الجفن السفلي,نقص في التصريف,انسداد القناة الدمعية، فرط إفراز الدموع، ارتخاء الجفن السفلي,نقص في التصريف,0.4781480133533478,0.5009503364562988,0.48928365111351013,Correct
576,أين تقع حفيرة البكرة في الجدار العلوي للحجاج؟,الجزء الأمامي الإنسي,الأمامي الأنسي,الجزء الأمامي الإنسي,الأمامي الأنسي,0.7717136144638062,0.8065161108970642,0.7887311577796936,Correct
577,ما هي النسبة التي تشكلها القرنية من سطح غلاف كرة العين الليفي؟,السدس الأمامي,السدس الأمامي,السدس الأمامي,السدس الأمامي,0.9999998807907104,0.9999998807907104,0.9999998807907104,Correct
578,ما هو أكثر تنكسات القرنية شيوعاً؟,التنكس الهلالي الشيخوخي,القوس الشيخية,التنكس الهلالي الشيخوخي,القوس الشيخية,0.557563066482544,0.6408867239952087,0.5963282585144043,Correct
579,ما هي الحالات التي تشاهد فيها الرؤية المزدوجة الأحادية الجانب؟,إعتام عدسة العين، إزاحة العدسة، تعدد الحدقات، اللابؤرية، الأجسام الغريبة في العين,تحت خلع العدسة,إعتام عدسة العين، إزاحة العدسة، تعدد الحدقات، اللابؤرية، الأجسام الغريبة في العين,تحت خلع العدسة,0.4558221995830536,0.43673479557037354,0.44607439637184143,Incorrect
580,ما هو المرض الذي يشاهد فيه حلقة كاي زر- فليشر عند المرضى؟,داء ويلسون,داء ويلسون,داء ويلسون,داء ويلسون,0.9999998807907104,0.9999998807907104,0.9999998807907104,Correct
581,ما الذي يجب فعله في الحالات المعندة وغير المستجيبة للعلاج في الورم الكاذب للحجاج؟,الجراحة الاستكشافية,يجب اخذ خزعة من الورم,الجراحة الاستكشافية,يجب اخذ خزعة من الورم,0.4907941222190857,0.4793718755245209,0.48501577973365784,Incorrect
582,ما هي النتائج التي تؤدي إليها إصابة الشعبة العينية من العصب الخامس في متلازمة الشق الحجاجي العلوي؟,فقدان الإحساس في الجفن العلوي والجبين والقرنية,فقد حس الملتحمة والقرنية,فقدان الإحساس في الجفن العلوي والجبين والقرنية,فقد حس الملتحمة والقرنية,0.6478046774864197,0.6433570384979248,0.6455731987953186,Correct
583,ما هو التشخيص الأقرب لمريض عمره 65 سنة لديه فقد رؤية في النصف العلوي من الساحة البصرية مع بدء مفاجئ؟,انسداد الشريان الشبكي المركزي,التهاب العصب البصري الاقفاري,انسداد الشريان الشبكي المركزي,التهاب العصب البصري الاقفاري,0.7021023035049438,0.705930233001709,0.704011082649231,Incorrect
584,ما الذي يدل عليه ظهور تقبب على شكل حويصل أسود في قعر القرحة القرنية الجرثومية؟,تمزق وشيك للقرنية,تقبب غشاء ديسميه وخطر انثقابه,تمزق وشيك للقرنية,تقبب غشاء ديسميه وخطر انثقابه,0.515483021736145,0.5987879037857056,0.5540214776992798,Correct
585,ما هي الطريقة التالية لتقدير حدة البصر لدى المريض إذا لم يتمكن من قراءة أكبر أحرف اللوحة؟,عد الأصابع,بعد أصابع الفاحص,عد الأصابع,بعد أصابع الفاحص,0.5547811985015869,0.5087615847587585,0.5307757258415222,Correct
586,ما الذي يشكو منه المريض في الحول الشللي عند البالغين؟,ازدواج الرؤية,رؤية مزدوجة,ازدواج الرؤية,رؤية مزدوجة,0.6558835506439209,0.6675639152526855,0.6616721749305725,Correct
587,متى ينعدم يوروبيلينوجين البول؟,انسداد القناة الصفراوية الكامل,اليرقان الانسدادي,انسداد القناة الصفراوية الكامل,اليرقان الانسدادي,0.5573387145996094,0.6142285466194153,0.5844023823738098,Correct
588,في الاحتباس الصفراوي ما هو الانزيم الأفضل للوصول للتشخيص؟,الفوسفاتاز القلوي,ALT,الفوسفاتاز القلوي,ALT,0.4377113878726959,0.4778006672859192,0.45687827467918396,Incorrect
589,ما هي نتيجة رحلان البروتينات في الالتهابات الحادة؟,ارتفاع بروتينات الطور الحاد,ترتفع الموجة a_2غلوبيولين وترتفع الموجة a_1غلوبيولين,ارتفاع بروتينات الطور الحاد,ترتفع الموجة a_2غلوبيولين وترتفع الموجة a_1غلوبيولين,0.579639196395874,0.4867774248123169,0.5291652083396912,Incorrect
590,ما هو المركب الذي يتم اصطناعه بدءا من الحموض الأمينية؟,البروتين,أمونيا,البروتين,أمونيا,0.6652214527130127,0.6226922869682312,0.6432546377182007,Incorrect
591,ما هي أعراض فقر الدم بعوز الحديد عند المريض؟,تعب، شحوب، ضيق تنفس، خفقان، صداع، دوخة، أظافر هشة، تساقط شعر,الشحوب,تعب، شحوب، ضيق تنفس، خفقان، صداع، دوخة، أظافر هشة، تساقط شعر,الشحوب,0.4565942883491516,0.4721709191799164,0.4642520248889923,Correct
592,ما هي الحالة التي تعاني منها مريضة عمرها 44 سنة تشكو من تعب عام وكانت قيمة البولة الدموية 140 ملغ/دل وقيمة الكرياتنين 6 ملغ/دل وحمض البول 4 ملغ/دل؟,الفشل الكلوي الحاد,اليوريميا,الفشل الكلوي الحاد,اليوريميا,0.5547239184379578,0.629449725151062,0.5897290706634521,Incorrect
593,ما هو سبب تشمع الكبد عند مريض عمره 12 سنة؟,التهاب الكبد المناعي الذاتي,داء ويلسون,التهاب الكبد المناعي الذاتي,داء ويلسون,0.5681144595146179,0.6310151815414429,0.5979151129722595,Incorrect
594,ما هو الاحتمال الأكثر ترجيحاً لسبب تشمع الكبد عند مريض عمره 12 سنة؟,رتق القناة الصفراوية,داء ويلسون,رتق القناة الصفراوية,داء ويلسون,0.4663426876068115,0.5630390644073486,0.5101492404937744,Incorrect
595,ما هو تصنيف مريض عنده الغلوكوز 210 ملغ / دل؟,مقدمات السكري,مريض سكري,مقدمات السكري,مريض سكري,0.726679801940918,0.726679801940918,0.726679801940918,Incorrect
596,ما هو تصنيف مريض تم تحليل الغلوكوز الصيامي له فكانت النتيجة 128 ملغ/دل؟,مقدمات السكري,مريض سكري,مقدمات السكري,مريض سكري,0.726679801940918,0.726679801940918,0.726679801940918,Incorrect
597,ما هو المركب الذي يعتبر ايتلين ديامين تترا استات مركباً لاقطاً له؟,المعادن الثقيلة,الكالسيوم,المعادن الثقيلة,الكالسيوم,0.45589298009872437,0.5105074048042297,0.4816569685935974,Incorrect
598,ما هو المركب الذي يستخدم في تدبير حمى البحر الأبيض المتوسط؟,الكولشيسين,الكولشيمين,الكولشيسين,الكولشيمين,0.8830231428146362,0.8830231428146362,0.8830230832099915,Correct
599,ما هو النمط التحسسي الذي يعود إليه داء الفقاع المحرض دوائياً؟,فرط الحساسية من النمط الثاني,الثاني.,فرط الحساسية من النمط الثاني,الثاني.,0.3711240291595459,0.3990960419178009,0.3846021294593811,Correct
600,ما هي آلية تأثير المركب دابيريدامول؟,مثبط فوسفوديستراز,تثبيط PDE,مثبط فوسفوديستراز,تثبيط PDE,0.6851236820220947,0.6634536981582642,0.6741145849227905,Correct
601,"ما هي جرعة الدواء عند طفل وزنه 17,5 كغ إذا كانت جرعة البالغ 100 ملغ؟",35 ملغ,25 ملغ.,35 ملغ,25 ملغ.,0.777679443359375,0.7384173274040222,0.7575399279594421,Incorrect
602,ما هو معدل التصفية الكلوية للكرياتينين عند رجل عمره 40 سنة ومستوى كرياتينين الدم 1 ملغ/دل ووزنه 72 كغ؟,100 مل/دقيقة,100,100 مل/دقيقة,100,0.5351576805114746,0.6012622714042664,0.5662873387336731,Correct
603,ما هي الخلايا التي تقوم بإفراز بروتين برفورين الذي يفتح ثقوب في غشاء الخلية الهدف؟,الخلايا اللمفاوية التائية السامة,الخلايا القاتلة.,الخلايا اللمفاوية التائية السامة,الخلايا القاتلة.,0.6958906650543213,0.5965948104858398,0.6424285173416138,Correct
604,كيف يتأثر الغاز كلما زاد وزنه الجزيئي؟,يزداد وزنه الجزيئي,انخفض معدل الانتشار.,يزداد وزنه الجزيئي,انخفض معدل الانتشار.,0.6477373838424683,0.5394015312194824,0.5886262059211731,Incorrect
605,ما هو المبدأ الأساسي للتشتت؟,انتشار الضوء في اتجاهات مختلفة,الانتشار,انتشار الضوء في اتجاهات مختلفة,الانتشار,0.49981915950775146,0.6049337983131409,0.5473757386207581,Correct
606,ما هو العامل الذي يسرع العامل السابع تشكله؟,العامل النسيجي,الثالث,العامل النسيجي,الثالث,0.6060096621513367,0.5495805144309998,0.5764173269271851,Incorrect
607,ما هو السائل الموجود داخل الخلايا؟,السائل داخل الخلوي,السيتوبلازما.,السائل داخل الخلوي,السيتوبلازما.,0.4525890350341797,0.4336152672767639,0.44289904832839966,Incorrect
608,ما هي مقدرة شخص على إدراك منبهين لمسيين مطبقين على منطقة من سطح الجسم على أنهما منفصلان؟,تمييز النقطتين,تمييز حس النقطتين,تمييز النقطتين,تمييز حس النقطتين,0.9416248798370361,0.8666264414787292,0.9025703072547913,Correct
609,ما هو سبب عدم قدرة ألياف الجهاز العصبي المركزي على التجدد؟,غياب خلايا شوان,غياب غمد شوان,غياب خلايا شوان,غياب غمد شوان,0.8035979270935059,0.7550677061080933,0.7785773277282715,Correct
610,ما هو المجال الذي تكون فيه النسخ السيتولوجية شفافة نسبياً؟,علم الأمراض الخلوي,تحت الأحمر القريب,علم الأمراض الخلوي,تحت الأحمر القريب,0.5188597440719604,0.5188597440719604,0.5188597440719604,Incorrect
611,ما هو العامل الرئيسي الذي يحدد ارتباط الأكسجين بخضاب الدم؟,الضغط الجزئي للأكسجين,الضغط الجزئي للأوكسجين في الدم PO2.,الضغط الجزئي للأكسجين,الضغط الجزئي للأوكسجين في الدم PO2.,0.8201122283935547,0.6772890090942383,0.7418893575668335,Correct
612,ما الذي يؤدي إليه العامل ٣ مع الكالسيوم؟,تنشيط العامل ١٠,تلقيم راجع إيجابي للثرومبين.,تنشيط العامل ١٠,تلقيم راجع إيجابي للثرومبين.,0.4709188938140869,0.4259052276611328,0.4472823739051819,Incorrect
613,متى يزداد الانحلال في التلاسيميا؟,بعد استئصال الطحال,التعرض للشدة والحمى.,بعد استئصال الطحال,التعرض للشدة والحمى.,0.42033466696739197,0.5045014023780823,0.4585881531238556,Incorrect
614,ما هو الفيتامين الأساسي في عملية تشكيل عوامل التخثر؟,فيتامين ك,K,فيتامين ك,K,0.44263535737991333,0.4763832092285156,0.4588896334171295,Correct
615,ما هو المستوى من الفيزيولوجيا الذي تنتمي إليه دراسة آلية وتوليد ونقل كوامن الفعل في القلب؟,فيزيولوجيا الخلية,النسيجي,فيزيولوجيا الخلية,النسيجي,0.5202600359916687,0.6260364055633545,0.568267822265625,Incorrect
616,أين توجد المستقبلات النيكوتينية؟,العقد الذاتية والوصل العصبي العضلي,العقدة الجيبية الأذينية في القلب,العقد الذاتية والوصل العصبي العضلي,العقدة الجيبية الأذينية في القلب,0.6293442249298096,0.689786434173584,0.6581805944442749,Incorrect
617,ما الذي تعتمد عليه سرعة انتشار الأوكسجين عبر غشاء الخلية؟,فرق الضغط الجزئي للأوكسجين,مقدار ذوبانه في الشحوم,فرق الضغط الجزئي للأوكسجين,مقدار ذوبانه في الشحوم,0.7320051193237305,0.7374392151832581,0.7347121834754944,Incorrect
618,ماذا يحدث عندما يصل التيروكسين إلى المستوى الدوراني المطلوب؟,تثبيط إفراز الهرمون المنبه للدرقية,تتوقف الغدة النخامية عن افراز THS,تثبيط إفراز الهرمون المنبه للدرقية,تتوقف الغدة النخامية عن افراز THS,0.6540436744689941,0.6748625040054321,0.6642900109291077,Correct
619,ما هي الوظيفة الرئيسية للعقدة الأذينية البطينية في الحالات السوية؟,تأخير النبضات الكهربائية,توليد إشارات تجعلها ناظمة للقلب,تأخير النبضات الكهربائية,توليد إشارات تجعلها ناظمة للقلب,0.6338715553283691,0.5266828536987305,0.5753272175788879,Incorrect
620,ما هي العوامل التي تحرض إفراز عصارة بنكرياسية غنية بالإنزيمات؟,الكوليسيستوكينين,الأستيل كولين والكوليسيستوكينين,الكوليسيستوكينين,الأستيل كولين والكوليسيستوكينين,0.6970043182373047,0.7065950632095337,0.7017669081687927,Incorrect
621,أين يتم إعادة امتصاص القسم الأعظم من الماء المرتشح؟,الأنابيب الكلوية,النبيبات الدانية,الأنابيب الكلوية,النبيبات الدانية,0.6376305818557739,0.6260457038879395,0.6317850351333618,Incorrect
622,ما هو سبب الصوت الأول للقلب؟,إغلاق الصمامات الأذينية البطينية,انغلاق الصمامات الأذينية البطينية,إغلاق الصمامات الأذينية البطينية,انغلاق الصمامات الأذينية البطينية,0.9585901498794556,0.9305371046066284,0.9443553686141968,Correct
623,ما هي الخلايا التي تمتلك أسرع معدل لزوال الاستقطاب؟,خلايا الجهاز الناقل للقلب,العقدة الجيبية الأذينية.,خلايا الجهاز الناقل للقلب,العقدة الجيبية الأذينية.,0.515557050704956,0.49940115213394165,0.507350504398346,Incorrect
624,ما هو الذي وظيفته تسريع عملية تشكل الترومبوبلاستين الصفيحي؟,العامل الخامس,العامل السابع,العامل الخامس,العامل السابع,0.902114987373352,0.902114987373352,0.9021149277687073,Incorrect
625,ما الذي يعمل على تسهيل الانتقال بين الشهيق والزفير؟,مركز تبادل الشهيق والزفير,مركز التنفس الجسري,مركز تبادل الشهيق والزفير,مركز التنفس الجسري,0.6273002624511719,0.6277750730514526,0.6275376081466675,Correct
626,ما الذي يزداد في الأسناخ الرئوية؟,السائل البروتيني,بتضيق فوهة القصيبات,السائل البروتيني,بتضيق فوهة القصيبات,0.6123718023300171,0.4776914119720459,0.5367115139961243,Incorrect
627,ما يعرف بالموجهة الجسدية؟,موجهة جسدية,هرمون النمو,موجهة جسدية,هرمون النمو,0.48572516441345215,0.5526541471481323,0.5170327425003052,Incorrect
628,ما هي العقدة الرأسية للجهاز العصبي المستقل؟,العقدة الهدبية,الوطاء,العقدة الهدبية,الوطاء,0.4812033176422119,0.5216044187545776,0.5005900263786316,Incorrect
629,ما هي المحطة الرئيسية الدماغية التي تتكامل فيها وظائف الجهاز العصبي المستقل مع وظائف البنى العصبية الأخرى؟,الوطاء,الوطاء,الوطاء,الوطاء,0.9999997615814209,0.9999997615814209,0.9999997615814209,Correct
630,ما هو الناقل العصبي المحرر من طرفيات الألياف بعد العقدية في القسم الودي؟,نورأدرينالين,الاستيل كولين أو النور أدرينالين,نورأدرينالين,الاستيل كولين أو النور أدرينالين,0.4993555247783661,0.43178296089172363,0.4631173610687256,Correct
631,ما هو الدور المهم الذي تؤديه خلايا سيرتولي في الخصية؟,دعم وتغذية الخلايا الجنسية,تغذية النطاف,دعم وتغذية الخلايا الجنسية,تغذية النطاف,0.6547112464904785,0.632146954536438,0.6432312726974487,Correct
632,ما هو الذي يروي النسيج الضام للرئة؟,الشريان القصبي,الفروع القصبية للأبهر.,الشريان القصبي,الفروع القصبية للأبهر.,0.6107122302055359,0.48111432790756226,0.5382217764854431,Correct
633,ما هي البوابات التي تتحكم بنفوذية القنوات للشوارد التي تسهم في تشكيل كامن الفعل؟,بوابات الجهد الكهربائي,القنوات المبوبة بالفولطاج,بوابات الجهد الكهربائي,القنوات المبوبة بالفولطاج,0.6020326018333435,0.6460837721824646,0.6232808232307434,Correct
634,ما هي أجهزة التحكم والضبط والمراقبة في الجسم؟,الجهاز العصبي والجهاز الصمّي,العصبى الصماوى,الجهاز العصبي والجهاز الصمّي,العصبى الصماوى,0.6667640805244446,0.7217981219291687,0.6931905150413513,Correct
635,ما هي المواد التي تحررها نهايات المحاوير العصبية في المشابك والموصلات المشبكية؟,نواقل عصبية,النواقل عصبية,نواقل عصبية,النواقل عصبية,0.7417565584182739,0.7417565584182739,0.7417565584182739,Correct
636,ماذا ينقل الترانسفيرين؟,الحديد,الحديدي,الحديد,الحديدي,0.7405769228935242,0.7405769228935242,0.7405769228935242,Correct
637,ما هو الإحساس الذي يمكن أن يُدرك كلياً في المهاد؟,الألم,حس الألم,الألم,حس الألم,0.826377272605896,0.7968697547912598,0.8113552927970886,Correct
638,أين توجد المستقبلات المسكارينية؟,الأعضاء المستهدفة للجهاز العصبي اللاودي,الخلايا المستجيبة للتنبيه بالعصبونات الكولينية الفعل بعد العقدية,الأعضاء المستهدفة للجهاز العصبي اللاودي,الخلايا المستجيبة للتنبيه بالعصبونات الكولينية الفعل بعد العقدية,0.5740090608596802,0.6982327699661255,0.6300562024116516,Correct
639,ما هي الزمرة الدموية إذا كانت الكرية الحمراء لا تحوي مولد ارتصاص؟,O,O,O,O,1.0,1.0,1.0,Correct
640,ما هو ناظم القلب؟,العقدة الجيبية الأذينية,العقدة الجيبية.,العقدة الجيبية الأذينية,العقدة الجيبية.,0.7492058277130127,0.7727967500686646,0.7608184814453125,Correct
641,ما الذي يشكله الجهاز الانزيمي في الخلايا البطانية السليمة اعتباراً من حمض الاراشيدونيك؟,البروستاسيكلين,الترومبوكسان A2,البروستاسيكلين,الترومبوكسان A2,0.7413536310195923,0.7010133266448975,0.7206193804740906,Incorrect
642,ما الذي تتناسب معه سرعة النقل في الألياف العصبية اللانخاعينية؟,الجذر التربيعي لقطر الليف,الجذر التربيعي ل قطر الليف,الجذر التربيعي لقطر الليف,الجذر التربيعي ل قطر الليف,0.9517462849617004,0.9176774621009827,0.9344013929367065,Correct
643,أين تقع أجسام عصبونات المرتبة الثانية للإحساسات المنقولة بمسلك العمود الظهري؟,النواة الرشيقة والنواة الإسفينية,المهاد,النواة الرشيقة والنواة الإسفينية,المهاد,0.3340182602405548,0.4382626414299011,0.3791048526763916,Incorrect
644,ما هي العوامل التي تتناسب معها سرعة الانتشار البسيط؟,مساحة السطح، فرق التركيز، نفاذية الغشاء,طردا مع مدروج تركيز المادة المنتشرة,مساحة السطح، فرق التركيز، نفاذية الغشاء,طردا مع مدروج تركيز المادة المنتشرة,0.5745086669921875,0.5188653469085693,0.545271098613739,Incorrect
645,ما هي آلية تحرر شوارد الكالسيوم من الشبكة الهيولية في العضلات الهيكلية؟,اقتران الإثارة والتقلص,الانتشار,اقتران الإثارة والتقلص,الانتشار,0.4858021140098572,0.5784788131713867,0.5281053781509399,Incorrect
646,ما الذي يؤكد الدور الأهم للمراكز الشوكية والبصلية في وظيفة الجهاز العصبي المستقل؟,تنظيم منعكسات الجهاز العصبي المستقل,عدم حدوث تبدلت مهمة في وظائف الجهاز العصبي المستقبل عند قطع جذع الدماغ فوق مستوى البصلة,تنظيم منعكسات الجهاز العصبي المستقل,عدم حدوث تبدلت مهمة في وظائف الجهاز العصبي المستقبل عند قطع جذع الدماغ فوق مستوى البصلة,0.634713888168335,0.49578040838241577,0.556709885597229,Incorrect
647,ما هو الهدف الأساسي للنقل الفاعل عبر الغشاء؟,نقل المواد عكس تدرج التركيز,الحفاظ على مدروج تركيز مرتفع للمادة عبر الغشاء,نقل المواد عكس تدرج التركيز,الحفاظ على مدروج تركيز مرتفع للمادة عبر الغشاء,0.5743713974952698,0.5483784675598145,0.5610740780830383,Correct
648,ما الذي يتأثر بتغير كمية الأوكسجين في الأسناخ؟,توتر الشريان الرئوي,الأوعية الدموية للسنخ,توتر الشريان الرئوي,الأوعية الدموية للسنخ,0.5681387186050415,0.5615675449371338,0.5648339986801147,Correct
649,ما هي أقصى مدة لحفظ الدم؟,42 يومًا,20 يوم,42 يومًا,20 يوم,0.9041160941123962,0.9041160941123962,0.9041160941123962,Incorrect
650,ماذا يحدث عندما تكون تهوية السنخ أعلى من ترويته الدموية؟,زيادة المساحة الميتة الفسيولوجية,حيز ميت فيزيولوجي,زيادة المساحة الميتة الفسيولوجية,حيز ميت فيزيولوجي,0.5931919813156128,0.6558982729911804,0.6229711771011353,Correct
651,ما هي الحالات التي تزداد فيها كمية الماء الموجودة في الأحياز الخاصة؟,الوذمة,الجنب وانصباب الجنب,الوذمة,الجنب وانصباب الجنب,0.5166942477226257,0.552661657333374,0.5340730547904968,Incorrect
652,ما هو الهرمون المطلق للموجهة القشرية؟,CRH,CRH,CRH,CRH,1.0,1.0,1.0,Correct
653,ما هي الشاردة الإيجابية الأساسية في السائل داخل الخلوي؟,البوتاسيوم,بوتاسيوم,البوتاسيوم,بوتاسيوم,0.8345738649368286,0.8292393088340759,0.8318980932235718,Correct
654,ما هو نوع المصل الذي يحمله شخص من الزمرة الدموية B؟,مصل مضاد-A,يحوي الراصة Anti A,مصل مضاد-A,يحوي الراصة Anti A,0.5510075688362122,0.48597481846809387,0.5164519548416138,Correct
655,ما هي الحالة التي يكون فيها انقلاب الصيغة أكثر شيوعاً؟,العدوى البكتيرية الحادة,الأطفال.,العدوى البكتيرية الحادة,الأطفال.,0.42193299531936646,0.4526336193084717,0.43674445152282715,Incorrect
656,ما هو حجم الضربة (Stroke Volume)؟,حجم الدم المدفوع من البطين في كل نبضة,كمّية الدم التي يضخها البطين الأيمن في ضربة واحدة,حجم الدم المدفوع من البطين في كل نبضة,كمّية الدم التي يضخها البطين الأيمن في ضربة واحدة,0.7241239547729492,0.667095422744751,0.6944408416748047,Correct
657,ما هي أقصى كمية هواء يمكن استنشاقها زيادة على كمية الحجم الجاري السوية؟,حجم الشهيق الاحتياطي,حجم الشهيق المخر,حجم الشهيق الاحتياطي,حجم الشهيق المخر,0.8335227966308594,0.7483780384063721,0.7886589765548706,Correct
658,ما هي الآلية التي يتم من خلالها التنظيم المديد للجريان الموضعي؟,إعادة تشكيل الأوعية الدموية,إفراز الأنجيوجنين وعامل النمو البطاني.,إعادة تشكيل الأوعية الدموية,إفراز الأنجيوجنين وعامل النمو البطاني.,0.5192110538482666,0.5137611031532288,0.5164717435836792,Incorrect
659,ما هي الشوارد التي تسبب قوى الجذب بين خيوط الاكتين والميوزين مما يؤدي إلى انزلاق بعضها على بعض؟,الكالسيوم,الكالسيوم,الكالسيوم,الكالسيوم,1.0,1.0,1.0,Correct
660,ما هو الهدف من آلية المزلاج في العضلات الملساء؟,الحفاظ على التقلص لفترة طويلة مع استهلاك طاقة قليل,تحافظ على تقلّص مقوٍمديد فى العضلات الملمس باستخدام كمية قليلة جداً من الطاقه,الحفاظ على التقلص لفترة طويلة مع استهلاك طاقة قليل,تحافظ على تقلّص مقوٍمديد فى العضلات الملمس باستخدام كمية قليلة جداً من الطاقه,0.6823052167892456,0.6426759958267212,0.6618979573249817,Correct
661,ما هي الخلايا الدبقية التي تشكل جزء من الحاجز الوعائي الدموي؟,الخلايا النجمية,الخلايا النجمية,الخلايا النجمية,الخلايا النجمية,1.0000001192092896,1.0000001192092896,1.0000001192092896,Correct
662,ما هي الآلية التي يتم من خلالها التنظيم المديد للضغط الشرياني؟,الكلى,افراز الانجيوجينين وعامل النمو البطاني,الكلى,افراز الانجيوجينين وعامل النمو البطاني,0.4528939723968506,0.473222017288208,0.462834894657135,Incorrect
663,ما هي المستقبلة الأسرع تلاؤماً؟,مستقبلة فازينيان,باشيني.,مستقبلة فازينيان,باشيني.,0.554887592792511,0.5195561647415161,0.5366409420967102,Correct
664,لماذا لا تتمكن الألياف العصبية المركزية من التجديد؟,غياب خلايا شوان,عدم وجود غمد شوان,غياب خلايا شوان,عدم وجود غمد شوان,0.7868096828460693,0.7339158654212952,0.759442925453186,Correct
665,ما هي كمية الهواء الموجودة في الرئتين في نهاية شهيق سوي؟,السعة الرئوية الكلية,السعة الوظيفية المدخرة + الحجم الجاري,السعة الرئوية الكلية,السعة الوظيفية المدخرة + الحجم الجاري,0.6912432909011841,0.6020034551620483,0.6435443758964539,Incorrect
666,ما هي الفائدة الوظيفية من التأخير الزمني لكامن الفعل لمدة 0.1 ثانية عند مروره في العقدة الأذينية البطينية؟,إعطاء وقت كافٍ لامتلاء البطينين بالدم,إنهاء تقلص الأذينات قبل تقلص البطينات,إعطاء وقت كافٍ لامتلاء البطينين بالدم,إنهاء تقلص الأذينات قبل تقلص البطينات,0.6455790996551514,0.6461966633796692,0.6458877921104431,Correct
667,ما هي المواد التي يقتصر عليها الامتصاص المعدي؟,الماء والكحول وبعض الأدوية,الماء والشوارد,الماء والكحول وبعض الأدوية,الماء والشوارد,0.5407019853591919,0.6245883703231812,0.5796257853507996,Incorrect
668,ما هو المركب الذي يتشكل من تفاعل الهيموغلوبين مع حمض أو قلوي؟,ميت هيموغلوبين,هيماتين.,ميت هيموغلوبين,هيماتين.,0.6537665128707886,0.5550062656402588,0.600351870059967,Incorrect
669,ما الذي يتناسب إفراغه عكسياً مع إفراغ الهيدروجين؟,البوتاسيوم,البوتاسيوم,البوتاسيوم,البوتاسيوم,0.9999998211860657,0.9999998211860657,0.9999998211860657,Correct
670,ما هو الغشاء الكبيبي نفوذ له؟,الماء والجزيئات الصغيرة,الالبومين.,الماء والجزيئات الصغيرة,الالبومين.,0.5450328588485718,0.5235855579376221,0.534093976020813,Incorrect
671,ما هو المسؤول عن إرسال السيالات في العصبونات؟,المحور,المحوار,المحور,المحوار,0.7319295406341553,0.7293810844421387,0.7306531071662903,Correct
672,ما هو المستوى الذي يعتبر ضخ الدم مثالاً على دراسته؟,مستوى الجهاز,الأعضاء,مستوى الجهاز,الأعضاء,0.6779009103775024,0.6781191825866699,0.6780100464820862,Incorrect
673,ما هي العملية التي يتم بها تحويل النورادرينالين إلى أدرينالين؟,مثيلة,ميتلة,مثيلة,ميتلة,0.7096621990203857,0.7096621990203857,0.7096621990203857,Correct
674,ما الذي يشكل جسراً بين ألياف الكولاجين والصفيحات الدموية؟,عامل فون ويلبراند,الترومبوكسان A2,عامل فون ويلبراند,الترومبوكسان A2,0.6207915544509888,0.49761849641799927,0.5524223446846008,Incorrect
675,ما هي الفائدة الوظيفية من وجود الكليونات المجاورة للّب؟,تركيز البول,زيادة القدرة على تكثيف البول,تركيز البول,زيادة القدرة على تكثيف البول,0.6906156539916992,0.5308628082275391,0.6002925038337708,Correct
676,ما هو السبب الذي يحمي العضلة القلبية من التكزز؟,فترة العصيان المطلقة الطويلة,طول فترة كامن فعل الليف العضلي القلبي,فترة العصيان المطلقة الطويلة,طول فترة كامن فعل الليف العضلي القلبي,0.5704614520072937,0.5310837030410767,0.5500687956809998,Correct
677,ما هو الهرمون الذي يخضع لتأثير مزدوج منبه ومثبط من الوطاء؟,هرمون النمو,GH,هرمون النمو,GH,0.4037696421146393,0.4037696421146393,0.4037696421146393,Correct
678,أين تقع المساحة الصغرى في ساحة الحس الأولية عند الإنسان؟,القشرة الحسية الجسدية,الجذع,القشرة الحسية الجسدية,الجذع,0.6126657724380493,0.586117148399353,0.599097490310669,Incorrect
679,ما هو مصدر الATP الذي تحتاجه الليفات العضلية بشدة؟,الفسفوكرياتين,المتقدرات الغزيرة الموازية للبيفات,الفسفوكرياتين,المتقدرات الغزيرة الموازية للبيفات,0.507582426071167,0.4598369300365448,0.48253145813941956,Incorrect
680,ما هو الذي يفعل السبيل الخارجي للتخثر؟,عامل النسيج,رض الأنسجة,عامل النسيج,رض الأنسجة,0.6702927350997925,0.6448085308074951,0.6573036909103394,Correct
681,ما الذي تتناسب معه سرعة انتشار الغاز عبر الغشاء التنفسي عكسياً؟,الجذر التربيعي للوزن الجزيئي,ثخانة الغشاء,الجذر التربيعي للوزن الجزيئي,ثخانة الغشاء,0.45371073484420776,0.491660475730896,0.4719238877296448,Incorrect
682,ما هي القيمة العظمى لضغط الأوكسجين في الأسناخ عند زيادة التهوية السنخية في الحالات السوية؟,120 ملم زئبق,149 ملم زئبقي,120 ملم زئبق,149 ملم زئبقي,0.8730595111846924,0.8730595111846924,0.8730595111846924,Incorrect
683,أين يحدث الامتصاص بشكل أساسي؟,الأمعاء الدقيقة,الامعاء الدقيقة,الأمعاء الدقيقة,الامعاء الدقيقة,1.0,1.0,1.0,Correct
684,ما هو الهرمون الذي يتم إفرازه نتيجة الشدة (الكروب)؟,الكورتيزول,الكورتيزول,الكورتيزول,الكورتيزول,1.0,1.0,1.0,Correct
685,ما هي آلية تحرر شوارد الكالسيوم من الشبكة الهيولية في العضلات الهيكلية؟,اقتران الإثارة والتقلص,الانتشار,اقتران الإثارة والتقلص,الانتشار,0.4858021140098572,0.5784788131713867,0.5281053781509399,Incorrect
686,ماذا يسبب التنبيه اللاودي على القلب؟,تباطؤ القلب,تباطؤ ضربات القلب.,تباطؤ القلب,تباطؤ ضربات القلب.,0.738335371017456,0.6442733407020569,0.6881047487258911,Correct
687,ما هو المسؤول عن زوال الاستقطاب؟,تدفق أيونات الصوديوم للداخل,دخول شوارد الصوديوم,تدفق أيونات الصوديوم للداخل,دخول شوارد الصوديوم,0.654854416847229,0.7174433469772339,0.6847215890884399,Correct
688,ما هو الرقم الهيدروجيني الطبيعي للبول؟,4.5-8,بين 4.7 و 8,4.5-8,بين 4.7 و 8,0.7850263118743896,0.6874656677246094,0.7330140471458435,Correct
689,ماذا يحدث عند وصول كمية كبيرة من NaCl إلى اللطخة الكثيفة؟,تضيق الشريان الوارد,تقبيض الشرين الوارد,تضيق الشريان الوارد,تقبيض الشرين الوارد,0.6385284662246704,0.6007516384124756,0.6190642714500427,Correct
690,ما هي كمية الدم التي تمر في نقطة معينة من الدوران خلال فترة محددة من الزمن؟,التدفق الدموي,تدفق الدم,التدفق الدموي,تدفق الدم,0.8734567165374756,0.8734567165374756,0.8734567165374756,Correct
691,ما هو الانزيم المعوي الذي يقوم بهضم الدسم في الأمعاء؟,الليباز المعوي,الليباز,الليباز المعوي,الليباز,0.6662418842315674,0.7979408502578735,0.7261684536933899,Correct
692,ماذا يسبب نقص فيتامين B12 وحمض الفوليك؟,فقر الدم كبير الكريات,فقر دم زائد الصباغ زائد الحجم,فقر الدم كبير الكريات,فقر دم زائد الصباغ زائد الحجم,0.6153597235679626,0.576001763343811,0.595030665397644,Correct
693,ما هي وظيفة الصمامات القلبية؟,منع رجوع الدم,توجيه مجرى الدم باتجاه واحد,منع رجوع الدم,توجيه مجرى الدم باتجاه واحد,0.6655237674713135,0.5846895575523376,0.6224934458732605,Correct
694,ما هو المستوى الذي يعد عليه تنظيم الضغط الشرياني؟,جذع الدماغ,الأجهزه,جذع الدماغ,الأجهزه,0.5683082342147827,0.5460873246192932,0.5569761991500854,Incorrect
695,ما هو نوع العضلات الذي يمتاز بخاصية الارتخاء بعد الكرب؟,العضلات الملساء,العضلات وحيدة الوحدة الحشوية,العضلات الملساء,العضلات وحيدة الوحدة الحشوية,0.6272217035293579,0.6092767119407654,0.6181190013885498,Incorrect
696,ما هو أسرع أجزاء الجهاز الناقل في القلب في توصيل السيالة؟,ألياف بوركنجي,ألياف بوركنج.,ألياف بوركنجي,ألياف بوركنج.,0.8075973987579346,0.7348924875259399,0.7695314884185791,Correct
697,ما هو اسم الأسناخ التي يصلها دم ولا يصلها هواء؟,أسناخ صامتة,التحويلة الفيزيولوجية,أسناخ صامتة,التحويلة الفيزيولوجية,0.5480676889419556,0.5658528208732605,0.5568183064460754,Incorrect
698,ما هي الطريقة التي يمكن بها تحرير النص الفعال حيوياً بتقنية الأسر الصوتي؟,الأسر الصوتي,تفعيله بالامتصاص مستدعي الفوتونه,الأسر الصوتي,تفعيله بالامتصاص مستدعي الفوتونه,0.593950629234314,0.46193185448646545,0.5196879506111145,Incorrect
699,ما هي الشاردة ذات التركيز الأكبر داخل العصبون؟,البوتاسيوم,البوتاسيوم,البوتاسيوم,البوتاسيوم,0.9999998211860657,0.9999998211860657,0.9999998211860657,Correct
700,ما هو العظم الذي يتمفصل معه الغضروف الطرجهالي؟,الغضروف الحلقي,الغضروف الحلقي,الغضروف الحلقي,الغضروف الحلقي,0.9999998807907104,0.9999998807907104,0.9999998807907104,Correct
701,ماذا يحدث في طور الانقباض الأذيني؟,انقباض الأذينين,الصمامات الأذينية البطينية مفتوحة و السينية مغلقة,انقباض الأذينين,الصمامات الأذينية البطينية مفتوحة و السينية مغلقة,0.5654227137565613,0.5588011145591736,0.5620924234390259,Incorrect
702,ما هو الحجم الرئوي الذي يزداد مع التقدم بالعمر؟,الحجم المتبقي,الحجم المتبقي.,الحجم المتبقي,الحجم المتبقي.,0.8435966968536377,0.7490599155426025,0.7935225963592529,Correct
703,ما الذي يحرض إفراز عصارة غنية بالإنزيمات الهاضمة من البنكرياس؟,الكوليسيستوكينين,CCK,الكوليسيستوكينين,CCK,0.45349013805389404,0.5250445604324341,0.48665115237236023,Correct
704,ما الذي يتمثل به زوال استقطاب البطينات على مخطط القلب؟,موجة QRS,الموجة QRS.,موجة QRS,الموجة QRS.,0.7999482750892639,0.7499454617500305,0.7741402983665466,Correct
705,ما هو العامل المحرض على زيادة إفراز الألدوستيرون؟,الرينين,زيادة تركيز البوتاسيوم في السائل خارج الخلوي,الرينين,زيادة تركيز البوتاسيوم في السائل خارج الخلوي,0.4226771593093872,0.46513211727142334,0.442889541387558,Incorrect
706,ما هي الطريقة المستخدمة لحل الخثرة إذا تشكلت في أوعية القلب والرئتين؟,حالّ الخثرة,البلازمين,حالّ الخثرة,البلازمين,0.5158382654190063,0.5898046493530273,0.5503473281860352,Incorrect
707,ما الذي تسمح به خاصية الارتخاء بعد الكرب للأعضاء الجوفاء التي تحوي عضلات ملساء؟,التكيف مع التمدد دون زيادة التوتر,المحافظة على مقدار الضغط نفسه على الرغم من تغير الحجم ضمن حدود معينة,التكيف مع التمدد دون زيادة التوتر,المحافظة على مقدار الضغط نفسه على الرغم من تغير الحجم ضمن حدود معينة,0.6659027934074402,0.5970559120178223,0.6296027898788452,Correct
708,ما هو معدل التهوية السنخية؟,(حجم المد والجزر - الحجم الميت) × معدل التنفس,كمية الهواء الذي يصل للمناطق التنفسية مضروب,(حجم المد والجزر - الحجم الميت) × معدل التنفس,كمية الهواء الذي يصل للمناطق التنفسية مضروب,0.5005378723144531,0.5487087965011597,0.5235175490379333,Correct
709,متى يتوقف التقلص العضلي؟,عند غياب الكالسيوم,ارتباط الكالسيوم بالتربونين,عند غياب الكالسيوم,ارتباط الكالسيوم بالتربونين,0.5713961124420166,0.6198190450668335,0.5946233868598938,Incorrect
710,ما هي عصبونات المرتبة الثانية في المسلك الظهري؟,عصبونات النواة الرشيقة والنواة الإسفينية,النواتين الناحلة واإلسفينية,عصبونات النواة الرشيقة والنواة الإسفينية,النواتين الناحلة واإلسفينية,0.6290174126625061,0.5557119250297546,0.5900967717170715,Correct
711,ما هو القشراني المعدني الرئيسي؟,الألدوستيرون,الالدوسترون (معدني),الألدوستيرون,الالدوسترون (معدني),0.8662053942680359,0.669529139995575,0.7552734017372131,Correct
712,ما هي أقل أنسجة الجسم البشري احتواءً على الماء؟,المينا,الدهنى,المينا,الدهنى,0.7137453556060791,0.6984436511993408,0.7060116529464722,Incorrect
713,ما هو طليعة الانزيم الذي يتحول إلى شكله الفعال تحت تأثير الخنثرين؟,مولد البلازمين,العامل الحادي عشر,مولد البلازمين,العامل الحادي عشر,0.5242540836334229,0.49628210067749023,0.5098847150802612,Incorrect
714,ما هي الآلية التي يستطيع من خلالها الجهاز التنفسي تأمين كميات كبيرة من الأكسجين أثناء التمارين المجهدة؟,زيادة التهوية الرئوية,يحصل كامل التبادل الغازي للأكسجين خلال قطع الدم ثلث المسافة عبر الوعاء الشعري.,زيادة التهوية الرئوية,يحصل كامل التبادل الغازي للأكسجين خلال قطع الدم ثلث المسافة عبر الوعاء الشعري.,0.45476222038269043,0.4119825065135956,0.4323166012763977,Incorrect
715,ما الذي يحول الببسين إلى مولد ببسين؟,حمض الهيدروكلوريك,حمض كلور الماء,حمض الهيدروكلوريك,حمض كلور الماء,0.8022857904434204,0.7363557815551758,0.7679082751274109,Correct
716,ما هي الوظائف التي يتآزر فيها الجهازان الودي واللاودي؟,تنظيم ضغط الدم ومعدل ضربات القلب والهضم,تنظيم افراز اللعاب,تنظيم ضغط الدم ومعدل ضربات القلب والهضم,تنظيم افراز اللعاب,0.5866118669509888,0.6159546375274658,0.6009252667427063,Incorrect
717,من أين يتم إفراز الإريثروبويتين؟,الكلى,الكلية,الكلى,الكلية,0.6182355284690857,0.6010147333145142,0.6095035076141357,Correct
718,ما الجزء من الأجسام الضدية من IgG التي يتم قطعها وأخذها في المراكز الحديثة؟,الجزء Fc,الجزء المفرط التغير,الجزء Fc,الجزء المفرط التغير,0.498611718416214,0.519248902797699,0.508721113204956,Incorrect
719,ما الذي يؤدي إلى نقصان حجم الدفقة بزيادته؟,الحمل اللاحق,معدل دقات القلب.,الحمل اللاحق,معدل دقات القلب.,0.49200439453125,0.47592562437057495,0.4838314652442932,Incorrect
720,ما تدعى الترنجات العشوائية لشدة الإشعاع المترابط المنتشرة انتشاراً متعدداً؟,ترنجات رالي,البقع,ترنجات رالي,البقع,0.4875543713569641,0.5363749861717224,0.510800838470459,Incorrect
721,ما هو المسؤول عن إعادة الاستقطاب؟,تدفق البوتاسيوم إلى الخارج,دخول شوارد الصوديوم,تدفق البوتاسيوم إلى الخارج,دخول شوارد الصوديوم,0.6326707005500793,0.676825225353241,0.6540035605430603,Incorrect
722,ما هي المادة التي تشتق منها الهرمونات الأمينية؟,التيروسين,التيروزين,التيروسين,التيروزين,0.8978787660598755,0.7892869114875793,0.8400881290435791,Correct
723,كيف يؤدي التأثير الحاصر غير المباشر تأثيره على الجهاز العصبي المستقل؟,عن طريق منع تحلل الأستيل كولين,إنقاص فعالية العصبون قبل المشبكي,عن طريق منع تحلل الأستيل كولين,إنقاص فعالية العصبون قبل المشبكي,0.5968129634857178,0.5241167545318604,0.5581075549125671,Incorrect
724,ما هو الطريق الهندسي الذي يمكن للضوء أن يقطعه في الخلاء مضروبا بقرينة انكسار الوسط؟,الطريق البصري,المسار الضوئي,الطريق البصري,المسار الضوئي,0.753687858581543,0.7107792496681213,0.7316049933433533,Correct
725,ما هي الألياف العصبية التي تتميز بالنقل القفزي؟,الألياف العصبية الميالينية,الألياف المغمدة بالنخاعين,الألياف العصبية الميالينية,الألياف المغمدة بالنخاعين,0.799985408782959,0.7409055233001709,0.769312858581543,Correct
726,ما هو الكمون تقريباً عندما يتكون الليف نفوذ لشوارد البوتاسيوم فقط؟,-90 ميلي فولت,سالب 94 ميلي فولط,-90 ميلي فولت,سالب 94 ميلي فولط,0.7186741828918457,0.7360901832580566,0.7272778749465942,Incorrect
727,ماذا ينقص في حال نقص المتناول من الماء؟,جفاف,حجم البول,جفاف,حجم البول,0.6424009799957275,0.6408929824829102,0.6416460871696472,Incorrect
728,ما هو الجزء الذي يملك فعالية ATPase؟,رأس الميوزين,رأس الميوزين,رأس الميوزين,رأس الميوزين,1.000000238418579,1.000000238418579,1.000000238418579,Correct
729,أين يوجد مركز العطش؟,الوطاء,الوطاء,الوطاء,الوطاء,0.9999997615814209,0.9999997615814209,0.9999997615814209,Correct
730,أين يحدث الامتصاص بشكل رئيسي؟,الأمعاء الدقيقة,أمعاء دقيقة,الأمعاء الدقيقة,أمعاء دقيقة,0.8942386507987976,0.8942386507987976,0.8942386507987976,Correct
731,ما هو الناقل العصبي الذي تحرره الألياف قبل العقدية في القسمين الودي ونظير الودي؟,أستيل كولين,الأستيل كولين,أستيل كولين,الأستيل كولين,0.9113500118255615,0.9113500118255615,0.9113500118255615,Correct
732,ما هو الصوت الذي يسمع عند بدء الانبساط البطيني؟,الصوت القلبي الثاني,الثاني,الصوت القلبي الثاني,الثاني,0.46565723419189453,0.7453851699829102,0.5732152462005615,Correct
733,ما الذي يُنقص الإفراز المعدي؟,السوماتوستاتين,السكرتين,السوماتوستاتين,السكرتين,0.6141447424888611,0.7143799066543579,0.6604810357093811,Incorrect
734,كيف يتم إلغاء التأثير التثبيطي للتروبونين؟,ارتباط الكالسيوم بالتروبونين C,الكالسيوم,ارتباط الكالسيوم بالتروبونين C,الكالسيوم,0.5096078515052795,0.5718364119529724,0.5389317274093628,Correct
735,ما هي الوظائف التي يتآزر فيها القسمين الودّي ونظير الودّي للجهاز العصبي المستقل؟,تنظيم ضغط الدم، تنظيم درجة حرارة الجسم، التحكم في المثانة والأمعاء,تنظيم إفراز اللعاب,تنظيم ضغط الدم، تنظيم درجة حرارة الجسم، التحكم في المثانة والأمعاء,تنظيم إفراز اللعاب,0.5451786518096924,0.543115496635437,0.5441451072692871,Incorrect
736,ماذا يؤدي نقص تركيز الأوكسجين في الأسناخ؟,تضيق الأوعية الرئوية,تقبض الأوعية الدموية لهذه الأسناخ.,تضيق الأوعية الرئوية,تقبض الأوعية الدموية لهذه الأسناخ.,0.7082797884941101,0.6071367263793945,0.6538197994232178,Correct
737,ما هي الظاهرة التي تحدث عندما تتجمع المراكز المثارة ويستطيع الإشعاع أن ينتشر مرات كثيرة؟,ظاهرة الليزر,الانتثار المتعدد,ظاهرة الليزر,الانتثار المتعدد,0.598272442817688,0.5870348811149597,0.592600405216217,Incorrect
738,ما هو المسؤول عن تحفيز تحرر الكالسيوم من الشبكة الهيولية؟,مستقبل الريانودين,كامن الفعل,مستقبل الريانودين,كامن الفعل,0.43503743410110474,0.4881562888622284,0.4600686728954315,Incorrect
739,ما هي آلية عمل الحاصرات الغير مباشرة في الجهاز العصبي المستقل؟,منع تحرير النواقل العصبية,تنقص فعالية العصبون قبل المشبكي,منع تحرير النواقل العصبية,تنقص فعالية العصبون قبل المشبكي,0.6094031929969788,0.5539909601211548,0.5803773999214172,Correct
740,ما هو نمط المستقبلات الموجودة في العضو؟,مستقبلات حسية ميكانيكية,إرخاء مصرة المثانة,مستقبلات حسية ميكانيكية,إرخاء مصرة المثانة,0.5683803558349609,0.5510764122009277,0.5595946311950684,Incorrect
741,ما الذي يؤدي إلى انخفاض ضغط الدم عند زيادته؟,الأدوية الخافضة للضغط,قطر الاوعية الدموية,الأدوية الخافضة للضغط,قطر الاوعية الدموية,0.5399786829948425,0.5109490156173706,0.5250629782676697,Incorrect
742,ما هي الحالات التي تنقص فيها سرعة موجة النبض؟,تصلب الشرايين، ارتفاع ضغط الدم، الشيخوخة,بازدياد المرونة.,تصلب الشرايين، ارتفاع ضغط الدم، الشيخوخة,بازدياد المرونة.,0.4668087363243103,0.4804880917072296,0.47354963421821594,Incorrect
743,ما هي الخلايا التي تستجيب للعصبونات بعد العقد اللاودية؟,خلايا العضلات الملساء، خلايا الغدد، خلايا القلب,الأستيل كولين,خلايا العضلات الملساء، خلايا الغدد، خلايا القلب,الأستيل كولين,0.45944491028785706,0.4547596275806427,0.45709025859832764,Incorrect
744,ما هو الجزء من النفرون الكتيم تماماً للماء؟,الجزء الصاعد السميك من عروة هنلي,الجزء الصاعد من عروة هانله,الجزء الصاعد السميك من عروة هنلي,الجزء الصاعد من عروة هانله,0.7900522947311401,0.8663665056228638,0.8264514207839966,Correct
745,أين يتم تخرب الكريات الحمر بشكل رئيسي؟,الطحال,الطحال,الطحال,الطحال,0.9999995231628418,0.9999995231628418,0.9999995231628418,Correct
746,ما هو العامل الأساسي الذي يحدد ارتباط الخضاب بالأوكسجين؟,الضغط الجزئي للأوكسجين,ضغط الأوكسجين في الدم.,الضغط الجزئي للأوكسجين,ضغط الأوكسجين في الدم.,0.7295624017715454,0.6070759296417236,0.6627069711685181,Correct
747,ما هو العامل الذي تفرزه الكلية ويؤثر في تشكيل الكريات الحمر؟,الإريثروبويتين,التروميو موديولين,الإريثروبويتين,التروميو موديولين,0.6864447593688965,0.7477725744247437,0.715797483921051,Incorrect
748,إلام يؤدي زيحان منحنى تفارق الأكسجين الخضاب نحو اليمين؟,نقص ألفة الخضاب للأكسجين,نقص النسبة المئوية لإشباع الخضاب بالأكسجين,نقص ألفة الخضاب للأكسجين,نقص النسبة المئوية لإشباع الخضاب بالأكسجين,0.7110234498977661,0.7073193788528442,0.7091665863990784,Correct
749,ما الذي يشكل غمد النخاعين في الجهاز العصبي المركزي؟,الخلايا الدبقية قليلة التغصن,الخلايا الدبقية قليلة التغصنات,الخلايا الدبقية قليلة التغصن,الخلايا الدبقية قليلة التغصنات,0.9216596484184265,0.9310357570648193,0.9263239502906799,Correct
750,ما الذي يثبط إفراز الـ FSH؟,الإنهيبين,البروجسترون,الإنهيبين,البروجسترون,0.5203930139541626,0.6064414381980896,0.5601317882537842,Incorrect
751,ماذا تمثل الموجة QRS؟,إزالة استقطاب البطينين,زوال استقطاب البطينين,إزالة استقطاب البطينين,زوال استقطاب البطينين,0.8512698411941528,0.89103102684021,0.8706967234611511,Correct
752,ما الذي يعتمد عليه هرمون النمو في تأثيره على الخلية الهدف؟,مستقبلات سطح الخلية,السوماتوميدين,مستقبلات سطح الخلية,السوماتوميدين,0.48201119899749756,0.6069493889808655,0.5373131036758423,Incorrect
753,ما الذي يضمن سرعة توصيل كامن الفعل إلى جميع أنحاء الليف العضلي؟,الأنابيب المستعرضة,انابيب المستعرضة,الأنابيب المستعرضة,انابيب المستعرضة,0.9262365102767944,0.9262365102767944,0.9262365102767944,Correct
754,ما الذي يسمع بوضوح في الحالة الطبيعية للإنسان؟,صوت القلب الأول والثاني,الصوتان الأول و الثاني,صوت القلب الأول والثاني,الصوتان الأول و الثاني,0.7162401676177979,0.6908871531486511,0.7033352255821228,Correct
755,ماذا يحدث لمعدل الترشيح الكبيبي عندما يصبح ضغط الدم 100 ممز؟,يقل,يبقي ثابتا,يقل,يبقي ثابتا,0.5413733124732971,0.5210093259811401,0.5309960842132568,Incorrect
756,ما هو المستوى الذي يعد عليه تنظيم الضغط الشرياني؟,جذع الدماغ,الأجهزة,جذع الدماغ,الأجهزة,0.568308413028717,0.5460875034332275,0.5569764375686646,Incorrect
757,ما الذي يثبط فعالية جهاز الهضم؟,الجهاز العصبي الودي,التنبيه اللاودي.,الجهاز العصبي الودي,التنبيه اللاودي.,0.5627949237823486,0.5233160257339478,0.542337954044342,Incorrect
758,ما هي الأسباب التي تُعزى إليها ظاهرة الانتشار الخلفي المترابط؟,التشتت، الانعكاس، الامتصاص، الانكسار,تموضع ضعيف,التشتت، الانعكاس، الامتصاص، الانكسار,تموضع ضعيف,0.46491461992263794,0.5508388876914978,0.5042425394058228,Incorrect
759,ما الذي يحدث مباشرة قبل صوت القلب الثاني؟,إغلاق الصمامين الأبهري والرئوي,الموجة T.,إغلاق الصمامين الأبهري والرئوي,الموجة T.,0.42008817195892334,0.4056301712989807,0.4127326011657715,Incorrect
760,ما هو الأنزيم المعوي الذي يحول مولد التربسين إلى تربسين؟,إنتروكيناز,الإنتيروكيناز,إنتروكيناز,الإنتيروكيناز,0.7057144641876221,0.6784090995788574,0.6917924284934998,Correct
761,ما هي أهمية التأخير الذي يحدث أثناء مرور كامن الفعل في العقدة الأذينية البطينية؟,إعطاء وقت لملء البطينين,كل ما سبق صحيح.,إعطاء وقت لملء البطينين,كل ما سبق صحيح.,0.40809163451194763,0.357761412858963,0.38127273321151733,Incorrect
762,ما هو سبب ظهور طور الهضبة في كامن فعل العضلة القلبية؟,تدفق الكالسيوم للداخل,دخول شوارد الكالسيوم.,تدفق الكالسيوم للداخل,دخول شوارد الكالسيوم.,0.5988885164260864,0.6094681620597839,0.6041320562362671,Correct
763,ما الأقنية التي يسبب انتفاحها بطور الهضبة في كمون عمل الليف العضلي القلبي؟,أقنية الكالسيوم من النوع L,الكالسيوم,أقنية الكالسيوم من النوع L,الكالسيوم,0.5113590955734253,0.5811810493469238,0.5440390110015869,Correct
764,ما هو المخطط الذي عبارة عن صندوق ذو قرنين ممتدين بشكل موازي للمحور الشاقولي الذي تتوزع عليه القياسات؟,مخطط الصندوق والشارب,المخطط الصندوقي,مخطط الصندوق والشارب,المخطط الصندوقي,0.6791446805000305,0.7337866425514221,0.705409049987793,Correct
765,ما هو المقياس الذي يسمح بترتيب السمات دون اعتبار لتساوي الفروق بين أي رتبتين؟,المقياس الترتيبي,الرتبي,المقياس الترتيبي,الرتبي,0.6226359605789185,0.6429470777511597,0.6326285004615784,Correct
766,ماذا يعني أن تكون قيمة معامل الارتباط تساوي −0.92؟,ارتباط سلبي قوي جداً,وجود علاقة عكسية قوية,ارتباط سلبي قوي جداً,وجود علاقة عكسية قوية,0.6490591168403625,0.6834505796432495,0.6658110022544861,Correct
767,ما هي مصادر البيانات السكانية؟,التعداد السكاني، التسجيل الحيوي، المسوحات السكانية,التعداد ومسوح العينة والسجلات السكانية,التعداد السكاني، التسجيل الحيوي، المسوحات السكانية,التعداد ومسوح العينة والسجلات السكانية,0.6498380303382874,0.7252336144447327,0.685468852519989,Correct
768,ماذا نحصل عليه بعد تحديد مجتمع الدراسة والعينة وقياس قيم المتغير على أفراد العينة؟,البيانات,البيانات الخام,البيانات,البيانات الخام,0.7903339862823486,0.730689525604248,0.75934237241745,Incorrect
769,ما هو نوع المتغير الذي يمثله عدد الكريات الحمر؟,متغير كمي مستمر,عشوائي منفصل,متغير كمي مستمر,عشوائي منفصل,0.5338562726974487,0.5338562726974487,0.5338562726974487,Incorrect
770,ما هو المقياس الذي تكون فيه قيمة الصفر نسبية وليست مطلقة؟,مقياس الفترة,المقياس الفتروي,مقياس الفترة,المقياس الفتروي,0.6718511581420898,0.6718511581420898,0.6718511581420898,Correct
771,ما هو مخطط تنظيم البيانات الذي يشبه أسلوب الجداول التكرارية والأعمدة؟,المدرج التكراري,مخطط الساق والورقة,المدرج التكراري,مخطط الساق والورقة,0.6026672124862671,0.5940970778465271,0.5983514785766602,Incorrect
772,ما هو التوقع الرياضي للعدد الثابت؟,العدد الثابت نفسه,العدد الثابت ذاته,العدد الثابت نفسه,العدد الثابت ذاته,0.9763227701187134,0.9763227701187134,0.9763227105140686,Correct
773,ما هو التوزيع المستخدم من أجل اختبار الفروض حول معامل الارتباط الخطي؟,توزيع ت,ستيودنت بدرجة حرية n-2,توزيع ت,ستيودنت بدرجة حرية n-2,0.37855634093284607,0.38874781131744385,0.3835843801498413,Correct
774,ما هو الإحصاء الذي يسعى لعرض وتوضيح سلوك الظاهرة؟,الإحصاء الوصفي,إحصاء وصفي,الإحصاء الوصفي,إحصاء وصفي,0.8378585577011108,0.8378585577011108,0.8378584980964661,Correct
775,ما هو الغرض الرئيسي من حساب معامل الارتباط الخطي؟,قياس قوة واتجاه العلاقة الخطية بين متغيرين,قياس قوة العلاقة الخطية بين متغيرين,قياس قوة واتجاه العلاقة الخطية بين متغيرين,قياس قوة العلاقة الخطية بين متغيرين,0.9251149892807007,0.9720290899276733,0.9479920268058777,Correct
776,ما هو الخط المنكسر الذي يصل النقاط التي فواصلها مراكز الفئات وترتيبها تكرارات الفئات؟,المضلع التكراري,المضلع التكراري,المضلع التكراري,المضلع التكراري,1.0,1.0,1.0,Correct
777,من أين نحصل على المصادر الداخلية لجمع البيانات؟,السجلات الطبية للمرضى,داخل الشركة أو المؤسسة,السجلات الطبية للمرضى,داخل الشركة أو المؤسسة,0.6198381185531616,0.546917200088501,0.5810989141464233,Incorrect
778,ما هو الإحصاء؟,علم جمع وتحليل وتفسير البيانات,أي دالة في العينة لا تتبع وسيط مجهول,علم جمع وتحليل وتفسير البيانات,أي دالة في العينة لا تتبع وسيط مجهول,0.4674120545387268,0.5103226900100708,0.4879257380962372,Incorrect
779,ماذا يحتسب اليوم إذا قُبل المريض في يوم وتخرج في نفس اليوم؟,يوم واحد,مدة استشفاء,يوم واحد,مدة استشفاء,0.5371996164321899,0.4951513409614563,0.5153191089630127,Incorrect
780,ما هي طريقة جمع البيانات التي تتناسب مع الأطفال؟,الملاحظة,الملاحظة,الملاحظة,الملاحظة,0.9999996423721313,0.9999996423721313,0.9999996423721313,Correct
781,ما هي الدراسات التي بحكم الميدان تنفيذ العمل وجمع البيانات؟,الدراسات الميدانية,الدراسات الكيفية,الدراسات الميدانية,الدراسات الكيفية,0.8032938838005066,0.8032938838005066,0.8032938838005066,Incorrect
782,ما هو الغرض من استخدام الجداول التكرارية؟,تنظيم البيانات وتلخيصها,البيانات الوصفية والكمية,تنظيم البيانات وتلخيصها,البيانات الوصفية والكمية,0.5856859683990479,0.6437097787857056,0.6133285760879517,Incorrect
783,ما هما نوعا البيانات الموجودان؟,بيانات نوعية وكمية,كمية ووصفية,بيانات نوعية وكمية,كمية ووصفية,0.5941976308822632,0.5377183556556702,0.5645488500595093,Correct
784,ما الذي تعطينا إياه دالة التوزيع الاحتمالي المتجمع؟,احتمال أن يكون المتغير العشوائي أقل من أو يساوي قيمة معينة,احتمال ان ياخد المتغير العشوائى x قيمه اقل او تساوى قيمه محددة,احتمال أن يكون المتغير العشوائي أقل من أو يساوي قيمة معينة,احتمال ان ياخد المتغير العشوائى x قيمه اقل او تساوى قيمه محددة,0.8753403425216675,0.8290686011314392,0.8515763878822327,Correct
785,كل متى يتكرر التعداد السكاني عادة؟,كل عشر سنوات,عشرة أعوام,كل عشر سنوات,عشرة أعوام,0.6180565357208252,0.6412163972854614,0.6294234991073608,Correct
786,ما هو الفارق في عدد السكان بين تعدادين متعاقبين تفصلهما فترة معينة كعشر سنوات؟,النمو السكاني,التغير المطلق,النمو السكاني,التغير المطلق,0.6622068285942078,0.6622068285942078,0.6622068285942078,Incorrect
787,ما هو المسجل الذي يهدف إلى تجميع المعلومات عن المرضى؟,السجل السريري,السجلات الطبية,السجل السريري,السجلات الطبية,0.7371886372566223,0.6763368844985962,0.7054529190063477,Correct
788,ما هي من أقدم الطرق المستخدمة لجمع البيانات لمراقبة الكثير من الظواهر لا سيما التي يصعب السؤال عنها؟,الملاحظة,الملاحظة أو المشاهدة,الملاحظة,الملاحظة أو المشاهدة,0.8197513222694397,0.6629840135574341,0.7330802083015442,Correct
789,ما هو المقياس المستخدم لوصف حالة التدخين (مدخن - غير مدخن)؟,مقياس برينر,الاسمي,مقياس برينر,الاسمي,0.5400670766830444,0.5902218222618103,0.564031720161438,Incorrect
790,ما هي الطريقة التي يتم بها الحصول على بيانات تتعلق بضغط الدم وسرعة نبضات القلب ونسبة الكوليسترول في الدم لعينة من المرضى خلال فترة أسبوع؟,دراسة مقطعية,التسجيل,دراسة مقطعية,التسجيل,0.46753576397895813,0.5678630471229553,0.5128386616706848,Incorrect
791,ما هي وظائف السجلات الطبية؟,توثيق رعاية المرضى، التواصل، التخطيط، البحث، التعليم، التقييم، الجوانب القانونية,ترميز الامراض والعمليات .,توثيق رعاية المرضى، التواصل، التخطيط، البحث، التعليم، التقييم، الجوانب القانونية,ترميز الامراض والعمليات .,0.49776238203048706,0.532525360584259,0.514557421207428,Incorrect
792,ما هو المقياس الذي يمكن استخدام الطرق الإحصائية الوسيطية فيه؟,المقياس الفتري,النسبي,المقياس الفتري,النسبي,0.5732391476631165,0.6792269945144653,0.6217485070228577,Incorrect
793,ما هو التوزيع الذي يتبعه مربع المتغير العشوائي Z² إذا كان للمتغير العشوائي Z توزيع طبيعي معياري؟,توزيع كاي تربيع,توزيع كاي مربع بدرجة حرية واحدة,توزيع كاي تربيع,توزيع كاي مربع بدرجة حرية واحدة,0.5916839838027954,0.5057358741760254,0.5453442931175232,Incorrect
794,ما هي المنظمة التي وضعت التصنيف الدولي للأمراض؟,منظمة الصحة العالمية,منظمة الصحة العالمية .,منظمة الصحة العالمية,منظمة الصحة العالمية .,0.9338086247444153,0.8028702735900879,0.8634033799171448,Correct
795,ما هي الجهة المسؤولة عن السجلات الطبية؟,إدارة المعلومات الصحية,قسم السجلات الطبية في المشفى,إدارة المعلومات الصحية,قسم السجلات الطبية في المشفى,0.7355533838272095,0.7128516435623169,0.7240245938301086,Correct
796,ما هو التوقع الرياضي لمتحول عشوائي يخضع لتوزيع برنولي؟,p,P,p,P,0.9492715001106262,0.9492715001106262,0.9492715001106262,Correct
797,ما هو التصنيف الدولي للأمراض؟,تصنيف إحصائي للأمراض والمشاكل الصحية ذات الصلة,ثلاثة أجزاء .,تصنيف إحصائي للأمراض والمشاكل الصحية ذات الصلة,ثلاثة أجزاء .,0.4942873418331146,0.3808894455432892,0.43024182319641113,Incorrect
798,ما هو المستقيم الذي يكون منحنى التوزيع الطبيعي المعياري مناظراً حوله؟,المحور الصادي,x=0,المحور الصادي,x=0,0.45187079906463623,0.5977334976196289,0.5146669149398804,Incorrect
799,ما هي أيام الخدمة الإجمالية للمرضى الداخليين؟,أيام المريض,مجموع خدمة جميع المرضى الداخليين خلال مدة معينة,أيام المريض,مجموع خدمة جميع المرضى الداخليين خلال مدة معينة,0.47348886728286743,0.4261820614337921,0.4485917091369629,Incorrect
800,ما هي قيمة معامل التجديد؟,0 إلى 1,مربع معامل الارتباط الخطي,0 إلى 1,مربع معامل الارتباط الخطي,0.43561556935310364,0.3850046992301941,0.40874943137168884,Incorrect
801,ما هي وحدة المعاينة؟,العينة,عنصر من العينة,العينة,عنصر من العينة,0.7749143838882446,0.6667056679725647,0.7167488932609558,Incorrect
802,ما هو الجدول التكراري الذي يضم عدد البيانات في فئة معينة وكل الفئات التي تسبقها؟,التكرار التراكمي,تكرار المجتمع الصاعد,التكرار التراكمي,تكرار المجتمع الصاعد,0.6966602802276611,0.6324055194854736,0.6629796624183655,Correct
803,ما هو معدل الوفيات في المشفى؟,معدل الوفيات الخام,عدد الوفيات خلال فترة زمنية محددة على عدد المتخرجين والوفيات في نفس الفترة مضروب بـ 100,معدل الوفيات الخام,عدد الوفيات خلال فترة زمنية محددة على عدد المتخرجين والوفيات في نفس الفترة مضروب بـ 100,0.5914733409881592,0.4734220504760742,0.5259042382240295,Incorrect
804,ما هو متوسط التوزيع الاحتمالي في تجربة رمي قطعة نقود 3 مرات متتالية حيث x تدل على عدد ظهور H؟,1.5,1.5,1.5,1.5,1.000000238418579,1.000000238418579,1.000000238418579,Correct
805,ما هو المجتمع الإحصائي (الجمهرة)؟,مجموعة كاملة من العناصر أو الأفراد,التي تشترك فيما بينها ببعض الخواص والمميزات,مجموعة كاملة من العناصر أو الأفراد,التي تشترك فيما بينها ببعض الخواص والمميزات,0.5529056191444397,0.44392168521881104,0.49245601892471313,Correct
806,ما هو الرسم البياني الذي يتكون من مجموعة من الأعمدة المتجاورة المقامة على المحور الأفقي الذي تمثل عليه حالات الصفة المدروسة عندما تكون البيانات وصفية وفترات الفئات عندما تكون البيانات كمية ويساوي ارتفاع كل عمود تكرارات الفئة المقام عليها؟,المدرج التكراري,المدرج التكراري,المدرج التكراري,المدرج التكراري,0.9999997615814209,0.9999997615814209,0.9999997615814209,Correct
807,ما هي طريقة جمع البيانات التي من أمثلتها قياس شدة تأثير نوع من الهرمونات في مجموعة من الفئران؟,التجربة,التجربة,التجربة,التجربة,1.0,1.0,1.0,Correct
808,ما نوع المتغير الذي يمثله طول شخص بالغ وقياس السكر في الدم؟,متغير كمي مستمر,عشوائي مستمر,متغير كمي مستمر,عشوائي مستمر,0.5498275756835938,0.5498275756835938,0.5498275756835938,Correct
809,متى يكون المجتمع غير متجانس في العينة غير العشوائية؟,عند وجود اختلافات كبيرة بين أفراد المجتمع,الحصصية,عند وجود اختلافات كبيرة بين أفراد المجتمع,الحصصية,0.35922157764434814,0.41938358545303345,0.38697826862335205,Incorrect
810,ما الذي يعتمد عليه توزيع ستيودنت؟,درجات الحرية,درجة الحرية,درجات الحرية,درجة الحرية,0.8456650972366333,0.8079189658164978,0.8263612389564514,Correct
811,ما هي محتويات السجل الطبي؟,معلومات المريض، التاريخ الطبي، نتائج الفحوصات، التشخيص، خطة العلاج، الملاحظات السريرية,صفحة الموافقة على العلاج,معلومات المريض، التاريخ الطبي، نتائج الفحوصات، التشخيص، خطة العلاج، الملاحظات السريرية,صفحة الموافقة على العلاج,0.47226107120513916,0.4556211233139038,0.4637919068336487,Incorrect
812,ما هو التصنيف الدولي للأمراض وما الغرض من الرموز والأرقام المستخدمة فيه؟,تصنيف الأمراض والوفيات لأغراض إحصائية ووبائية,عن الامراض .,تصنيف الأمراض والوفيات لأغراض إحصائية ووبائية,عن الامراض .,0.4177488684654236,0.541452169418335,0.47162380814552307,Incorrect
813,ما نوع العينة التي نسحبها إذا كنا أمام مجتمع غير متجانس؟,عينة طبقية,طبقية,عينة طبقية,طبقية,0.7574042081832886,0.7856079339981079,0.7712482810020447,Correct
814,ما هو الغرض من استخدام الجداول التكرارية في عرض البيانات؟,تنظيم وتلخيص البيانات,الكمية والاسمية,تنظيم وتلخيص البيانات,الكمية والاسمية,0.5530403852462769,0.5704033374786377,0.5615876913070679,Incorrect
815,ما هي الطريقة التي يتم بها الحصول على بيانات تتعلق بضغط الدم ونسبة الكوليسترول بالدم لعينة من المرضى خلال فترة زمنية معينة؟,دراسة طولية,الملاحظة أو المشاهدة,دراسة طولية,الملاحظة أو المشاهدة,0.629475474357605,0.5943417549133301,0.611404299736023,Incorrect
816,ما هي أعلى مستويات القياس؟,مقياس النسبة,المقياس الرتبي,مقياس النسبة,المقياس الرتبي,0.774449348449707,0.774449348449707,0.774449348449707,Incorrect
817,ما هو الهدف من تغيير الطرائق في الدراسات بالنسبة للبيانات؟,تحسين جودة البيانات,أفضل دقة ممكنة,تحسين جودة البيانات,أفضل دقة ممكنة,0.553166389465332,0.6372278928756714,0.5922290682792664,Correct
818,ما هي طريقة جمع البيانات التي تمتاز بالتكلفة العالية؟,المقابلات الشخصية,المقابلة الشخصية,المقابلات الشخصية,المقابلة الشخصية,0.8956074714660645,0.8522928357124329,0.8734135031700134,Correct
819,ما هو الفارق في عدد السكان بين تعدادين متعاقبين تفصلهما فترة معينة كعشر سنوات؟,النمو السكاني,التغير المطلق,النمو السكاني,التغير المطلق,0.6622068285942078,0.6622068285942078,0.6622068285942078,Incorrect
820,ما هو الجزء من الإحصاء الذي يعنى بوصف طبيعة وسلوك الظاهرة المدروسة وعرضها؟,الإحصاء الوصفي,الإحصاء الوصفي,الإحصاء الوصفي,الإحصاء الوصفي,0.9999998807907104,0.9999998807907104,0.9999998807907104,Correct
821,ما هي الفئة التي تشكل قاعدة الهرم السكاني؟,صغار السن,الأطفال,صغار السن,الأطفال,0.7386441230773926,0.7428784370422363,0.7407552599906921,Correct
822,ما هي فرضية العدم لاختبار الفرضيات حول معامل الارتباط الخطي لبيرسون؟,لا يوجد ارتباط خطي,قيمة معامل ارتباط المجتمع تساوي الصفر,لا يوجد ارتباط خطي,قيمة معامل ارتباط المجتمع تساوي الصفر,0.5532602071762085,0.5406427979469299,0.5468786954879761,Correct
823,ما هو التكرار المتجمع الهابط لفئة معينة؟,عدد القيم الأكبر من الحد الأعلى للفئة,عدد البيانات في الفئة والفئات التي تليها,عدد القيم الأكبر من الحد الأعلى للفئة,عدد البيانات في الفئة والفئات التي تليها,0.5084662437438965,0.6228885650634766,0.5598912239074707,Incorrect
824,ما هو التوزيع الذي تتبعه التجربة الثنائية الوحيدة؟,توزيع برنولي,البرنولي,توزيع برنولي,البرنولي,0.6983383297920227,0.787055492401123,0.7400475144386292,Correct
825,ما هو نتاج العوامل المؤثرة في النمو السكاني من مواليد ووفيات وهجرة؟,التغير السكاني,التركيب العمري,التغير السكاني,التركيب العمري,0.729229211807251,0.729229211807251,0.729229211807251,Incorrect
826,ما هو المقياس المستخدم لقياس خضاب الدم؟,غرام لكل ديسيلتر,النسبي,غرام لكل ديسيلتر,النسبي,0.49626991152763367,0.43827521800994873,0.46547308564186096,Incorrect
827,ما هو نوع المصدر الذي تمثله البيانات التي نحصل عليها من الشركة أو المؤسسة من واقع مستنداتها وسجلاتها وفواتيرها وتقاريرها الدورية؟,بيانات داخلية,داخلي,بيانات داخلية,داخلي,0.6382139325141907,0.707271933555603,0.6709706783294678,Correct
828,ما هي الجهة المسؤولة عن السجلات الطبية؟,إدارة المعلومات الصحية,قسم السجلات الطبيه فى المشفى,إدارة المعلومات الصحية,قسم السجلات الطبيه فى المشفى,0.7355533838272095,0.7128516435623169,0.7240245938301086,Correct
829,ما هو نوع الإحصاء الذي يتضمن جمع البيانات وتنظيمها وتوصيفها وتبويبها وتلخيصها؟,الإحصاء الوصفي,الوصفي,الإحصاء الوصفي,الوصفي,0.691408097743988,0.7298036813735962,0.7100872993469238,Correct
830,ما نوع العينة التي تمثلها مجموعة من المرضى الذين يراجعون طبيباً معيناً عندما يجري عليهم دراسة؟,عينة ملائمة,مصادفة,عينة ملائمة,مصادفة,0.6314002275466919,0.6366642713546753,0.6340213418006897,Incorrect
831,ما نوع العلاقة إذا كانت قيمة بيرسون R=0.92؟,علاقة طردية قوية جداً,طردية قوية,علاقة طردية قوية جداً,طردية قوية,0.6431697010993958,0.5832976698875427,0.6117722988128662,Correct
832,ما هي وحدة المعاينة؟,العينة,عنصر من العينة,العينة,عنصر من العينة,0.7749143838882446,0.6667056679725647,0.7167488932609558,Incorrect
833,ما هي الطريقة التي يتم بها الحصول على بيانات تتعلق بضغط الدم وسرعة نبضات القلب ونسبة الكولسترول في الدم لعينة من المرضى خلال فترة أسبوع؟,دراسة مقطعية,الملاحظة أو المشاهدة,دراسة مقطعية,الملاحظة أو المشاهدة,0.6070694327354431,0.5846055746078491,0.5956258177757263,Incorrect
834,ما نوع الارتباط بين المتغير العشوائي X والمتغير التابع Y إذا كان تزايد X يؤدي إلى تزايد Y؟,ارتباط إيجابي,إيجابي,ارتباط إيجابي,إيجابي,0.685704231262207,0.7516340613365173,0.7171570658683777,Correct
835,"ماذا تعبر عنه العبارة ""احتمال أي حدث لا يزيد عن الواحد""؟",مسلمة الاحتمال,المسلمة الاحتمالية,مسلمة الاحتمال,المسلمة الاحتمالية,0.6345702409744263,0.627898097038269,0.6312165260314941,Correct
836,ما تسمى الظاهرة التي يحدث فيها انحدار معدل أطوال الأبناء من معامل المجتمع؟,الانحدار نحو المتوسط,الانحدار نحو المعدل,الانحدار نحو المتوسط,الانحدار نحو المعدل,0.8949537873268127,0.8949537873268127,0.8949537873268127,Correct
837,ما هي التقديرات التي تستخدم لتقدير نسبة النجاح لمجتمع؟,تقديرات النقطة والفاصلة,التقدير النقطي,تقديرات النقطة والفاصلة,التقدير النقطي,0.6689579486846924,0.7503776550292969,0.7073325514793396,Incorrect
838,ما نوع المتغير العشوائي الذي يدل على عدد القذفات عند قذف قطعة نقود حتى يظهر الوجه H للمرة الأولى؟,متغير عشوائي هندسي,متقطع قيمة الاعداد الطبيعية,متغير عشوائي هندسي,متقطع قيمة الاعداد الطبيعية,0.5266771912574768,0.48590394854545593,0.5054696798324585,Correct
839,ما هو متوسط عدد الأطفال الذي يمكن أن تنجبهم المرأة أحياء إذا أمضت حياتها منذ ميلادها بما يتماشى مع معدلات الخصوبة العمرية في سنة معينة؟,معدل الخصوبة الكلي,معدل الخصوبة الكلية,معدل الخصوبة الكلي,معدل الخصوبة الكلية,0.8632299900054932,0.8033747673034668,0.8322275280952454,Correct
840,ما هي الطريقة التي تمكننا من مراقبة رد الفعل على بعض الأسئلة والحصول على إجابات دقيقة؟,الاستبيان,المواجهة,الاستبيان,المواجهة,0.149990513920784,0.12152038514614105,0.1342627853155136,Incorrect
841,ما هو نوع البيانات المستخدمة لإنشاء الجدول التكراري؟,بيانات كمية,كمية و وصفية,بيانات كمية,كمية و وصفية,0.7041561603546143,0.6549133658409119,0.6786426305770874,Incorrect
842,ما هي طبيعة الأفراد أو العناصر التي تشكل المجتمع الإحصائي؟,مجموعة من الكيانات ذات الخصائص المشتركة,التي تشترك فيما بينها ببعض الخواص والمميزات,مجموعة من الكيانات ذات الخصائص المشتركة,التي تشترك فيما بينها ببعض الخواص والمميزات,0.6078569293022156,0.4681226909160614,0.5289164185523987,Correct
843,ما هو عدد الكريات الحمر في الجسم؟,4.5-5.5 مليون/ميكروليتر,عشوائي منفصل,4.5-5.5 مليون/ميكروليتر,عشوائي منفصل,0.4726090431213379,0.386077880859375,0.42498353123664856,Incorrect
844,ما هو معدل وفيات الأمهات الذي يحسب بقسمة عدد الوفيات لدى النساء الحوامل التي حدثت أثناء الحمل أو الولادة أو النفاس على عدد المواليد الأحياء خلال نفس السنة مضروباً في 100000؟,معدل وفيات الأمهات,معدل وفيات الأمهات,معدل وفيات الأمهات,معدل وفيات الأمهات,1.0,1.0,1.0,Correct
845,ما هي المعدلات التي يكون تركيزها على معدلات الخصوبة لفئة معينة من العمر لغرض المقارنة على امتداد زمن ما ودراسة الفروق في ظاهرة الخصوبة بمختلف الأعمار؟,معدلات الخصوبة العمرية النوعية,معدل الخصوبة العمري,معدلات الخصوبة العمرية النوعية,معدل الخصوبة العمري,0.6962412595748901,0.7844524383544922,0.7377192974090576,Correct
846,ما هي العلاقة بين المتغيرين عندما يؤدي تزايد المتغير العشوائي x إلى تناقص المتغير التابع y؟,علاقة عكسية,سلبي,علاقة عكسية,سلبي,0.44854575395584106,0.5010232329368591,0.4733344316482544,Correct
847,ما هو المقياس المستخدم لوصف حالة التدخين (مدخن / غير مدخن)؟,مقياس برينر,مقياس اسمي,مقياس برينر,مقياس اسمي,0.6344593167304993,0.7051701545715332,0.6679485440254211,Incorrect
848,ما هي الشروط التي يجب توفرها في مجموعة من المتغيرات العشوائية لتشكل عينة عشوائية؟,مستقلة ومتطابقة التوزيع,مستقلة ولها قانون التوزيع نفسه,مستقلة ومتطابقة التوزيع,مستقلة ولها قانون التوزيع نفسه,0.7423993945121765,0.6477401852607727,0.6918469667434692,Correct
849,ما هو المستوى الذي يمكن حساب فيه المتوسطات والانحرافات المعيارية ومقاييس العلاقة الخطية؟,المستوى الفتري والنسبي,العنقودي,المستوى الفتري والنسبي,العنقودي,0.5708597302436829,0.5633902549743652,0.5671004056930542,Incorrect
850,كم يتراوح عدد الفئات غالباً؟,6-12,بين 5 و15 فئة,6-12,بين 5 و15 فئة,0.4665737748146057,0.4185015559196472,0.44123217463493347,Incorrect
851,ما هي فرضية العدم لاختبار الفرضيات حول معامل الارتباط الخطي لبيرسون؟,لا يوجد ارتباط خطي,قيمة معامل ارتباط المجتمع تساوي الصفر,لا يوجد ارتباط خطي,قيمة معامل ارتباط المجتمع تساوي الصفر,0.5532600283622742,0.5406426191329956,0.5468785762786865,Correct
852,ما هو معدل الوفيات الخام؟,عدد الوفيات لكل 1000 شخص في السنة,عدد الوفيات لكل الف من السكان في سنة معينة,عدد الوفيات لكل 1000 شخص في السنة,عدد الوفيات لكل الف من السكان في سنة معينة,0.761975109577179,0.7647765874862671,0.7633732557296753,Correct
853,ما هي الجهة المسؤولة عن السجلات الطبية؟,إدارة المعلومات الصحية,قسم السجلات الطبية في المستشفى,إدارة المعلومات الصحية,قسم السجلات الطبية في المستشفى,0.6488982439041138,0.7750529050827026,0.7063872218132019,Correct
854,ما هو الغرض من استخدام مخطط الانتشار في الدراسة الإحصائية بين خاصتين؟,تحديد العلاقة بين متغيرين,متغيرين,تحديد العلاقة بين متغيرين,متغيرين,0.4960803985595703,0.6289995908737183,0.5546883344650269,Correct
855,ما هو التوقع الرياضي لمجموع متغيرين عشوائيين؟,مجموع التوقعات الرياضية,مجموع التوقعين الرياضيين للمتغيرين العشوائيين,مجموع التوقعات الرياضية,مجموع التوقعين الرياضيين للمتغيرين العشوائيين,0.7440881729125977,0.631972074508667,0.6834627389907837,Correct
856,ما هو التكرار المتجمع الصاعد لفئة معينة؟,مجموع تكرارات الفئة وجميع الفئات السابقة لها,عدد البيانات المتضمنة في الفئة والفئات التي تسبقها,مجموع تكرارات الفئة وجميع الفئات السابقة لها,عدد البيانات المتضمنة في الفئة والفئات التي تسبقها,0.7185238003730774,0.7384655475616455,0.728358268737793,Correct
857,ما هي المنطقة التي تتألف من قيم دالة الاختبار قليلة الاحتمال عندما Ho صحيحة؟,المنطقة الحرجة,منطقة الرفض,المنطقة الحرجة,منطقة الرفض,0.6567178964614868,0.6630567312240601,0.6598721146583557,Correct
858,ما هو المجتمع الإحصائي؟,جميع الأفراد أو الأشياء التي يرغب الباحث في دراستها,التي تشترك فيما بينها ببعض الخواص والميزات,جميع الأفراد أو الأشياء التي يرغب الباحث في دراستها,التي تشترك فيما بينها ببعض الخواص والميزات,0.5627890825271606,0.42202794551849365,0.4823489487171173,Correct
859,ما الذي يقوم عليه الإحصاء الاستنتاجي؟,نظرية الاحتمالات,على اتخاذ القرارات والتنبؤ والاستقرار والاستدلال,نظرية الاحتمالات,على اتخاذ القرارات والتنبؤ والاستقرار والاستدلال,0.5118353366851807,0.4906767010688782,0.5010327100753784,Incorrect
860,ما هي الجهة التي تصدر التصنيف الدولي للأمراض؟,منظمة الصحة العالمية,منظمة الصحة العالمية,منظمة الصحة العالمية,منظمة الصحة العالمية,1.0,1.0,1.0,Correct
861,ما الذي تختلف تبعاً له دلالات قيم المتغيرات العشوائية؟,السياق,نوعية المقياس المستخدم,السياق,نوعية المقياس المستخدم,0.4259713292121887,0.39045581221580505,0.40744107961654663,Incorrect
862,ما هي الطريقة التي تستخدم فيها بعض التقنيات الإلكترونية للمراقبة والعد وتسجيل الملاحظات؟,المراقبة الإلكترونية,التسجيل,المراقبة الإلكترونية,التسجيل,0.4336061477661133,0.5469862222671509,0.48374143242836,Incorrect
863,ما الذي يحدد زمن حفظ السجلات الطبية؟,اللوائح الحكومية وسياسات المستشفى,حسب الأسس المتبعة محليا في كل بلد,اللوائح الحكومية وسياسات المستشفى,حسب الأسس المتبعة محليا في كل بلد,0.5047248005867004,0.6221510767936707,0.5573197603225708,Correct
864,ما هو التوزيع الذي يتبعه مجموع متغيرات عينة عشوائية حجمها n من توزيع برنولي بالوسيط P؟,توزيع ذو الحدين,الثنائي,توزيع ذو الحدين,الثنائي,0.5172534584999084,0.556538462638855,0.5361773371696472,Correct
865,ما هي مجموعة قيم المتغير العشوائي x الذي يدل على عدد أخوات طالب ما؟,الأعداد الصحيحة غير السلبية,صحيح موجب,الأعداد الصحيحة غير السلبية,صحيح موجب,0.5301084518432617,0.48510658740997314,0.5066101551055908,Incorrect
866,ما هو معدل المواليد الخام؟,عدد المواليد الأحياء لكل 1000 شخص في السنة,عدد المواليد الاحياء لكل ألف من السكان في سنة معينة,عدد المواليد الأحياء لكل 1000 شخص في السنة,عدد المواليد الاحياء لكل ألف من السكان في سنة معينة,0.7846129536628723,0.7826879620552063,0.7836493253707886,Correct
867,ما هي الفئة العمرية المهمة جداً من الناحية الصحية والتنموية؟,الطفولة المبكرة,فئة الأطفال,الطفولة المبكرة,فئة الأطفال,0.5168956518173218,0.5584811568260193,0.5368843674659729,Correct
868,ما هي الطريقة التي تمتاز بوصول الإجابات خلال وقت قصير وتتميز ببساطتها وقلة تكاليفها وسرعتها؟,الاستبيان,استخدام الانترنيت والمواقع الاجتماعية,الاستبيان,استخدام الانترنيت والمواقع الاجتماعية,0.15181994438171387,0.06439480185508728,0.09043245762586594,Incorrect
869,ما هو المخطط الذي يساعد بدراسة العلاقة بين متغيرين وطبيعتها؟,مخطط التبعثر,مخطط الانتشار,مخطط التبعثر,مخطط الانتشار,0.718860387802124,0.7097280025482178,0.7142650485038757,Correct
870,ما الذي يحدد زمن حفظ السجلات الطبية في المشفى؟,سياسة المشفى,بناء على الأسس المتبعة محلياً في كل بلد,سياسة المشفى,بناء على الأسس المتبعة محلياً في كل بلد,0.4332857131958008,0.5314940214157104,0.4773913621902466,Incorrect
871,ما هو التوزيع الذي يستخدم في اختبار الفرضيات حول ميل خط الانحدار؟,توزيع ت,ستيودنت,توزيع ت,ستيودنت,0.39929473400115967,0.37787485122680664,0.38828960061073303,Correct
872,ما هي أسباب تفضيل أسلوب العينة على أسلوب الحصر الشامل؟,توفير الوقت والجهد والمال,صعوبة حصر افراد المجتمع,توفير الوقت والجهد والمال,صعوبة حصر افراد المجتمع,0.4763307273387909,0.45713698863983154,0.4665364921092987,Incorrect
873,ما هو السجل الذي يهدف إلى تجميع المعلومات عن المريض؟,السجل الطبي,السجلات الطبية .,السجل الطبي,السجلات الطبية .,0.7530943155288696,0.6190553307533264,0.679527997970581,Correct
874,ما هو نوع التوزيع الإحصائي إذا علمت أن احتمال شفاء مريض مصاب بالزكام خلال أسبوع دون اللجوء للطبيب هو 0.6 وكان لدينا 10 مرضى بالزكام ولم يراجعوا الطبيب؟,توزيع ذو الحدين,حداني,توزيع ذو الحدين,حداني,0.5119469165802002,0.5724001526832581,0.5404884219169617,Correct
875,ما هو الشريان الذي ينزف غالباً من قرحة اثني عشرية؟,الشريان المعدي الإثناعشري,المعدي العفجي.,الشريان المعدي الإثناعشري,المعدي العفجي.,0.6023149490356445,0.5945298075675964,0.5983970165252686,Correct
876,ما هي الأورام التي تعالج في القسم البعيد للمعدة؟,الأورام اللمفاوية وساركوما اللحمة المعدية المعوية,4. كل ما سبق صحيح.,الأورام اللمفاوية وساركوما اللحمة المعدية المعوية,4. كل ما سبق صحيح.,0.43591010570526123,0.33361321687698364,0.37796223163604736,Incorrect
877,ما هو التشخيص للآفة التي قد تسبب فقراً دموياً والنزف الحاد منها غير شائع والتي تم اكتشافها بالتنظير الهضمي العلوي لرجل عمره 55 سنة؟,آفة ديموليكس,سرطانة معدية.,آفة ديموليكس,سرطانة معدية.,0.43090856075286865,0.4263114333152771,0.42859765887260437,Incorrect
878,ما هي الخطوة الأولى الأهم في تدبير مريض يبلغ من العمر 32 سنة أتى لقسم الطوارئ بقصة إقياء لكميات كبيرة من الدم الأحمر القاني؟,تأمين مجرى هوائي,إنعاش بالسوائل.,تأمين مجرى هوائي,إنعاش بالسوائل.,0.5207895636558533,0.5012705326080322,0.5108436346054077,Incorrect
879,ما هو التشخيص المحتمل لمريضة تبلغ من العمر 45 سنة تشكو من ألم في ثديها الأيسر لمدة أسبوعين مع وجود خيط يشبه الحبل مؤلم وأودة بارزة فوقه بالفحص السريري؟,التهاب الوريد الخثاري السطحي,داء,التهاب الوريد الخثاري السطحي,داء,0.38754579424858093,0.4175257086753845,0.4019775688648224,Incorrect
880,ما هو التشخيص المحتمل لمريضة تبلغ من العمر 40 عاماً من أصول آسيوية وصلت إلى بريطانيا تشكو من كتلة غير مؤلمة في ثديها الأيمن منذ عدة أشهر مع نز الخراج في إبطها الأيمن الذي يشفى ويعاود من جديد؟,سرطان الثدي السليلي,سل ثدي.,سرطان الثدي السليلي,سل ثدي.,0.519707977771759,0.5713544487953186,0.5443088412284851,Incorrect
881,ما هو التشخيص المحتمل لمريضة تبلغ من العمر 25 سنة راجعت بكتلة شاهدتها صدفة منذ 3 أسابيع في ثديها الأيسر ويمكن تحريك الكتلة من قبل المريضة ضمن نسيج الثدي؟,ورم غدي ليفي,غدوم ليفي.,ورم غدي ليفي,غدوم ليفي.,0.531973659992218,0.5204716920852661,0.5261597633361816,Correct
882,ما هو التشخيص المحتمل لمريضة تبلغ من العمر 50 عاماً تعاني من ألم واحمرار في الثدي الأيمن منذ شهر وقد عولجت بالصادات لمدة أسبوعين دون تحسن وازدادت الحالة سوءاً؟,سرطان الثدي الالتهابي,سرطان التهابي.,سرطان الثدي الالتهابي,سرطان التهابي.,0.7561739683151245,0.6117720603942871,0.6763513684272766,Correct
883,ما هو التشخيص المحتمل لمريضة مسنة مشخص لديها سابقاً داء هاشيموتو وتراجع بعقدة قاسية غير منتظمة في الفص الدرقي الأيمن؟,سرطان الغدة الدرقية الحليمي,لمفوما.,سرطان الغدة الدرقية الحليمي,لمفوما.,0.34728431701660156,0.40185466408729553,0.37258195877075195,Incorrect
884,ما هو التشخيص المحتمل لطفل يبلغ من العمر 12 سنة يراجع بعقدة درقية مع ضخامة عقد لمفية ناحية؟,سرطان الغدة الدرقية,سرطان حليمي.,سرطان الغدة الدرقية,سرطان حليمي.,0.5711833238601685,0.574870228767395,0.573020875453949,Incorrect
885,ما هو التشخيص المحتمل لمريضة في منتصف العمر تعاني من سلعة درقية لفترة طويلة مع تضخم الفص الأيمن أكبر من الأيسر وهي سريرياً في حالة سواء درقي؟,ورم غدي درقي سام,سلعة متعددة العقد.,ورم غدي درقي سام,سلعة متعددة العقد.,0.4614368677139282,0.4750978946685791,0.4681677520275116,Incorrect
886,ما هو التشخيص الأكثر احتمالاً لفتاة في الربيع الخامس تشكو من عسرة تنفس مع وجود كتلة في جوف الفم بقطر 3 سم على الخط الناصف وعلى مؤخرة اللسان؟,ورم لسان درقي,درق لسانية.,ورم لسان درقي,درق لسانية.,0.5997892618179321,0.5747164487838745,0.5869852304458618,Correct
887,ما هو العلاج غير المرغوب به في حالة شابة في ربيعها الأربعين تشكو من نقص وزن مع خفقان وجحوظ في العينين مع وجود سلعة درقية متوسطة الحجم منتشرة ومتجانسة وفرط نشاط درق بدني؟,اليود المشع,المعالجة الشعاعية باليود I 131,اليود المشع,المعالجة الشعاعية باليود I 131,0.6385687589645386,0.6546190977096558,0.6464943289756775,Correct
888,ما هو الإجراء الأول الذي يجب إجراؤه قبل عملية sleeve gastrectomy لمريض البدانة الذي لديه BMI يساوي 40؟,تقييم نفسي شامل,الحصول على موافقة المريض.,تقييم نفسي شامل,الحصول على موافقة المريض.,0.4940837621688843,0.44827020168304443,0.47006332874298096,Incorrect
889,ما هو الإجراء الأول الذي يجب إجراؤه قبل عملية Sleeve gastrectomy لمريض البدانة الذي لديه BMI يساوي 40؟,تقييم نفسي شامل,الحصول على موافقة المريض.,تقييم نفسي شامل,الحصول على موافقة المريض.,0.4940837621688843,0.44827020168304443,0.47006332874298096,Incorrect
890,ما هو التشخيص المحتمل لمريض عمره 25 سنة يعاني من عدم ارتياح عام ونقصان في الوزن وترفع حروري وبراز ملطخ بالدم على نحو متقطع خلال الست أسابيع الأخيرة بعد عودته من شبه القارة الهندية حيث عمل هناك لمدة ستة أشهر، مع وجود كبدية ومضض في الربع العلوي الأيمن وإيكو يظهر جوفا ناقص الصدى في الفص الكبدي الأيمن ذو حوا,خراج أميبي كبدي,خراجة كبدية زحارية.,خراج أميبي كبدي,خراجة كبدية زحارية.,0.5758193731307983,0.5354845523834229,0.554919958114624,Correct
891,ما هو التشخيص المحتمل لمريض عمره 50 سنة يعاني من أصمية حديثة وألم في الربع العلوي الأيمن لمدة 3-4 أشهر مع فحص سريري سلبي ووظائف كبد طبيعية وتنظير هضمي علوي طبيعي بينما أظهر الإيكو وجود آفة كيسية وحيدة تبلغ 6 سم؟,كيسة مائية كبدية,داء كيسي بسيط,كيسة مائية كبدية,داء كيسي بسيط,0.5896850824356079,0.623277485370636,0.6060160994529724,Incorrect
892,ما هو التشخيص المحتمل لمريضة تبلغ من العمر 30 سنة تعاني من ألم مستمر في الربع العلوي الأيمن من البطن مع إقياء وارتفاع حرارة وإيجابية علامة مورفي؟,التهاب المرارة الحاد,التهاب مرارة حاد.,التهاب المرارة الحاد,التهاب مرارة حاد.,0.8491472005844116,0.7773612141609192,0.8116700053215027,Correct
893,ما هو التشخيص المحتمل لمريض يبلغ من العمر 60 سنة لديه سابقة حصيات مرارية يراجع بقصة ألم بطني شديد ومستمر لمدة 6 ساعات وبالفحص السريري كان المريض غير مرتاح ومصدوم مع انتفاخ البطن ومضض راجع معممين؟,انثقاب الأمعاء,التهاب بريتوان تالي لانثقاب مرارة.,انثقاب الأمعاء,التهاب بريتوان تالي لانثقاب مرارة.,0.5874127149581909,0.5201767683029175,0.5517539381980896,Incorrect
894,ما هو التشخيص المحتمل لمريض يبلغ من العمر 56 سنة يعاني من ألم شديد في أعلى البطن منذ أسبوع مع حمى متقطعة وعدم راحة شديدة مع وجود علامات لتخريش بريتواني في الربع العلوي الأيمن مع جس كتلة؟,خراج كبدي,تقيح مرارة.,خراج كبدي,تقيح مرارة.,0.5204469561576843,0.4926671087741852,0.5061761736869812,Incorrect
895,ما هو التشخيص المحتمل لمريض يبلغ من العمر 60 سنة يراجع بقصة ألم بطني ويرقان وحرارة مع عروءات؟,التهاب الأقنية الصفراوية الصاعد,التهاب طرق صفراوية صاعد.,التهاب الأقنية الصفراوية الصاعد,التهاب طرق صفراوية صاعد.,0.7325199842453003,0.6904479265213013,0.7108620405197144,Correct
896,ما هو التشخيص المحتمل لمريضة تبلغ من العمر 40 سنة عولجت لالتهاب مرارة حاد حيث لوحظ وجود مرارة مجسوسة غير ممضة، لم يكن هناك ترفع حروري وكانت المريضة بشكل عام بصحة جيدة؟,سرطان رأس البنكرياس,قيلة مخاطية في المرارة.,سرطان رأس البنكرياس,قيلة مخاطية في المرارة.,0.49046385288238525,0.46580177545547485,0.47781479358673096,Incorrect
897,ما هو التشخيص المحتمل لمريض عمره 80 سنة لديه تصبغ جلدي ملحوظ ونسيج ندبي ولديه ندبات بطنية لاستئصال كظر ثنائي الجانب؟,متلازمة نيلسون,متلازمة نيلسون.,متلازمة نيلسون,متلازمة نيلسون.,0.8825137615203857,0.8017721176147461,0.8402076363563538,Correct
898,ما هو التشخيص المحتمل لمريض عمره 48 سنة يعاني من اضطراب رئوي وصداع وارتفاع ضغط؟,انقطاع النفس الانسدادي النومي,متلازمة كون.,انقطاع النفس الانسدادي النومي,متلازمة كون.,0.5307672023773193,0.4886409342288971,0.5088337063789368,Incorrect
899,ما هو التشخيص المحتمل لمريض ربو مع تفاقم متكرر لحالته تطور لديه بشكل تدريجي شعرانية مع بدانة جذعية وكدمات؟,متلازمة كوشينغ,متلازمة كوشينغ.,متلازمة كوشينغ,متلازمة كوشينغ.,0.8933085203170776,0.8199143409729004,0.8550393581390381,Correct
900,ما هو التشخيص المحتمل لسيدة حامل تبلغ من العمر 30 سنة تبين أثناء إجراء ايكو بطن لها وجود كتلة متكلسة في الشرسوف يبلغ قطرها 1 سم مع سماع لغط في منطقة الشرسوف دون وجود أي أعراض؟,تمدد وعائي شرياني وريدي متكلس,أم دم شريان طحالي.,تمدد وعائي شرياني وريدي متكلس,أم دم شريان طحالي.,0.5530369877815247,0.5621426701545715,0.557552695274353,Incorrect
901,ما هو التشخيص الأكثر احتمالاً لطفل عمره 7 سنوات يعاني من فقر دم منجلي ويشكو منذ ساعتين من ألم بطني حاد في الربع العلوي الأيسر مع ضغط 60/100 ملم زئبقي ونبض 110 ن/د وحرارة 37 درجة ومضض في الربع العلوي الأيسر للبطن بدون إيلام مرتد مع صعوبة جس الطحال وخضاب 6.1 غ/دل؟,حجز الطحال الحاد,نوبة ألمية بسبب انسداد الأوعية الدموية.,حجز الطحال الحاد,نوبة ألمية بسبب انسداد الأوعية الدموية.,0.4386337399482727,0.41275349259376526,0.4253002405166626,Incorrect
902,ما هي نسبة الاستفادة من استئصال الطحال في حالة سيدة عمرها 40 سنة تعاني من فرفرية مناعية مزمنة معندة على العلاج بالستيروئيدات؟,60-80%,أقل من 20%,60-80%,أقل من 20%,0.7098901271820068,0.7098960876464844,0.7098931074142456,Incorrect
903,ما هي الخطوة التالية في تدبير مريض بعمر 70 سنة دون سوابق جراحية يعاني من ألم بطني متقطع منذ أسبوع وتوسع بطني وإقياء مستمر منذ يوم، مع عدم وجود فتوق بالفحص وتعداد 3000 كرية بيضاء / مم؟,تصوير طبقي محوري للبطن والحوض مع حقن مادة ظليلة,إجراء (CT) التصوير الطبقي المحوسب للبطن.,تصوير طبقي محوري للبطن والحوض مع حقن مادة ظليلة,إجراء (CT) التصوير الطبقي المحوسب للبطن.,0.6140962839126587,0.6121616363525391,0.6131274700164795,Correct
904,ما هي الخطوة التالية في تدبير مريض بعمر 70 سنة دون سوابق جراحية يعاني من ألم بطني متقطع منذ أسبوع وتوسع بطني وإقياء مستمر منذ يوم، مع عدم وجود فتوق بالفحص وتعداد 3000 كرية بيضاء / مم؟,تصوير طبقي محوري للبطن والحوض مع حقن مادة ظليلة,إجراء (CT) التصوير الطبقي المحوسب للبطن.,تصوير طبقي محوري للبطن والحوض مع حقن مادة ظليلة,إجراء (CT) التصوير الطبقي المحوسب للبطن.,0.6140962839126587,0.6121616363525391,0.6131274700164795,Correct
905,ما هي الخطوة التالية في تدبير شاب عمره 20 سنة راجع الإسعاف بعد 20 يوماً من استئصال زائدة ملتهبة ويعاني من إقياء مع تمدد بطن وإيلام خفيف، وتعداد WBC كان 14000 كرية/مم3 والكهارل طبيعية؟,تصوير طبقي محوري للبطن والحوض,مراقبة 24 ساعة أخرى مع وضع NG.,تصوير طبقي محوري للبطن والحوض,مراقبة 24 ساعة أخرى مع وضع NG.,0.5188238620758057,0.4421846270561218,0.47744831442832947,Incorrect
906,ما هي العلامات الأكثر توافقاً مع بالغ عمره 45 سنة لديه ألم بطني حاد وتم تشخيصه بالتهاب مرارة حاد؟,ألم الربع العلوي الأيمن، إيلام، علامة مورفي إيجابية، حمى، كريات بيضاء مرتفعة,ألم بطني مستمر ومضض مراق أيمن وارتفاع الكريات البيضاء.,ألم الربع العلوي الأيمن، إيلام، علامة مورفي إيجابية، حمى، كريات بيضاء مرتفعة,ألم بطني مستمر ومضض مراق أيمن وارتفاع الكريات البيضاء.,0.556814968585968,0.5577919483184814,0.5573030710220337,Correct
907,ما هي الخطوة الأولى الأهم في تدبير مريض يبلغ من العمر 32 سنة أتى لقسم الطوارئ بقصة إقياء لكميات كبيرة من الدم الأحمر القاني؟,تأمين مجرى الهواء,الإنعاش بالسوائل.,تأمين مجرى الهواء,الإنعاش بالسوائل.,0.5143026113510132,0.47337764501571655,0.49299225211143494,Incorrect
908,ما هو التشخيص المحتمل لمريض عمره 70 سنة تطور لديه بعد 3 أيام من احتشاء قلبي ألم بطني مع تعدد البطن وخفوت في أصوات الأمعاء وتحليل غازات الدم يشير إلى احمضاض استقلابي؟,نقص تروية الأمعاء المساريقي,احتشاء مساريقي.,نقص تروية الأمعاء المساريقي,احتشاء مساريقي.,0.5641934871673584,0.6001534461975098,0.5816181898117065,Correct
909,ما هي القاعدة الجراحية الأصح حالياً في مراقبة المريض أثناء تدبير مريض الانسداد المعوي ووضع القرار الجراحي المناسب في المراكز الجراحية المتطورة؟,المراقبة السريرية المستمرة,يجب دائماً عدم إجراء الجراحة حتى يتم استقرا المريض بعد الإنعاش.,المراقبة السريرية المستمرة,يجب دائماً عدم إجراء الجراحة حتى يتم استقرا المريض بعد الإنعاش.,0.6602127552032471,0.46775737404823303,0.5475665926933289,Incorrect
910,ما هو التشخيص المحتمل للمريضة إذا كانت الصورة البسيطة تدل على سويات معوية دقيقة وغياب لارتسام الكولونات وكانت مقاطع التصوير الطبقي المحوري تشير لتوسع عرى المعي؟,انسداد الأمعاء الدقيقة,التصاقات معوية.,انسداد الأمعاء الدقيقة,التصاقات معوية.,0.6663588285446167,0.6305516958236694,0.647960901260376,Incorrect
911,ما هو التشخيص الأقوى لمريض عمره 65 سنة تطور لديه ألم بطني حاد مفاجئ مستمر في الربع العلوي الأيمن منذ ساعة، تلاه آلام مغصية سرية مع غثيان، والفحص السريري يبدي سحنة سمية مع فحص بطني سوي تقريباً؟,احتشاء المساريقي الحاد,انسداد أمعاء بنقص التروية.,احتشاء المساريقي الحاد,انسداد أمعاء بنقص التروية.,0.6086680889129639,0.5198617577552795,0.5607708096504211,Correct
912,ما هو التشخيص المحتمل في المريضة التي تظهر صورتها البسيطة سويات معوية دقيقة وغياب الارتسام الكولوني، وتشير مقاطع التصوير الطبقي المحوري لتوسع عرى المعي الدقيق وزيادة في شحم المساريقا مع عدم ارتسام الكولون بالكامل؟,انسداد المعي الدقيق,التصاقات معوية.,انسداد المعي الدقيق,التصاقات معوية.,0.5451968908309937,0.5368481874465942,0.5409902930259705,Incorrect
913,ما هو التشخيص لمريض عمره 60 سنة مصاب بداء كرون منذ عشر سنوات راجع المشفى بقصة حمى وعرواءات تلاها خروج هواء ومفرزات معوية عند التبول؟,ناسور مثاني معوي,ناسور معدي مثاني.,ناسور مثاني معوي,ناسور معدي مثاني.,0.6575750112533569,0.6670628786087036,0.6622849702835083,Correct
914,ما هي الحالة التي لا تدخل في التشخيص التفريقي لطفلة عمرها 10 سنوات تعاني منذ ساعتين من ألم حفرة حرقفية يمنى دون إيلام مرتد؟,حمل هاجر,نزف رتج ميكل.,حمل هاجر,نزف رتج ميكل.,0.5684930086135864,0.49289244413375854,0.5280002951622009,Incorrect
915,ما هو التشخيص المحتمل لمريضة عمرها 50 سنة تعرضت لألم بطني حاد طاعن منذ نصف ساعة في الشرسوف تعمم في أنحاء البطن مع إقياءات بنية اللون وفحص البطن لين؟,انثقاب قرحة هضمية,صمة شريان مساريقي علوي.,انثقاب قرحة هضمية,صمة شريان مساريقي علوي.,0.5348942875862122,0.5819309949874878,0.5574221014976501,Incorrect
916,ما هو الفحص الذي يجب إجراؤه أولاً لمريض يشتكي من ألم بطني حاد ومفاجئ؟,فحص سريري شامل,صورة بطن شعاعية.,فحص سريري شامل,صورة بطن شعاعية.,0.6284447908401489,0.4830212891101837,0.5462194681167603,Incorrect
917,ما هو التشخيص الأقوى لمريض عمره 65 سنة تطور لديه ألم بطني حاد مفاجئ ومستمر في الربع السفلي الأيمن منذ ساعة، تلاه آلام مغصة سرية مع غثيان، والفحص السريري يبدي سحنة سمية مع فحص بطن سوي تقريباً؟,انسداد الشريان المساريقي العلوي,انسداد أمعاء بنقص التروية.,انسداد الشريان المساريقي العلوي,انسداد أمعاء بنقص التروية.,0.6303689479827881,0.5276784896850586,0.5744706392288208,Correct
918,ما هي الخطوة الأولى الأهم في تدبير شاب عمره 32 سنة يراجع قسم الطوارئ بقصة إقياء كميات كبيرة من الدم الأحمر القاني؟,تأمين مجرى هوائي,الإنعاش بالسوائل.,تأمين مجرى هوائي,الإنعاش بالسوائل.,0.5204582214355469,0.5141947865486145,0.5173075795173645,Incorrect
919,ما هو التشخيص للآفة التي قد تسبب فقراً دموياً والنزف الحاد منها غير شائع والتي تم اكتشافها بالتنظير الهضمي العلوي لرجل عمره 55 سنة؟,آفة ديموليكس,2. سرطانة معدية.,آفة ديموليكس,2. سرطانة معدية.,0.4297480881214142,0.41122567653656006,0.42028293013572693,Incorrect
920,ما هي الخطوة الأولى الأهم في تدبير مريض يبلغ من العمر 32 سنة أتى لقسم الطوارئ بقصة إقياء لكميات كبيرة من الدم الأحمر القاني؟,تأمين مجرى هوائي,3. الإنعاش بالسوائل.,تأمين مجرى هوائي,3. الإنعاش بالسوائل.,0.5180609226226807,0.4822767376899719,0.49952882528305054,Incorrect
921,ما هو العلاج الأمثل لمريض عمره 40 سنة وجد لديه بالتنظير الهضمي العلوي لمفوما معدية؟,استئصال جراحي,4. علاج كيماوي.,استئصال جراحي,4. علاج كيماوي.,0.47656136751174927,0.52565598487854,0.4999062120914459,Incorrect
922,ما هو التشخيص المحتمل لطفل يبلغ من العمر 12 سنة يراجع بعقدة درقية مع ضخامة عقد لمفية ناحية؟,سرطان درقي,4. سرطان حليمي.,سرطان درقي,4. سرطان حليمي.,0.6016035676002502,0.500686764717102,0.5465255379676819,Incorrect
923,ما هو التشخيص المحتمل لمريضة في منتصف العمر تعاني من سلعة درقية لفترة طويلة مع تضخم الفص الأيمن أكبر من الأيسر وهي سريرياً في حالة سواء درقي؟,ورم غدي درقي,3. سلعة متعددة العقد.,ورم غدي درقي,3. سلعة متعددة العقد.,0.44541576504707336,0.40966928005218506,0.4267953336238861,Incorrect
924,ما هو التشخيص الأكثر احتمالاً لفتاة في الربيع الخامس تشكو من عسرة تنفس مع وجود كتلة في جوف الفم بقطر 3 سم على الخط الناصف وعلى مؤخرة اللسان؟,ورم لسان درقي,2. درق لسانية.,ورم لسان درقي,2. درق لسانية.,0.6270950436592102,0.5433063507080078,0.5822014808654785,Correct
925,ما هو العلاج غير المرغوب به في حالة شابة في ربيعها الأربعين تشكو من نقص وزن مع خفقان وجحوظ في العينين مع وجود سلعة درقية متوسطة الحجم منتشرة ومتجانسة وفرط نشاط درق بدني؟,اليود المشع,3. المعالجة الشعاعية باليود I 131,اليود المشع,3. المعالجة الشعاعية باليود I 131,0.6611896753311157,0.6012402176856995,0.6297914981842041,Correct
926,ما هو الإجراء الأول الذي يجب إجراؤه قبل عملية Sleeve gastrectomy لمريض البدانة الذي لديه BMI يساوي 40؟,تقييم نفسي شامل,3. الحصول على موافقة المريض.,تقييم نفسي شامل,3. الحصول على موافقة المريض.,0.4772459864616394,0.4266617000102997,0.4505384564399719,Incorrect
927,ما هو التشخيص المحتمل لمريض عمره 50 سنة يعاني من أصمية حديثة وألم في الربع العلوي الأيمن لمدة 3-4 أشهر مع فحص سريري سلبي ووظائف كبد طبيعية وتنظير هضمي علوي طبيعي بينما أظهر الإيكو وجود آفة كيسية وحيدة تبلغ 6 سم؟,كيسة مائية كبدية,4. داء كيسي بسيط,كيسة مائية كبدية,4. داء كيسي بسيط,0.5269005298614502,0.500493586063385,0.5133577585220337,Incorrect
928,ما هو التشخيص المحتمل لمريض يبلغ من العمر 60 سنة لديه سابقة حصيات مرارية يراجع بقصة ألم بطني شديد ومستمر لمدة 6 ساعات وبالفحص السريري كان المريض غير مرتاح ومصدوم مع انتفاخ البطن ومضض راجع معممين؟,انثقاب الأمعاء,4. التهاب بريتوان تالي لانثقاب مرارة.,انثقاب الأمعاء,4. التهاب بريتوان تالي لانثقاب مرارة.,0.5860041975975037,0.4947538673877716,0.5365267992019653,Incorrect
929,ما هو التشخيص المحتمل لمريض يبلغ من العمر 56 سنة يعاني من ألم شديد في أعلى البطن منذ أسبوع مع حمى متقطعة وعدم راحة شديدة مع وجود علامات لتخريش بريتواني في الربع العلوي الأيمن مع جس كتلة؟,خراج كبدي,1. تقيح مرارة.,خراج كبدي,1. تقيح مرارة.,0.5303319692611694,0.46305230259895325,0.4944137930870056,Incorrect
930,ما هو التشخيص المحتمل لمريض يبلغ من العمر 60 سنة يعاني من ألم بطني ويرقان وحرارة مع عروءات؟,التهاب الأقنية الصفراوية الصاعد,4. التهاب طرق صفراوية صاعد.,التهاب الأقنية الصفراوية الصاعد,4. التهاب طرق صفراوية صاعد.,0.7281132340431213,0.6404328346252441,0.6814642548561096,Correct
931,ما هو التشخيص المحتمل لمريضة تبلغ من العمر 40 سنة عولجت لالتهاب مرارة حاد حيث لوحظ وجود مرارة مجسوسة غير ممضة، لم يكن هناك ترفع حروري وكانت المريضة بشكل عام بصحة جيدة؟,سرطان رأس البنكرياس,3. قيلة مخاطية في المرارة.,سرطان رأس البنكرياس,3. قيلة مخاطية في المرارة.,0.4950064420700073,0.46497642993927,0.4795217514038086,Incorrect
932,ما هو التشخيص المحتمل لمريض عمره 48 سنة يعاني من اضطراب رئوي وصداع وارتفاع ضغط؟,انقطاع النفس الانسدادي النومي,3. متلازمة كون.,انقطاع النفس الانسدادي النومي,3. متلازمة كون.,0.5591050386428833,0.48051127791404724,0.5168373584747314,Incorrect
933,ما هو التشخيص المحتمل لمريض ربو مع تفاقم متكرر لحالته تطور لديه بشكل تدريجي شعرانية مع بدانة جذعية وكدمات؟,متلازمة كوشينغ,1. متلازمة كوشينغ.,متلازمة كوشينغ,1. متلازمة كوشينغ.,0.8586354851722717,0.6918456554412842,0.7662696242332458,Correct
934,ما هو التشخيص المحتمل لسيدة حامل تبلغ من العمر 30 سنة تبين أثناء إجراء ايكو بطن لها وجود كتلة متكلسة في الشرسوف يبلغ قطرها 1 سم مع سماع لغط في منطقة الشرسوف دون وجود أي أعراض؟,تمدد وعائي شرياني وريدي متكلس,3. أم دم شريان طحالي.,تمدد وعائي شرياني وريدي متكلس,3. أم دم شريان طحالي.,0.5460442900657654,0.5173544883728027,0.5313123464584351,Incorrect
935,ما هي نسبة الاستفادة من استئصال الطحال في حالة سيدة عمرها 40 سنة تعاني من فرفرية مناعية مزمنة معندة على العلاج بالستيروئيدات؟,60-80%,1. أقل من 20%,60-80%,1. أقل من 20%,0.7054728269577026,0.6681311130523682,0.6862943768501282,Incorrect
936,ما هي الخطوة التالية في تدبير مريض بعمر 70 سنة دون سوابق جراحية يعاني من ألم بطني متقطع منذ أسبوع وتوسع بطني وإقياء مستمر منذ يوم، مع عدم وجود فتوق بالفحص وتعداد 3000 كرية بيضاء / مم؟,تصوير طبقي محوري للبطن والحوض مع حقن مادة ظليلة,4. إجراء (CT) التصوير الطبقي المحوسب للبطن.,تصوير طبقي محوري للبطن والحوض مع حقن مادة ظليلة,4. إجراء (CT) التصوير الطبقي المحوسب للبطن.,0.6329194903373718,0.6034290790557861,0.6178225874900818,Correct
937,ما هي الخطوة التالية في تدبير مريض بعمر 70 سنة دون سوابق جراحية يعاني من ألم بطني متقطع منذ أسبوع وتوسع بطني وإقياء مستمر منذ يوم، مع عدم وجود فتوق بالفحص وتعداد 3000 كرية بيضاء / مم؟,تصوير طبقي محوري للبطن والحوض مع حقن مادة ظليلة,4. إجراء (CT) التصوير الطبقي المحوسب للبطن.,تصوير طبقي محوري للبطن والحوض مع حقن مادة ظليلة,4. إجراء (CT) التصوير الطبقي المحوسب للبطن.,0.6329194903373718,0.6034290790557861,0.6178225874900818,Correct
938,ما هي الخطوة التالية في تدبير شاب عمره 20 سنة راجع الإسعاف بعد 20 يوماً من استئصال زائدة ملتهبة ويعاني من إقياء مع تمدد بطن وإيلام خفيف وتعداد WBC 14000 كرية/مم2 والكهارل طبيعية؟,تصوير طبقي محوري للبطن والحوض مع حقن مادة ظليلة,1. مراقبة 24 ساعة أخرى مع وضع NG.,تصوير طبقي محوري للبطن والحوض مع حقن مادة ظليلة,1. مراقبة 24 ساعة أخرى مع وضع NG.,0.530423104763031,0.5057976245880127,0.5178176760673523,Incorrect
939,ما هي الخطوة الأولى الأهم في تدبير مريض يبلغ من العمر 32 سنة يعاني من إقياء كميات كبيرة من الدم الأحمر القاني؟,تأمين مجرى هوائي,3. الإنعاش بالسوائل.,تأمين مجرى هوائي,3. الإنعاش بالسوائل.,0.5180609226226807,0.4822767376899719,0.49952882528305054,Incorrect
940,ما هو التشخيص المحتمل لمريض عمره 70 سنة تطور لديه بعد 3 أيام من احتشاء قلبي ألم بطني مع تطبل البطن وخفوت في أصوات الأمعاء وتحليل غازات الدم يشير إلى حماض استقلابي؟,نقص تروية الأمعاء المساريقي,2. احتشاء مساريقي.,نقص تروية الأمعاء المساريقي,2. احتشاء مساريقي.,0.572908878326416,0.63606196641922,0.6028359532356262,Correct
