id,input,prediction,ground_truth,prediction_clean,ground_truth_clean,bert_precision_example,bert_recall_example,bert_f1_example,judge_label
4,ما هو العصب الذي ينقل إحساس الذوق من ثلث اللسان الخلفي؟,ANSWER: العصب اللساني البلعومي,التاسع,العصب اللساني البلعومي,التاسع,0.2663736939430237,0.34126347303390503,0.2992035746574402,Correct
8,ما هي القوس البيضاء عند حدود جسم الظفر مع جذره؟,ANSWER: الهلالية,هليل الظفر,الهلالية,هليل الظفر,0.6002672910690308,0.5843400955200195,0.5921966433525085,Correct
12,أين يقع الخط الالوي السفلي؟,ANSWER: السطح الداخلي لجسم الفك السفلي,السطح الخارجي للحرقفة,السطح الداخلي لجسم الفك السفلي,السطح الخارجي للحرقفة,0.7258929014205933,0.7424328923225403,0.7340697050094604,Incorrect
16,ما هي الحافة من الفرع التي تشكل زاوية الفك السفلي؟,ANSWER: الحافة الخلفية للفرع,الخلفية,الحافة الخلفية للفرع,الخلفية,0.557529091835022,0.6074711084365845,0.5814296007156372,Correct
17,ما هي البنية التشريحية التي تتعصب بالعصب الشظوي السطحي؟,ANSWER: العضلات الشظوية الطويلة والقصيرة,العضله الشظويه الطويله,العضلات الشظوية الطويلة والقصيرة,العضله الشظويه الطويله,0.836785078048706,0.7915490865707397,0.8135387301445007,Incorrect
19,أين تشاهد الجسور بين الخلوية؟,ANSWER: عضلة القلب,الطبقة الشائكة من النسيج الظهاري المطبق,عضلة القلب,الطبقة الشائكة من النسيج الظهاري المطبق,0.4787667691707611,0.49037060141563416,0.4844992160797119,Incorrect
21,ما الذي يحول الثلمتين الاسكيتين إلى ثقبتين؟,ANSWER: الرباط العجزي الشوكي,الرباط العجزي الشوكي العجزي الحدبي,الرباط العجزي الشوكي,الرباط العجزي الشوكي العجزي الحدبي,0.863056480884552,0.7625867128372192,0.8097168803215027,Incorrect
28,ما هو الهرمون الذي يفرز PTH؟,ANSWER: الغدة جار الدرقية,الغدد جارات الدرق,الغدة جار الدرقية,الغدد جارات الدرق,0.6874659061431885,0.6930665969848633,0.6902548670768738,Correct
35,ما الذي يقع بين جسم الفقرة والقوس الفقرية؟,ANSWER: الثقبة الفقرية,الثقبة الفقرية,الثقبة الفقرية,الثقبة الفقرية,0.9999997615814209,0.9999997615814209,0.9999997615814209,Correct
49,أين تقع المنطقة الشمية؟,ANSWER: سقف التجويف الأنفي,سقف الأنف,سقف التجويف الأنفي,سقف الأنف,0.565666139125824,0.6930586099624634,0.6229158639907837,Correct
50,ما الذي يتصل به المدورين بالأمام في الفخذ؟,ANSWER: المحفظة المفصلية لمفصل الورك,الخط بين المدورين,المحفظة المفصلية لمفصل الورك,الخط بين المدورين,0.5165034532546997,0.4777243137359619,0.49635761976242065,Incorrect
51,أين يوجد التلم الكعبري في جسم العضد؟,ANSWER: السطح الخلفي للعضد,على الوجه الخلفي.,السطح الخلفي للعضد,على الوجه الخلفي.,0.5926982760429382,0.5812830328941345,0.5869351625442505,Correct
54,ما الذي تتشكل منه ضفيرة راشكوف في لب السن؟,ANSWER: الألياف العصبية الحسية غير الميالة للتغمد بالميالين,ألياف حسية.,الألياف العصبية الحسية غير الميالة للتغمد بالميالين,ألياف حسية.,0.5734529495239258,0.5049166083335876,0.5370068550109863,Correct
55,أين يقع المستقيم؟,ANSWER: في الحوض بين السيني والقناة الشرجية,القولون السيني والقناة الشرجية,في الحوض بين السيني والقناة الشرجية,القولون السيني والقناة الشرجية,0.723269522190094,0.7959921956062317,0.7578903436660767,Correct
56,إلى أي صنف من أصناف الغدد تنتمي حديثات المونتغمري؟,ANSWER: غدد زهمية معدلة,دهنية,غدد زهمية معدلة,دهنية,0.4790501594543457,0.5037729740142822,0.49110063910484314,Correct
64,ما هو العصب المحرك لعضلات اللسان؟,ANSWER: العصب تحت اللسان,12,العصب تحت اللسان,12,0.24364307522773743,0.27973848581314087,0.26044610142707825,Correct
73,ما هي الضفيرة التي يتفرع منها العصب الحجابي؟,ANSWER: الضفيرة العنقية,الرقبية,الضفيرة العنقية,الرقبية,0.5728774070739746,0.686874270439148,0.6247179508209229,Correct
74,من أين يفرز الأدرينالين؟,ANSWER: لب الغدة الكظرية,لب الكظر,لب الغدة الكظرية,لب الكظر,0.6915096640586853,0.7739862203598022,0.7304271459579468,Correct
75,ما هو الوريد الذي يتشكل منه الوريد الأجوف السفلي؟,ANSWER: الوريد الحرقفي العام,الوريدين الحرقفيين المشتركين الأيمن والأيسر,الوريد الحرقفي العام,الوريدين الحرقفيين المشتركين الأيمن والأيسر,0.691573977470398,0.5724536180496216,0.626400887966156,Incorrect
78,ما هي الطبقة الأكثر تمايزاً وكثافة في الشرايين؟,ANSWER: الغلالة الوسطى,المتوسطة,الغلالة الوسطى,المتوسطة,0.6136523485183716,0.6310360431671143,0.6222227811813354,Correct
79,مما ينتج هرمون T4؟,ANSWER: الغدة الدرقية,الدرق,الغدة الدرقية,الدرق,0.5530028343200684,0.5664021968841553,0.5596223473548889,Correct
85,ما هي العضلة التي ترتكز بشكل أساسي على العظم الزورقي؟,ANSWER: العضلة الظنبوبية الخلفية,الظنبوبي الخلفي,العضلة الظنبوبية الخلفية,الظنبوبي الخلفي,0.6753202676773071,0.6729058623313904,0.6741109490394592,Correct
87,أين تقع المنطقة الشمية؟,ANSWER: في سقف التجويف الأنفي,سقف الأنف,في سقف التجويف الأنفي,سقف الأنف,0.5170708894729614,0.5960593819618225,0.5537625551223755,Correct
88,ما هو اسم الوسادة من النسيج الدهني فوق الارتفاق العاني؟,ANSWER: جبل العانة,جبل العانة,جبل العانة,جبل العانة,1.0000003576278687,1.0000003576278687,1.0000003576278687,Correct
98,أين يتوضع الكولون السيني؟,ANSWER: الحفرة الحرقفية اليسرى,الناحية المغبنية اليسرى,الحفرة الحرقفية اليسرى,الناحية المغبنية اليسرى,0.7379659414291382,0.7690814137458801,0.7532024383544922,Correct
103,ما هو القسم من العظم الجبهي الذي يفصل بين القسمين الحجاجيين من الخلف؟,ANSWER: الشوكة الأنفية الأمامية,الثلمة الغربالية,الشوكة الأنفية الأمامية,الثلمة الغربالية,0.6084332466125488,0.5859155654907227,0.5969621539115906,Incorrect
105,ما هي الفروع الانتهائية للسبات الظاهر؟,ANSWER: الشريان الصدغي السطحي والشريان الفكي العلوي,الفكي والصدغي والسطحي,الشريان الصدغي السطحي والشريان الفكي العلوي,الفكي والصدغي والسطحي,0.6505738496780396,0.6755825281143188,0.6628423929214478,Correct
113,أين يمر عصب الفك العلوي؟,ANSWER: في الثقبة المستديرة,الثقبة المدورة,في الثقبة المستديرة,الثقبة المدورة,0.7294448614120483,0.7576276659965515,0.7432692050933838,Correct
114,ما هي النقطة التشريحية على الوجه السفلي لجسم العظم الوتدي؟,ANSWER: المنقار الوتدي,المنقار الوتدي,المنقار الوتدي,المنقار الوتدي,1.0,1.0,1.0,Correct
115,ما اسم العظم الذي يتوضع كيس الدمع عليه؟,ANSWER: العظم الدمعي,الدمعي أنسي الحجاج,العظم الدمعي,الدمعي أنسي الحجاج,0.5934826135635376,0.5552166104316711,0.5737122297286987,Correct
116,من أين ينشأ الشريان السباتي المشترك الأيسر؟,ANSWER: قوس الأبهر,قوس الأبهر مباشرة,قوس الأبهر,قوس الأبهر مباشرة,0.8375515341758728,0.6824575662612915,0.7520921230316162,Correct
120,ما طول الأسهر؟,ANSWER: ٤٥ سم,45 سم,٤٥ سم,45 سم,0.8930789828300476,0.9128325581550598,0.9028477072715759,Correct
128,ما هو المكان الذي يعبر من خلاله الشريان السحائي الأوسط؟,ANSWER: الثقبة الشوكية,الثقبة الشوكية,الثقبة الشوكية,الثقبة الشوكية,1.0000001192092896,1.0000001192092896,1.0000001192092896,Correct
138,ما هي الطية الجلدية التي تغطي رأس القضيب؟,ANSWER: القلفة,القلفة,القلفة,القلفة,0.9999998211860657,0.9999998211860657,0.9999998211860657,Correct
145,ما هي البنية التشريحية التي ترتكز على الحفرة المدورية؟,ANSWER: وتر العضلة المستقيمة الفخذية,العضلة السدادية الظاهرة,وتر العضلة المستقيمة الفخذية,العضلة السدادية الظاهرة,0.7639399766921997,0.6155757904052734,0.6817797422409058,Incorrect
147,أين يتوضع الدرز الأكليلي؟,ANSWER: بين العظم الجبهي والعظمين الجداريين,يتوضع بين العظم الجبهي والجداريين.,بين العظم الجبهي والعظمين الجداريين,يتوضع بين العظم الجبهي والجداريين.,0.7662792205810547,0.702065110206604,0.7327680587768555,Correct
152,ماذا يفعل الرباط المتصالب الأمامي؟,ANSWER: يمنع انزلاق الظنبوب للأمام,يمنع انزياح الساق للأمام,يمنع انزلاق الظنبوب للأمام,يمنع انزياح الساق للأمام,0.8157255053520203,0.8301630020141602,0.8228808641433716,Correct
157,ما العصب القحفي الذي يعبر الثقبة البيضية؟,ANSWER: العصب الفكي السفلي (V3),الفكي السفلي,العصب الفكي السفلي (V3),الفكي السفلي,0.5858422517776489,0.7604525089263916,0.6618241667747498,Correct
159,إلى أي قصبات تتفرع القصبات الفصية؟,ANSWER: القصبات القطعية,قطعية شدفية,القصبات القطعية,قطعية شدفية,0.6743906736373901,0.685918390750885,0.6801056265830994,Correct
161,أين توجد نوى الأعصاب القحفية من الثالث حتى الثاني عشر؟,ANSWER: جذع الدماغ,جذع الدماغ,جذع الدماغ,جذع الدماغ,1.0000001192092896,1.0000001192092896,1.0000001192092896,Correct
166,على ماذا يحتوي البلعوم الفموي من اللوزتين؟,ANSWER: اللوزتان الحنكيتان,الحنكيتين,اللوزتان الحنكيتان,الحنكيتين,0.6775298118591309,0.7025742530822754,0.6898248195648193,Correct
167,على أي من وجوه الكبد يوجد مسكن المرارة؟,ANSWER: الوجه الحشوي للكبد,السفلي,الوجه الحشوي للكبد,السفلي,0.3609471917152405,0.5077081322669983,0.42192989587783813,Correct
168,ما هو العصب القحفي الثاني؟,ANSWER: العصب البصري,البصري - حاسي,العصب البصري,البصري - حاسي,0.5377734899520874,0.4967823624610901,0.5164658427238464,Correct
175,ما وظيفة العضلة تحت الكتفية؟,ANSWER: تدوير داخلي للعضد,دوران أنسي للكتف.,تدوير داخلي للعضد,دوران أنسي للكتف.,0.5824709534645081,0.5552963018417358,0.5685591101646423,Correct
178,أين تتوضع المشيمة في ارتكاز المشيمة المعيب؟,ANSWER: القطعة السفلية للرحم,بين الجنين والمهبل.,القطعة السفلية للرحم,بين الجنين والمهبل.,0.5184072256088257,0.5520297288894653,0.5346904397010803,Incorrect
181,ما اسم الطبقة من السحايا التي تغطي الجيوب الوريدية؟,ANSWER: الأم الجافية,الام الجافية,الأم الجافية,الام الجافية,1.000000238418579,1.000000238418579,1.000000238418579,Correct
184,ما هي الألياف التي تربط المراكز القشرية بالمحيط؟,ANSWER: الألياف الإسقاطية,إسقاطية,الألياف الإسقاطية,إسقاطية,0.48692891001701355,0.5329504013061523,0.5089012980461121,Correct
185,ما الذي تشكله البصلة عندما تتمادى في الأمام في جسم القضيب؟,ANSWER: الجسم الإسفنجي,الجسم الاسفنجي,الجسم الإسفنجي,الجسم الاسفنجي,1.0,1.0,1.0,Correct
193,ما هي أكبر غدد الجسم؟,ANSWER: الكبد,الكبد,الكبد,الكبد,0.9999999403953552,0.9999999403953552,0.9999999403953552,Correct
194,ما هي الشرايين الخمسة التي يتفرع إليها الشريان الكلوي؟,ANSWER: الشرايين القطعية الخمسة,قطعية,الشرايين القطعية الخمسة,قطعية,0.5216807723045349,0.6138399839401245,0.564020574092865,Correct
196,بماذا ينتهي الشريان الوجهي؟,ANSWER: الشريان الزاوي,الشريان الزاوي,الشريان الزاوي,الشريان الزاوي,0.9999998807907104,0.9999998807907104,0.9999998807907104,Correct
201,ما هي طبقة لب السن الأكثر عمقا والأقرب لجوهر اللب؟,ANSWER: طبقة المنطقة المركزية,المنطقة الغنية بالخلايا.,طبقة المنطقة المركزية,المنطقة الغنية بالخلايا.,0.6695168018341064,0.5759854316711426,0.6192392110824585,Incorrect
202,أين تقع فوهة مصب الجيب الأكليلي؟,ANSWER: في الأذين الأيمن,أمام وأسفل مصب الأجوف السفلي,في الأذين الأيمن,أمام وأسفل مصب الأجوف السفلي,0.471735417842865,0.44092026352882385,0.4558075964450836,Incorrect
203,ما هي الزاوية الأمامية السفلية للعظم الجداري؟,ANSWER: العظم الوتدي,وتدية,العظم الوتدي,وتدية,0.5203406810760498,0.39071181416511536,0.4463041424751282,Correct
206,أي عصب هو المحرك لعضلات اللسان؟,ANSWER: العصب تحت اللسان,12,العصب تحت اللسان,12,0.24364307522773743,0.27973848581314087,0.26044610142707825,Correct
208,ما هو البروز العظمي الذي يحتوي عليه الوجه الداخلي لفرع الفك السفلي؟,ANSWER: الشوكة الفكية (اللسينية),اللسين,الشوكة الفكية (اللسينية),اللسين,0.45003554224967957,0.4471224546432495,0.4485742449760437,Correct
209,ما هي المواد التي تفرزها الغدد استجابة للتنبيه وترحل عبر الدم؟,ANSWER: الهرمونات,الهرمونات,الهرمونات,الهرمونات,1.0000001192092896,1.0000001192092896,1.0000001192092896,Correct
210,ما هي الزاوية بين قبضة وجسم القص؟,ANSWER: زاوية القص,لويس,زاوية القص,لويس,0.43557533621788025,0.49058961868286133,0.4614485204219818,Correct
215,من أين يخرج العصب الفكي العلوي من الجمجمة؟,ANSWER: الثقبة المستديرة,الثقبة المدورة,الثقبة المستديرة,الثقبة المدورة,0.8647031188011169,0.8647031188011169,0.8647031188011169,Correct
217,ما الذي يحدد المنصف العلوي جانبياً؟,ANSWER: الجنبة المنصفية,الجنية المنصفية.,الجنبة المنصفية,الجنية المنصفية.,0.6223509907722473,0.5950950980186462,0.6084179282188416,Correct
219,ما هما الممران اللذان يمر عبرهما الهواء إلى جوف الأنف؟,ANSWER: المنخران الأماميان والفتحتان الأنفيتان الخلفيتان,المنخرين,المنخران الأماميان والفتحتان الأنفيتان الخلفيتان,المنخرين,0.4967312812805176,0.6207141876220703,0.5518446564674377,Incorrect
223,أين ترتكز العضلة العريضة الظهرية؟,ANSWER: الحافة الإنسية للثلم بين الحدبتين بالعضد,قاع أخدود ذات الرأسين.,الحافة الإنسية للثلم بين الحدبتين بالعضد,قاع أخدود ذات الرأسين.,0.48686379194259644,0.4939819574356079,0.49039703607559204,Incorrect
225,ما هو القولون الذي يمتد بشكل أفقي؟,ANSWER: القولون المستعرض,الكولون المعترض,القولون المستعرض,الكولون المعترض,0.7420855760574341,0.7259315848350525,0.7339197397232056,Correct
228,كم عدد القطع العصعصية في النخاع الشوكي؟,ANSWER: قطعة واحدة,1,قطعة واحدة,1,0.4315550923347473,0.5353376269340515,0.47787654399871826,Correct
230,ما الطبقة التي تمثلها العضلة الدافعة في المثانة؟,ANSWER: الطبقة العضلية الخارجية,العضلية,الطبقة العضلية الخارجية,العضلية,0.6401355862617493,0.6582483053207397,0.6490655541419983,Correct
231,ما هي الخلايا التي توجد في الجلد وتعمل كمستقبلات آلية حسية؟,ANSWER: خلايا ميركل,خلايا ميركل.,خلايا ميركل,خلايا ميركل.,0.8665070533752441,0.7080731391906738,0.7793192863464355,Correct
235,ما اسم الكرة الصغيرة فوق قمة الغضروف؟,ANSWER: اللسان المزمارى,القريني,اللسان المزمارى,القريني,0.5135278701782227,0.5313182473182678,0.5222716331481934,Incorrect
236,أين لا توجد الغدد الزهمية؟,ANSWER: راحتي اليدين وأخمصي القدمين,راحة اليد وأخمص القدم,راحتي اليدين وأخمصي القدمين,راحة اليد وأخمص القدم,0.8313585519790649,0.8040050268173218,0.8174530267715454,Correct
240,ما هو العصب المسؤول عن حركات عضلات الوجه التعبيرية؟,ANSWER: العصب الوجهي,السابع,العصب الوجهي,السابع,0.39415913820266724,0.44924408197402954,0.4199027419090271,Correct
241,ما هي الزاوية الخلفية السفلية في العظم الجداري؟,ANSWER: الزاوية الخشائية,خشانية,الزاوية الخشائية,خشانية,0.585824728012085,0.6763054132461548,0.6278218030929565,Correct
245,ما هو الاسم الآخر لفرع الفك السفلي؟,ANSWER: العصب ثلاثي التوائم (V3),الرأد.,العصب ثلاثي التوائم (V3),الرأد.,0.39469096064567566,0.5126226544380188,0.44599252939224243,Incorrect
253,ماذا يفعل الرباط المتصالب الأمامي؟,ANSWER: يمنع انزلاق الظنبوب للأمام,يمنع ازياح الساق للأمام,يمنع انزلاق الظنبوب للأمام,يمنع ازياح الساق للأمام,0.7950179576873779,0.8041936755180359,0.7995794415473938,Correct
255,ما هي الثقبة التي يعبر من خلالها العصب الوجهي؟,ANSWER: الثقبة الإبرية الخشائية,الثقبة الإبرية الخشانية,الثقبة الإبرية الخشائية,الثقبة الإبرية الخشانية,0.8879132270812988,0.9038072824478149,0.8957897424697876,Correct
262,ماذا تفرز خلايا بيتا في البنكرياس؟,ANSWER: الإنسولين,الأنسولين,الإنسولين,الأنسولين,1.0,1.0,1.0,Correct
267,ما هو التامور الخارجي الذي لا يرتبط بالقلب؟,ANSWER: التامور الليفي,التامور الليفي,التامور الليفي,التامور الليفي,1.0,1.0,1.0,Correct
269,ما هو القسم من الضلع الواقع بين الرأس والحديبة؟,ANSWER: عنق الضلع,العنق,عنق الضلع,العنق,0.6373351812362671,0.8279352188110352,0.7202386856079102,Correct
273,مع أي عظم يتمفصل الظنبوب في الأسفل؟,ANSWER: عظم الكاحل,القعب,عظم الكاحل,القعب,0.5820192098617554,0.5861897468566895,0.5840970277786255,Correct
277,أي من العضلات العميقة التالية للمثلث الخلفي للعنق ترتبط بحدبة الأطلس الخلفية؟,ANSWER: العضلة المستقيمة الخلفية الصغرى للرأس,المستقيمه الرأسيه الخلفيه الصغيرة,العضلة المستقيمة الخلفية الصغرى للرأس,المستقيمه الرأسيه الخلفيه الصغيرة,0.6436415910720825,0.8013795018196106,0.7139012217521667,Correct
279,ما هو التركيب الذي يتصل بالخلف مع البلعوم الفموي عبر برزخ الحلق؟,ANSWER: جوف الفم,جوف الفم المخصوص,جوف الفم,جوف الفم المخصوص,0.8955607414245605,0.7222042083740234,0.7995942234992981,Incorrect
281,ما هي البنية التي تغطي السطوح الأمامي والإنسي والوحشي للخصية؟,ANSWER: الغلالة المهبلية (الطبقة الحشوية),الغلالة الغمدية,الغلالة المهبلية (الطبقة الحشوية),الغلالة الغمدية,0.5509284734725952,0.6055657863616943,0.5769565105438232,Correct
282,أين يقع موقع الغدة الدرقية؟,ANSWER: أمام القصبة الهوائية أسفل الحنجرة,تحت الحنجرة وعلى جانبي الرغامي وأمامها,أمام القصبة الهوائية أسفل الحنجرة,تحت الحنجرة وعلى جانبي الرغامي وأمامها,0.7203893661499023,0.6742361783981323,0.696549117565155,Correct
283,أين تتوضع مستقبلات الشم؟,ANSWER: الظهارة الشمية بسقف التجويف الأنفي,سقف الأنف.,الظهارة الشمية بسقف التجويف الأنفي,سقف الأنف.,0.4639955163002014,0.5423007607460022,0.5001014471054077,Correct
284,ما هي طبيعة هرمونات الغدة النخامية؟,ANSWER: بروتينية (ببتيدية),بيتيدية,بروتينية (ببتيدية),بيتيدية,0.405597060918808,0.5065467357635498,0.4504857063293457,Correct
285,ما هو مفصل المرفق؟,ANSWER: مفصل رزي,نموذج رزى,مفصل رزي,نموذج رزى,0.8085069060325623,0.8085069060325623,0.8085069060325623,Correct
286,ما هو المكان الذي تنشأ منه العضلة المدورة الكبيرة بشكل أساسي؟,ANSWER: الحافة الوحشية للوح الكتف,أسفل الحافة الوحشية لعظم لوح الكتف.,الحافة الوحشية للوح الكتف,أسفل الحافة الوحشية لعظم لوح الكتف.,0.7837640047073364,0.705202579498291,0.7424107193946838,Correct
287,أين يتوضع الأبهر النازل البطني؟,ANSWER: أمام العمود الفقري القطني (يسار الخط الناصف),أيسر الأجوف السفلي,أمام العمود الفقري القطني (يسار الخط الناصف),أيسر الأجوف السفلي,0.5530059337615967,0.5352280139923096,0.5439717769622803,Incorrect
288,ما الذي يجاور السطح العلوي لمثانة الرجل؟,ANSWER: الأمعاء الدقيقة والقولون السيني,عرى اللفائفي والكولون السيني,الأمعاء الدقيقة والقولون السيني,عرى اللفائفي والكولون السيني,0.6218352317810059,0.6054977178573608,0.6135576963424683,Correct
289,ما هي عضلة الشهيق الرئيسية؟,ANSWER: الحجاب الحاجز,الحجاب الحاجز.,الحجاب الحاجز,الحجاب الحاجز.,0.8484902381896973,0.7110674381256104,0.7737241983413696,Correct
290,ما هو ترتيب دخول التراكيب إلى سرة الكلية من الخلف للأمام؟,ANSWER: الحويضة ثم الشريان ثم الوريد,حويضة – شريان – وريد,الحويضة ثم الشريان ثم الوريد,حويضة – شريان – وريد,0.6174901127815247,0.6253283023834229,0.6213845610618591,Correct
302,أين تشاهد التلمة الكعبرية للزند؟,ANSWER: النهاية البعيدة للزند,الوجه الوحشي للناتئ المنقاري.,النهاية البعيدة للزند,الوجه الوحشي للناتئ المنقاري.,0.5032439827919006,0.5153905749320984,0.5092448592185974,Incorrect
308,أين تتوضع الثقبة العوراء في اللسان؟,ANSWER: خلف الكلم الإنتهائي,خلف الكلم الإنتهائي,خلف الكلم الإنتهائي,خلف الكلم الإنتهائي,1.0,1.0,1.0,Correct
313,ما هو أطول أجزاء الأنبوب الهضمي؟,ANSWER: الأمعاء الدقيقة,المعي الدقيق,الأمعاء الدقيقة,المعي الدقيق,0.5858033895492554,0.6323911547660828,0.6082064509391785,Correct
315,ما هو ترتيب العضلات من الأعلى للأسفل على الناحية الخلفية للألية؟,ANSWER: الألوية المتوسطة ثم الألوية الكبرى ثم الكمثرية,كمثرية - توأمية علوية - سادة باطنة - توأمية سفلية,الألوية المتوسطة ثم الألوية الكبرى ثم الكمثرية,كمثرية - توأمية علوية - سادة باطنة - توأمية سفلية,0.6754429340362549,0.6420477628707886,0.6583220958709717,Incorrect
325,ما هي الطبقة المبطنة للتامور الليفي؟,ANSWER: التامور المصلي الجداري,التامور المصلي الجداري,التامور المصلي الجداري,التامور المصلي الجداري,1.0,1.0,1.0,Correct
330,ما هو أطول أجزاء أنبوب الهضم؟,ANSWER: الأمعاء الدقيقة,المعي الدقيق,الأمعاء الدقيقة,المعي الدقيق,0.5858033895492554,0.6323911547660828,0.6082064509391785,Correct
331,ما هو الهرمون الذي يسرع عملية تصنيع الأحماض الدهنية من الغلوكوز في الخلايا الشحمية؟,ANSWER: الإنسولين,الانسولين,الإنسولين,الانسولين,1.0,1.0,1.0,Correct
338,ما هو الرباط الذي يربط الرحم بجدران الحوض الجانبية؟,ANSWER: الرباط العريض للرحم,العريض,الرباط العريض للرحم,العريض,0.08992017805576324,0.12445216625928879,0.10440489649772644,Correct
339,ما هو لون لب الكظر؟,ANSWER: أصفر ذهبي,بني غامق,أصفر ذهبي,بني غامق,0.6278284788131714,0.6433042883872986,0.6354721784591675,Incorrect
347,ما الذي يشكل معظم الكتلة العضلية للسان؟,ANSWER: العضلات الهيكلية المخططة,ذقنية لسانية,العضلات الهيكلية المخططة,ذقنية لسانية,0.5929524302482605,0.49925535917282104,0.5420848727226257,Incorrect
349,ما هي أصغر الحليمات الذوقية وأكثرها عدداً؟,ANSWER: الحليمات الخيطية,الخيطية,الحليمات الخيطية,الخيطية,0.7077232003211975,0.7771723866462708,0.7408236861228943,Correct
354,ما هي العضلات الطويلة التي تربط الفقرات مع بعضها؟,ANSWER: العضلات الطويلة للظهر,عضلات العمود الفقري,العضلات الطويلة للظهر,عضلات العمود الفقري,0.6519010066986084,0.7285875082015991,0.6881142854690552,Correct
355,ما هو أضيق قسم في جذع الدماغ؟,ANSWER: النخاع المستطيل الأوسط,مستوى الدماغ المتوسط,النخاع المستطيل الأوسط,مستوى الدماغ المتوسط,0.6563119888305664,0.6813377141952515,0.6685907244682312,Incorrect
358,أين يقع التلفيف خلف المركزي؟,ANSWER: الفص الجداري أمام التلم الجداري الخلفي,الفص الجداري.,الفص الجداري أمام التلم الجداري الخلفي,الفص الجداري.,0.6563386917114258,0.676190972328186,0.6661169528961182,Correct
361,ما هي الباحة التي يحويها التلفيف خلف المركزي؟,ANSWER: الباحة الحسية الجسدية الأولية,الحس الجسدي الأولية,الباحة الحسية الجسدية الأولية,الحس الجسدي الأولية,0.713371753692627,0.6551631689071655,0.6830295324325562,Correct
367,ما هي أصغر الحليمات الذوقية وأكثرها عدداً؟,ANSWER: الحليمات الخيطية,الخيطية,الحليمات الخيطية,الخيطية,0.7077232003211975,0.7771723866462708,0.7408236861228943,Correct
368,ما هي المجموعة العضلية التي تنتمي إليها العضلة الحرقفية؟,ANSWER: عضلات الحوض الداخلية,عضلات الزنار الحوضي الأمامية,عضلات الحوض الداخلية,عضلات الزنار الحوضي الأمامية,0.7776147127151489,0.7582558393478394,0.7678132653236389,Incorrect
372,ما هو القسم المسؤول عن تنظيم الفعالية الحياتية الذاتية؟,ANSWER: الجهاز العصبي الذاتي,جذع الدماغ,الجهاز العصبي الذاتي,جذع الدماغ,0.6768273115158081,0.6629956960678101,0.6698400974273682,Incorrect
373,ما هي المادة شبيهة بالهلام التي تشغل أربعة أخماس المقلة؟,ANSWER: الجسم الزجاجي,الخلط الزجاجي,الجسم الزجاجي,الخلط الزجاجي,0.8482620120048523,0.8482620120048523,0.8482620120048523,Correct
374,أين تقع أجسام العصبونات التي تفرز الهرمون المضاد للإدرار ADH؟,ANSWER: النواة فوق البصرية وتحت البطينية بالوطاء,الأنوية فوق البصرية,النواة فوق البصرية وتحت البطينية بالوطاء,الأنوية فوق البصرية,0.6576613187789917,0.7956256866455078,0.7200948596000671,Incorrect
377,ما هي العضلات التي لها منشأ عظمي وترتكز على باطن جلد الوجه؟,ANSWER: العضلات الجلدية الوجهية,عضلات الوجه التعبيرية,العضلات الجلدية الوجهية,عضلات الوجه التعبيرية,0.7523347735404968,0.7635809183120728,0.7579161524772644,Correct
378,ما هو مصدر التروية الرئيسية للمعدة؟,ANSWER: الشريان المعدي الأيسر,فروع الجذع الزلاقي,الشريان المعدي الأيسر,فروع الجذع الزلاقي,0.6029993891716003,0.5899525880813599,0.5964046716690063,Correct
380,ما هي أطول أجزاء أنبوب الهضم؟,ANSWER: الأمعاء الدقيقة,المعي الدقيق,الأمعاء الدقيقة,المعي الدقيق,0.5858033895492554,0.6323911547660828,0.6082064509391785,Correct
382,من أين ينشأ الجذع الرئوي؟,ANSWER: البطين الأيمن,البطين الأيمن,البطين الأيمن,البطين الأيمن,1.0,1.0,1.0,Correct
383,ما هو اسم المنعكس الذي يحدث عند رفع الخصية والصفن للأعلى؟,ANSWER: منعكس الكريماستر,المشمري,منعكس الكريماستر,المشمري,0.49481111764907837,0.5653268694877625,0.5277237892150879,Incorrect
389,ما هو العظم الذي يحتوي على تلم في وجهه السفلي لمرور وتر الشظية الطويلة؟,ANSWER: العظم المكعبي,النردي,العظم المكعبي,النردي,0.6629266738891602,0.6475765705108643,0.6551617383956909,Incorrect
392,ما هي المنطقة المتوسطة من نواحي البطن؟,ANSWER: المنطقة السرّية,السرية,المنطقة السرّية,السرية,0.6835296154022217,0.6225365400314331,0.6516088843345642,Correct
394,ما الذي يصل بين الأذينة اليسرى والبطين الأيسر؟,ANSWER: الصمام التاجي,فوهة التاجي,الصمام التاجي,فوهة التاجي,0.715522289276123,0.6186476349830627,0.6635679006576538,Correct
395,ما الذي يعطي الرباط الحرقفي القطني منشأ له؟,ANSWER: الناتئ المستعرض للفقرة القطنية الخامسة,العضلة المربعة القطنية.,الناتئ المستعرض للفقرة القطنية الخامسة,العضلة المربعة القطنية.,0.6232401728630066,0.5780996084213257,0.5998218655586243,Incorrect
399,ماذا يحفز ACTH إفرازه؟,ANSWER: الهرمون المطلق للكورتيكوتروبين (CRH),الكورتيزول,الهرمون المطلق للكورتيكوتروبين (CRH),الكورتيزول,0.5563458800315857,0.652488648891449,0.6005939841270447,Incorrect
401,ما هو أكثر أقسام الإحليل قابلية للتمدد وأعرضها؟,ANSWER: الإحليل البروستاتي,الموثي,الإحليل البروستاتي,الموثي,0.5342663526535034,0.6034448146820068,0.5667524337768555,Incorrect
402,مما يتكون الزنار الحوضي؟,ANSWER: عظمتا الورك والعجز والعصعص,من العظمين الوركيين و العجز.,عظمتا الورك والعجز والعصعص,من العظمين الوركيين و العجز.,0.6528228521347046,0.6441853046417236,0.6484753489494324,Correct
403,أين تقع الباحة الحركية الأولية؟,ANSWER: التلفيف أمام المركزي بالفص الجبهي,في التلفيف أمام المركزي .,التلفيف أمام المركزي بالفص الجبهي,في التلفيف أمام المركزي .,0.601309061050415,0.6700724363327026,0.6338312029838562,Correct
412,ما هي العضلة المسؤولة عن قبض الفخذ وقبض الساق؟,ANSWER: العضلة الخياطية,الخياطية,العضلة الخياطية,الخياطية,0.6202170848846436,0.5353620052337646,0.5746740698814392,Correct
420,أين تتوضع الغدة تحت الطية اللسانية؟,ANSWER: الغدة تحت اللسان,تحت اللسان,الغدة تحت اللسان,تحت اللسان,0.6563072204589844,0.8240931034088135,0.7306919097900391,Correct
424,أين يتوضع السرج التركي؟,ANSWER: جسم العظم الوتدي,على الوجه العلوي لجسم العظم الوتدي.,جسم العظم الوتدي,على الوجه العلوي لجسم العظم الوتدي.,0.8171568512916565,0.6667826175689697,0.7343506813049316,Incorrect
426,ما هو القسم مع الضلع الواقع بين الرأس والحدبية؟,ANSWER: عنق الضلع,العنق,عنق الضلع,العنق,0.6373351812362671,0.8279352188110352,0.7202386856079102,Correct
443,كم عدد شدف النخاع الشوكي؟,ANSWER: ٣١ زوجاً,31,٣١ زوجاً,31,0.6241891384124756,0.7302842140197754,0.6730814576148987,Correct
450,ما هي العضلة الموسعة المسؤولة عن فتح الحنجرة؟,ANSWER: العضلة الحلقية الطرجهالية الخلفية,الحلقية الطرجهالية الخلفية,العضلة الحلقية الطرجهالية الخلفية,الحلقية الطرجهالية الخلفية,0.8259797096252441,0.8257643580436707,0.825872004032135,Correct
453,ما يُدعى القسم العلوي المتسع من الحالب؟,ANSWER: حويضة الكلية,الحويضة,حويضة الكلية,الحويضة,0.5684322118759155,0.6833900213241577,0.6206327080726624,Correct
468,أين توجد نقطة التعظم البدئية في لوح الكتف؟,ANSWER: الناتئ الغرابي,الحفرة تحت الشوك,الناتئ الغرابي,الحفرة تحت الشوك,0.5623346567153931,0.5425078868865967,0.5522434115409851,Incorrect
469,ما هو الشريان الذي يستمر به الشريان تحت الترقوة؟,ANSWER: الشريان الإبطي,الابطي,الشريان الإبطي,الابطي,0.7503639459609985,0.8071340322494507,0.7777143716812134,Correct
474,ما هو الشريان الذي يمكن الشعور بنبضه عند الحافة السفلية للفك السفلي أمام العضلة الماضغة؟,ANSWER: الشريان الوجهي,الوجهي.,الشريان الوجهي,الوجهي.,0.6710515022277832,0.6563006639480591,0.663594126701355,Correct
489,ما هو الشريان الذي يعتبر الشريان المخي الخلفي فرعاً منه؟,ANSWER: الشريان القاعدي,القاعدي,الشريان القاعدي,القاعدي,0.7031807899475098,0.7544208765029907,0.7279002070426941,Correct
501,ما هو أكبر أعضاء الجسم وزناً ومساحة؟,ANSWER: الجلد,الجلد,الجلد,الجلد,1.0000001192092896,1.0000001192092896,1.0000001192092896,Correct
505,ما الذي يشكله نصفا الكرة المخية مع الدماغ البيني؟,ANSWER: الدماغ الأمامي,المخ,الدماغ الأمامي,المخ,0.5070546865463257,0.653476357460022,0.5710286498069763,Incorrect
510,ما هو اسم الحافة اليسرى للمعدة التي تمتد من الفؤاد إلى البواب؟,ANSWER: الانحناء الأكبر,الانحناء الكبير,الانحناء الأكبر,الانحناء الكبير,0.93028324842453,0.93028324842453,0.93028324842453,Correct
515,ما هو مصدر نشأة الشريان الشوكي الأمامي؟,ANSWER: الشريانان الفقريان,الفقري,الشريانان الفقريان,الفقري,0.4135409891605377,0.44908407330513,0.4305802881717682,Correct
517,أين يقع الثرب الصغير؟,ANSWER: بين الكبد والانحناء الصغير للمعدة,المعدة والكبد,بين الكبد والانحناء الصغير للمعدة,المعدة والكبد,0.5665735006332397,0.701224684715271,0.6267485618591309,Correct
526,أين تقع صفيحة الأكيمات؟,ANSWER: في التيموس,الدماغ المتوسط .,في التيموس,الدماغ المتوسط .,0.45350849628448486,0.449196457862854,0.4513421952724457,Incorrect
529,ما هي الباحة التي يحويها التلفيف خلف المركزي؟,ANSWER: الباحة الحسية الجسدية الأولية,الحس الجسدي الأولية,الباحة الحسية الجسدية الأولية,الحس الجسدي الأولية,0.713371992111206,0.6551634073257446,0.6830297708511353,Correct
530,ما هي الألياف التي تربط المراكز القشرية بالمحيط؟,ANSWER: الألياف الإسقاطية,إسقاطية,الألياف الإسقاطية,إسقاطية,0.48692891001701355,0.5329504013061523,0.5089012980461121,Correct
531,ما نوع المفصل الحلقي الطرجهالي؟,ANSWER: مفصل زلالي رَزّي,الزليلي,مفصل زلالي رَزّي,الزليلي,0.6210320591926575,0.6954599618911743,0.6561421155929565,Correct
533,ما هو رقم العصب الحركي للعضلات الماضغة؟,ANSWER: العصب القحفي الخامس,الخامس,العصب القحفي الخامس,الخامس,0.5241998434066772,0.6275290250778198,0.5712292790412903,Correct
541,كم عدد فصيصات الخصية؟,ANSWER: ٢٥٠ فصيصًا,250,٢٥٠ فصيصًا,250,0.5526859760284424,0.7255294322967529,0.6274215579032898,Correct
548,أين ترتكز العضلة الأخمعية الخلفية بوتر رقيق؟,ANSWER: الثنية البلعومية الحنكية,الضلع الثاني.,الثنية البلعومية الحنكية,الضلع الثاني.,0.575894832611084,0.4744531214237213,0.5202754139900208,Incorrect
554,أين يتوضع الثلم المهمازي؟,ANSWER: على الوجه السفلي للدماغ بين السويقتين المخيتين,الأنسي,على الوجه السفلي للدماغ بين السويقتين المخيتين,الأنسي,0.38846492767333984,0.5414789915084839,0.4523833990097046,Incorrect
557,ما هي المنطقة التي يقع بينها القسيم العضلي (sarcomere)؟,ANSWER: بين خطي Z,الخطين -Z-,بين خطي Z,الخطين -Z-,0.6208999752998352,0.5889117121696472,0.6044829487800598,Correct
562,ما الذي تنتجه الخلايا المجاورة للجريبات في الدرق؟,ANSWER: الكالسيتونين,كاليستونين,الكالسيتونين,كاليستونين,0.7541974782943726,0.6505143046379089,0.6985294818878174,Correct
563,ما الذي تتحول إليه الوحيدات Monocytes بعد مغادرتها الدوران؟,ANSWER: البالعات الكبيرة,بالعات,البالعات الكبيرة,بالعات,0.621597409248352,0.6974247097969055,0.6573314666748047,Correct
568,ما هو الشريان الذي ينتهي به الشريان الوجهي؟,ANSWER: الشريان الزاوي,الزاوي,الشريان الزاوي,الزاوي,0.7463288903236389,0.7865508794784546,0.7659121751785278,Correct
571,أين يتوضع الثلم المهمازي؟,ANSWER: على السطح الوحشي للدماغ عند التقاء الفصين الجبهي والجداري مع الصدغي,الانسي,على السطح الوحشي للدماغ عند التقاء الفصين الجبهي والجداري مع الصدغي,الانسي,0.42228585481643677,0.47745758295059204,0.4481801688671112,Incorrect
573,ما هو العصب القحفي الذي يحمل التعصيب نظير الودي للقلب؟,ANSWER: العصب المبهم,10,العصب المبهم,10,0.3980293869972229,0.41852322220802307,0.408019095659256,Correct
575,ما هي العضلة التي يمر العصب تحت اللساني في الناحية تحت الفك عميقاً منها؟,ANSWER: العضلة الضرسية اللامية,لامية لسانية.,العضلة الضرسية اللامية,لامية لسانية.,0.5021030306816101,0.5129913091659546,0.5074888467788696,Incorrect
576,تحت أي قسم من أقسام التشريح يندرج التنبيب الرغامي؟,ANSWER: التشريح السريري,التشريح التقني .,التشريح السريري,التشريح التقني .,0.7414422035217285,0.6268781423568726,0.6793642044067383,Incorrect
578,ما هي العظام التي يتشكل منها مفصل الركبة؟,ANSWER: عظم الفخذ والظنبوب والرضفة,المفصل بين عظمي الفخذ والظنبوب والمفصل بين عظمي الفخذ والرضفة.,عظم الفخذ والظنبوب والرضفة,المفصل بين عظمي الفخذ والظنبوب والمفصل بين عظمي الفخذ والرضفة.,0.7912418842315674,0.6596719622612,0.7194914817810059,Correct
579,ما هي الحركة الخاصة بالساعد؟,ANSWER: الكب والاستلقاء,الكب,الكب والاستلقاء,الكب,0.6165757179260254,0.7685070037841797,0.6842086315155029,Incorrect
582,ما الذي يحويه القسم الأمامي للثلم الأمامي الخلفي الأيسر للكبد؟,ANSWER: الوريد السري المدور,تلم الرباط الوريدي,الوريد السري المدور,تلم الرباط الوريدي,0.6785767674446106,0.6689401865005493,0.6737239956855774,Incorrect
586,ماذا تشكل الصفيحتان السفليتان للشفرين الصغيرين عند اتحادهما؟,ANSWER: لجام البظر,لجيم البظر,لجام البظر,لجيم البظر,0.7920156717300415,0.7921748161315918,0.7920952439308167,Correct
591,ما هي الانطباعات التي توجد على العظم الجداري؟,ANSWER: انطباعات التلافيف الدماغية,السحائي الأوسط,انطباعات التلافيف الدماغية,السحائي الأوسط,0.5587953925132751,0.6018903255462646,0.5795428156852722,Incorrect
592,ما هو العصب الحركي للعضلات الماضغة؟,ANSWER: العصب الفكي السفلي,الخامس,العصب الفكي السفلي,الخامس,0.37921851873397827,0.4185590147972107,0.39791879057884216,Correct
593,أين يقع الشق الحجاجي السفلي؟,ANSWER: بين الفك العلوي والعظم الوجني,الجناح البير والفكي العلوي,بين الفك العلوي والعظم الوجني,الجناح البير والفكي العلوي,0.5853345394134521,0.6095573902130127,0.5972003936767578,Incorrect
597,ما هو العضو المتخصص بتشكيل الصوت والتدخل بالدور في الكلام؟,ANSWER: الحنجرة,الحنجرة,الحنجرة,الحنجرة,1.0,1.0,1.0,Correct
601,ما هي حركة الركبة للخلف بمستوى سهمي؟,ANSWER: بسط الركبة,عطف,بسط الركبة,عطف,0.5734096765518188,0.6864063739776611,0.624840497970581,Incorrect
603,ما هو العصب القحفي المتواسط بإفراز الغدد الدمعية واللعابية؟,ANSWER: العصب الوجهي,السابع,العصب الوجهي,السابع,0.394159197807312,0.44924402236938477,0.4199027419090271,Correct
609,أين تتوضع الصفيحة الأفقية للعظم الغربالي؟,ANSWER: سقف التجويف الأنفي,الثلمة الغربالية في العظم الدمعي.,سقف التجويف الأنفي,الثلمة الغربالية في العظم الدمعي.,0.5983709096908569,0.5388922691345215,0.5670762658119202,Incorrect
612,ما هو لون لب الكظر؟,ANSWER: أصفر دهني,بني غامق,أصفر دهني,بني غامق,0.6999700665473938,0.7473359704017639,0.7228779792785645,Incorrect
616,ما هو وجه العظم الجبهي الذي ينتمي للقحف العصبي؟,ANSWER: الوجه الدماغي,الداخلى,الوجه الدماغي,الداخلى,0.6034501791000366,0.6066017150878906,0.6050218343734741,Correct
618,ما هو لون لب الكظر؟,ANSWER: أصفر ذهبي,بني غامق,أصفر ذهبي,بني غامق,0.6278286576271057,0.6433046460151672,0.6354724764823914,Incorrect
627,ما هي اللفافة التي تحيط بجسم القضيب؟,ANSWER: اللفافة العميقة للقضيب (لفافة باك),بوك,اللفافة العميقة للقضيب (لفافة باك),بوك,0.24418359994888306,0.3470551073551178,0.28666988015174866,Correct
632,ما هي العضلة التي تعد من العضلات الوحشية للساق وقد تعد من العضلات الأمامية للساق؟,ANSWER: العضلة الشظوية الثالثة,العضلة الشظويةالثالثة,العضلة الشظوية الثالثة,العضلة الشظويةالثالثة,0.8614241480827332,0.8137651085853577,0.8369166851043701,Correct
635,ما هو أول ما يتأثر من الخلايا الكبدية في حالة الإصابة بنقص الأكسجة؟,ANSWER: خلايا المنطقة الثالثة حول الوريد المركزي,الخلايا الكبدية المركزية,خلايا المنطقة الثالثة حول الوريد المركزي,الخلايا الكبدية المركزية,0.6400691270828247,0.7366369366645813,0.6849661469459534,Correct
636,ما هي العضلات الطويلة التي تربط الفقرات مع بعضها؟,ANSWER: العضلات بين الشوكية,عضلات العمود الفقري,العضلات بين الشوكية,عضلات العمود الفقري,0.660449743270874,0.7140058875083923,0.6861843466758728,Incorrect
640,ما هي الطية الجلدية التي تغطي رأس القضيب؟,ANSWER: القلفة,القلفة,القلفة,القلفة,0.9999998211860657,0.9999998211860657,0.9999998211860657,Correct
644,من أين يتفرع الشريان الأكليلي الأيمن والأيسر؟,ANSWER: من الجيب الأبهر الأيمن والأيسر من الأبهر الصاعد,الأبهر الصاعد,من الجيب الأبهر الأيمن والأيسر من الأبهر الصاعد,الأبهر الصاعد,0.5153976678848267,0.6159564256668091,0.5612080097198486,Correct
645,متى ينشأ برزخ الأبهر؟,ANSWER: الأسبوع الرابع الجنيني,بعد منشأ الشريان تحت الترقوة الأيسر,الأسبوع الرابع الجنيني,بعد منشأ الشريان تحت الترقوة الأيسر,0.530240535736084,0.5402297973632812,0.5351885557174683,Incorrect
647,ما هو أصغر الفروع الأمامية للأبهر البطني؟,ANSWER: الشريان المعدي الأيسر,المساريقي السفلي,الشريان المعدي الأيسر,المساريقي السفلي,0.5493914484977722,0.6712135076522827,0.6042232513427734,Incorrect
655,ما هي الألياف التي تربط التلافيف والفصوص في نصف كرة مخية واحد؟,ANSWER: الألياف الرابطة,ترابطية,الألياف الرابطة,ترابطية,0.4975384473800659,0.5335376858711243,0.5149096250534058,Correct
656,ما هي ميزابة النبض بين أوتار العضلات؟,ANSWER: التلم الكعبري للرسغ,العضدية الكعبرية قابضة الرسغ الكعبرية,التلم الكعبري للرسغ,العضدية الكعبرية قابضة الرسغ الكعبرية,0.516852617263794,0.49148792028427124,0.5038512349128723,Incorrect
657,ما هو الوريد السطحي الذي يشكل الابطي؟,ANSWER: الوريد البازيلي,القاعدي,الوريد البازيلي,القاعدي,0.5914154052734375,0.6151330471038818,0.6030411124229431,Correct
660,ماذا تفرز الخلايا ألفا في البنكرياس؟,ANSWER: الغلوكاغون,الفلوكاغون,الغلوكاغون,الفلوكاغون,0.7889145016670227,0.7889145016670227,0.7889145016670227,Correct
664,ما هو اسم أعمق الانخفاضات في الصيوان؟,ANSWER: محارة الأذن,المحار,محارة الأذن,المحار,0.7014613747596741,0.7486069202423096,0.7242677211761475,Correct
665,ما هي وظيفة هرمون الغدة جار الدرقية PTH؟,ANSWER: زيادة تركيز الكالسيوم في الدم,يرفع كالسيوم الدم,زيادة تركيز الكالسيوم في الدم,يرفع كالسيوم الدم,0.7278620600700378,0.7665402293205261,0.7467005848884583,Correct
669,ما الذي يمتد من المنخر حتى المنعر؟,ANSWER: الميزاب الأنفي الدمعي,جوف الأنف,الميزاب الأنفي الدمعي,جوف الأنف,0.5183058977127075,0.5898284316062927,0.5517590641975403,Incorrect
671,ما الذي يقع بين جسم الفقرة والقوس الفقرية؟,ANSWER: الثقبة الفقرية,الثقبة الفقرية,الثقبة الفقرية,الثقبة الفقرية,0.9999997615814209,0.9999997615814209,0.9999997615814209,Correct
676,أين تتوضع الطية المخملة؟,ANSWER: في جوف الفم حول قاعدة اللسان واللوزتين,الوجه السفلي للسان,في جوف الفم حول قاعدة اللسان واللوزتين,الوجه السفلي للسان,0.5355428457260132,0.6248061656951904,0.5767410397529602,Incorrect
680,ما هو الهرمون الذي يفرز PTH؟,ANSWER: الغدة جار الدرقية,الغدد جارات الدرق.,الغدة جار الدرقية,الغدد جارات الدرق.,0.651848316192627,0.6489124298095703,0.6503770351409912,Correct
683,ما هو الهرمون الذي يسرع عملية تصنيع الأحماض الدهنية من الغلوكوز في الخلايا الشحمية؟,ANSWER: الإنسولين,الأنسولين,الإنسولين,الأنسولين,1.0,1.0,1.0,Correct
688,ما هي العضلات التي تعمل على توازن الرأس على الجذع؟,ANSWER: العضلات القذالية الرقبية الأمامية والخلفية,عضلات العنق.,العضلات القذالية الرقبية الأمامية والخلفية,عضلات العنق.,0.5647388696670532,0.6165026426315308,0.5894865989685059,Correct
693,من أين يخرج العصب الوجهي من الجمجمة؟,ANSWER: الثقبة الإبرية الخشائية,الثقبة الأبرية الخشائية,الثقبة الإبرية الخشائية,الثقبة الأبرية الخشائية,0.9999998807907104,0.9999998807907104,0.9999998807907104,Correct
696,ما الذي يتصل به المدورين بالخلف في الفخذ؟,ANSWER: الرباط الإسكي الفخذي,العرف بين المدورين,الرباط الإسكي الفخذي,العرف بين المدورين,0.48255211114883423,0.49684014916419983,0.48959189653396606,Incorrect
698,أين يدخل الحالبان المثانة؟,ANSWER: المثلث المثاني,الخلفي,المثلث المثاني,الخلفي,0.5419846773147583,0.6432478427886963,0.5882904529571533,Correct
700,ما هي الباحة المسؤولة عن حركات العين؟,ANSWER: الحقل العيني الجبهي,8,الحقل العيني الجبهي,8,0.2621925473213196,0.3040723204612732,0.2815837562084198,Incorrect
709,ما هو الشريان الذي ينشأ منه الجذع المشترك للشريان بين العظمين؟,ANSWER: الشريان الزندي,الزندي,الشريان الزندي,الزندي,0.7589727640151978,0.8176912069320679,0.787238597869873,Correct
710,ما هو وجه عظم الترقوة الذي عليه ميزابة طولانية؟,ANSWER: الوجه السفلي,الوجه السفلي,الوجه السفلي,الوجه السفلي,1.0,1.0,1.0,Correct
713,من أين يفرز الغلوكاغون؟,ANSWER: خلايا ألفا في جزر لانغرهانس,خلايا الفا في المعثكلة,خلايا ألفا في جزر لانغرهانس,خلايا الفا في المعثكلة,0.7952189445495605,0.7370168566703796,0.7650125026702881,Correct
715,ما هي الطبقة المبطنة للتامور الليفي؟,ANSWER: التامور المصلي الجداري,التامور المصلي الجداري,التامور المصلي الجداري,التامور المصلي الجداري,1.0,1.0,1.0,Correct
718,ما هو معنى التوسع في نهاية الأسهر؟,ANSWER: أمبولة الأسهر,مجل الأسهر,أمبولة الأسهر,مجل الأسهر,0.6984876394271851,0.7856040000915527,0.7394888997077942,Correct
720,كم عدد فقرات الجزء الصدري من العمود الفقري؟,ANSWER: ١٢ فقرة,12,١٢ فقرة,12,0.347205251455307,0.49511295557022095,0.4081731140613556,Correct
722,من أين ينتج هرمون الأستروجين؟,ANSWER: المبيض,المبيض,المبيض,المبيض,0.9999998807907104,0.9999998807907104,0.9999998807907104,Correct
739,ما هي الفروع الانتهائية للسباني الخارجي؟,ANSWER: الشريان الفكي والشريان الصدغي السطحي,حنكي وصدغي سطحي,الشريان الفكي والشريان الصدغي السطحي,حنكي وصدغي سطحي,0.6439977884292603,0.5508270263671875,0.5937797427177429,Incorrect
743,ما هو مصدر التعصيب الحركي لعضلات الظهر العميقة؟,ANSWER: الفروع الظهرية للأعصاب الشوكية,الشعب الاوليه الظهريه,الفروع الظهرية للأعصاب الشوكية,الشعب الاوليه الظهريه,0.6224956512451172,0.6868759393692017,0.6531030535697937,Correct
748,ما هو الجيب الوريدي الذي يصب في الوريد الوداجي الباطن؟,ANSWER: الجيب السيني,الجيب السيني,الجيب السيني,الجيب السيني,1.0,1.0,1.0,Correct
752,أين يتوضع العظم الكتفي؟,ANSWER: على الجدار الخلفي للصدر,الاضلاع الثانية حتى السابعة,على الجدار الخلفي للصدر,الاضلاع الثانية حتى السابعة,0.5095566511154175,0.5655866265296936,0.5361116528511047,Incorrect
753,ما هي المنطقة الأعمق في الغدة الكظرية؟,ANSWER: النخاع الكظري,اللب,النخاع الكظري,اللب,0.5374612212181091,0.6846293210983276,0.6021840572357178,Correct
756,ما الذي يقع بين النواة العدسية من جهة والنواة والمهاد من الجهة الأخرى؟,ANSWER: المحفظة الداخلية,المحفظة الداخلية.,المحفظة الداخلية,المحفظة الداخلية.,0.8611717224121094,0.8038197755813599,0.8315080404281616,Correct
760,ما الذي ينفتح على القرين الأنفي العلوي؟,ANSWER: الثقوب الغربالية الخلفية,الجيب الوتدي,الثقوب الغربالية الخلفية,الجيب الوتدي,0.4691570997238159,0.5172265768051147,0.49202054738998413,Incorrect
761,أين يمكن إجراء الحقن العضلي في القسم العلوي؟,ANSWER: الربع العلوي الوحشي للألية,الدالية,الربع العلوي الوحشي للألية,الدالية,0.5124854445457458,0.610002875328064,0.5570082068443298,Incorrect
763,أين تتوضع الاحدوبة الدالية في العضد؟,ANSWER: السطح الوحشي للعضد في الثلث الأوسط,الوحشي,السطح الوحشي للعضد في الثلث الأوسط,الوحشي,0.5329552888870239,0.6257501840591431,0.5756369829177856,Correct
768,ما هو أكبر الجيوب جانب الأنف؟,ANSWER: الجيب الفكي,الفكي,الجيب الفكي,الفكي,0.8091521859169006,0.838789701461792,0.8237044215202332,Correct
775,ما هو العصب المحرك لعضلات اللسان؟,ANSWER: العصب تحت اللسان,12,العصب تحت اللسان,12,0.2436429262161255,0.27973827719688416,0.26044589281082153,Correct
777,ما الذي يتوضع تحت الخط الضرسي اللامي؟,ANSWER: الغدة تحت الفك السفلي,حفرة الغدة تحت الفك السفلي,الغدة تحت الفك السفلي,حفرة الغدة تحت الفك السفلي,0.8999292850494385,0.8448280692100525,0.8715085387229919,Incorrect
791,ما هي الطبقة المحيطة بالقلب والمرتبطة به؟,ANSWER: التامور,التامور المصلي الحشوي,التامور,التامور المصلي الحشوي,0.7069952487945557,0.6450949311256409,0.6746281981468201,Incorrect
793,ما هو الشريان الذي ينشأ منه الشريان الزاوي؟,ANSWER: الشريان الوجهي,الشريان الوجهي,الشريان الوجهي,الشريان الوجهي,1.0,1.0,1.0,Correct
796,ما هو تشكل الوريد المأبضي؟,ANSWER: اتحاد الوريدين الظنبوبيين الأمامي والخلفي,الوريد الظنبوبي الامامي والوريد الظنبوبي الخلفي,اتحاد الوريدين الظنبوبيين الأمامي والخلفي,الوريد الظنبوبي الامامي والوريد الظنبوبي الخلفي,0.7345508337020874,0.7638794779777527,0.7489281296730042,Correct
799,ما هي المنطقة الأعمق في قشر الكظر؟,ANSWER: المنطقة الشبكية,الشبكية,المنطقة الشبكية,الشبكية,0.657225489616394,0.7483790516853333,0.699846625328064,Correct
802,أين يقع التلم الوحشي؟,ANSWER: في الفص الصدغي من المخ,فص الجزيرة,في الفص الصدغي من المخ,فص الجزيرة,0.4150332808494568,0.4454537630081177,0.42970579862594604,Incorrect
803,أين يصب الوريد الكلوي؟,ANSWER: الوريد الأجوف السفلي,الأجوف السفلي,الوريد الأجوف السفلي,الأجوف السفلي,0.814744234085083,0.8422105312347412,0.8282497525215149,Correct
808,أين ترتكز العضلة المدورة الصغيرة؟,ANSWER: الوجه السفلي للحدبة الكبرى للعضد,حديبة العضد الكبرى.,الوجه السفلي للحدبة الكبرى للعضد,حديبة العضد الكبرى.,0.5419211983680725,0.554619312286377,0.5481967926025391,Correct
811,ما هو الجزء من البلعوم الذي يتبعه الردب الكمثري؟,ANSWER: البلعوم السفلي,الحنجري,البلعوم السفلي,الحنجري,0.5703253149986267,0.5941622257232666,0.5819997787475586,Correct
815,كم عدد الأعصاب القحفية؟,ANSWER: اثنا عشر زوجًا,12 شفعًا,اثنا عشر زوجًا,12 شفعًا,0.6206915378570557,0.6459071040153503,0.6330482959747314,Correct
816,أين تتوضع نواة العصب العاشر؟,ANSWER: البصلة السيسائية,البصلة,البصلة السيسائية,البصلة,0.6642587184906006,0.8677366375923157,0.7524848580360413,Correct
817,ما هو العنصر الذي يجاور الرغامي من الخلف؟,ANSWER: المريء,المري,المريء,المري,0.6508059501647949,0.701965868473053,0.6754185557365417,Correct
818,ما هو العصب القحفي الذي يجتاز النفق الصدري؟,ANSWER: العصب المبهم,2,العصب المبهم,2,0.4517788887023926,0.47245994210243225,0.46188804507255554,Incorrect
819,ما هو العظم الأضخم في هيكل القدم؟,ANSWER: العقب,العقب,العقب,العقب,1.0,1.0,1.0,Correct
822,أين يوجد النفير البلعومي السمعي؟,ANSWER: البلعوم الأنفي,البلعوم الانفي,البلعوم الأنفي,البلعوم الانفي,1.0,1.0,1.0,Correct
826,ما الذي يحد فتحة وينسلو من الأسفل؟,ANSWER: الجزء الأول من الإثني عشر,الإثني عشر.,الجزء الأول من الإثني عشر,الإثني عشر.,0.5056233406066895,0.5753991007804871,0.5382593274116516,Correct
830,ما يُسمى الوجه الأمامي للوح الكتف؟,ANSWER: السطح الضلعي,الحفرة تحت الكتفية,السطح الضلعي,الحفرة تحت الكتفية,0.5910110473632812,0.6745792031288147,0.6300361156463623,Incorrect
832,ما هو الشريان الذي يروي القولون الصاعد؟,ANSWER: الشريان المساريقي العلوي,المساريقي العلوي,الشريان المساريقي العلوي,المساريقي العلوي,0.6745700240135193,0.7112733125686646,0.6924356818199158,Correct
834,ما هي الطية الجلدية التي تغطي رأس القضيب؟,ANSWER: القلفة,القلفة,القلفة,القلفة,1.0,1.0,1.0,Correct
835,ما يُدعى القسم العلوي المتسع من الحالب؟,ANSWER: حوض الكلية,الحويضة,حوض الكلية,الحويضة,0.5682711601257324,0.618346631526947,0.592252254486084,Correct
839,ما هي المنطقة الفاصلة بين الطيتين الصوتيين؟,ANSWER: المزمار,مشق المزمار,المزمار,مشق المزمار,0.8272221684455872,0.7438325881958008,0.7833142876625061,Correct
840,ما هي الطبقة من الكظر التي تتألف من حبال مقوسة من خلايا عمودية متقاربة؟,ANSWER: المنطقة الكبيبية,الطبقة الكبيبة,المنطقة الكبيبية,الطبقة الكبيبة,0.6373885273933411,0.6534250974655151,0.645307183265686,Correct
841,ما هي الخلايا التي تتوضع في اللحمة بين النبيبات؟,ANSWER: خلايا لايديغ,لايديغ,خلايا لايديغ,لايديغ,0.6878957152366638,0.7453726530075073,0.7154817581176758,Correct
860,ما هو السطح الخلفي للفخذ تحت المدور الكبير؟,ANSWER: خط خشن عضلي,الأحدوبة الأولوية,خط خشن عضلي,الأحدوبة الأولوية,0.5157579779624939,0.49454206228256226,0.5049272775650024,Incorrect
861,ما الذي يحويه القسم الأمامي للثلم الأمامي الخلفي الأيسر للكبد؟,ANSWER: القناة الوريدية,ثلم الرباط المدور,القناة الوريدية,ثلم الرباط المدور,0.574354887008667,0.5738698244094849,0.5741122364997864,Incorrect
864,ما هو الشريان الذي يروي معظم الوجه الوحشي للمخ؟,ANSWER: الشريان المخي الأوسط,المخى الأوسط.,الشريان المخي الأوسط,المخى الأوسط.,0.6772658824920654,0.6606262922286987,0.668842613697052,Correct
870,ما هي المنطقة الفاصلة بين الطيتين الصوتيين؟,ANSWER: المزمار,مشق المزمار,المزمار,مشق المزمار,0.8272221684455872,0.7438325881958008,0.7833142876625061,Correct
872,ما هو العصب القحفي الذي يعبر الثقبة البيضية؟,ANSWER: العصب الفكي السفلي,الفكي السفلي,العصب الفكي السفلي,الفكي السفلي,0.778460681438446,0.8149362802505493,0.7962809801101685,Correct
873,ما هو الهرمون الذي يسبب دفقه الشديد حدوث عملية الإباضة؟,ANSWER: الهرمون اللوتيني,LH,الهرمون اللوتيني,LH,0.3729817271232605,0.39504003524780273,0.3836941123008728,Correct
876,ما هو الهرمون الذي يستهدف الدرق ويحفز إفراز الهرمون الدرقي؟,ANSWER: الهرمون المنبه للدرق (TSH),TSH,الهرمون المنبه للدرق (TSH),TSH,0.3818359971046448,0.5029595494270325,0.4341071844100952,Correct
882,ما هي أكبر عقدة مفردة من النسيج اللمفاوي؟,ANSWER: اللوزة الحنكية,الطحال,اللوزة الحنكية,الطحال,0.5640532970428467,0.6303752064704895,0.5953729748725891,Incorrect
884,ما هي العضلة الرئيسية المسؤولة عن قبض المرفق؟,ANSWER: العضلة ذات الرأسين العضدية,العضدية,العضلة ذات الرأسين العضدية,العضدية,0.46659255027770996,0.6058032512664795,0.5271622538566589,Incorrect
887,ما هي التراكيب التي توجد على حافتي اللسان وتحوي براعم ذوقية كثيرة؟,ANSWER: الحليمات الورقية,الورقية,الحليمات الورقية,الورقية,0.6876994371414185,0.7740067839622498,0.7283051013946533,Correct
888,ما هي الشعيرات الدموية التي تغلفها محفظة بومان؟,ANSWER: الشعيرات الكبيبية,الكبيبة الكلوية,الشعيرات الكبيبية,الكبيبة الكلوية,0.669575572013855,0.677340567111969,0.6734356880187988,Correct
891,ما هي الحافة من الفرع التي تشكل زاوية الفك السفلي؟,ANSWER: الحافة الخلفية للفرع,الخلفية,الحافة الخلفية للفرع,الخلفية,0.5575290322303772,0.6074711084365845,0.5814295411109924,Correct
904,ما الذي تغلفه العضلة البصلية الإسفنجية؟,ANSWER: بصلة الدهليز,بصلة القضيب,بصلة الدهليز,بصلة القضيب,0.7346447110176086,0.7346447110176086,0.7346447110176086,Incorrect
909,من أين يخرج العصب الشوكي؟,ANSWER: من الثقبة بين الفقرات,الثقبة بين الفقرية,من الثقبة بين الفقرات,الثقبة بين الفقرية,0.6547415852546692,0.6518741846084595,0.6533046960830688,Correct
911,ما هي الألياف التي تعصب العضلة مصرة الحدقة؟,ANSWER: الألياف نظيرة الودية قبل العقدية,نظيرة ودية,الألياف نظيرة الودية قبل العقدية,نظيرة ودية,0.5301371216773987,0.5660475492477417,0.5475041270256042,Correct
915,ما هو البطين الذي يحويه الدماغ البيني داخله؟,ANSWER: البطين الثالث,الثالث,البطين الثالث,الثالث,0.7935962677001953,0.9194496273994446,0.8518998622894287,Correct
919,ما الذي يشغل الجزء العلوي من قبة القحف؟,ANSWER: الفص الجبهي,العظم الجداري,الفص الجبهي,العظم الجداري,0.8198205232620239,0.8198205232620239,0.8198205232620239,Incorrect
920,ما هو العصب الذي يعصب الغدة النكفية؟,ANSWER: العصب الأذني الصدغي,تحت اللساني,العصب الأذني الصدغي,تحت اللساني,0.6018494367599487,0.5396639108657837,0.5690628290176392,Incorrect
921,من أين يخرج العصب تحت اللساني؟,ANSWER: القناة تحت اللسانية,النفق تحت اللساني,القناة تحت اللسانية,النفق تحت اللساني,0.8039419651031494,0.7465760707855225,0.7741977572441101,Correct
922,ما هي الخلايا البالعة الكبدية؟,ANSWER: خلايا كوبفر,خلايا كوبفر.,خلايا كوبفر,خلايا كوبفر.,0.8113667964935303,0.7169029116630554,0.7612153887748718,Correct
932,أين يصب الوريد الصافن الكبير (الأنسي)؟,ANSWER: الوريد الفخذي,الوريد الفخذي,الوريد الفخذي,الوريد الفخذي,0.9999999403953552,0.9999999403953552,0.9999999403953552,Correct
948,ما هو الشريان الذي يستمر به الريان تحت الترقوة؟,ANSWER: الشريان الإبطي,الإبطي,الشريان الإبطي,الإبطي,0.7503640651702881,0.8071344494819641,0.7777146697044373,Correct
950,ما تُدعى الردب بين عنق الرحم والمهبل؟,ANSWER: القبو المهبلي,قبو المهبل,القبو المهبلي,قبو المهبل,0.8033267855644226,0.8494160175323486,0.825728714466095,Correct
954,في أي مستوى من الفقرات الصدرية يتم التمفصل بين قبضة وجسم القص؟,ANSWER: مستوى الفقرة الصدرية الرابعة والخامسة,الرابعة.,مستوى الفقرة الصدرية الرابعة والخامسة,الرابعة.,0.5608380436897278,0.49567529559135437,0.5262471437454224,Incorrect
958,ما هو الرباط الذي يربط الرحم بجدران الحوض الجانبية؟,ANSWER: الرباط العريض للرحم,العريض,الرباط العريض للرحم,العريض,0.08992020785808563,0.12445223331451416,0.10440494120121002,Correct
959,ما هي العضلة التي تنشأ من الشوكة الحرقفية الأمامية العلوية وترتكز انسي الظنبوب؟,ANSWER: العضلة الخياطية,الخياطية,العضلة الخياطية,الخياطية,0.6202171444892883,0.5353620052337646,0.574674129486084,Correct
964,ما هي الطبقة البطانية الرحمية التي تتعرض إلى تغيرات ملحوظة أثناء الدورة الشهرية؟,ANSWER: الطبقة الوظيفية من بطانة الرحم,الطبقة الوظيفية.,الطبقة الوظيفية من بطانة الرحم,الطبقة الوظيفية.,0.6532248258590698,0.6911616921424866,0.671657919883728,Correct
982,ما هو موقع مستقبلات الضغط المسؤولة عن المنعكس القلبي التثبيطي؟,ANSWER: جيب الشريان السباتي,الجيب السباتي.,جيب الشريان السباتي,الجيب السباتي.,0.7011876106262207,0.6761146187782288,0.6884229183197021,Correct
985,ما هو أكبر أعضاء الجسم وزناً ومساحة؟,ANSWER: الجلد,الجلد,الجلد,الجلد,1.0000001192092896,1.0000001192092896,1.0000001192092896,Correct
988,ما هي البنية الأكثر علواً في جذر الرئة اليسرى؟,ANSWER: الشريان الرئوي الأيسر,الشريان الرئوي,الشريان الرئوي الأيسر,الشريان الرئوي,0.7282602787017822,0.7998828887939453,0.7623931169509888,Correct
994,ما هو المكان الذي يعبر من خلاله الشريان السحاني الأوسط؟,ANSWER: الثقبة الشوكية,الثقبة الشوكية,الثقبة الشوكية,الثقبة الشوكية,1.0000001192092896,1.0000001192092896,1.0000001192092896,Correct
995,ما هو الجوف الهوائي الذي يحوي عظيمات السمع؟,ANSWER: جوف الطبلة,الأذن الوسطى,جوف الطبلة,الأذن الوسطى,0.6371045708656311,0.6577969789505005,0.6472854018211365,Correct
1008,ما هي وظيفة النهايات العصبية الحرة الواردة ضمن ألياف العضلة القلبية؟,ANSWER: استقبال الألم,الإحساس بالألم.,استقبال الألم,الإحساس بالألم.,0.5310318470001221,0.5088807344436646,0.5197203755378723,Correct
1015,ما هي الخلايا التي تخزن فيتامين A في الكبد؟,ANSWER: خلايا نجمية كبدية,خلايا إيتو,خلايا نجمية كبدية,خلايا إيتو,0.5643997192382812,0.6970944404602051,0.6237680912017822,Correct
1021,من أين يحمل الشريان الرئوي الدم غير المؤكسج؟,ANSWER: البطين الأيمن,البطين الأيمن,البطين الأيمن,البطين الأيمن,0.9999998807907104,0.9999998807907104,0.9999998807907104,Correct
1022,ما هو العصب القحفي الثاني؟,ANSWER: العصب البصري,البصري - حاسي,العصب البصري,البصري - حاسي,0.5377734899520874,0.4967823624610901,0.5164658427238464,Correct
1023,ما هو العظم الذي تنتمي إليه الثلمة الاسكية الصغيرة؟,ANSWER: عظم الورك,الاسك,عظم الورك,الاسك,0.5348141193389893,0.5445625185966492,0.5396443009376526,Correct
1028,ما هو الغضروف المرتبط مع الحلقة الرغامية الأولى؟,ANSWER: الغضروف الحلقي,الحلقي,الغضروف الحلقي,الحلقي,0.7586222887039185,0.8215585947036743,0.7888371348381042,Correct
1035,ما هو المفصل الذي يتألف من سطحين كل منهما محدب في اتجاه ومقعر في اتجاه آخر؟,ANSWER: المفصل السرجي,سرجي saddle,المفصل السرجي,سرجي saddle,0.664700448513031,0.5833207368850708,0.6213573217391968,Correct
1039,ما هو أكبر أعصاب الجسم؟,ANSWER: العصب الوركي,الوركي,العصب الوركي,الوركي,0.6182485818862915,0.621941328048706,0.6200894117355347,Correct
1041,كم عدد العضلات بين العظمية الأخمصية؟,ANSWER: أربع عضلات,3,أربع عضلات,3,0.6178832054138184,0.703728199005127,0.6580176949501038,Incorrect
1052,أين ينتهي الأبهر النازل؟,ANSWER: عند مستوى الفقرة القطنية الرابعة,L4,عند مستوى الفقرة القطنية الرابعة,L4,0.3659394383430481,0.3185482621192932,0.3406032621860504,Correct
1062,ما هي المراكز المسؤولة عن تنسيق الفعالية الحركية وضمان الثباتية؟,ANSWER: المخيخ والعقد القاعدية,النوى القاعدية,المخيخ والعقد القاعدية,النوى القاعدية,0.6020079255104065,0.6957354545593262,0.6454870700836182,Incorrect
1066,ما هو وجه العظم الجبهي الذي ينتمي للقحف العصبي؟,ANSWER: الوجه الداخلي,الداخلي,الوجه الداخلي,الداخلي,0.6941238641738892,0.8119180798530579,0.7484142780303955,Correct
1070,أين ينفتح الجيب الفكي؟,ANSWER: الصماخ الأنفي الأوسط,الصماخ المتوسط,الصماخ الأنفي الأوسط,الصماخ المتوسط,0.5962480306625366,0.6981794238090515,0.6432003974914551,Correct
1071,ما هو أكبر أقسام المعثكلة؟,ANSWER: رأس المعثكلة,الرأس,رأس المعثكلة,الرأس,0.578701376914978,0.7387816309928894,0.6490163207054138,Correct
1077,ما هي الحدود التشريحية للحجرة الخلفية للعين؟,ANSWER: بين سطح القزحية الخلفي والوجه الأمامي للجسم الزجاجي,القزحية في الأمام والعدسة في الخلف,بين سطح القزحية الخلفي والوجه الأمامي للجسم الزجاجي,القزحية في الأمام والعدسة في الخلف,0.6670593023300171,0.6781492829322815,0.6725585460662842,Incorrect
1079,أين ترتكز العضلة الشظوية القصيرة؟,ANSWER: قاعدة المشط الخامس,قاعدة المشط الخامس,قاعدة المشط الخامس,قاعدة المشط الخامس,1.000000238418579,1.000000238418579,1.000000238418579,Correct
1083,ما هي المنطقة في الحنجرة التي تشمل الطيتين الصوتيتين والمسافة بينهما؟,ANSWER: المزمار,المزمار,المزمار,المزمار,1.000000238418579,1.000000238418579,1.000000238418579,Correct
1085,أين تقع الوهدة في البلعوم؟,ANSWER: في البلعوم الأنفي,الفموي,في البلعوم الأنفي,الفموي,0.48007500171661377,0.541548490524292,0.5089622735977173,Incorrect
1086,ما هي الغدة التي تتوضع تحت الطية اللسانية؟,ANSWER: الغدة تحت اللسان,اللسان,الغدة تحت اللسان,اللسان,0.5402498245239258,0.6928141713142395,0.6070938110351562,Incorrect
1102,ما هو العصب الذي ينتقل عبره الحس غير العام (حس الذوق) من الثلث الأمامي للسان؟,ANSWER: الحبل الطبلي,العصب الوجهي.,الحبل الطبلي,العصب الوجهي.,0.5660592913627625,0.5245084762573242,0.5444923043251038,Correct
1106,ماذا يروي المساريقي العلوي؟,ANSWER: الأمعاء المتوسطة,الأمعاء الدقيقة,الأمعاء المتوسطة,الأمعاء الدقيقة,0.9112935066223145,0.9112935066223145,0.9112935066223145,Correct
1123,ما هي المنطقة الأعمق من قشر الكظر؟,ANSWER: المنطقة الشبكية,المنطقة الشبكية,المنطقة الشبكية,المنطقة الشبكية,0.9999997019767761,0.9999997019767761,0.9999997019767761,Correct
1126,ما هي الفقرة التي تحتوي على ثقبة فقرية كبيرة ومثلثية الشكل؟,ANSWER: الفقرات العنقية,الفقرة الرقبية,الفقرات العنقية,الفقرة الرقبية,0.71860271692276,0.7071312665939331,0.712820827960968,Correct
1127,ما هو لون قشر الكظر؟,ANSWER: أصفر ذهبي,مائل للصفرة,أصفر ذهبي,مائل للصفرة,0.6719092130661011,0.5841297507286072,0.6249522566795349,Correct
1130,ما هو النسيج الضام الليفي الذي يرتكز حول السطوح المفصلية؟,ANSWER: المحفظة المفصلية,المحفظة المفصلية,المحفظة المفصلية,المحفظة المفصلية,0.9999997615814209,0.9999997615814209,0.9999997615814209,Correct
1137,كم عدد شدف النخاع الشوكي؟,ANSWER: ٣١ زوجًا,31,٣١ زوجًا,31,0.6241893768310547,0.7302843928337097,0.6730816960334778,Correct
1151,ما هو التصريف اللمفاوي للثلث الخلفي للسان؟,ANSWER: العقد اللمفاوية الرقبية العميقة,العقد الرقبيه العميقه,العقد اللمفاوية الرقبية العميقة,العقد الرقبيه العميقه,0.7873787879943848,0.86445552110672,0.8241189122200012,Correct
1153,ما هي الغدة التي تقوم بإفراز الميلاتونين؟,ANSWER: الغدة الصنوبرية,الخاليا الصنوبرية.,الغدة الصنوبرية,الخاليا الصنوبرية.,0.6723479628562927,0.6071338653564453,0.6380789279937744,Correct
1156,ما هو الشريان الذي له انطباعات على الوجه الداخلي للعظم الصدغي وهو فرع من أي شريان؟,ANSWER: الشريان السحائي الأوسط (فرع الشريان الفكي العلوي),الفكي,الشريان السحائي الأوسط (فرع الشريان الفكي العلوي),الفكي,0.3816930949687958,0.44069725275039673,0.4090785086154938,Correct
1160,ما هو التصنيف الذي يمكننا من معرفة العضلات التي تشارك في كل مرحلة مفصلية وتطبيق ذلك أثناء الفحص؟,ANSWER: التصنيف الكينيسيولوجي للعضلات,وظيفي.,التصنيف الكينيسيولوجي للعضلات,وظيفي.,0.4679111838340759,0.447046160697937,0.4572407603263855,Incorrect
1162,ما هي الشرايين التي تسير بين الفصوص بإتجاه القشرة على كل جانب من جانبي الهرم الكلوي؟,ANSWER: الشرايين بين الفصوص,الشرايين بين الفصوص,الشرايين بين الفصوص,الشرايين بين الفصوص,0.9999998807907104,0.9999998807907104,0.9999998807907104,Correct
1200,ما هو الدواء الأمثل لبدء التخدير لمريض مصاب بنزف حاد؟,ANSWER: كيتامين,كيتامين,كيتامين,كيتامين,1.0000001192092896,1.0000001192092896,1.0000001192092896,Correct
1205,ما هو المخدر الذي يتميز بالمباشرة والصحو السريعين؟,ANSWER: البروبوڤول,الديسفلوران,البروبوڤول,الديسفلوران,0.4259236454963684,0.24974983930587769,0.31486913561820984,Incorrect
1211,ما هو الدواء الأمثل لبدء التخدير لمريض مصاب بنزف رضي حاد؟,ANSWER: كيتامين,كيتامين,كيتامين,كيتامين,1.0000001192092896,1.0000001192092896,1.0000001192092896,Correct
1219,ما هو المرخي العضلي الأمثل لتسهيل تنبيب مريض ذي خطورة عالية للاستنشاق؟,ANSWER: سكسينيل كولين,السوكسنيل كولين,سكسينيل كولين,السوكسنيل كولين,0.8204636573791504,0.7866538166999817,0.8032031059265137,Correct
1222,ما هو الترياق المناسب للتسمم بالمورفين؟,ANSWER: نالوكسون,A. النالوكسون,نالوكسون,A. النالوكسون,0.6521279811859131,0.6104087829589844,0.6305791139602661,Correct
1270,ما الذي يشير إليه بقاء عيني المريض مفتوحتين مع رأرأة خفيفة وحركات غير هادفة بعد إعطائه جرعة من الكيتامين؟,ANSWER: التخدير الانفصامي,أن الجرعة السابقة مركنة ومخدرة,التخدير الانفصامي,أن الجرعة السابقة مركنة ومخدرة,0.47359758615493774,0.4761427044868469,0.47486671805381775,Correct
1273,ما هو الدواء المنتخب للإرخاء العضلي والتنبيب لمريض يعاني من قصور كلوي ويحتاج لعملية إسعافية؟,ANSWER: روكورونيوم,اتراكوريوم,روكورونيوم,اتراكوريوم,0.7705719470977783,0.7705719470977783,0.7705719470977783,Incorrect
1275,ما هو المرخي العضلي المفضل استعماله لمريض سيخضع لجراحة إسعافية ويعاني من قصور كلوي؟,ANSWER: سكسينيل كولين,B. أتراكوريوم,سكسينيل كولين,B. أتراكوريوم,0.6077994704246521,0.5661892890930176,0.5862569808959961,Incorrect
1296,ماذا يفكك الببسين؟,ANSWER: البروتينات,البروتين,البروتينات,البروتين,0.9114073514938354,0.9114073514938354,0.9114073514938354,Correct
1309,ما التعبير الصحيح لوصف جزيئات الإيثين في تفاعل تشكيل البولي إيثين؟,ANSWER: مونومرات الإيثين,مونوميرات (موحودات),مونومرات الإيثين,مونوميرات (موحودات),0.7154344916343689,0.70916748046875,0.712287187576294,Correct
1351,ماذا يسبب عوز إنزيم البيروفات كيناز؟,ANSWER: فقر دم انحلالي مزمن غير كروي,فقر دم انحلالي,فقر دم انحلالي مزمن غير كروي,فقر دم انحلالي,0.6492263078689575,0.7950789928436279,0.7147881984710693,Correct
1354,ماذا ندعو آلية تفاعل الكلور مع البروبان في ضوء الشمس لإنتاج 1-كلورو بروبان؟,ANSWER: تفاعل استبدال جذري حر,استبدال الجذور الحرة,تفاعل استبدال جذري حر,استبدال الجذور الحرة,0.5791030526161194,0.5311259031295776,0.5540778040885925,Correct
1356,ما هي الاسطوانات المنحنية التي تكون سهلة التمييز لمحتواها الكاسر للضوء؟,ANSWER: الأسطوانات الشمعية,شمعية,الأسطوانات الشمعية,شمعية,0.538549542427063,0.5467408299446106,0.5426142811775208,Correct
1359,ما هي الحموض الأمينية المشحونة سلبياً؟,ANSWER: حمض الأسبارتك والغلوتاميك,اسباريتك,حمض الأسبارتك والغلوتاميك,اسباريتك,0.5052284598350525,0.5483168363571167,0.5258916020393372,Correct
1362,ما هي أعراض عوز فيتامين البيوتين؟,ANSWER: التهاب الجلد مع تساقط الشعر وخمول عصبي,من أعراضه التخلف العقلي.,التهاب الجلد مع تساقط الشعر وخمول عصبي,من أعراضه التخلف العقلي.,0.5154209733009338,0.48858842253685,0.5016461610794067,Incorrect
1363,ما هي مفرزات الصفراء؟,ANSWER: البيليروبين والأملاح الصفراوية والكوليسترول والليسيتين والكهارل,الأملاح الصفراوية.,البيليروبين والأملاح الصفراوية والكوليسترول والليسيتين والكهارل,الأملاح الصفراوية.,0.630836546421051,0.678412139415741,0.6537598967552185,Incorrect
1366,ما هي خصائص الشجرة الوراثية لخلة متنحية جسدية فيها الأبوين مصابين؟,ANSWER: جميع الأبناء مصابون,كل الأبناء مصابين,جميع الأبناء مصابون,كل الأبناء مصابين,0.8835881948471069,0.8835881948471069,0.8835881948471069,Correct
1369,ما هي النواتج المتشكلة عند تفاعل معدن الصوديوم مع الإيثانول؟,ANSWER: إيثوكسيد الصوديوم وغاز الهيدروجين,اوكسيد الصوديوم وهيدروجين,إيثوكسيد الصوديوم وغاز الهيدروجين,اوكسيد الصوديوم وهيدروجين,0.7590633630752563,0.7894822955131531,0.7739740610122681,Incorrect
1370,ما هي خصائص أنزيم RNA Polymerase؟,ANSWER: لا يحتاج بادئ ويصنع RNA باتجاه 5′→3′,يشكل الروابط التكافؤية الإستيرية.,لا يحتاج بادئ ويصنع RNA باتجاه 5′→3′,يشكل الروابط التكافؤية الإستيرية.,0.4137347340583801,0.4887114465236664,0.4481084942817688,Incorrect
1372,ما هو النكليوتيد في جزيء DNA؟,ANSWER: ديوكسي ريبونوكليوتيد,يمكن أنيرتبط به أكثر من مجموعة فوسفات واحدة.,ديوكسي ريبونوكليوتيد,يمكن أنيرتبط به أكثر من مجموعة فوسفات واحدة.,0.5466604232788086,0.4172886610031128,0.4732930362224579,Incorrect
1374,ما هو فيتامين البيوتين؟,ANSWER: فيتامين ب7,يصنع من قبل الجراثيم المعوية,فيتامين ب7,يصنع من قبل الجراثيم المعوية,0.4605775773525238,0.4601331949234009,0.4603552520275116,Incorrect
1375,ما هي حالة عدم تحمل اللاكتوز؟,ANSWER: نقص إنزيم اللاكتاز,من أسبابها الإسهالات الشديدة,نقص إنزيم اللاكتاز,من أسبابها الإسهالات الشديدة,0.5048823952674866,0.5494897365570068,0.5262424945831299,Incorrect
1403,ما هو اسم الاستر المتشكل عندما يتفاعل الميتانول مع حمض البوتانوئيك بوجود بضع قطرات من حمض الكبريت المركز؟,ANSWER: بوتانوات الميثيل,بوتانوات الميتيل,بوتانوات الميثيل,بوتانوات الميتيل,0.8630005121231079,0.8630005121231079,0.8630005121231079,Correct
1437,ما هو سبب الوفاة لدى مرض التلاسيميا؟,ANSWER: فشل قلبي بسبب ترسب الحديد,تراكم الحديد,فشل قلبي بسبب ترسب الحديد,تراكم الحديد,0.5514227151870728,0.6845517754554749,0.6108174324035645,Correct
1454,ما هي الصبغيات التي يوجد فيها الكروماتين المغاير؟,ANSWER: الصبغي Y,1,الصبغي Y,1,0.4268057942390442,0.5362774729728699,0.47531992197036743,Incorrect
1460,ما المركب الذي ينقص منه نتيجة التأخر في فصل البلازما أو المصل من الكريات في الدم؟,ANSWER: الغلوكوز,الغلوكوز.,الغلوكوز,الغلوكوز.,0.782312273979187,0.6986032724380493,0.7380918860435486,Correct
1503,ما هو المركب الذي يستخدم كزمرة ملحقة لجميع الإنزيمات الناقلة الزمرة الأمين؟,ANSWER: فوسفات بيريدوكسال,البيرودوكسال فوسفات,فوسفات بيريدوكسال,البيرودوكسال فوسفات,0.7462023496627808,0.750264585018158,0.7482280135154724,Correct
1508,ما هو العلاج الثاني لمرض الثلاسيميا بيتا؟,ANSWER: زرع نخاع العظم,زرع نقي عظام,زرع نخاع العظم,زرع نقي عظام,0.8264320492744446,0.8522056937217712,0.8391209840774536,Correct
1554,ما هو الاضطراب الذي يتميز بفرط شديد في بيليروبين المصل غير المرتبط وعوز جزئي في UDPGT؟,ANSWER: متلازمة كريغلر-نجار النوع الثاني,كريجلر نجار,متلازمة كريغلر-نجار النوع الثاني,كريجلر نجار,0.5240111947059631,0.6522050499916077,0.5811223387718201,Correct
1577,ما هو سبب الوفاة لدى مرضى التلاسيميا؟,ANSWER: فشل القلب بسبب فرط الحديد,تراكم الحديد,فشل القلب بسبب فرط الحديد,تراكم الحديد,0.5493831634521484,0.6726992130279541,0.6048194766044617,Correct
1581,ماذا يسبب عوز الثيامين الشديد؟,ANSWER: متلازمة فيرنيكه كورساكوف,البري بري,متلازمة فيرنيكه كورساكوف,البري بري,0.41561198234558105,0.4248444437980652,0.42017751932144165,Incorrect
1591,كم يبلغ عدد الجينات التي تشفر لجزيئات الرنا الأصغري miRNAs في مجين الإنسان؟,ANSWER: حوالي ١٠٠٠ جين,125,حوالي ١٠٠٠ جين,125,0.5041858553886414,0.5298149585723877,0.5166827440261841,Incorrect
1600,أين يتم اصطناع الدقائق الكيلوسية؟,ANSWER: الخلايا المعوية في الأمعاء الدقيقة,الأمعاء,الخلايا المعوية في الأمعاء الدقيقة,الأمعاء,0.6207045316696167,0.6349979639053345,0.6277698874473572,Correct
1616,ما هو الإنزيم الذي يتم بوساطته ربط شدف أوكازاكي؟,ANSWER: ليغاز الدنا,أنزيم الليغاز,ليغاز الدنا,أنزيم الليغاز,0.6710096001625061,0.6590854525566101,0.6649940609931946,Correct
1617,ما هو أكثر الأنزيمات فعالية تحفيزية في جسم الإنسان؟,ANSWER: الأنهيدراز الكربوني,كاربونيك انهيدراز.,الأنهيدراز الكربوني,كاربونيك انهيدراز.,0.6777960658073425,0.5600017309188843,0.6132940053939819,Correct
1619,ما هو الشكل الفعال لفيتامين B6؟,ANSWER: فوسفات البيريدوكسال,البيريدوكسال فوسفات,فوسفات البيريدوكسال,البيريدوكسال فوسفات,0.7898352146148682,0.7751005291938782,0.782398521900177,Correct
1669,ما هو الموقع الطبيعي للجين الورمي ABL؟,ANSWER: الصبغي 9 (9q34),9q34,الصبغي 9 (9q34),9q34,0.5120342969894409,0.6098563075065613,0.5566805601119995,Correct
1694,كم عدد طبقات الفوسفولبيد في المذيلة؟,ANSWER: طبقتان,3,طبقتان,3,0.5840368866920471,0.6165043115615845,0.5998315215110779,Incorrect
1695,ما هو التركيب الذي يدخل فيه الكولاجين 4؟,ANSWER: الغشاء القاعدي,الغشاء القاعدي .,الغشاء القاعدي,الغشاء القاعدي .,0.8296691179275513,0.7409441471099854,0.782800555229187,Correct
1696,ما الذي تؤدي إليه استلة الهيستونات؟,ANSWER: زيادة نسخ الجينات,تفعيل الانتساخ.,زيادة نسخ الجينات,تفعيل الانتساخ.,0.5552785396575928,0.5418350100517273,0.5484743714332581,Correct
1707,ما هي الخصائص التي تتميز بها شجرة النسب الحاوية على حالة وراثة متعلقة بالمتقدرات والأم فقط فيها مصابة؟,ANSWER: توريث أمومي فقط,كل الأولاد مصابون.,توريث أمومي فقط,كل الأولاد مصابون.,0.43204057216644287,0.40166836977005005,0.4163012206554413,Incorrect
1715,ما هو الحمض الأميني الذي تتم أستلة الهستونات له؟,ANSWER: ليسين,اللوسين,ليسين,اللوسين,0.7780200242996216,0.779044508934021,0.7785319685935974,Incorrect
1740,ما هي المكونات التي تتألف منها الفوسفولبيدات بالإضافة إلى حمضين دسمين والفوسفات؟,ANSWER: غليسيرول قاعدة نيتروجينية,الغليسرول .,غليسيرول قاعدة نيتروجينية,الغليسرول .,0.6360613107681274,0.5855972766876221,0.6097870469093323,Incorrect
1741,ما هي الوظيفة الوحيدة لسيغما في إنزيم بوليمراز RNA البكتيري؟,ANSWER: التعرف على المحفز وبدء النسخ,التعرف على المحضض.,التعرف على المحفز وبدء النسخ,التعرف على المحضض.,0.6545704007148743,0.7035704255104065,0.6781864762306213,Correct
1746,ما هي الأجزاء التي تتبادل بينها الإشارات الجزيئية التي يعتمد عليها ضبط النظام الخلوي الجذعي؟,ANSWER: الخلايا الجذعية وبيئتها الحاضنة,الخلايا الجذعية وذريتها والنسج المحيطة .,الخلايا الجذعية وبيئتها الحاضنة,الخلايا الجذعية وذريتها والنسج المحيطة .,0.7173449993133545,0.6548582315444946,0.684678852558136,Incorrect
1755,ما تدعى البروتينات المشكلة لمعقدات الثقوب النووية؟,ANSWER: نوكليوبورينات,النكليوبورين .,نوكليوبورينات,النكليوبورين .,0.6823829412460327,0.5614368319511414,0.6160296201705933,Correct
1756,كيف تتم إزالة المتقدرات الحاوية على طفرات بالية؟,ANSWER: الالتهام الذاتي للمتقدرات,الجيني الاختناق.,الالتهام الذاتي للمتقدرات,الجيني الاختناق.,0.47526881098747253,0.5070638656616211,0.4906517565250397,Incorrect
1760,ما هو عامل الإطلاق في حقيقيات النوى؟,ANSWER: eIF-2,RF2,eIF-2,RF2,0.7533715963363647,0.8169538974761963,0.7838755249977112,Incorrect
1818,ما هي الروابط التي تربط سلسلتي عديدي النكليوتيد مع بعضهما البعض؟,ANSWER: روابط هيدروجينية,هيدروجينية.,روابط هيدروجينية,هيدروجينية.,0.743424654006958,0.5972402691841125,0.6623625755310059,Correct
1823,ما هي خصائص الشجرة الوراثية لخلة متنحية فيها الأبوين مصابين؟,ANSWER: جميع الأبناء مصابون,كل الأبناء مصابين.,جميع الأبناء مصابون,كل الأبناء مصابين.,0.7645523548126221,0.6997582912445068,0.7307218313217163,Correct
1851,ما هو أكبر مستوى من المستويات التراتبية للحياة؟,ANSWER: الغلاف الحيوي,المنظومة البيئية .,الغلاف الحيوي,المنظومة البيئية .,0.5243193507194519,0.49487829208374023,0.509173572063446,Incorrect
1861,ما هو الحمض الأميني الذي تبدأ به جميع عديدات الببتيد في بدائيات النوى؟,ANSWER: فورميل ميثيونين,المعدل الميثيونين.,فورميل ميثيونين,المعدل الميثيونين.,0.7831169962882996,0.6715722680091858,0.7230680584907532,Correct
1862,ما الذي يدل عليه تقدير نسبة تنوع النمط الظاهري لخلة ما بسبب الاختلافات الجينية؟,ANSWER: الوراثية,قابلية الانتقال بالوراثة.,الوراثية,قابلية الانتقال بالوراثة.,0.5558663606643677,0.5050092935562134,0.5292187929153442,Correct
1866,ما هي الآلية التي تضمن للخلية الجذعية استمرارها إلى ما لا نهاية؟,ANSWER: الانقسام غير المتناظر,التجديد الذاتي,الانقسام غير المتناظر,التجديد الذاتي,0.5760467648506165,0.6828875541687012,0.6249336004257202,Incorrect
1868,ما هو الحمض الأميني الذي نتج عن ترجمة أول جزيء رنا مرسال صنعي؟,ANSWER: فينيل ألانين,الهستيدين,فينيل ألانين,الهستيدين,0.5851337313652039,0.5707558393478394,0.5778554081916809,Incorrect
1869,ما هي الإنزيمات التي تقوم القلنسوة بحماية سلسلة الرنا من التدرك بها؟,ANSWER: الإكسونوكليازات 5′→3′,الليغاز,الإكسونوكليازات 5′→3′,الليغاز,0.3610321283340454,0.4833703637123108,0.4133389890193939,Incorrect
1871,ما هو مقدار المادة الوراثية التي يتشاركها أقرباء من الدرجة الثانية مع المستلفت؟,ANSWER: ٢٥٪,سدس مادتهم الوراثية,٢٥٪,سدس مادتهم الوراثية,0.4589499533176422,0.3735012710094452,0.4118400812149048,Incorrect
1881,أين يلتحم الغشاءان النوويان؟,ANSWER: في المسام النووية,معدات الثقوب النووية .,في المسام النووية,معدات الثقوب النووية .,0.6674219965934753,0.6299070119857788,0.6481221318244934,Correct
1903,ما هي النتائج المتوقعة في حال إصابة أب بصفة تخضع لوراثة متنحية مرتبطة بالصبغي X؟,ANSWER: جميع البنات حاملات والذكور سليمون,ينقل الصفة فقط لبناته,جميع البنات حاملات والذكور سليمون,ينقل الصفة فقط لبناته,0.5833625793457031,0.49291178584098816,0.5343363881111145,Correct
1923,ما هي النظرية التي تفسر ظهور المتقدرات والصانعات بإدخال جراثيم داخل الخلايا تقوم بالفسفرة والتركيب الضوئي؟,ANSWER: نظرية التكافل الداخلي,فرضية التعايش الداخلي,نظرية التكافل الداخلي,فرضية التعايش الداخلي,0.8453801274299622,0.8453801274299622,0.8453801274299622,Correct
1933,ماذا يسبب وجود الألائل السائد في الأنماط الجينية المختلفة التالية RRYY و RrYy و RRYy و RrYY؟,ANSWER: تفاعل جيني متماثل (تعدد تأثيرات الأليل),نمط ظاهري جديد,تفاعل جيني متماثل (تعدد تأثيرات الأليل),نمط ظاهري جديد,0.521795392036438,0.6479941010475159,0.5780874490737915,Incorrect
1950,ما هو المكان الذي توجد فيه أكبر نسبة للبروتينات في أغشية خلايا الجسم؟,ANSWER: الغشاء الداخلي للميتوكوندريا,الغشاء الخلوي للصانعات الخضراء .,الغشاء الداخلي للميتوكوندريا,الغشاء الخلوي للصانعات الخضراء .,0.6760250926017761,0.6143129467964172,0.6436933279037476,Incorrect
1951,ما هو المسؤول عن إزالة مشراع الرنا قرب انتهاء تنسخ الدنا واستبدالها بنكليوتيدات الدنا؟,ANSWER: نشاط نوكلياز بوليميراز الدنا الأول (5′→3′),بوليميراز الدنا من النمط الأول,نشاط نوكلياز بوليميراز الدنا الأول (5′→3′),بوليميراز الدنا من النمط الأول,0.5821744203567505,0.6853014230728149,0.6295425295829773,Correct
1953,ما الذي ترتبط به الصبيغيات الشقيقة على أنيبيبات مغزل الانقسام؟,ANSWER: الكينيتوكور,الجسيم الحركي .,الكينيتوكور,الجسيم الحركي .,0.5117706656455994,0.4951744079589844,0.50333571434021,Correct
1985,ما المميز بشجرة النسب الحاوية على حالة وراثة متعلقة بالمتقدرات والتي تكون فيها الأم فقط مصابة؟,ANSWER: توريث أمومي فقط,الاولاد كلهم مصابون.,توريث أمومي فقط,الاولاد كلهم مصابون.,0.432307630777359,0.37213122844696045,0.399968683719635,Incorrect
1989,ما هو الاختلاف بين الانترونات والاكسونات؟,ANSWER: الإنترونات تُزال بالتضفير والإكسونات تُترجم للبروتين,لا تترجم إلى بروتين.,الإنترونات تُزال بالتضفير والإكسونات تُترجم للبروتين,لا تترجم إلى بروتين.,0.5070501565933228,0.5504720211029053,0.5278696417808533,Correct
1991,ما الذي تمثله الخطوط الأفقية التي ترسم أعلى الدوائر والمربعات في شجرة النسب؟,ANSWER: التوائم المتطابقة,التواءم,التوائم المتطابقة,التواءم,0.6367385387420654,0.690955400466919,0.6627399921417236,Correct
1998,علام تحتوي الخلايا التي يعبر عنها مصطلح الهيولي المتغايرة؟,ANSWER: كروماتين متكثف غير نشط,متقدرات سليمة وطافرة,كروماتين متكثف غير نشط,متقدرات سليمة وطافرة,0.5337730050086975,0.5698375701904297,0.5512160062789917,Incorrect
2001,ما هي الطرق التي يمكن من خلالها تمييز الصبغيات بعضها عن بعض؟,ANSWER: تقنيات التخطيط الصبغي (التلوين الشريطي),النمط الجيني,تقنيات التخطيط الصبغي (التلوين الشريطي),النمط الجيني,0.5687209367752075,0.6097645163536072,0.588528037071228,Incorrect
2006,ما هو التعبير الذي يُستخدم للطاقة الكامنة المختزنة في مدروج للشحنات الكهربائية؟,ANSWER: طاقة الوضع الكهربائية,بالكمون الكهربائي.,طاقة الوضع الكهربائية,بالكمون الكهربائي.,0.6738789081573486,0.5648054480552673,0.6145398616790771,Correct
2010,ما الذي تتشكل منه الأرجل الصفائحية؟,ANSWER: الصفيحة الجانبية للميزودرم,الأكتين.,الصفيحة الجانبية للميزودرم,الأكتين.,0.41760340332984924,0.4553006589412689,0.43563804030418396,Incorrect
2022,ما هي الرابطة في البنية الثانوية للحمض النووي؟,ANSWER: روابط هيدروجينية,هيدروجينية,روابط هيدروجينية,هيدروجينية,0.7438226342201233,0.7794427871704102,0.7612162232398987,Correct
2025,ما نوع الجينات التي تعد جينات الرنا الريباسي منها؟,ANSWER: جينات منزلية,الخدمية.,جينات منزلية,الخدمية.,0.49992287158966064,0.4880360960960388,0.49390798807144165,Correct
2039,ما هو عدد الصبغيات المأشوبة إذا حدث تأشيب في 80 انقسام؟,ANSWER: 80,320,80,320,0.892356812953949,0.892356812953949,0.8923568725585938,Incorrect
2045,ما هي العملية التي يتم بها تكوين متعضية تشبه الأبوين من بيضة مخصبة؟,ANSWER: التطور الجنيني,التنامي الجنيني,التطور الجنيني,التنامي الجنيني,0.8487074971199036,0.8139278888702393,0.8309539556503296,Correct
2055,على من يظهر الاحلال الوراثي في الوراثة الجنسية المناحية؟,ANSWER: الذكور,على الذكور والإناث من الأبناء,الذكور,على الذكور والإناث من الأبناء,0.6220044493675232,0.6032446622848511,0.6124809980392456,Incorrect
2058,ما هو المجهر الذي يدرس السطح الطبوغرافي؟,ANSWER: المجهر الإلكتروني الماسح,مجهر القوة الذرية .,المجهر الإلكتروني الماسح,مجهر القوة الذرية .,0.5741134881973267,0.5234642624855042,0.5476202368736267,Incorrect
2068,ما هي البنى السيتوبلازمية المغلفة بغشاء واحد على الأقل؟,ANSWER: العُضيّات السيتوبلازمية الغشائية,العضبيات,العُضيّات السيتوبلازمية الغشائية,العضبيات,0.5052937269210815,0.5455033183097839,0.5246292352676392,Correct
2078,ما هي خصائص شجرة النسب الحاوية على حالة وراثة متعلقة بالمتقدرات والوالدين فيها مصابين؟,ANSWER: جميع الأبناء مصابون دون انتقال أبوي,الأولاد كلهم مصابون.,جميع الأبناء مصابون دون انتقال أبوي,الأولاد كلهم مصابون.,0.5018961429595947,0.6022162437438965,0.5474985837936401,Correct
2088,ما الذي تختلف به الأحماض الأمينية عن بعضها؟,ANSWER: المجموعة الجانبية R,المجموعة الكربوكسيلية,المجموعة الجانبية R,المجموعة الكربوكسيلية,0.7048251628875732,0.6196767091751099,0.6595139503479004,Incorrect
2090,ما الذي يشير إليه المربع الصغير المملوء في شجرة الوراثة؟,ANSWER: ذكر مصاب,طفل مصاب,ذكر مصاب,طفل مصاب,0.6445235013961792,0.6445235013961792,0.6445235013961792,Incorrect
2103,ما هو سبب حدوث التلاسيميا بيتا؟,ANSWER: طفرة في جين بيتا غلوبين,خلة جسدية متنحية.,طفرة في جين بيتا غلوبين,خلة جسدية متنحية.,0.5865465998649597,0.43208208680152893,0.49760282039642334,Incorrect
2105,ماذا يؤدي وجود التربتوفان في مشغل التيربتوفان؟,ANSWER: تثبيط نسخ أوبيرون التربتوفان,تثبيط انتساخ الجينات,تثبيط نسخ أوبيرون التربتوفان,تثبيط انتساخ الجينات,0.6296654939651489,0.6822144985198975,0.6548874974250793,Correct
2115,ما الذي تساعد عليه حلقة الأكتين المتقلصة؟,ANSWER: الانقسام الخلوي السيتوبلازمي,انقسام النواة,الانقسام الخلوي السيتوبلازمي,انقسام النواة,0.5377126932144165,0.5760976672172546,0.5562437772750854,Incorrect
2121,ما الذي يدل عليه المعين في شجرة النسب؟,ANSWER: أنثى غير محددة الإصابة,الفرد مات في مرحلة مبكرة,أنثى غير محددة الإصابة,الفرد مات في مرحلة مبكرة,0.5354008078575134,0.6181339025497437,0.5738005042076111,Incorrect
2123,كم عدد الجينات المسؤولة عن الاصطناع الحيوي للحمض الأميني التربتوفان في جينوم بكتيريا E.Coli؟,ANSWER: خمسة جينات,6,خمسة جينات,6,0.45273321866989136,0.5053770542144775,0.477608859539032,Incorrect
2125,ما هي وظيفة حويصلات كوب ٢؟,ANSWER: إفراز السورفاكتانت (المادة الخافضة للتوتر السطحي),النقل التقدمى من الشبكة البلازمية الى مدخل غولجي فقط .,إفراز السورفاكتانت (المادة الخافضة للتوتر السطحي),النقل التقدمى من الشبكة البلازمية الى مدخل غولجي فقط .,0.4843496084213257,0.4735836386680603,0.47890612483024597,Incorrect
2138,ما هو معدل الحاملين في مجتمع إذا كان انتشار مرض التالاسيميا معروفاً في ذلك المجتمع؟,ANSWER: 2√q,50M,2√q,50M,0.5262953042984009,0.5156790614128113,0.5209331512451172,Incorrect
2139,أين تجري عملية التمثيل الضوئي؟,ANSWER: البلاستيدات الخضراء,الصائعات الخضراء,البلاستيدات الخضراء,الصائعات الخضراء,0.7681759595870972,0.8159304857254028,0.7913334369659424,Correct
2154,ماذا يحدث عند انخفاض نسبة الكوليسترول في الغشاء الخلوي؟,ANSWER: زيادة سيولة الغشاء الخلوي,تزداد مرونة الغشاء.,زيادة سيولة الغشاء الخلوي,تزداد مرونة الغشاء.,0.6360002160072327,0.6234868764877319,0.6296813488006592,Correct
2166,أين يتحد الغشاءان النوويان الداخلي والخارجي؟,ANSWER: عند المسام النووية,معقدات الثقوب النووية,عند المسام النووية,معقدات الثقوب النووية,0.6385617256164551,0.6201611161231995,0.6292269229888916,Correct
2167,كم عدد القواعد الآزوتية اللازمة لإنتاج بروتين الأنسولين المكوّن من 51 حمض أميني إنتاجاً كاملاً؟,ANSWER: 153 قاعدة آزوتية,153,153 قاعدة آزوتية,153,0.31629443168640137,0.4675397276878357,0.37732526659965515,Correct
2170,ما هي الترسبات الصباغية التي تحوي بروتين الفيرتين؟,ANSWER: الهيموسيديرين,حبيبات هيمرسيدرين,الهيموسيديرين,حبيبات هيمرسيدرين,0.6917361617088318,0.6779080033302307,0.6847522854804993,Correct
2179,ما هو أول عنصر من عناصر الدراسة العلمية المنهجية؟,ANSWER: الملاحظة,الاختبار والنتائج .,الملاحظة,الاختبار والنتائج .,0.42253297567367554,0.3430715799331665,0.37867867946624756,Incorrect
2181,ماذا تشير النجمة بعد رمز الجين؟,ANSWER: نوع الدم النادر بومباي,لترميز الجينات,نوع الدم النادر بومباي,لترميز الجينات,0.5281935930252075,0.49169233441352844,0.5092898011207581,Incorrect
2191,ما يُعرف بامتصاص بعض المواد الضوء بطول موجة ومن ثم إصداره بطول موجة أطول؟,ANSWER: الفلورية,التألق,الفلورية,التألق,0.581518292427063,0.5948389768600464,0.5881032347679138,Correct
2200,ما يُدعى نوع وترتيب الأحماض الأمينية في البروتين؟,ANSWER: البنية الأولية,البنية الأولية,البنية الأولية,البنية الأولية,0.9999999403953552,0.9999999403953552,0.9999999403953552,Correct
2202,ماذا ينتج عند حدوث خلل في تنظيم السبيل الإشاري WNT؟,ANSWER: السرطانات وعيوب خلقية,سرطان أمعاء,السرطانات وعيوب خلقية,سرطان أمعاء,0.6530697345733643,0.5733999013900757,0.6106472015380859,Incorrect
2204,ما هي الشعبة التي ينتمي إليها الإنسان؟,ANSWER: شعبة الحبليات,الثدييات .,شعبة الحبليات,الثدييات .,0.546916663646698,0.5256199240684509,0.5360568165779114,Incorrect
2216,ما هي نتيجة التطور التي تؤدي إلى التكيف؟,ANSWER: الانتقاء الطبيعي,الاصطفاء الطبيعي .,الانتقاء الطبيعي,الاصطفاء الطبيعي .,0.6261138319969177,0.5758553147315979,0.5999338030815125,Correct
2218,أين تكثر جزر CpG؟,ANSWER: مناطق المحفزات الجينية,المحضضات.,مناطق المحفزات الجينية,المحضضات.,0.48633861541748047,0.5035136938095093,0.4947771728038788,Correct
2222,ما هو الأساس الأزوتي المتمم للتايمين في الرنا؟,ANSWER: الأدينين,اليوراسيل,الأدينين,اليوراسيل,0.7300621271133423,0.681734561920166,0.705071210861206,Incorrect
2224,ما هو الموقع الذي يبدأ فيه انتساخ الجينات المرمزة للبروتينات بارتباط انزيم الرنا بوليميراز؟,ANSWER: المحفز,المطلق القريب .,المحفز,المطلق القريب .,0.5802828073501587,0.5356638431549072,0.5570813417434692,Correct
2228,أين تقع الجينات المسؤولة عن الزمر الدموية عند البشر؟,ANSWER: على الصبغي 9 و19,الصيغي 9,على الصبغي 9 و19,الصيغي 9,0.54953932762146,0.5879074931144714,0.5680762529373169,Incorrect
2232,ما هو الدور الرئيسي في تعرف جسيم التضفير مواقع التضفير؟,ANSWER: الهيستونات البديلة H2A.Z/H3.3,snRNPs.,الهيستونات البديلة H2A.Z/H3.3,snRNPs.,0.5654247999191284,0.5539088249206543,0.5596075654029846,Incorrect
2236,ما هي الصبغيات التي يحدث بينها إزفاء متبادل في حالة ابيضاض الدم النقوي المزمن CML؟,ANSWER: الصبغي 9 والصبغي 22,9 و 11,الصبغي 9 والصبغي 22,9 و 11,0.4287719130516052,0.5042095184326172,0.4634408950805664,Incorrect
2249,ما هو عدد الأنماط الظاهرية المختلفة في الجيل الثاني في حال التفارز المستقل بين المورثتين A و B؟,ANSWER: أربعة أنماط ظاهرية,8,أربعة أنماط ظاهرية,8,0.3226774334907532,0.29143479466438293,0.3062613904476166,Incorrect
2250,ما هو عدد الأنماط الجينية في أعراس فرد متغاير الأليلات AB/ab إذا كان الارتباط بين المورثتين A و B كاملاً؟,ANSWER: نمطان جينيان,2,نمطان جينيان,2,0.3003338575363159,0.3782302439212799,0.3348109722137451,Correct
2273,ما نوع الوراثة التي يكون فيها والدا الطفل المصاب حاملين متغايري الألائل عديمين الأمراض؟,ANSWER: وراثة جسمية متنحية,الجسدية المتنحية,وراثة جسمية متنحية,الجسدية المتنحية,0.7032417058944702,0.6782081127166748,0.6904981136322021,Correct
2274,ما هو نمط هذا المرض إذا عانى فرد متخالف الألائل من أعراض مرض وكان موضع الجين على الصبغي 5؟,ANSWER: وراثة جسدية سائدة,صبغي جسدي سائد,وراثة جسدية سائدة,صبغي جسدي سائد,0.558789849281311,0.5803632736206055,0.5693722367286682,Correct
2281,ما هو خطر إصابة الطفل بالورم التليفي العصبي في الحمل التالي لأم مصابة أنجبت ذكرًا مصابًا بالمرض علمًا أن زوجها سليم؟,ANSWER: ٥٠٪,0.5,٥٠٪,0.5,0.7506048679351807,0.786266565322876,0.7680219411849976,Correct
2282,ما هو الاحتمال الأول لطراز انتقال هذا المرض الوراثي عندما ينجب أبوان سليمان طفلين (ذكر وأنثى) مصابين بمرض استقلابي بدأت تظاهراته مبكراً؟,ANSWER: وراثة جسمية متنحية,صبغي جسدي سائد,وراثة جسمية متنحية,صبغي جسدي سائد,0.5299848318099976,0.46405911445617676,0.49483585357666016,Incorrect
2285,ما هو القانون الذي ينص على أن زاوية الورود تساوي زاوية الانعكاس؟,ANSWER: قانون الانعكاس,للانعكاس,قانون الانعكاس,للانعكاس,0.6863342523574829,0.7040725946426392,0.6950902342796326,Correct
2289,ما هي الصيغة التي تعطينا التفاصيل الأقل والنسبة الأبسط للذرات الموجودة في الجزيء؟,ANSWER: الصيغة الأولية,الصيغة التجريبية,الصيغة الأولية,الصيغة التجريبية,0.8030271530151367,0.8030271530151367,0.8030272126197815,Correct
2290,ما هو الذي يعطي لأشعة جاما مصدرا آخر للأشعة السينية التي يمكن أن تكون مفيدة وطاقتها قريبة من طاقة أشعة جاما الأصلية بحيث يمكن عدهما أشعة واحدة؟,ANSWER: الانتثار المرافق (كومبتون),التحول الداخلي,الانتثار المرافق (كومبتون),التحول الداخلي,0.46330663561820984,0.6141151189804077,0.5281563997268677,Incorrect
2295,ما هو التواتر المناسب للأمواج التي يمكن استخدامها للكشف عن المواد غير المرئية بالنسبة للتواتر 500GHz؟,ANSWER: تيراهيرتز (THz),الأعلى,تيراهيرتز (THz),الأعلى,0.42283540964126587,0.581973671913147,0.48980262875556946,Incorrect
2296,ما هو المجال الذي تكون فيه الأمواج تحت الصوتية أصغر منه؟,ANSWER: أقل من 20 هرتز,20 Hz,أقل من 20 هرتز,20 Hz,0.6130056977272034,0.6719532012939453,0.641127347946167,Correct
2299,ما هو المقدار الذي يتزايد لدى انتثار فوتون عن الكترون بمفعول كومتون؟,ANSWER: طول الموجة,طوله الموجي,طول الموجة,طوله الموجي,0.642464280128479,0.7237327098846436,0.6806813478469849,Correct
2305,ما الذي يعبر عن شدة الموجة الصوتية؟,ANSWER: سعة الموجة الصوتية,بالواط على المتر المربع .,سعة الموجة الصوتية,بالواط على المتر المربع .,0.47325652837753296,0.46532565355300903,0.4692575931549072,Incorrect
2306,ما هي خصائص الأشعة السينية؟,ANSWER: موجات كهرومغناطيسية قصيرة عالية الطاقة مؤينة,اشعاعات كهرطيسية وبأطوال موجية أقصر بكثير منها في حالة الضوء المرئي.,موجات كهرومغناطيسية قصيرة عالية الطاقة مؤينة,اشعاعات كهرطيسية وبأطوال موجية أقصر بكثير منها في حالة الضوء المرئي.,0.730150580406189,0.5879707932472229,0.6513925194740295,Correct
2309,ما هي القوة التي تحدث تشوهاً في الجسم وتكون مطبقة على وحدة السطح؟,ANSWER: الإجهاد,الاجهاد,الإجهاد,الاجهاد,1.0,1.0,1.0,Correct
2311,ماذا تعتبر درجة حرارة النواة والغلاف في جسم الإنسان؟,ANSWER: درجة حرارة الجسم الأساسية والمحيطية,ثابتة - متغيرة,درجة حرارة الجسم الأساسية والمحيطية,ثابتة - متغيرة,0.5784708261489868,0.5459192991256714,0.5617238879203796,Incorrect
2312,ما هو ثابت التناسب بين تدرج السرعة؟,ANSWER: اللزوجة الديناميكية,معامل لزوجه المائع,اللزوجة الديناميكية,معامل لزوجه المائع,0.6164088845252991,0.6213438510894775,0.6188665628433228,Correct
2319,ما هو الناتج عندما تتفاعل الألدهيدات مع NaBH5؟,ANSWER: كحول أولي,أغوال أولية,كحول أولي,أغوال أولية,0.6211546659469604,0.5942341685295105,0.6073963046073914,Correct
2320,ما هي الطريقة التي يجري بها التبادل الحراري بين الجسم والوسط المحيط؟,ANSWER: التوصيل الحراري,الأوعية الدموية,التوصيل الحراري,الأوعية الدموية,0.6374497413635254,0.5470632314682007,0.5888079404830933,Incorrect
2322,ما هو المعيار الذي يستخدمه العلماء لحساب الكتل الذرية النسبية؟,ANSWER: جزء من كتلة ذرة الكربون-12,نظير الكربون 12,جزء من كتلة ذرة الكربون-12,نظير الكربون 12,0.6216000318527222,0.7325413227081299,0.6725261211395264,Correct
2324,ما هي الوحدة التي يقاس بها الضغط في إطار السيارة في الولايات المتحدة؟,ANSWER: رطل لكل بوصة مربعة (PSI),الباوند لكل موجه مربعه,رطل لكل بوصة مربعة (PSI),الباوند لكل موجه مربعه,0.6151303052902222,0.7759097814559937,0.6862284541130066,Correct
2325,ما هو القانون الذي ينص على أن تغير الحقل المغنطيسي يولد حقلا كهربائيا؟,ANSWER: قانون فاراداي للحث الكهرومغناطيسي,فارادي,قانون فاراداي للحث الكهرومغناطيسي,فارادي,0.4708951711654663,0.46662646532058716,0.46875110268592834,Correct
2328,ما هو وصف جريان المائع المستقر من ناحية سرعته في أي نقطة منه مع الزمن؟,ANSWER: السرعة ثابتة مع الزمن,ثابتة .,السرعة ثابتة مع الزمن,ثابتة .,0.55418860912323,0.539199709892273,0.5465914607048035,Correct
2332,ما هي المادة التي تتخذ شكل أسفل الوعاء الذي يحتويها ولها حجم خاص بها؟,ANSWER: السائل,سائلة,السائل,سائلة,0.8576903939247131,0.8576903939247131,0.8576903939247131,Correct
2338,ما تسمى القوى عندما يكون عمر الحالة المثارة طويلا؟,ANSWER: شبه مستقرة,شبه مستقرة,شبه مستقرة,شبه مستقرة,0.9999995231628418,0.9999995231628418,0.9999995231628418,Correct
2340,ما هو الذي يعطى لأشعة غاما مصدراً آخر للأشعة السينية التي يمكن أن تكون مفيدة وطاقتها قريبة من طاقة أشعة غاما الأصلية بحيث يمكن الحصول على أشعة واحدة؟,ANSWER: الموليبدينوم-99,التحول الداخلي,الموليبدينوم-99,التحول الداخلي,0.5370540618896484,0.5200693607330322,0.5284252762794495,Incorrect
2341,ما نوع الكثافة التي تعتبر منها العظام ومستحضرات التباين العائمة مثل اليود والباريوم؟,ANSWER: كثافة ظليلة شعاعياً,الكلسية.,كثافة ظليلة شعاعياً,الكلسية.,0.39526912569999695,0.4378776550292969,0.41548383235931396,Incorrect
2342,ما هي طبيعة الأشعة السينية؟,ANSWER: إشعاع كهرومغناطيسي مؤين,اشعاعات كهر طيسية,إشعاع كهرومغناطيسي مؤين,اشعاعات كهر طيسية,0.8121823072433472,0.6949662566184998,0.7490161657333374,Correct
2346,ما هو مجموع الكتل الذرية النسبية في مركب أيوني؟,ANSWER: الكتلة الصيغية النسبية,الكتلة الصيغية النسبية,الكتلة الصيغية النسبية,الكتلة الصيغية النسبية,0.9999998807907104,0.9999998807907104,0.9999998807907104,Correct
2347,أين يقع مجال التيراهرتز؟,ANSWER: بين الميكروويف وتحت الحمراء,الأشعة تحت الحمراء والأمواج المكروية .,بين الميكروويف وتحت الحمراء,الأشعة تحت الحمراء والأمواج المكروية .,0.5365591049194336,0.48860862851142883,0.5114624500274658,Correct
2349,لماذا يُستخدم الماء في درجة معينة كمادة مرجعية للوزن النوعي؟,ANSWER: لثبات كثافته عند ٤°م,قيمتها العظمى,لثبات كثافته عند ٤°م,قيمتها العظمى,0.4705013036727905,0.5078522562980652,0.48846378922462463,Incorrect
2352,ما هي مكونات صمام الأشعة السينية؟,ANSWER: الكاثود والآنود,المسدد,الكاثود والآنود,المسدد,0.6054033041000366,0.6442354321479797,0.6242159605026245,Incorrect
2361,ما الذي تتعلق به الطاقة التي يصدرها الجسم الأسود وفقاً لدراسة تغير تابع إشعاع الجسم الأسود؟,ANSWER: درجة الحرارة المطلقة,درجة حرارته المطلقة,درجة الحرارة المطلقة,درجة حرارته المطلقة,0.8936139345169067,0.8705520033836365,0.881932258605957,Correct
2363,ما هي قوة اللزوجة بالنسبة لاتجاه جريان المائع؟,ANSWER: معاكس لاتجاه الجريان,تعاكسه .,معاكس لاتجاه الجريان,تعاكسه .,0.44318288564682007,0.45981717109680176,0.45134681463241577,Correct
2364,ما هي الطاقة التي يمكن بها تفكيك رابطة في خلايا النسج؟,ANSWER: طاقة الرابطة الكيميائية,فوتون أشعة سينينة.,طاقة الرابطة الكيميائية,فوتون أشعة سينينة.,0.6681682467460632,0.5321652293205261,0.592461884021759,Incorrect
2369,ما يجب أن يكون عليه ضغط الهواء داخل القاعة في حالة الثوران بالنسبة لضغط الماء خارجها حيث تتوازن قوة الضغط نحو الخارج مع قوة التوتر السطحي نحو الداخل؟,ANSWER: قانون لابلاس,اکبر,قانون لابلاس,اکبر,0.3888254165649414,0.408575177192688,0.3984557092189789,Incorrect
2372,ما هو المجال الموجي لأشعة UVC؟,ANSWER: 100–280 نانومتر,100-280nm,100–280 نانومتر,100-280nm,0.8208233118057251,0.8208233118057251,0.8208233714103699,Correct
2373,ما هي طبيعة الارتباط بين قرينة الانكسار لوسط مادي معين وسرعة الأمواج في ذلك الوسط؟,ANSWER: علاقة عكسية,عكسيا - سرعة,علاقة عكسية,عكسيا - سرعة,0.5890190601348877,0.5598436594009399,0.5740609169006348,Correct
2381,ما هي الخاصية التي يميزها التواتر والطول الموجي؟,ANSWER: الإشعاع الكهرومغناطيسي,الموجة,الإشعاع الكهرومغناطيسي,الموجة,0.05610905587673187,0.10722918063402176,0.07366956025362015,Incorrect
2384,ما هي الطاقة التي تحملها الموجة في وحدة الزمن؟,ANSWER: الاستطاعة,استطاعة الموجة الضوئية,الاستطاعة,استطاعة الموجة الضوئية,0.6650597453117371,0.5199189186096191,0.583600640296936,Correct
2387,ما هي قابلية العين التي تسمح بالمطابقة لكل أبعاد الجسم عن العين مع الاستمرار بتشكيل خيال على بعد ثابت من العدسة يتحدد بالفاصل بين العدسة والشبكية؟,ANSWER: التكيف,تعديل شكل العدسة,التكيف,تعديل شكل العدسة,0.6142431497573853,0.5100330114364624,0.5573084354400635,Correct
2388,كيف يؤثر الضغط على توازن التفاعلات التي تكون متفاعلاتها ومنتجاتها؟,ANSWER: انزياح نحو جهة المولات الأقل من الغاز,غازات,انزياح نحو جهة المولات الأقل من الغاز,غازات,0.4668237268924713,0.5120421648025513,0.4883885383605957,Incorrect
2389,ما هو التواتر في حالة الأمواج الصوتية؟,ANSWER: عدد الاهتزازات في الثانية,عدد الإنضغاطات الاي تمر في نقطة معينة في الثانية,عدد الاهتزازات في الثانية,عدد الإنضغاطات الاي تمر في نقطة معينة في الثانية,0.8064137697219849,0.644576907157898,0.7164701223373413,Correct
2391,ما هو شكل الطاقة التي تصدرها أجسامنا حتى في درجات الحرارة العادية؟,ANSWER: الأشعة تحت الحمراء,إشعاع كهرطيسي,الأشعة تحت الحمراء,إشعاع كهرطيسي,0.6265316009521484,0.5849935412406921,0.6050504446029663,Correct
2400,ما هي التحولات التي تحافظ على العدد الكتلي؟,ANSWER: تحولات بيتا وغاما,الايزوبارية,تحولات بيتا وغاما,الايزوبارية,0.49432316422462463,0.48367512226104736,0.4889411926269531,Incorrect
2410,ما هو القانون الذي يربط بين معدل الجريان الحجمي في وعاء دموي من جهة وفارق الضغط بين طرفي الوعاء ونصف قطره الداخلي وطوله ولزوجة الدم؟,ANSWER: قانون بوازوي (هاغن–بوازوي),قانون بورواري,قانون بوازوي (هاغن–بوازوي),قانون بورواري,0.5646694898605347,0.617668867111206,0.5899813175201416,Correct
2412,ما نوع الجريان عندما تكون سرعة المائع في أي نقطة منه ثابتة مع مرور الزمن؟,ANSWER: الجريان المستقر,مستقر,الجريان المستقر,مستقر,0.6200699806213379,0.7829710841178894,0.6920636296272278,Correct
2413,ما هي آلية انتقال الحرارة في الموائع؟,ANSWER: الحمل الحراري,الحمل,الحمل الحراري,الحمل,0.7499954700469971,0.8045703172683716,0.7763249278068542,Correct
2417,ما هي صفات الخيال في المصورات ذات الثقب؟,ANSWER: خيال معتم ذو ظل جانبي مع تكبير بسيط,خیال حقيقي مقلوب.,خيال معتم ذو ظل جانبي مع تكبير بسيط,خیال حقيقي مقلوب.,0.454271137714386,0.48872852325439453,0.4708702862262726,Incorrect
2419,ما هي العلاقة التناسبية لقرينة الانكسار لأي وسط معين؟,ANSWER: يتناسب عكسياً مع سرعة الضوء فيه,عكسيا مع سرعة الأمواج في ذلك الوسط,يتناسب عكسياً مع سرعة الضوء فيه,عكسيا مع سرعة الأمواج في ذلك الوسط,0.7755570411682129,0.7254362106323242,0.7496598362922668,Correct
2422,ما هي الأشعة التي حققت حلم الإنسان القديم في رؤية داخل الجسم من دون بضع؟,ANSWER: الأشعة السينية,الاشعة السينية,الأشعة السينية,الاشعة السينية,0.9999999403953552,0.9999999403953552,0.9999999403953552,Correct
2427,ما هو المركب الذي يتشكل من تفاعل حمض الآزوت المركز بوجود حمض الكبريت المركز مع نترو البنزين؟,ANSWER: ميتا ثنائي نيترو البنزين,ميتا ثنائي نترو البنزن,ميتا ثنائي نيترو البنزين,ميتا ثنائي نترو البنزن,0.883355975151062,0.8599092960357666,0.8714749217033386,Correct
2429,ما هي التبادلات التي تجري بين الجسم الصلب والمانع المتحرك الذي يختلف عنه في درجة الحرارة؟,ANSWER: تبادل حراري بالحمل الحراري,الحمل,تبادل حراري بالحمل الحراري,الحمل,0.5237514972686768,0.5272843241691589,0.5255119800567627,Correct
2430,ما هي وظيفة الحقل الكهربائي في الأفران الكروية؟,ANSWER: ترسيب الغبار الكهروستاتيكي,يجعل جزيئات الماء تقوم بحركة دورانية,ترسيب الغبار الكهروستاتيكي,يجعل جزيئات الماء تقوم بحركة دورانية,0.5949274301528931,0.5589267611503601,0.5763655304908752,Incorrect
2435,ما هي طبيعة الإشعاعات الكهرومغناطيسية؟,ANSWER: موجات مستعرضة,مثنوية .,موجات مستعرضة,مثنوية .,0.5248031616210938,0.5014301538467407,0.5128504633903503,Incorrect
2438,ما هو التفاعل الذي تخضع له هالوجينات الألكانات بالقلويات؟,ANSWER: تفاعل نزع هاليد الهيدروجين,استبدال نكليوفيلي,تفاعل نزع هاليد الهيدروجين,استبدال نكليوفيلي,0.6245681047439575,0.5381995439529419,0.5781761407852173,Incorrect
2443,ما هي استخدامات الليزر الصباغي؟,ANSWER: تشوهات الأوعية الدموية السطحية,معالجة الوحمات الوعائية .,تشوهات الأوعية الدموية السطحية,معالجة الوحمات الوعائية .,0.6146306991577148,0.5695749521255493,0.591245710849762,Correct
2462,ماذا تصدر النظائر المشعة في التصوير بالأصدر البوزتروني؟,ANSWER: بوزيترونات,بوزترونات,بوزيترونات,بوزترونات,0.8875945806503296,0.8875945806503296,0.8875945806503296,Correct
2473,ما هي الأشعة التي ساهمت في تقدم علم البلورات؟,ANSWER: الأشعة السينية,X-RAY,الأشعة السينية,X-RAY,0.47180745005607605,0.46049636602401733,0.4660833179950714,Correct
2482,ما الذي يتم التحكم في ارتفاع النهاية المدببة للحفاظ عليه عندما نمسح سطح المعدن في مجهر STM؟,ANSWER: تيار النفق,ثبات التيار النفقي,تيار النفق,ثبات التيار النفقي,0.729824423789978,0.7684744596481323,0.7486509680747986,Correct
2483,ما هو معدل الإشعاع من سطح إلى معدل الإشعاع من مساحة مساوية من سطح مشع مثالي في درجة الحرارة نفسها؟,ANSWER: الانبعاثية,الإصدارية,الانبعاثية,الإصدارية,0.5697959661483765,0.5984268188476562,0.5837605595588684,Correct
2485,ما هي الجزئيات التي يمكن الاستفادة من تفاعلها في التصوير؟,ANSWER: البروتونات (أنوية الهيدروجين),فوتونات الفلورة السينية .,البروتونات (أنوية الهيدروجين),فوتونات الفلورة السينية .,0.5663412809371948,0.566018283367157,0.5661798119544983,Incorrect
2501,ما هو الوسط الذي تكون فيه كثافة الأيونات الموجبة والسالبة أكبر من كثافة الأيونات المعتدلة؟,ANSWER: البلازما,بلازما,البلازما,بلازما,0.7831165194511414,0.7461390495300293,0.7641806602478027,Correct
2503,ما هو الإجراء المستخدم للاطمئنان على صحة الجنين عند المرأة الحامل؟,ANSWER: تخطيط قلب الجنين,الإيكو غرافي .,تخطيط قلب الجنين,الإيكو غرافي .,0.4415663480758667,0.41012638807296753,0.4252660870552063,Incorrect
2505,ما يُدعى الضغط الذي يسببه عمود من الزئبق ارتفاعه 1 مم؟,ANSWER: تور (ملليمتر زئبق),التور .,تور (ملليمتر زئبق),التور .,0.5915790796279907,0.6049618124961853,0.5981956124305725,Correct
2543,ما هي الظاهرة التي تنقسم فيها نواة ذات عدد كتلي كبير إلى نواتين أو أكثر لكل منهما عدد كتلي متوسط؟,ANSWER: الانشطار النووي,ظاهرة الإنشطار النووي,الانشطار النووي,ظاهرة الإنشطار النووي,0.8627870082855225,0.7266401052474976,0.7888825535774231,Correct
2555,ما هو مجال الأشعة الذي يشع فيه جسم الإنسان بشكل قريب جداً من إشعاع الجسم الأسود؟,ANSWER: الأشعة تحت الحمراء,تحت الحمراء,الأشعة تحت الحمراء,تحت الحمراء,0.4968758821487427,0.5939576625823975,0.5410967469215393,Correct
2557,ما هي الأشعة التي اشتهرت بانتزاع جزيئات الماء لدى تفاعلها مع النسج؟,ANSWER: أشعة غاما,الأشعة تحت الحمراء.,أشعة غاما,الأشعة تحت الحمراء.,0.6185075640678406,0.5582825541496277,0.5868539810180664,Incorrect
2563,ما هي الظاهرة التي تنقسم فيها نواة ذات عدد كتلي كبير إلى نواتين أو أكثر لكل منهما عدد كتلي متوسط؟,ANSWER: الانشطار النووي,ظاهرة الانشطار النووي.,الانشطار النووي,ظاهرة الانشطار النووي.,0.800976574420929,0.6007636785507202,0.6865717172622681,Correct
2575,ما هي طريقة العلاج الفيزيائي التي تستعمل فيها تيارات كهربائية عالية التردد لإحداث الحرارة في الأنسجة العميقة؟,ANSWER: الدياثرمي بالموجات القصيرة,تسخين موضعي في الانسجة الحية,الدياثرمي بالموجات القصيرة,تسخين موضعي في الانسجة الحية,0.5785797834396362,0.6566722989082336,0.6151575446128845,Correct
2577,كيف تتولد الأشعة السينية؟,ANSWER: كبح الإلكترونات السريعة على هدف معدني (تنغستن),تسرع الالكترونات بكمون مرتفع في أنبوب الفراغ ويسمح لها بالسقوط على سطح داخل الانبوب .,كبح الإلكترونات السريعة على هدف معدني (تنغستن),تسرع الالكترونات بكمون مرتفع في أنبوب الفراغ ويسمح لها بالسقوط على سطح داخل الانبوب .,0.603400468826294,0.5606412887573242,0.5812355279922485,Correct
2579,ما هو الأساس الذي تترتب وفقه العناصر في الجدول الدوري حالياً؟,ANSWER: العدد الذري,إعدادها الذرية,العدد الذري,إعدادها الذرية,0.6775249242782593,0.6773322820663452,0.6774286031723022,Correct
2590,ما هو الشرط الذي يجب أن تحققه النقطتان لتطبيق معادلة برنولي على جريان أي مائع مثالي؟,ANSWER: أن تقعان على نفس خط الانسياب,خط الانحناء نفسه,أن تقعان على نفس خط الانسياب,خط الانحناء نفسه,0.5287933945655823,0.5407432317733765,0.5347015261650085,Correct
2601,ما هي الأمواج التي تستخدم في تفتيت الحصى؟,ANSWER: الأمواج الصادمة خارج الجسم,الأمواج فوق الصوتية,الأمواج الصادمة خارج الجسم,الأمواج فوق الصوتية,0.6433261632919312,0.6656126976013184,0.6542797088623047,Incorrect
2611,ما هو المجهر الذي يمسح العينة نقطة فنقطة ولكنه يكشف عن الالكترونات النافذة؟,ANSWER: المجهر الإلكتروني الماسح النافذ,STEM,المجهر الإلكتروني الماسح النافذ,STEM,0.368908166885376,0.6126128435134888,0.4605054259300232,Correct
2615,من أين تشتق قوة المقاومة من اللزوجة عندما تكون السرعة النسبية بين الجسم والمائع كافية لأن يكون الجريان حول الجسم رقائقياً؟,ANSWER: الإجهادات القصية اللزجة,منخفضة,الإجهادات القصية اللزجة,منخفضة,0.4958958327770233,0.44336962699890137,0.46816399693489075,Incorrect
2620,ما هي الرابطة التي تبقى صلبة دائماً؟,ANSWER: الرباط الملتف (الحرقفي الفخذي),الأيونية,الرباط الملتف (الحرقفي الفخذي),الأيونية,0.48744457960128784,0.47120991349220276,0.47918975353240967,Incorrect
2636,كم عدد العدسات في مجهر SEM؟,ANSWER: ثلاث عدسات,اثنتان,ثلاث عدسات,اثنتان,0.7215585708618164,0.7639235258102417,0.7421369552612305,Incorrect
2637,ما هي الحالة التي تتولد فيها الأمواج الصادمة بالنسبة لسرعة منبع الأمواج الصوتية؟,ANSWER: عندما تتجاوز سرعة المنبع سرعة الصوت,تتجاوز سرعة الموجة الصوتية .,عندما تتجاوز سرعة المنبع سرعة الصوت,تتجاوز سرعة الموجة الصوتية .,0.632774829864502,0.6244444847106934,0.6285820603370667,Correct
2641,ما هو العدد النيوكلوني في نواة ذرة ما؟,ANSWER: مجموع البروتونات والنيوترونات,مجموع البروتونات والنترونات,مجموع البروتونات والنيوترونات,مجموع البروتونات والنترونات,0.9463553428649902,0.9463553428649902,0.9463553428649902,Correct
2645,ما هو سبب تخامد الأشعة السينية في الجسم المدروس؟,ANSWER: التأثير الكهروضوئي وتشتت كومبتون,امتصاص الجسم لها,التأثير الكهروضوئي وتشتت كومبتون,امتصاص الجسم لها,0.5374981164932251,0.5064008831977844,0.5214862823486328,Correct
2648,ما يُستخدم لقياس درجة التشوه؟,ANSWER: مقياس التشوه,انفعال,مقياس التشوه,انفعال,0.5564087629318237,0.6001955270767212,0.5774732828140259,Incorrect
2653,ما هي الوحدة التي يقيسها الروتنجن؟,ANSWER: التعرّض الإشعاعي,التعرض للإشعاع .,التعرّض الإشعاعي,التعرض للإشعاع .,0.7124509811401367,0.6694589853286743,0.6902862787246704,Correct
2661,ما تتألف منه الحلقة البنزنية؟,ANSWER: اللوزة البلعومية واللوزتان الحنكيتان واللوزتان اللسانيتان واللوزتان الأنبوبية,ستة كربونات,اللوزة البلعومية واللوزتان الحنكيتان واللوزتان اللسانيتان واللوزتان الأنبوبية,ستة كربونات,0.47220200300216675,0.4217052459716797,0.4455273449420929,Incorrect
2670,ماذا يشير انزياح الضوء من المجرات البعيدة نحو الترددات الأخفض؟,ANSWER: تمدد الكون,ابتعاد المجرات عنا,تمدد الكون,ابتعاد المجرات عنا,0.7455064654350281,0.6746662855148315,0.7083196043968201,Correct
2674,ما هي الوحدة التي يقيسها الرونتجن؟,ANSWER: السيفرت,التعرض للإشعاع.,السيفرت,التعرض للإشعاع.,0.3196178674697876,0.33504030108451843,0.32714739441871643,Incorrect
2687,ما هي النظائر؟,ANSWER: ذرات لعنصر واحد تختلف في عدد النيوترونات,لها نفس عدد البروتونات وتختلف بعدد النترونات,ذرات لعنصر واحد تختلف في عدد النيوترونات,لها نفس عدد البروتونات وتختلف بعدد النترونات,0.6760685443878174,0.68842613697052,0.6821913719177246,Correct
2702,ما هي زاوية الورود التي يكون الضوء المنعكس عندها مستقطبا كليا؟,ANSWER: زاوية بروستر,زاوية بروستو,زاوية بروستر,زاوية بروستو,0.9468759894371033,0.9468759894371033,0.9468759894371033,Correct
2719,كيف يمكن توليد الأمواج فوق الصوتية؟,ANSWER: التأثير الكهروضغطي,بلورات كهر ضغطية,التأثير الكهروضغطي,بلورات كهر ضغطية,0.5932412147521973,0.5757829546928406,0.5843816995620728,Correct
2731,أين تشكل العين مديدة البصر (العين الطامسة) خيال الجسم القريب؟,ANSWER: خلف الشبكية,وراء الشبكية.,خلف الشبكية,وراء الشبكية.,0.7560452222824097,0.691185474395752,0.7221619486808777,Correct
2734,ما هو الاضطراب الذي يمثل هذه الحالة؟,ANSWER: الفصام,الحدية للجريان المستقر,الفصام,الحدية للجريان المستقر,0.5373252034187317,0.42704474925994873,0.475879430770874,Incorrect
2740,متى يأخذ احتمال وجود الالكترون قيمة عظمى في الحالة الأساسية في ذرة هيدروجين؟,ANSWER: عند نصف قطر بوهر,بعده عن النواة أصغر من نصف قطر بور,عند نصف قطر بوهر,بعده عن النواة أصغر من نصف قطر بور,0.5665551424026489,0.5367658138275146,0.5512583255767822,Incorrect
2741,ما ينص عليه قانون الانعكاس الأول؟,ANSWER: زاوية السقوط تساوي زاوية الانعكاس,زاوية الورود تساوي زاوية الانعكاس.,زاوية السقوط تساوي زاوية الانعكاس,زاوية الورود تساوي زاوية الانعكاس.,0.7756019830703735,0.7412912249565125,0.7580586075782776,Correct
2742,ما هو الانفعال في حالة التشوه التحددي أو الانضغاطي؟,ANSWER: التهيّج الدفاعي العضلي,التغير النسبي في الطول زيادة أو نقصانا,التهيّج الدفاعي العضلي,التغير النسبي في الطول زيادة أو نقصانا,0.4736894965171814,0.4487161636352539,0.46086475253105164,Incorrect
2750,ما هو وزن الحجم المنغمس من الجسم عندما يكون الجسم مغموساً وليس مغموراً كلياً نتيجة كون كثافة المائع أكبر من كثافة الجسم؟,ANSWER: قوة الطفو,وزن الجسم,قوة الطفو,وزن الجسم,0.5453988909721375,0.5632272958755493,0.554169774055481,Incorrect
2769,ما اسم الجهاز الذي يصور مقاطع في الجسم البشري بالأشعة السينية والاستعانة بالحاسب؟,ANSWER: التصوير المقطعي المحوسب,الماسح .,التصوير المقطعي المحوسب,الماسح .,0.5369882583618164,0.49526074528694153,0.5152811408042908,Correct
2774,ما هو العنصر الأكثر استخداماً في التصوير بالتجاوب المغناطيسي؟,ANSWER: الهيدروجين,الهيدروجين,الهيدروجين,الهيدروجين,1.000001072883606,1.000001072883606,1.000001072883606,Correct
2779,ما هو سبب تخامد الأشعة السينية في الجسم المدروس؟,ANSWER: التأثير الكهروضوئي وتشتت كومبتون,امتصاص الجسم لها,التأثير الكهروضوئي وتشتت كومبتون,امتصاص الجسم لها,0.5374981164932251,0.5064008831977844,0.5214862823486328,Correct
2792,ما هي الخطوة الأولى في التفاعلات؟,ANSWER: بدء التفاعل,المبادرة,بدء التفاعل,المبادرة,0.6049385070800781,0.6049385070800781,0.6049385070800781,Correct
2800,ماذا يزداد عندما ترتد الفوتونات التي تعبر الثقب في الحجرة عن الجدران مرات عديدة قبل أن تغادر؟,ANSWER: شدة الإشعاع,احتمال امتصاتصها,شدة الإشعاع,احتمال امتصاتصها,0.5376875400543213,0.5169197916984558,0.5270991325378418,Incorrect
2805,كيف تعمل الحزم الإلكترونية على معالجة الأورام؟,ANSWER: العلاج الإشعاعي بحزم الإلكترونات,القريبة من الجلد,العلاج الإشعاعي بحزم الإلكترونات,القريبة من الجلد,0.5680071115493774,0.49149513244628906,0.5269884467124939,Incorrect
2806,ما هو السبب وراء تكرار الطراز (الدورية في الجدول الدوري) الناجم عن ترتيب العناصر؟,ANSWER: التوزيع الإلكتروني للأغلفة الخارجية,ازدياد أعدادها البروتونية,التوزيع الإلكتروني للأغلفة الخارجية,ازدياد أعدادها البروتونية,0.5488422513008118,0.5643014907836914,0.5564645528793335,Incorrect
2810,ما هو المركب الذي يتشكل عند أكسدة الكيلات البنزن (مثل ميتيل البنزن) ببرمنغنات البوتاسيوم (VII) القلوية أو بأي مؤكسد قوي آخر؟,ANSWER: حمض البنزويك,حمض البنزويك,حمض البنزويك,حمض البنزويك,1.000000238418579,1.000000238418579,1.000000238418579,Correct
2822,ما هي النوى التي لها عدد N ثابت حيث تحوي العدد نفسه من النترونات؟,ANSWER: النظائر النيوترونية,ايزوتونات,النظائر النيوترونية,ايزوتونات,0.7135083675384521,0.7130243182182312,0.7132662534713745,Correct
2823,ماذا يحدث إذا كانت الحقول الكهربائية لمنبع الأمواج الكهرطيسية لها اتجاهات عشوائية عند انتشاره؟,ANSWER: استقطاب عشوائي,غير مستقطب,استقطاب عشوائي,غير مستقطب,0.5215260982513428,0.5355218052864075,0.5284312963485718,Correct
2830,ما هو التفاعل الذي تخضع له الألكانات مع الهالوجينات في ضوء الشمس؟,ANSWER: تفاعل استبدال جذري حر,استبدال,تفاعل استبدال جذري حر,استبدال,0.43974292278289795,0.5453868508338928,0.48690032958984375,Correct
2854,ما هو الشيء الذي تهتز حوله الذرتان في الجزيء ثنائي الذرة؟,ANSWER: محور الرابطة,مركز كتلتيهما,محور الرابطة,مركز كتلتيهما,0.5646685361862183,0.5646685361862183,0.5646685361862183,Incorrect
2855,ما هي البنية لأكسيد المغنزيوم؟,ANSWER: بنية كلوريد الصوديوم,ايونية عملاقة,بنية كلوريد الصوديوم,ايونية عملاقة,0.5218284130096436,0.6397753953933716,0.5748138427734375,Correct
2868,ماذا يزداد عندما ترتد الفوتونات التي تعبر الثقب في الحجرة عن الجدران مرات عديدة قبل أن تغادر؟,ANSWER: مسار الفوتون داخل التجويف,احتمال امتصاتصها,مسار الفوتون داخل التجويف,احتمال امتصاتصها,0.49962660670280457,0.5089397430419922,0.5042401552200317,Incorrect
2877,ما هي وحدة قياس الجرعة المكافئة للإشعاع؟,ANSWER: السيفرت,بالسفرت .,السيفرت,بالسفرت .,0.5658155679702759,0.5579013824462891,0.5618306398391724,Correct
2883,ما هي طريقة التصوير التي يمكن اعتبارها الأقل ضرراً على الجسم؟,ANSWER: التصوير بالأمواج فوق الصوتية,التصوير الحراري.,التصوير بالأمواج فوق الصوتية,التصوير الحراري.,0.5505554676055908,0.601097583770752,0.5747174620628357,Incorrect
2891,ما هي أعمار النصف للنظائر المشعة المستخدمة في تقنية الـ PET؟,ANSWER: حوالي 2 دقيقة إلى 110 دقائق,قصيرة نسبيا,حوالي 2 دقيقة إلى 110 دقائق,قصيرة نسبيا,0.5327664613723755,0.4919610023498535,0.5115512609481812,Correct
2898,ما هي المماكبات (الإيزوميرات)؟,ANSWER: مركبات لها نفس الصيغة الجزيئية وتختلف في البنية,تختلف في طاقتها الداخلية فقط .,مركبات لها نفس الصيغة الجزيئية وتختلف في البنية,تختلف في طاقتها الداخلية فقط .,0.6330878734588623,0.5151495933532715,0.5680618286132812,Incorrect
2913,ما هو القانون الذي تمثل معادلة برنولي المطبقة على جريان المائع أحد أشكال انحفاظه؟,ANSWER: قانون انحفاظ الطاقة,الطاقة .,قانون انحفاظ الطاقة,الطاقة .,0.5468727350234985,0.6136457920074463,0.5783383250236511,Correct
2926,ماذا يستخدم قانون ستوكس لقياسه؟,ANSWER: سرعة الترسيب بالراسبات السائلة,مقاومة اللزوجة .,سرعة الترسيب بالراسبات السائلة,مقاومة اللزوجة .,0.5556831359863281,0.5601333379745483,0.5578993558883667,Incorrect
2949,ما هو العلم الذي يقوم بحساب البعد بين الذرات عند معرفة الطول الموجي للأشعة السينية وقياس الزاوية؟,ANSWER: علم البلورات بالأشعة السينية,علم البلورات,علم البلورات بالأشعة السينية,علم البلورات,0.6862534880638123,0.918345034122467,0.785514235496521,Correct
2975,ما هي الأوساط التي تنتشر فيها الأمواج العرضانية؟,ANSWER: الأوساط الصلبة,الجسم الصلب,الأوساط الصلبة,الجسم الصلب,0.6858425736427307,0.6877907514572144,0.6868152022361755,Correct
2981,ما هي الخصائص التي تتمتع بها حزمة الفوتونات من أشعة X عالية الطاقة والتي تجعلها تستخدم في الطب النووي عند المعالجة عن بعد؟,ANSWER: قدرة اختراق عالية وتأثير مؤين قاتل للخلايا,قدرة اختراق عالية تسمح بتدمير الأورام السطحية والعميقة .,قدرة اختراق عالية وتأثير مؤين قاتل للخلايا,قدرة اختراق عالية تسمح بتدمير الأورام السطحية والعميقة .,0.7262247800827026,0.6179370880126953,0.6677190065383911,Correct
2986,ما هو القانون الذي ينص على أن تشوه مادة يتناسب طرديا مع القوى التي تحدث التشوه؟,ANSWER: قانون هوك,قانون هوك,قانون هوك,قانون هوك,0.9999998807907104,0.9999998807907104,0.9999998807907104,Correct
2987,علام نعتمد لتفسير لثنائية الإصدار في طيف بخار الصوديوم؟,ANSWER: اقتران دوران-مدار,النظرية الذرية,اقتران دوران-مدار,النظرية الذرية,0.4902597665786743,0.49813294410705566,0.49416497349739075,Incorrect
2989,ما هي المعادلة التي تعبر عن انخفاض الطاقة في الموائع؟,ANSWER: معادلة برنولي,معادلة بيرنولي,معادلة برنولي,معادلة بيرنولي,0.9199730753898621,0.9199730753898621,0.9199730157852173,Correct
3001,متى يحدث تفاعل اشعاع الليزر مع النسج؟,ANSWER: عند امتصاصه في النسيج,تمتصه النسج .,عند امتصاصه في النسيج,تمتصه النسج .,0.629638671875,0.5691845417022705,0.5978872776031494,Correct
3003,ما هي البنية التي تأخذها الشبكات الأيونية لكلوريد الصوديوم وأكسيد المغنزيوم؟,ANSWER: بنية ملح الصخور,مكعبية,بنية ملح الصخور,مكعبية,0.6034631729125977,0.7246288061141968,0.6585188508033752,Correct
3013,ما هو العمل الذي يقوم به المائع على المائع الذي يتقدمه في وحدة الجريان؟,ANSWER: الشغل الضغطي,الضغط,الشغل الضغطي,الضغط,0.612142026424408,0.678632378578186,0.6436747312545776,Correct
3024,ما هي الكمية الوسطية للأوزون في الغلاف الجوي؟,ANSWER: ٣٠٠ دوبسون وحدة,300 DU,٣٠٠ دوبسون وحدة,300 DU,0.6331037282943726,0.6745208501815796,0.6531563997268677,Correct
3027,ما هو النكليد الإشعاعي المماكب الذي يشيع استخدامه في التشخيص الطبي؟,ANSWER: تكنيتيوم-99م,التكنسيوم - 99,تكنيتيوم-99م,التكنسيوم - 99,0.7044556140899658,0.7545509338378906,0.7286432981491089,Correct
3041,كيف يتغير نصف القطر الذري عبر الدور الثالث من اليسار إلى اليمين؟,ANSWER: يتناقص تدريجياً,يتناقص,يتناقص تدريجياً,يتناقص,0.7467717528343201,0.8515163660049438,0.795711874961853,Correct
3054,إذا كان الإشعاع وحيد الطول الموجي فمن أي نوع من الفوتونات يكون مؤلفاً؟,ANSWER: فوتونات متساوية الطاقة,المتساوية الطاقات,فوتونات متساوية الطاقة,المتساوية الطاقات,0.6578763127326965,0.7020278573036194,0.6792353391647339,Correct
3056,ما هي الأمواج الميكانيكية التي تنشأ عن الوحدات المحركة في الألياف ولا تدركها الأذن؟,ANSWER: الأمواج تحت السمعية,الأمواج تحت الصوتية,الأمواج تحت السمعية,الأمواج تحت الصوتية,0.7967542409896851,0.7967542409896851,0.7967542409896851,Correct
3064,ما هو مصدر العنصر المشع الذي يعطى للمريض عند استخدام تقنية التصوير SPECT؟,ANSWER: نظير مشع متتبع يُحقن وريدياً,لأشعة غاما .,نظير مشع متتبع يُحقن وريدياً,لأشعة غاما .,0.5207144021987915,0.5090916156768799,0.514837384223938,Incorrect
3065,ما نوع الصورة التي نحصل عليها في التصوير الومضاني للجزء المصور من جسم المريض؟,ANSWER: صورة وظيفية ثنائية الأبعاد,ثنائية البعد .,صورة وظيفية ثنائية الأبعاد,ثنائية البعد .,0.48680371046066284,0.5073166489601135,0.49684852361679077,Correct
3066,إذا تضيق قطر الشريان إلى ثلث قيمته الأصلية عند مريض مصاب بمرض وعائي وقلبي وبقي هبوط الضغط فيه على حاله، إلى كم ينخفض معدل جريان الدم؟,ANSWER: إلى 1/81 من قيمته,81/1 من قيمته الأصلية .,إلى 1/81 من قيمته,81/1 من قيمته الأصلية .,0.6597367525100708,0.5856337547302246,0.6204805970191956,Correct
3096,ما هي السكريات التي لا تحتاج أثناء امتصاصها من الأمعاء الدقيقة لوجود الصوديوم؟,ANSWER: الفركتوز,الفركتوز.,الفركتوز,الفركتوز.,0.8026555776596069,0.7315219044685364,0.7654395699501038,Correct
3099,ما هو الأنزيم المعوي الذي يحول مولد التربسين إلى تربسين؟,ANSWER: الإنتيروببتيداز,الإنتيروكيناز.,الإنتيروببتيداز,الإنتيروكيناز.,0.7412400245666504,0.6508802175521851,0.6931275725364685,Correct
3100,ما هو العامل الهرموني الذي يحرض إفراز عصارة بنكرياسية غنية بالإنزيمات الهاضمة؟,ANSWER: كوليسيستوكينين,الكوليسيستوكينين CCK,كوليسيستوكينين,الكوليسيستوكينين CCK,0.7942450642585754,0.713765025138855,0.7518575191497803,Correct
3101,ما هو الإنزيم الذي يفكك سكر اللبن (اللاكتوز) إلى غلوكوز وغالاكتوز؟,ANSWER: إنزيم اللاكتاز,اللاكتاز.,إنزيم اللاكتاز,اللاكتاز.,0.6477326154708862,0.6418780088424683,0.6447920203208923,Correct
3109,ما هو مستودع الصفراء خارج أوقات الهضم والذي يعمل على تكثيفها؟,ANSWER: المرارة,المرارة.,المرارة,المرارة.,0.7547049522399902,0.6720702648162842,0.7109946608543396,Correct
3115,ما هي الشوارد التي يكون تركيزها أقل في اللعاب منه في البلازما؟,ANSWER: الصوديوم والكلوريد,صوديوم وكلور.,الصوديوم والكلوريد,صوديوم وكلور.,0.7106038331985474,0.6505571007728577,0.6792559623718262,Correct
3117,ما هو الهرمون الذي يحفز إفراز عصارة بنكرياسية غنية بالأنزيمات الهاضمة؟,ANSWER: الكوليسيستوكينين,الكوليسيستوكينين CCK,الكوليسيستوكينين,الكوليسيستوكينين CCK,0.9084605574607849,0.787056565284729,0.8434121608734131,Correct
3118,ما هو السكر الذي لا يحتاج للصوديوم من أجل عملية امتصاصه؟,ANSWER: الفركتوز,الفركتوز.,الفركتوز,الفركتوز.,0.8026555776596069,0.7315219044685364,0.7654395699501038,Correct
3120,ما هو الناقل العصبي الذي يتحرر من العصبونات بعد العقدة في القسم الودي؟,ANSWER: نورإبينفرين,النورابينفرين أو الأستيل كولين.,نورإبينفرين,النورابينفرين أو الأستيل كولين.,0.6161415576934814,0.4730527400970459,0.5351982712745667,Correct
3121,ما الذي يحدد نمط استجابة العضو المعصب بواسطة الجهاز العصبي المستقل (استثارة أو تثبيط)؟,ANSWER: نوع المستقبلات الأدرينرجية أو الكولينية في العضو,نمط المستقبلات الموجودة في العضو.,نوع المستقبلات الأدرينرجية أو الكولينية في العضو,نمط المستقبلات الموجودة في العضو.,0.6200891733169556,0.7474799752235413,0.6778512001037598,Correct
3127,ما هو الناقل الكيميائي الذي تحرره جميع العصبونات قبل العقدة؟,ANSWER: أستيل كولين,الأستيل كولين.,أستيل كولين,الأستيل كولين.,0.6906942129135132,0.6271234750747681,0.6573755145072937,Correct
3130,ما هو الناقل العصبي الذي يتحرر من طرفيات جميع الألياف اللاودية بعد العقدية؟,ANSWER: نورأدرينالين,أستيل كولين.,نورأدرينالين,أستيل كولين.,0.5198259353637695,0.5076334476470947,0.5136573314666748,Incorrect
3140,ما هي الميزة التي تتمتع بها قنوات IF في النسيج العقدي القلبي التي تمكنها من توليد التنبيه عفوياً؟,ANSWER: تنشيطها بفرط الاستقطاب,عندما تنفتح يتجاوز التيار الداخل من الصوديوم التيار الخارج من البوتاسيوم,تنشيطها بفرط الاستقطاب,عندما تنفتح يتجاوز التيار الداخل من الصوديوم التيار الخارج من البوتاسيوم,0.44855260848999023,0.4818361699581146,0.46459904313087463,Incorrect
3141,ما هي الفائدة الوظيفية من التأخير الزمني في كمون الفعل لمدة 0.1 ثانية عند مروره في العقدة الأذينية البطينية؟,ANSWER: إتاحة امتلاء البطينين بالدم قبل انقباضهما,إنهاء تقلص الأذينات قبل بدء تقلص البطينات.,إتاحة امتلاء البطينين بالدم قبل انقباضهما,إنهاء تقلص الأذينات قبل بدء تقلص البطينات.,0.600938081741333,0.6285253763198853,0.6144222021102905,Correct
3147,ماذا يحدث للبطينات في حال توقف العقدة الجيبية الأذينية عن العمل؟,ANSWER: النظم الهروبي البطيني,تتباطأ انقباضاتها,النظم الهروبي البطيني,تتباطأ انقباضاتها,0.45342200994491577,0.5538079738616943,0.49861249327659607,Incorrect
3149,ما هو سبب ظهور طور الهضبة في كامن فعل العضلة القلبية؟,ANSWER: دخول الكالسيوم عبر قنوات L,دخول شوارد الكالسيوم.,دخول الكالسيوم عبر قنوات L,دخول شوارد الكالسيوم.,0.6200730204582214,0.6765869855880737,0.6470984816551208,Correct
3152,ما هو سبب طور الهضبة في كمون عمل الليف العضلي القلبي؟,ANSWER: دخول الكالسيوم عبر قنوات بطيئة النوع L,الكالسيوم.,دخول الكالسيوم عبر قنوات بطيئة النوع L,الكالسيوم.,0.4517281651496887,0.6302496790885925,0.5262612700462341,Correct
3175,ما هي المناطق التي تطبق عليها المعالجة الإشعاعية في علاج أورام الخصية من النمط المنوي؟,ANSWER: العقد اللمفية جانب الأبهر والحرقفية المماثلة,سلسلة العقد اللمفاوية الحرقفية والأبهرية,العقد اللمفية جانب الأبهر والحرقفية المماثلة,سلسلة العقد اللمفاوية الحرقفية والأبهرية,0.5507314801216125,0.6646970510482788,0.6023712158203125,Correct
3180,ما هي الأورام التي لا تعتبر المعالجة الشعاعية معالجة شافية لها إذا استخدمت لوحدها في المراحل المبكرة؟,ANSWER: الساركومات العظمية,الثدي,الساركومات العظمية,الثدي,0.4675729274749756,0.5821786522865295,0.5186198353767395,Incorrect
3186,ما هي الجرعة الكلية الموصى بها في حال تقرر إجراء تشعيع وقائي للقحف بجرعة ٢ غري في كل جلسة؟,ANSWER: ٢٠ غري,٣٠ غري,٢٠ غري,٣٠ غري,0.8996403217315674,0.5942731499671936,0.715747058391571,Incorrect
3187,ما هو الزمن الأقل الفاصل بين كل جلستين عند إجراء المعالجة الشعاعية بطريق التجزئة المفرطة؟,ANSWER: ست ساعات,٦ ساعات,ست ساعات,٦ ساعات,0.8635583519935608,0.8635583519935608,0.8635583519935608,Correct
3191,ما الذي يحول مولد الببسين إلى ببسين؟,ANSWER: حمض الهيدروكلوريك,حمض كلور الماء الموجود في المعدة.,حمض الهيدروكلوريك,حمض كلور الماء الموجود في المعدة.,0.7118310928344727,0.5795354247093201,0.6389066576957703,Correct
3202,ما هو سبب حدوث عمى ربعي علوي أيمن مماثل؟,ANSWER: آفة الفص الصدغي الأيسر (حلقة ماير),الفصل الصدغي,آفة الفص الصدغي الأيسر (حلقة ماير),الفصل الصدغي,0.49503839015960693,0.6203517913818359,0.5506556034088135,Correct
3207,ما هي المدة الزمنية التي يتطور خلالها الصداع المزمن؟,ANSWER: أكثر من 3 أشهر,4أسابيع,أكثر من 3 أشهر,4أسابيع,0.660148024559021,0.639069139957428,0.6494375467300415,Incorrect
3209,ما هو نوع الصداع غير النابض ثنائي الجانب الذي قد يرتبط بتشنج عضلات الرقبة؟,ANSWER: الصداع التوتري,صداع التوتر,الصداع التوتري,صداع التوتر,0.7416032552719116,0.8132693767547607,0.7757846713066101,Correct
3284,أين يحدث التكيس للجيارديا اللمبلية؟,ANSWER: الأمعاء الغليظة,أثناء التغوط,الأمعاء الغليظة,أثناء التغوط,0.5643558502197266,0.5881563425064087,0.5760103464126587,Incorrect
3288,ما هي الذبابة ذهبية العيون Chrysop ثوي ناقل له؟,ANSWER: التربس,اللوا لوا,التربس,اللوا لوا,0.6950562596321106,0.6298080086708069,0.6608254313468933,Incorrect
3293,ما هي الفترة الزمنية الذي تظهر فيها إيجابية اختبار سابين فيلدمان بعد العدوى به؟,ANSWER: بعد أسبوعين تقريبًا,1-2 أسبوع,بعد أسبوعين تقريبًا,1-2 أسبوع,0.4904223680496216,0.4470444321632385,0.4677298367023468,Correct
3315,ما الذي تنتهي به المرحلة الخارج خلوية للمتصورات؟,ANSWER: الميروزويتات,الأقاسيم المتحركة,الميروزويتات,الأقاسيم المتحركة,0.7132768630981445,0.5701806545257568,0.6337516903877258,Correct
3335,أين تتكاثر خبيطيات الفخرية البنكروفتية؟,ANSWER: الأوعية اللمفية البشرية,الأوعية اللمفاوية للانسان,الأوعية اللمفية البشرية,الأوعية اللمفاوية للانسان,0.7960335612297058,0.8245557546615601,0.8100436925888062,Correct
3336,ما هو المرض الذي يستخدم عقار melarsporol في علاجه؟,ANSWER: داء المثقبيات الإفريقي,المثقبية الغامبية,داء المثقبيات الإفريقي,المثقبية الغامبية,0.7130942344665527,0.6285236477851868,0.6681434512138367,Correct
3338,ما هو الخمج الطفيلي الذي يمكن أن ينتقل من شخص لآخر؟,ANSWER: الجيارديا لامبليا,المرمية الدودية,الجيارديا لامبليا,المرمية الدودية,0.6513533592224121,0.5697600841522217,0.6078307628631592,Incorrect
3341,ما هي أفضل أماكن الخزع التشخيصية القندية في جسم الإنسان؟,ANSWER: القصبات والرئة والكبد والكلية ونقي العظم والجلد والغدد اللمفاوية والثدي والبروستات والدرق,الطحال,القصبات والرئة والكبد والكلية ونقي العظم والجلد والغدد اللمفاوية والثدي والبروستات والدرق,الطحال,0.39994657039642334,0.47523075342178345,0.4343506097793579,Incorrect
3365,ما هو المسبب لداء هجرة اليرقات الجلدي؟,ANSWER: اليرقات الخيطية للأنكلستوما البرازيلية,الديدان القوسية,اليرقات الخيطية للأنكلستوما البرازيلية,الديدان القوسية,0.6757963299751282,0.671221137046814,0.6735009551048279,Correct
3371,ما هو العلاج المناسب للمتحولة العصبية naegleria fowleri؟,ANSWER: أمفوتيريسين ب###,الأمفوتريسين,أمفوتيريسين ب###,الأمفوتريسين,0.5962888598442078,0.7535014152526855,0.6657396554946899,Correct
3386,أين تتوضع يرقات الأسطوانية الوعائية عند الإنسان؟,ANSWER: العضلات المخططة والدماغ,الجهاز العصبي المركزي,العضلات المخططة والدماغ,الجهاز العصبي المركزي,0.6038512587547302,0.6499652862548828,0.6260602474212646,Incorrect
3408,ما هو الشكل المعدي للإنسان من متفرعة الخصية الصينية؟,ANSWER: السركاريا,خليفة المذنبة,السركاريا,خليفة المذنبة,0.5131399035453796,0.48166340589523315,0.4969036877155304,Incorrect
3410,أين تتوضع الأسطوانية البرازية عند الإنسان؟,ANSWER: في مخاطية المستقيم,الجزء الأمامي من الصائم,في مخاطية المستقيم,الجزء الأمامي من الصائم,0.5225710868835449,0.6729815006256104,0.5883148312568665,Incorrect
3472,ما هو العصب الذي يصاب في متلازمة قاع الحجاج؟,ANSWER: العصب تحت الحجاج,العصب الفكي العلوي,العصب تحت الحجاج,العصب الفكي العلوي,0.55606609582901,0.528760552406311,0.5420696139335632,Correct
3499,ما هو تعريف الحول المتقارب؟,ANSWER: انحراف العين للداخل نحو الأنف,يتلاقي فيها محورا الرؤية في نقطة تقع أمام الجسم المنظور,انحراف العين للداخل نحو الأنف,يتلاقي فيها محورا الرؤية في نقطة تقع أمام الجسم المنظور,0.5798507928848267,0.4998503625392914,0.5368867516517639,Correct
3514,ما هي أسباب حدوث فيض الدمع Epiphora؟,ANSWER: انسداد أو تضيق القناة الدمعية الأنفية,نقص في التصريف,انسداد أو تضيق القناة الدمعية الأنفية,نقص في التصريف,0.5744936466217041,0.5196996927261353,0.5457246899604797,Correct
3527,أين تقع حفيرة البكرة في الجدار العلوي للحجاج؟,ANSWER: الزاوية الأمامية الإنسية للحجاج,الأمامي الأنسي,الزاوية الأمامية الإنسية للحجاج,الأمامي الأنسي,0.6996148824691772,0.5982356071472168,0.6449657082557678,Correct
3542,ما هي النسبة التي تشكلها القرنية من سطح غلاف كرة العين الليفي؟,ANSWER: سدس السطح الليفي,السدس الأمامي,سدس السطح الليفي,السدس الأمامي,0.7063394784927368,0.6957848072052002,0.7010223865509033,Correct
3554,ما هو أكثر تنكسات القرنية شيوعاً؟,ANSWER: القوس الشيخوخي,القوس الشيخية,القوس الشيخوخي,القوس الشيخية,0.8662191033363342,0.8662191033363342,0.8662191033363342,Correct
3580,ما هي الحالات التي تشاهد فيها الرؤية المزدوجة الأحادية الجانب؟,ANSWER: اللابؤرية,تحت خلع العدسة,اللابؤرية,تحت خلع العدسة,0.6315968036651611,0.6770065426826477,0.6535138487815857,Incorrect
3601,ما هو المرض الذي يشاهد فيه حلقة كاي زر- فليشر عند المرضى؟,ANSWER: داء ويلسون,داء ويلسون,داء ويلسون,داء ويلسون,1.0000001192092896,1.0000001192092896,1.0000001192092896,Correct
3607,ما الذي يجب فعله في الحالات المعندة وغير المستجيبة للعلاج في الورم الكاذب للحجاج؟,ANSWER: العلاج الشعاعي للحجاج,يجب اخذ خزعة من الورم,العلاج الشعاعي للحجاج,يجب اخذ خزعة من الورم,0.6493349075317383,0.5145455598831177,0.5741352438926697,Incorrect
3609,ما هي النتائج التي تؤدي إليها إصابة الشعبة العينية من العصب الخامس في متلازمة الشق الحجاجي العلوي؟,ANSWER: فقد حس القرنية والجبهة مع غياب منعكس القرنية,فقد حس الملتحمة والقرنية,فقد حس القرنية والجبهة مع غياب منعكس القرنية,فقد حس الملتحمة والقرنية,0.649590015411377,0.7449450492858887,0.6940074563026428,Incorrect
3620,ما هو التشخيص الأقرب لمريض عمره 65 سنة لديه فقد رؤية في النصف العلوي من الساحة البصرية مع بدء مفاجئ؟,ANSWER: انفصال الشبكية,التهاب العصب البصري الاقفاري,انفصال الشبكية,التهاب العصب البصري الاقفاري,0.6205918788909912,0.6136696338653564,0.617111325263977,Incorrect
3667,ما الذي يدل عليه ظهور تقبب على شكل حويصل أسود في قعر القرحة القرنية الجرثومية؟,ANSWER: انثقاب القرنية مع تدلّي القزحية,تقبب غشاء ديسميه وخطر انثقابه,انثقاب القرنية مع تدلّي القزحية,تقبب غشاء ديسميه وخطر انثقابه,0.6113966703414917,0.6959824562072754,0.6509532332420349,Incorrect
3680,ما هي الطريقة التالية لتقدير حدة البصر لدى المريض إذا لم يتمكن من قراءة أكبر أحرف اللوحة؟,ANSWER: عدّ الأصابع,بعد أصابع الفاحص,عدّ الأصابع,بعد أصابع الفاحص,0.5547813177108765,0.5087616443634033,0.5307758450508118,Correct
3683,ما الذي يشكو منه المريض في الحول الشللي عند البالغين؟,ANSWER: ازدواج الرؤية,رؤية مزدوجة,ازدواج الرؤية,رؤية مزدوجة,0.6558835506439209,0.6675636768341064,0.661672055721283,Correct
3700,متى ينعدم يوروبيلينوجين البول؟,ANSWER: الانسداد الصفراوي التام,اليرقان الانسدادي,الانسداد الصفراوي التام,اليرقان الانسدادي,0.5815328359603882,0.6999744176864624,0.6352802515029907,Correct
3702,في الاحتباس الصفراوي ما هو الانزيم الأفضل للوصول للتشخيص؟,ANSWER: الفوسفاتاز القلوية,ALT,الفوسفاتاز القلوية,ALT,0.38168948888778687,0.414393812417984,0.3973698616027832,Incorrect
3713,ما هي نتيجة رحلان البروتينات في الالتهابات الحادة؟,ANSWER: ارتفاع بروتينات الطور الحاد في منطقة ألفا-2,ترتفع الموجة a_2غلوبيولين وترتفع الموجة a_1غلوبيولين,ارتفاع بروتينات الطور الحاد في منطقة ألفا-2,ترتفع الموجة a_2غلوبيولين وترتفع الموجة a_1غلوبيولين,0.6222720146179199,0.576613187789917,0.5985731482505798,Incorrect
3720,ما هو المركب الذي يتم اصطناعه بدءا من الحموض الأمينية؟,ANSWER: الكرياتين,أمونيا,الكرياتين,أمونيا,0.6695135831832886,0.6695135831832886,0.6695135831832886,Incorrect
3730,ما هي أعراض فقر الدم بعوز الحديد عند المريض؟,ANSWER: شحوب وتعب وضيق نفس وخفقان,الشحوب,شحوب وتعب وضيق نفس وخفقان,الشحوب,0.45174330472946167,0.6039485931396484,0.5168737769126892,Correct
3731,ما هي الحالة التي تعاني منها مريضة عمرها 44 سنة تشكو من تعب عام وكانت قيمة البولة الدموية 140 ملغ/دل وقيمة الكرياتنين 6 ملغ/دل وحمض البول 4 ملغ/دل؟,ANSWER: قصور كلوي مزمن,اليوريميا,قصور كلوي مزمن,اليوريميا,0.49729010462760925,0.584959089756012,0.5375737547874451,Correct
3733,ما هو سبب تشمع الكبد عند مريض عمره 12 سنة؟,ANSWER: داء ويلسون,داء ويلسون,داء ويلسون,داء ويلسون,1.0000001192092896,1.0000001192092896,1.0000001192092896,Correct
3734,ما هو الاحتمال الأكثر ترجيحاً لسبب تشمع الكبد عند مريض عمره 12 سنة؟,ANSWER: داء ويلسون,داء ويلسون,داء ويلسون,داء ويلسون,1.0000001192092896,1.0000001192092896,1.0000001192092896,Correct
3736,ما هو تصنيف مريض عنده الغلوكوز 210 ملغ / دل؟,ANSWER: داء السكري,مريض سكري,داء السكري,مريض سكري,0.8009165525436401,0.8009165525436401,0.8009165525436401,Correct
3737,ما هو تصنيف مريض تم تحليل الغلوكوز الصيامي له فكانت النتيجة 128 ملغ/دل؟,ANSWER: داء السكري,مريض سكري,داء السكري,مريض سكري,0.8009165525436401,0.8009165525436401,0.8009165525436401,Correct
3738,ما هو المركب الذي يعتبر ايتلين ديامين تترا استات مركباً لاقطاً له؟,ANSWER: أيونات الكالسيوم,الكالسيوم,أيونات الكالسيوم,الكالسيوم,0.5298101305961609,0.7147780656814575,0.6085493564605713,Correct
3739,ما هو المركب الذي يستخدم في تدبير حمى البحر الأبيض المتوسط؟,ANSWER: كولشيسين,الكولشيمين,كولشيسين,الكولشيمين,0.6860721707344055,0.6860721707344055,0.6860721707344055,Correct
3742,ما هو النمط التحسسي الذي يعود إليه داء الفقاع المحرض دوائياً؟,ANSWER: فرط التحسس من النمط الثاني,الثاني.,فرط التحسس من النمط الثاني,الثاني.,0.46984484791755676,0.4370283782482147,0.4528428614139557,Correct
3743,ما هي آلية تأثير المركب دابيريدامول؟,ANSWER: تثبيط الفوسفوديستيراز وزيادة الأدينوزين,تثبيط PDE,تثبيط الفوسفوديستيراز وزيادة الأدينوزين,تثبيط PDE,0.6621273756027222,0.6768667697906494,0.6694159507751465,Correct
3774,"ما هي جرعة الدواء عند طفل وزنه 17,5 كغ إذا كانت جرعة البالغ 100 ملغ؟",ANSWER: 50 ملغ,25 ملغ.,50 ملغ,25 ملغ.,0.754476010799408,0.7096986174583435,0.7314026355743408,Incorrect
3792,ما هو معدل التصفية الكلوية للكرياتينين عند رجل عمره 40 سنة ومستوى كرياتينين الدم 1 ملغ/دل ووزنه 72 كغ؟,ANSWER: 100 مل/دقيقة,100,100 مل/دقيقة,100,0.5351577997207642,0.6012624502182007,0.5662874579429626,Correct
3804,ما هي الخلايا التي تقوم بإفراز بروتين برفورين الذي يفتح ثقوب في غشاء الخلية الهدف؟,ANSWER: الخلايا القاتلة الطبيعية,الخلايا القاتلة.,الخلايا القاتلة الطبيعية,الخلايا القاتلة.,0.7389439344406128,0.7395930290222168,0.7392683625221252,Correct
3807,كيف يتأثر الغاز كلما زاد وزنه الجزيئي؟,ANSWER: تقل سرعة الانتشار,انخفض معدل الانتشار.,تقل سرعة الانتشار,انخفض معدل الانتشار.,0.6300091743469238,0.6067137718200684,0.6181420683860779,Correct
3809,ما هو المبدأ الأساسي للتشتت؟,ANSWER: تشتت الشعاع السيني,الانتشار,تشتت الشعاع السيني,الانتشار,0.4896772503852844,0.5895271897315979,0.5349830389022827,Incorrect
3810,ما هو العامل الذي يسرع العامل السابع تشكله؟,ANSWER: عامل النسيج (الثرومبوبلاستين),الثالث,عامل النسيج (الثرومبوبلاستين),الثالث,0.34815460443496704,0.3816377818584442,0.36412808299064636,Incorrect
3813,ما هو السائل الموجود داخل الخلايا؟,ANSWER: السائل داخل الخلايا,السيتوبلازما.,السائل داخل الخلايا,السيتوبلازما.,0.5110313892364502,0.4938278794288635,0.5022823810577393,Incorrect
3816,ما هي مقدرة شخص على إدراك منبهين لمسيين مطبقين على منطقة من سطح الجسم على أنهما منفصلان؟,ANSWER: التمييز النقطي ثنائي النقاط,تمييز حس النقطتين,التمييز النقطي ثنائي النقاط,تمييز حس النقطتين,0.6549491882324219,0.6638880968093872,0.6593883633613586,Correct
3817,ما هو سبب عدم قدرة ألياف الجهاز العصبي المركزي على التجدد؟,ANSWER: غياب خلايا شوان,غياب غمد شوان,غياب خلايا شوان,غياب غمد شوان,0.8035978078842163,0.7550675868988037,0.7785771489143372,Correct
3820,ما هو المجال الذي تكون فيه النسخ السيتولوجية شفافة نسبياً؟,ANSWER: الخلايا الحرشفية السطحية,تحت الأحمر القريب,الخلايا الحرشفية السطحية,تحت الأحمر القريب,0.5046576857566833,0.4395352602005005,0.46985065937042236,Incorrect
3823,ما هو العامل الرئيسي الذي يحدد ارتباط الأكسجين بخضاب الدم؟,ANSWER: الضغط الجزئي للأكسجين,الضغط الجزئي للأوكسجين في الدم PO2.,الضغط الجزئي للأكسجين,الضغط الجزئي للأوكسجين في الدم PO2.,0.8201119899749756,0.6772890090942383,0.741889238357544,Correct
3828,ما الذي يؤدي إليه العامل ٣ مع الكالسيوم؟,ANSWER: التخثر الدموي,تلقيم راجع إيجابي للثرومبين.,التخثر الدموي,تلقيم راجع إيجابي للثرومبين.,0.4960329234600067,0.44213932752609253,0.46753817796707153,Incorrect
3831,متى يزداد الانحلال في التلاسيميا؟,ANSWER: بعد استئصال الطحال,التعرض للشدة والحمى.,بعد استئصال الطحال,التعرض للشدة والحمى.,0.42033469676971436,0.5045014023780823,0.4585881531238556,Incorrect
3832,ما هو الفيتامين الأساسي في عملية تشكيل عوامل التخثر؟,ANSWER: فيتامين ك,K,فيتامين ك,K,0.4426354169845581,0.476383239030838,0.4588897228240967,Correct
3838,ما هو المستوى من الفيزيولوجيا الذي تنتمي إليه دراسة آلية وتوليد ونقل كوامن الفعل في القلب؟,ANSWER: الفيزيولوجيا الكهربائية,النسيجي,الفيزيولوجيا الكهربائية,النسيجي,0.5421477556228638,0.5421851873397827,0.5421664714813232,Incorrect
3839,أين توجد المستقبلات النيكوتينية؟,ANSWER: الوصل العصبي العضلي والعقد الذاتية,العقدة الجيبية الأذينية في القلب,الوصل العصبي العضلي والعقد الذاتية,العقدة الجيبية الأذينية في القلب,0.6140232086181641,0.6590969562530518,0.6357621550559998,Incorrect
3848,ما الذي تعتمد عليه سرعة انتشار الأوكسجين عبر غشاء الخلية؟,ANSWER: فرق الضغط الجزئي للأوكسجين,مقدار ذوبانه في الشحوم,فرق الضغط الجزئي للأوكسجين,مقدار ذوبانه في الشحوم,0.73200523853302,0.7374392747879028,0.7347121834754944,Incorrect
3852,ماذا يحدث عندما يصل التيروكسين إلى المستوى الدوراني المطلوب؟,ANSWER: تثبيط راجع لإفراز الهرمون المنبه للدرق وTRH,تتوقف الغدة النخامية عن افراز THS,تثبيط راجع لإفراز الهرمون المنبه للدرق وTRH,تتوقف الغدة النخامية عن افراز THS,0.6223329305648804,0.6949772834777832,0.6566520929336548,Correct
3853,ما هي الوظيفة الرئيسية للعقدة الأذينية البطينية في الحالات السوية؟,ANSWER: تأخير التوصيل الأذيني البطيني,توليد إشارات تجعلها ناظمة للقلب,تأخير التوصيل الأذيني البطيني,توليد إشارات تجعلها ناظمة للقلب,0.5464864373207092,0.5213422775268555,0.5336183309555054,Incorrect
3855,ما هي العوامل التي تحرض إفراز عصارة بنكرياسية غنية بالإنزيمات؟,ANSWER: الكوليسيستوكينين (CCK),الأستيل كولين والكوليسيستوكينين,الكوليسيستوكينين (CCK),الأستيل كولين والكوليسيستوكينين,0.6223645806312561,0.702465295791626,0.6599934697151184,Incorrect
3857,أين يتم إعادة امتصاص القسم الأعظم من الماء المرتشح؟,ANSWER: النبيب القريب,النبيبات الدانية,النبيب القريب,النبيبات الدانية,0.7978255152702332,0.7442708015441895,0.7701181769371033,Correct
3861,ما هو سبب الصوت الأول للقلب؟,ANSWER: انغلاق الصمامين التاجي وثلاثي الشرفات,انغلاق الصمامات الأذينية البطينية,انغلاق الصمامين التاجي وثلاثي الشرفات,انغلاق الصمامات الأذينية البطينية,0.7179961204528809,0.7173589468002319,0.7176774144172668,Correct
3866,ما هي الخلايا التي تمتلك أسرع معدل لزوال الاستقطاب؟,ANSWER: خلايا العقدة الجيبية,العقدة الجيبية الأذينية.,خلايا العقدة الجيبية,العقدة الجيبية الأذينية.,0.7227431535720825,0.682188868522644,0.701880693435669,Correct
3868,ما هو الذي وظيفته تسريع عملية تشكل الترومبوبلاستين الصفيحي؟,ANSWER: العامل الحادي عشر,العامل السابع,العامل الحادي عشر,العامل السابع,0.7303596138954163,0.7910546660423279,0.7594964504241943,Incorrect
3869,ما الذي يعمل على تسهيل الانتقال بين الشهيق والزفير؟,ANSWER: السرفاكتانت الرئوي,مركز التنفس الجسري,السرفاكتانت الرئوي,مركز التنفس الجسري,0.5142951011657715,0.5650285482406616,0.5384694933891296,Incorrect
3871,ما الذي يزداد في الأسناخ الرئوية؟,ANSWER: السورفاكتانت,بتضيق فوهة القصيبات,السورفاكتانت,بتضيق فوهة القصيبات,0.5845232009887695,0.5339194536209106,0.5580765604972839,Incorrect
3872,ما يعرف بالموجهة الجسدية؟,ANSWER: التمثيل الجسدي القشري,هرمون النمو,التمثيل الجسدي القشري,هرمون النمو,0.5813500881195068,0.665032684803009,0.6203821301460266,Incorrect
3874,ما هي العقدة الرأسية للجهاز العصبي المستقل؟,ANSWER: العقدة الهدبية,الوطاء,العقدة الهدبية,الوطاء,0.48120319843292236,0.5216042995452881,0.500589907169342,Incorrect
3876,ما هي المحطة الرئيسية الدماغية التي تتكامل فيها وظائف الجهاز العصبي المستقل مع وظائف البنى العصبية الأخرى؟,ANSWER: الوطاء,الوطاء,الوطاء,الوطاء,1.0,1.0,1.0,Correct
3880,ما هو الناقل العصبي المحرر من طرفيات الألياف بعد العقدية في القسم الودي؟,ANSWER: نورأدرينالين,الاستيل كولين أو النور أدرينالين,نورأدرينالين,الاستيل كولين أو النور أدرينالين,0.49935540556907654,0.43178290128707886,0.4631173014640808,Incorrect
3891,ما هو الدور المهم الذي تؤديه خلايا سيرتولي في الخصية؟,ANSWER: دعم وتغذية الخلايا المنوية,تغذية النطاف,دعم وتغذية الخلايا المنوية,تغذية النطاف,0.6649401783943176,0.6367697715759277,0.6505501866340637,Correct
3897,ما هو الذي يروي النسيج الضام للرئة؟,ANSWER: الشرايين القصبية,الفروع القصبية للأبهر.,الشرايين القصبية,الفروع القصبية للأبهر.,0.6381878852844238,0.5144562125205994,0.5696809887886047,Correct
3902,ما هي البوابات التي تتحكم بنفوذية القنوات للشوارد التي تسهم في تشكيل كامن الفعل؟,ANSWER: بوابات التنشيط والتثبيط (اللا تنشيط),القنوات المبوبة بالفولطاج,بوابات التنشيط والتثبيط (اللا تنشيط),القنوات المبوبة بالفولطاج,0.4505537748336792,0.625100314617157,0.5236652493476868,Incorrect
3909,ما هي أجهزة التحكم والضبط والمراقبة في الجسم؟,ANSWER: الجهاز العصبي وجهاز الغدد الصماء,العصبى الصماوى,الجهاز العصبي وجهاز الغدد الصماء,العصبى الصماوى,0.5816132426261902,0.6079141497612,0.5944729447364807,Correct
3914,ما هي المواد التي تحررها نهايات المحاوير العصبية في المشابك والموصلات المشبكية؟,ANSWER: النواقل العصبية,النواقل عصبية,النواقل العصبية,النواقل عصبية,0.7545070648193359,0.7545070648193359,0.7545070648193359,Correct
3916,ماذا ينقل الترانسفيرين؟,ANSWER: الحديد,الحديدي,الحديد,الحديدي,0.740576982498169,0.740576982498169,0.740576982498169,Correct
3918,ما هو الإحساس الذي يمكن أن يُدرك كلياً في المهاد؟,ANSWER: الألم,حس الألم,الألم,حس الألم,0.8263776898384094,0.7968699932098389,0.8113556504249573,Correct
3919,أين توجد المستقبلات المسكارينية؟,ANSWER: الأعضاء المُعصّبة بنظير الودي,الخلايا المستجيبة للتنبيه بالعصبونات الكولينية الفعل بعد العقدية,الأعضاء المُعصّبة بنظير الودي,الخلايا المستجيبة للتنبيه بالعصبونات الكولينية الفعل بعد العقدية,0.4568514823913574,0.6314249634742737,0.5301363468170166,Incorrect
3930,ما هي الزمرة الدموية إذا كانت الكرية الحمراء لا تحوي مولد ارتصاص؟,ANSWER: زمرة O,O,زمرة O,O,0.582511842250824,0.8252153396606445,0.6829415559768677,Correct
3935,ما هو ناظم القلب؟,ANSWER: العقدة الجيبية الأذينية,العقدة الجيبية.,العقدة الجيبية الأذينية,العقدة الجيبية.,0.7492059469223022,0.7727968692779541,0.760818600654602,Correct
3941,ما الذي يشكله الجهاز الانزيمي في الخلايا البطانية السليمة اعتباراً من حمض الاراشيدونيك؟,ANSWER: البروستاسيكلين (PGI₂),الترومبوكسان A2,البروستاسيكلين (PGI₂),الترومبوكسان A2,0.6473699808120728,0.6316342353820801,0.6394053101539612,Incorrect
3948,ما الذي تتناسب معه سرعة النقل في الألياف العصبية اللانخاعينية؟,ANSWER: قطر الليف العصبي,الجذر التربيعي ل قطر الليف,قطر الليف العصبي,الجذر التربيعي ل قطر الليف,0.6819202899932861,0.5899174213409424,0.632591187953949,Incorrect
3958,أين تقع أجسام عصبونات المرتبة الثانية للإحساسات المنقولة بمسلك العمود الظهري؟,ANSWER: النوى الرقيقة والإسفينية في البصلة السيسائية,المهاد,النوى الرقيقة والإسفينية في البصلة السيسائية,المهاد,0.3017948269844055,0.48544758558273315,0.3721993565559387,Incorrect
3960,ما هي العوامل التي تتناسب معها سرعة الانتشار البسيط؟,ANSWER: تدرج التركيز ومساحة السطح ومعامل الانتشار وعكسياً مع سُمك الغشاء,طردا مع مدروج تركيز المادة المنتشرة,تدرج التركيز ومساحة السطح ومعامل الانتشار وعكسياً مع سُمك الغشاء,طردا مع مدروج تركيز المادة المنتشرة,0.5718157291412354,0.5513952970504761,0.5614199042320251,Incorrect
3962,ما هي آلية تحرر شوارد الكالسيوم من الشبكة الهيولية في العضلات الهيكلية؟,ANSWER: تنشيط مستقبلات الريانودين عبر مستقبلات ثنائي هيدروبيريدين,الانتشار,تنشيط مستقبلات الريانودين عبر مستقبلات ثنائي هيدروبيريدين,الانتشار,0.30523693561553955,0.43297871947288513,0.3580555021762848,Incorrect
3964,ما الذي يؤكد الدور الأهم للمراكز الشوكية والبصلية في وظيفة الجهاز العصبي المستقل؟,ANSWER: استمرار الوظائف اللاإرادية بعد قطع الوطاء,عدم حدوث تبدلت مهمة في وظائف الجهاز العصبي المستقبل عند قطع جذع الدماغ فوق مستوى البصلة,استمرار الوظائف اللاإرادية بعد قطع الوطاء,عدم حدوث تبدلت مهمة في وظائف الجهاز العصبي المستقبل عند قطع جذع الدماغ فوق مستوى البصلة,0.5694750547409058,0.49652618169784546,0.5305046439170837,Incorrect
3965,ما هو الهدف الأساسي للنقل الفاعل عبر الغشاء؟,ANSWER: نقل المواد عكس تدرج التركيز,الحفاظ على مدروج تركيز مرتفع للمادة عبر الغشاء,نقل المواد عكس تدرج التركيز,الحفاظ على مدروج تركيز مرتفع للمادة عبر الغشاء,0.5743713974952698,0.5483784675598145,0.5610740780830383,Correct
3968,ما الذي يتأثر بتغير كمية الأوكسجين في الأسناخ؟,ANSWER: التقبض الوعائي الرئوي بنقص الأكسجة,الأوعية الدموية للسنخ,التقبض الوعائي الرئوي بنقص الأكسجة,الأوعية الدموية للسنخ,0.58250492811203,0.5982694625854492,0.5902819633483887,Correct
3975,ما هي أقصى مدة لحفظ الدم؟,ANSWER: ٤٢ يومًا,20 يوم,٤٢ يومًا,20 يوم,0.8194266557693481,0.8599802851676941,0.8392138481140137,Incorrect
3978,ماذا يحدث عندما تكون تهوية السنخ أعلى من ترويته الدموية؟,ANSWER: زيادة المساحة الميتة السنخية,حيز ميت فيزيولوجي,زيادة المساحة الميتة السنخية,حيز ميت فيزيولوجي,0.5313581228256226,0.5952263474464417,0.5614818334579468,Correct
4000,ما هي الحالات التي تزداد فيها كمية الماء الموجودة في الأحياز الخاصة؟,ANSWER: الوذمة,الجنب وانصباب الجنب,الوذمة,الجنب وانصباب الجنب,0.5166940689086914,0.5526615381240845,0.5340729355812073,Incorrect
4001,ما هو الهرمون المطلق للموجهة القشرية؟,ANSWER: الهرمون المطلق للكورتيكوتروبين,CRH,الهرمون المطلق للكورتيكوتروبين,CRH,0.520503044128418,0.384142130613327,0.4420454502105713,Correct
4004,ما هي الشاردة الإيجابية الأساسية في السائل داخل الخلوي؟,ANSWER: البوتاسيوم,بوتاسيوم,البوتاسيوم,بوتاسيوم,0.8345739245414734,0.8292393684387207,0.831898033618927,Correct
4013,ما هو نوع المصل الذي يحمله شخص من الزمرة الدموية B؟,ANSWER: مضاد A,يحوي الراصة Anti A,مضاد A,يحوي الراصة Anti A,0.6767513155937195,0.5213062167167664,0.5889444947242737,Correct
4016,ما هي الحالة التي يكون فيها انقلاب الصيغة أكثر شيوعاً؟,ANSWER: التهاب الزائدة الدودية الحاد,الأطفال.,التهاب الزائدة الدودية الحاد,الأطفال.,0.3649011254310608,0.42176884412765503,0.39127954840660095,Incorrect
4026,ما هو حجم الضربة (Stroke Volume)؟,ANSWER: حجم الدم المقذوف بكل نبضة,كمّية الدم التي يضخها البطين الأيمن في ضربة واحدة,حجم الدم المقذوف بكل نبضة,كمّية الدم التي يضخها البطين الأيمن في ضربة واحدة,0.5809977054595947,0.5776655673980713,0.579326868057251,Correct
4034,ما هي أقصى كمية هواء يمكن استنشاقها زيادة على كمية الحجم الجاري السوية؟,ANSWER: حجم الاحتياطي الشهيقي,حجم الشهيق المخر,حجم الاحتياطي الشهيقي,حجم الشهيق المخر,0.79555344581604,0.6592853665351868,0.7210376262664795,Correct
4040,ما هي الآلية التي يتم من خلالها التنظيم المديد للجريان الموضعي؟,ANSWER: التوعية الدموية الجديدة,إفراز الأنجيوجنين وعامل النمو البطاني.,التوعية الدموية الجديدة,إفراز الأنجيوجنين وعامل النمو البطاني.,0.4844321608543396,0.47397148609161377,0.47914472222328186,Incorrect
4045,ما هي الشوارد التي تسبب قوى الجذب بين خيوط الاكتين والميوزين مما يؤدي إلى انزلاق بعضها على بعض؟,ANSWER: أيونات الكالسيوم,الكالسيوم,أيونات الكالسيوم,الكالسيوم,0.5298101305961609,0.7147780656814575,0.6085493564605713,Correct
4060,ما هو الهدف من آلية المزلاج في العضلات الملساء؟,ANSWER: المحافظة على التوتر بأقل استهلاك للطاقة,تحافظ على تقلّص مقوٍمديد فى العضلات الملمس باستخدام كمية قليلة جداً من الطاقه,المحافظة على التوتر بأقل استهلاك للطاقة,تحافظ على تقلّص مقوٍمديد فى العضلات الملمس باستخدام كمية قليلة جداً من الطاقه,0.6418826580047607,0.5652137994766235,0.6011133790016174,Correct
4062,ما هي الخلايا الدبقية التي تشكل جزء من الحاجز الوعائي الدموي؟,ANSWER: الخلايا النجمية,الخلايا النجمية,الخلايا النجمية,الخلايا النجمية,1.0000001192092896,1.0000001192092896,1.0000001192092896,Correct
4065,ما هي الآلية التي يتم من خلالها التنظيم المديد للضغط الشرياني؟,ANSWER: جهاز الرينين-أنجيوتنسين-ألدوستيرون,افراز الانجيوجينين وعامل النمو البطاني,جهاز الرينين-أنجيوتنسين-ألدوستيرون,افراز الانجيوجينين وعامل النمو البطاني,0.6131245493888855,0.6446223258972168,0.62847900390625,Incorrect
4069,ما هي المستقبلة الأسرع تلاؤماً؟,ANSWER: جسيمات باسيني,باشيني.,جسيمات باسيني,باشيني.,0.5721273422241211,0.5322645902633667,0.5514765977859497,Correct
4074,لماذا لا تتمكن الألياف العصبية المركزية من التجديد؟,ANSWER: تثبيط النمو بسبب الخلايا الدبقية والمايلين المركزي,عدم وجود غمد شوان,تثبيط النمو بسبب الخلايا الدبقية والمايلين المركزي,عدم وجود غمد شوان,0.45248326659202576,0.47309786081314087,0.4625610113143921,Incorrect
4083,ما هي كمية الهواء الموجودة في الرئتين في نهاية شهيق سوي؟,ANSWER: السعة المتبقية الوظيفية,السعة الوظيفية المدخرة + الحجم الجاري,السعة المتبقية الوظيفية,السعة الوظيفية المدخرة + الحجم الجاري,0.6832974553108215,0.6238128542900085,0.6522016525268555,Incorrect
4086,ما هي الفائدة الوظيفية من التأخير الزمني لكامن الفعل لمدة 0.1 ثانية عند مروره في العقدة الأذينية البطينية؟,ANSWER: إتاحة امتلاء البطينين قبل انقباضهما,إنهاء تقلص الأذينات قبل تقلص البطينات,إتاحة امتلاء البطينين قبل انقباضهما,إنهاء تقلص الأذينات قبل تقلص البطينات,0.5874708890914917,0.6604704856872559,0.6218355894088745,Correct
4093,ما هي المواد التي يقتصر عليها الامتصاص المعدي؟,ANSWER: الماء والكحول وبعض الأدوية كالأسبرين,الماء والشوارد,الماء والكحول وبعض الأدوية كالأسبرين,الماء والشوارد,0.5215663909912109,0.5609283447265625,0.5405317544937134,Incorrect
4094,ما هو المركب الذي يتشكل من تفاعل الهيموغلوبين مع حمض أو قلوي؟,ANSWER: الهيماتين,هيماتين.,الهيماتين,هيماتين.,0.6321258544921875,0.5638744831085205,0.5960527658462524,Correct
4095,ما الذي يتناسب إفراغه عكسياً مع إفراغ الهيدروجين؟,ANSWER: البيكربونات,البوتاسيوم,البيكربونات,البوتاسيوم,0.6893460750579834,0.7361336350440979,0.7119720578193665,Incorrect
4096,ما هو الغشاء الكبيبي نفوذ له؟,ANSWER: نفوذ انتقائي لحجم وشحنة الجزيئات,الالبومين.,نفوذ انتقائي لحجم وشحنة الجزيئات,الالبومين.,0.46134185791015625,0.47456663846969604,0.4678608179092407,Incorrect
4097,ما هو المسؤول عن إرسال السيالات في العصبونات؟,ANSWER: المحور العصبي,المحوار,المحور العصبي,المحوار,0.6300565004348755,0.6493770480155945,0.6395708918571472,Correct
4098,ما هو المستوى الذي يعتبر ضخ الدم مثالاً على دراسته؟,ANSWER: المستوى العضوي,الأعضاء,المستوى العضوي,الأعضاء,0.6655319929122925,0.6743001341819763,0.6698874235153198,Correct
4101,ما هي العملية التي يتم بها تحويل النورادرينالين إلى أدرينالين؟,ANSWER: مثيلة بواسطة PNMT,ميتلة,مثيلة بواسطة PNMT,ميتلة,0.3900045156478882,0.4782015085220337,0.42962324619293213,Correct
4103,ما الذي يشكل جسراً بين ألياف الكولاجين والصفيحات الدموية؟,ANSWER: عامل فون ويلبراند,الترومبوكسان A2,عامل فون ويلبراند,الترومبوكسان A2,0.6207915544509888,0.4976184368133545,0.552422285079956,Incorrect
4108,ما هي الفائدة الوظيفية من وجود الكليونات المجاورة للّب؟,ANSWER: حماية اللُّب ونقل الإحساس,زيادة القدرة على تكثيف البول,حماية اللُّب ونقل الإحساس,زيادة القدرة على تكثيف البول,0.5256127119064331,0.5106388926506042,0.5180176496505737,Incorrect
4121,ما هو السبب الذي يحمي العضلة القلبية من التكزز؟,ANSWER: فترة الجموح الطويلة,طول فترة كامن فعل الليف العضلي القلبي,فترة الجموح الطويلة,طول فترة كامن فعل الليف العضلي القلبي,0.5961942076683044,0.5459233522415161,0.5699524879455566,Correct
4122,ما هو الهرمون الذي يخضع لتأثير مزدوج منبه ومثبط من الوطاء؟,ANSWER: البرولاكتين,GH,البرولاكتين,GH,0.5781649351119995,0.6464169025421143,0.6103888750076294,Incorrect
4127,أين تقع المساحة الصغرى في ساحة الحس الأولية عند الإنسان؟,ANSWER: في الوجه الوحشي للتلفيف ما بعد المركزي,الجذع,في الوجه الوحشي للتلفيف ما بعد المركزي,الجذع,0.40976089239120483,0.4837794899940491,0.44370442628860474,Incorrect
4131,ما هو مصدر الATP الذي تحتاجه الليفات العضلية بشدة؟,ANSWER: فوسفات الكرياتين,المتقدرات الغزيرة الموازية للبيفات,فوسفات الكرياتين,المتقدرات الغزيرة الموازية للبيفات,0.5893887281417847,0.5309302806854248,0.558634340763092,Incorrect
4134,ما هو الذي يفعل السبيل الخارجي للتخثر؟,ANSWER: عامل النسيج (العامل الثالث),رض الأنسجة,عامل النسيج (العامل الثالث),رض الأنسجة,0.499599426984787,0.611820638179779,0.5500445365905762,Correct
4137,ما الذي تتناسب معه سرعة انتشار الغاز عبر الغشاء التنفسي عكسياً؟,ANSWER: سماكة الغشاء التنفسي,ثخانة الغشاء,سماكة الغشاء التنفسي,ثخانة الغشاء,0.736880898475647,0.7242584228515625,0.7305151224136353,Correct
4147,ما هي القيمة العظمى لضغط الأوكسجين في الأسناخ عند زيادة التهوية السنخية في الحالات السوية؟,ANSWER: 150 ملم زئبق,149 ملم زئبقي,150 ملم زئبق,149 ملم زئبقي,0.8606250286102295,0.8606250286102295,0.8606250286102295,Correct
4148,أين يحدث الامتصاص بشكل أساسي؟,ANSWER: الأمعاء الدقيقة,الامعاء الدقيقة,الأمعاء الدقيقة,الامعاء الدقيقة,1.0,1.0,1.0,Correct
4149,ما هو الهرمون الذي يتم إفرازه نتيجة الشدة (الكروب)؟,ANSWER: الكورتيزول,الكورتيزول,الكورتيزول,الكورتيزول,1.0,1.0,1.0,Correct
4152,ما هي آلية تحرر شوارد الكالسيوم من الشبكة الهيولية في العضلات الهيكلية؟,ANSWER: اقتران ميكانيكي بين DHPR وRyR1,الانتشار,اقتران ميكانيكي بين DHPR وRyR1,الانتشار,0.33279043436050415,0.3893052339553833,0.35883626341819763,Incorrect
4157,ماذا يسبب التنبيه اللاودي على القلب؟,ANSWER: بطء القلب,تباطؤ ضربات القلب.,بطء القلب,تباطؤ ضربات القلب.,0.6621489524841309,0.5519028306007385,0.6020203232765198,Correct
4159,ما هو المسؤول عن زوال الاستقطاب؟,ANSWER: دخول أيونات الصوديوم,دخول شوارد الصوديوم,دخول أيونات الصوديوم,دخول شوارد الصوديوم,0.8165320158004761,0.8243858814239502,0.8204401731491089,Correct
4164,ما هو الرقم الهيدروجيني الطبيعي للبول؟,ANSWER: ٦٫٠,بين 4.7 و 8,٦٫٠,بين 4.7 و 8,0.6279400587081909,0.5406045913696289,0.5810086727142334,Incorrect
4172,ماذا يحدث عند وصول كمية كبيرة من NaCl إلى اللطخة الكثيفة؟,ANSWER: تضيق الشريان الوارد,تقبيض الشرين الوارد,تضيق الشريان الوارد,تقبيض الشرين الوارد,0.6385283470153809,0.600751519203186,0.6190641522407532,Correct
4175,ما هي كمية الدم التي تمر في نقطة معينة من الدوران خلال فترة محددة من الزمن؟,ANSWER: التدفق الدموي,تدفق الدم,التدفق الدموي,تدفق الدم,0.8734567165374756,0.8734567165374756,0.8734567165374756,Correct
4179,ما هو الانزيم المعوي الذي يقوم بهضم الدسم في الأمعاء؟,ANSWER: الليباز البنكرياسي,الليباز,الليباز البنكرياسي,الليباز,0.6405048370361328,0.7589544057846069,0.6947168707847595,Correct
4193,ماذا يسبب نقص فيتامين B12 وحمض الفوليك؟,ANSWER: فقر الدم ضخم الأرومات,فقر دم زائد الصباغ زائد الحجم,فقر الدم ضخم الأرومات,فقر دم زائد الصباغ زائد الحجم,0.6756227612495422,0.6244032979011536,0.6490040421485901,Correct
4195,ما هي وظيفة الصمامات القلبية؟,ANSWER: منع رجوع الدم,توجيه مجرى الدم باتجاه واحد,منع رجوع الدم,توجيه مجرى الدم باتجاه واحد,0.6655236482620239,0.5846893787384033,0.6224932670593262,Correct
4196,ما هو المستوى الذي يعد عليه تنظيم الضغط الشرياني؟,ANSWER: مستوى المستقبلات الضاغطة,الأجهزه,مستوى المستقبلات الضاغطة,الأجهزه,0.575657844543457,0.5200052857398987,0.5464182496070862,Incorrect
4202,ما هو نوع العضلات الذي يمتاز بخاصية الارتخاء بعد الكرب؟,ANSWER: العضلات الملساء,العضلات وحيدة الوحدة الحشوية,العضلات الملساء,العضلات وحيدة الوحدة الحشوية,0.6272217035293579,0.6092767119407654,0.6181190013885498,Incorrect
4209,ما هو أسرع أجزاء الجهاز الناقل في القلب في توصيل السيالة؟,ANSWER: ألياف بوركنجي,ألياف بوركنج.,ألياف بوركنجي,ألياف بوركنج.,0.8075973987579346,0.7348925471305847,0.7695314884185791,Correct
4219,ما هو اسم الأسناخ التي يصلها دم ولا يصلها هواء؟,ANSWER: التحويلة الرئوية,التحويلة الفيزيولوجية,التحويلة الرئوية,التحويلة الفيزيولوجية,0.7752106189727783,0.7379192113876343,0.7561054229736328,Correct
4221,ما هي الطريقة التي يمكن بها تحرير النص الفعال حيوياً بتقنية الأسر الصوتي؟,ANSWER: الموجات فوق الصوتية,تفعيله بالامتصاص مستدعي الفوتونه,الموجات فوق الصوتية,تفعيله بالامتصاص مستدعي الفوتونه,0.5121347308158875,0.49275821447372437,0.5022596716880798,Incorrect
4222,ما هي الشاردة ذات التركيز الأكبر داخل العصبون؟,ANSWER: البوتاسيوم,البوتاسيوم,البوتاسيوم,البوتاسيوم,1.0,1.0,1.0,Correct
4223,ما هو العظم الذي يتمفصل معه الغضروف الطرجهالي؟,ANSWER: عظم القصبة,الغضروف الحلقي,عظم القصبة,الغضروف الحلقي,0.7467998266220093,0.7543460130691528,0.7505539655685425,Incorrect
4226,ماذا يحدث في طور الانقباض الأذيني؟,ANSWER: امتلاء البطينين بالدم,الصمامات الأذينية البطينية مفتوحة و السينية مغلقة,امتلاء البطينين بالدم,الصمامات الأذينية البطينية مفتوحة و السينية مغلقة,0.545307993888855,0.5640937685966492,0.5545418858528137,Incorrect
4231,ما هو الحجم الرئوي الذي يزداد مع التقدم بالعمر؟,ANSWER: الحجم المتبقي,الحجم المتبقي.,الحجم المتبقي,الحجم المتبقي.,0.8435968160629272,0.7490599751472473,0.7935225963592529,Correct
4237,ما الذي يحرض إفراز عصارة غنية بالإنزيمات الهاضمة من البنكرياس؟,ANSWER: الكوليسيستوكينين,CCK,الكوليسيستوكينين,CCK,0.45349013805389404,0.5250445604324341,0.48665115237236023,Correct
4243,ما الذي يتمثل به زوال استقطاب البطينات على مخطط القلب؟,ANSWER: مركب كيو آر إس,الموجة QRS.,مركب كيو آر إس,الموجة QRS.,0.6294983625411987,0.6262876987457275,0.6278889179229736,Correct
4245,ما هو العامل المحرض على زيادة إفراز الألدوستيرون؟,ANSWER: الأنجيوتنسين الثاني,زيادة تركيز البوتاسيوم في السائل خارج الخلوي,الأنجيوتنسين الثاني,زيادة تركيز البوتاسيوم في السائل خارج الخلوي,0.6359049677848816,0.5613282918930054,0.5962939262390137,Incorrect
4246,ما هي الطريقة المستخدمة لحل الخثرة إذا تشكلت في أوعية القلب والرئتين؟,ANSWER: التحلل الخثري,البلازمين,التحلل الخثري,البلازمين,0.5112013816833496,0.5812225341796875,0.5439679026603699,Incorrect
4247,ما الذي تسمح به خاصية الارتخاء بعد الكرب للأعضاء الجوفاء التي تحوي عضلات ملساء؟,ANSWER: التوسع دون زيادة الضغط الداخلي,المحافظة على مقدار الضغط نفسه على الرغم من تغير الحجم ضمن حدود معينة,التوسع دون زيادة الضغط الداخلي,المحافظة على مقدار الضغط نفسه على الرغم من تغير الحجم ضمن حدود معينة,0.530015230178833,0.5405504107475281,0.5352309346199036,Correct
4249,ما هو معدل التهوية السنخية؟,ANSWER: ‏(VT−VD)×معدل التنفس,كمية الهواء الذي يصل للمناطق التنفسية مضروب,‏(VT−VD)×معدل التنفس,كمية الهواء الذي يصل للمناطق التنفسية مضروب,0.2801109552383423,0.3697190284729004,0.3187367618083954,Correct
4255,متى يتوقف التقلص العضلي؟,ANSWER: عند زوال التنبيه العصبي,ارتباط الكالسيوم بالتربونين,عند زوال التنبيه العصبي,ارتباط الكالسيوم بالتربونين,0.5301812887191772,0.6058483123779297,0.5654948353767395,Incorrect
4258,ما هي عصبونات المرتبة الثانية في المسلك الظهري؟,ANSWER: نواة الرشيق ونواة الإسفيني,النواتين الناحلة واإلسفينية,نواة الرشيق ونواة الإسفيني,النواتين الناحلة واإلسفينية,0.6003968715667725,0.5943645238876343,0.5973654389381409,Correct
4265,ما هو القشراني المعدني الرئيسي؟,ANSWER: الألدوستيرون,الالدوسترون (معدني),الألدوستيرون,الالدوسترون (معدني),0.8662053942680359,0.669529139995575,0.7552734017372131,Correct
4266,ما هي أقل أنسجة الجسم البشري احتواءً على الماء؟,ANSWER: مينا الأسنان,الدهنى,مينا الأسنان,الدهنى,0.4377334713935852,0.43424874544143677,0.43598416447639465,Incorrect
4270,ما هو طليعة الانزيم الذي يتحول إلى شكله الفعال تحت تأثير الخنثرين؟,ANSWER: تربسينوجين,العامل الحادي عشر,تربسينوجين,العامل الحادي عشر,0.4914371967315674,0.4942147731781006,0.4928220510482788,Incorrect
4277,ما هي الآلية التي يستطيع من خلالها الجهاز التنفسي تأمين كميات كبيرة من الأكسجين أثناء التمارين المجهدة؟,ANSWER: زيادة التهوية الرئوية,يحصل كامل التبادل الغازي للأكسجين خلال قطع الدم ثلث المسافة عبر الوعاء الشعري.,زيادة التهوية الرئوية,يحصل كامل التبادل الغازي للأكسجين خلال قطع الدم ثلث المسافة عبر الوعاء الشعري.,0.45476216077804565,0.4119824767112732,0.4323166012763977,Incorrect
4278,ما الذي يحول الببسين إلى مولد ببسين؟,ANSWER: حمض الهيدروكلوريك,حمض كلور الماء,حمض الهيدروكلوريك,حمض كلور الماء,0.8022857308387756,0.7363559007644653,0.7679082751274109,Correct
4280,ما هي الوظائف التي يتآزر فيها الجهازان الودي واللاودي؟,ANSWER: اللعاب والهضم والتبول والتغوط والانتصاب,تنظيم افراز اللعاب,اللعاب والهضم والتبول والتغوط والانتصاب,تنظيم افراز اللعاب,0.5494120121002197,0.5999997854232788,0.5735926628112793,Incorrect
4281,من أين يتم إفراز الإريثروبويتين؟,ANSWER: الكلية,الكلية,الكلية,الكلية,0.9999995231628418,0.9999995231628418,0.9999995231628418,Correct
4282,ما الجزء من الأجسام الضدية من IgG التي يتم قطعها وأخذها في المراكز الحديثة؟,ANSWER: قطعة Fc,الجزء المفرط التغير,قطعة Fc,الجزء المفرط التغير,0.4073912799358368,0.40191060304641724,0.4046323895454407,Incorrect
4284,ما الذي يؤدي إلى نقصان حجم الدفقة بزيادته؟,ANSWER: تسرع القلب الشديد,معدل دقات القلب.,تسرع القلب الشديد,معدل دقات القلب.,0.6118940114974976,0.5882428884506226,0.5998353958129883,Correct
4285,ما تدعى الترنجات العشوائية لشدة الإشعاع المترابط المنتشرة انتشاراً متعدداً؟,ANSWER: التبقع الضوئي,البقع,التبقع الضوئي,البقع,0.5518603324890137,0.724012017250061,0.6263220906257629,Correct
4286,ما هو المسؤول عن إعادة الاستقطاب؟,ANSWER: قنوات البوتاسيوم,دخول شوارد الصوديوم,قنوات البوتاسيوم,دخول شوارد الصوديوم,0.6926538944244385,0.6117041110992432,0.6496670842170715,Incorrect
4287,ما هي المادة التي تشتق منها الهرمونات الأمينية؟,ANSWER: الحمض الأميني تيروزين,التيروزين,الحمض الأميني تيروزين,التيروزين,0.6409170627593994,0.5882536172866821,0.613457202911377,Correct
4296,كيف يؤدي التأثير الحاصر غير المباشر تأثيره على الجهاز العصبي المستقل؟,ANSWER: إعاقة النقل العصبي العقدي عبر حصر التروية الدموية للليف العصبي,إنقاص فعالية العصبون قبل المشبكي,إعاقة النقل العصبي العقدي عبر حصر التروية الدموية للليف العصبي,إنقاص فعالية العصبون قبل المشبكي,0.5898284912109375,0.5415647029876709,0.5646671652793884,Incorrect
4297,ما هو الطريق الهندسي الذي يمكن للضوء أن يقطعه في الخلاء مضروبا بقرينة انكسار الوسط؟,ANSWER: المسير البصري,المسار الضوئي,المسير البصري,المسار الضوئي,0.7167512774467468,0.6835451722145081,0.699754536151886,Correct
4298,ما هي الألياف العصبية التي تتميز بالنقل القفزي؟,ANSWER: ألياف عصبية مغمدة بالنخاعين,الألياف المغمدة بالنخاعين,ألياف عصبية مغمدة بالنخاعين,الألياف المغمدة بالنخاعين,0.7873362302780151,0.8140425086021423,0.8004667162895203,Correct
4299,ما هو الكمون تقريباً عندما يتكون الليف نفوذ لشوارد البوتاسيوم فقط؟,ANSWER: −90 ميليفولت,سالب 94 ميلي فولط,−90 ميليفولت,سالب 94 ميلي فولط,0.6702282428741455,0.6101045608520508,0.6387547254562378,Incorrect
4302,ماذا ينقص في حال نقص المتناول من الماء؟,ANSWER: الحجم داخل الأوعية,حجم البول,الحجم داخل الأوعية,حجم البول,0.5665329098701477,0.6742674112319946,0.6157230138778687,Incorrect
4307,ما هو الجزء الذي يملك فعالية ATPase؟,ANSWER: رؤوس الميوزين,رأس الميوزين,رؤوس الميوزين,رأس الميوزين,0.8722880482673645,0.9113031625747681,0.8913688063621521,Correct
4308,أين يوجد مركز العطش؟,ANSWER: الوطاء الأمامي الجانبي,الوطاء,الوطاء الأمامي الجانبي,الوطاء,0.5212762355804443,0.6734960079193115,0.5876893401145935,Correct
4310,أين يحدث الامتصاص بشكل رئيسي؟,ANSWER: الأمعاء الدقيقة,أمعاء دقيقة,الأمعاء الدقيقة,أمعاء دقيقة,0.8942384719848633,0.8942384719848633,0.8942384719848633,Correct
4311,ما هو الناقل العصبي الذي تحرره الألياف قبل العقدية في القسمين الودي ونظير الودي؟,ANSWER: أستيل كولين,الأستيل كولين,أستيل كولين,الأستيل كولين,0.9113500118255615,0.9113500118255615,0.9113500118255615,Correct
4315,ما هو الصوت الذي يسمع عند بدء الانبساط البطيني؟,ANSWER: الصوت القلبي الثاني,الثاني,الصوت القلبي الثاني,الثاني,0.46565723419189453,0.7453851699829102,0.5732152462005615,Correct
4317,ما الذي يُنقص الإفراز المعدي؟,ANSWER: السوماتوستاتين,السكرتين,السوماتوستاتين,السكرتين,0.6141447424888611,0.7143799066543579,0.6604810357093811,Incorrect
4321,كيف يتم إلغاء التأثير التثبيطي للتروبونين؟,ANSWER: ارتباط الكالسيوم بالتروبونين C,الكالسيوم,ارتباط الكالسيوم بالتروبونين C,الكالسيوم,0.5096079707145691,0.5718364715576172,0.5389317870140076,Correct
4322,ما هي الوظائف التي يتآزر فيها القسمين الودّي ونظير الودّي للجهاز العصبي المستقل؟,ANSWER: إفرازات الغدد اللعابية,تنظيم إفراز اللعاب,إفرازات الغدد اللعابية,تنظيم إفراز اللعاب,0.7199660539627075,0.6273307204246521,0.6704638004302979,Correct
4332,ماذا يؤدي نقص تركيز الأوكسجين في الأسناخ؟,ANSWER: تقبض الأوعية الرئوية,تقبض الأوعية الدموية لهذه الأسناخ.,تقبض الأوعية الرئوية,تقبض الأوعية الدموية لهذه الأسناخ.,0.6872103810310364,0.5897152423858643,0.6347408890724182,Correct
4335,ما هي الظاهرة التي تحدث عندما تتجمع المراكز المثارة ويستطيع الإشعاع أن ينتشر مرات كثيرة؟,ANSWER: تسهيل الإجابة,الانتثار المتعدد,تسهيل الإجابة,الانتثار المتعدد,0.4877704083919525,0.4984705448150635,0.49306240677833557,Incorrect
4341,ما هو المسؤول عن تحفيز تحرر الكالسيوم من الشبكة الهيولية؟,ANSWER: الإينوزيتول ثلاثي الفوسفات (IP3),كامن الفعل,الإينوزيتول ثلاثي الفوسفات (IP3),كامن الفعل,0.44878214597702026,0.47016197443008423,0.45922333002090454,Incorrect
4343,ما هي آلية عمل الحاصرات الغير مباشرة في الجهاز العصبي المستقل؟,ANSWER: منع إعادة قبط النواقل العصبية,تنقص فعالية العصبون قبل المشبكي,منع إعادة قبط النواقل العصبية,تنقص فعالية العصبون قبل المشبكي,0.5940496921539307,0.5475149154663086,0.5698338150978088,Incorrect
4349,ما هو نمط المستقبلات الموجودة في العضو؟,ANSWER: مستقبلات مقترنة ببروتين G,إرخاء مصرة المثانة,مستقبلات مقترنة ببروتين G,إرخاء مصرة المثانة,0.5938616991043091,0.44438785314559937,0.5083651542663574,Incorrect
4352,ما الذي يؤدي إلى انخفاض ضغط الدم عند زيادته؟,ANSWER: زيادة العود الوريدي,قطر الاوعية الدموية,زيادة العود الوريدي,قطر الاوعية الدموية,0.5816154479980469,0.5698733329772949,0.5756844878196716,Incorrect
4353,ما هي الحالات التي تنقص فيها سرعة موجة النبض؟,ANSWER: قصور الدرقية,بازدياد المرونة.,قصور الدرقية,بازدياد المرونة.,0.6643586754798889,0.4381425678730011,0.5280426144599915,Incorrect
4356,ما هي الخلايا التي تستجيب للعصبونات بعد العقد اللاودية؟,ANSWER: الخلايا المُؤثِّرة (العضلات الملساء والغدد),الأستيل كولين,الخلايا المُؤثِّرة (العضلات الملساء والغدد),الأستيل كولين,0.3908231556415558,0.44246259331703186,0.41504278779029846,Incorrect
4360,ما هو الجزء من النفرون الكتيم تماماً للماء؟,ANSWER: الجزء الصاعد السميك من عروة هنلي,الجزء الصاعد من عروة هانله,الجزء الصاعد السميك من عروة هنلي,الجزء الصاعد من عروة هانله,0.7900521755218506,0.866366446018219,0.8264513611793518,Correct
4361,أين يتم تخرب الكريات الحمر بشكل رئيسي؟,ANSWER: الطحال,الطحال,الطحال,الطحال,0.9999995231628418,0.9999995231628418,0.9999995231628418,Correct
4367,ما هو العامل الأساسي الذي يحدد ارتباط الخضاب بالأوكسجين؟,ANSWER: الضغط الجزئي للأكسجين,ضغط الأوكسجين في الدم.,الضغط الجزئي للأكسجين,ضغط الأوكسجين في الدم.,0.6852595806121826,0.5596951246261597,0.6161452531814575,Correct
4369,ما هو العامل الذي تفرزه الكلية ويؤثر في تشكيل الكريات الحمر؟,ANSWER: الإريثروبويتين,التروميو موديولين,الإريثروبويتين,التروميو موديولين,0.6864448189735413,0.7477726936340332,0.7157976031303406,Incorrect
4371,إلام يؤدي زيحان منحنى تفارق الأكسجين الخضاب نحو اليمين؟,ANSWER: زيادة تحرر الأكسجين للأنسجة,نقص النسبة المئوية لإشباع الخضاب بالأكسجين,زيادة تحرر الأكسجين للأنسجة,نقص النسبة المئوية لإشباع الخضاب بالأكسجين,0.6643306016921997,0.6754475831985474,0.6698429584503174,Correct
4373,ما الذي يشكل غمد النخاعين في الجهاز العصبي المركزي؟,ANSWER: الخلايا الدبقية قليلة التغصن,الخلايا الدبقية قليلة التغصنات,الخلايا الدبقية قليلة التغصن,الخلايا الدبقية قليلة التغصنات,0.9216596484184265,0.9310357570648193,0.9263239502906799,Correct
4378,ما الذي يثبط إفراز الـ FSH؟,ANSWER: الإنهيبين,البروجسترون,الإنهيبين,البروجسترون,0.5203931331634521,0.6064413785934448,0.560131847858429,Incorrect
4385,ماذا تمثل الموجة QRS؟,ANSWER: إزالة استقطاب البطينين,زوال استقطاب البطينين,إزالة استقطاب البطينين,زوال استقطاب البطينين,0.8512698411941528,0.89103102684021,0.8706967234611511,Correct
4402,ما الذي يعتمد عليه هرمون النمو في تأثيره على الخلية الهدف؟,ANSWER: مستقبلات غشائية نوعية,السوماتوميدين,مستقبلات غشائية نوعية,السوماتوميدين,0.4597227871417999,0.6094863414764404,0.5241159200668335,Incorrect
4405,ما الذي يضمن سرعة توصيل كامن الفعل إلى جميع أنحاء الليف العضلي؟,ANSWER: النبيبات المستعرضة (تي تيوبول),انابيب المستعرضة,النبيبات المستعرضة (تي تيوبول),انابيب المستعرضة,0.5244202017784119,0.7396687865257263,0.6137182712554932,Correct
4406,ما الذي يسمع بوضوح في الحالة الطبيعية للإنسان؟,ANSWER: الصوت القلبي الثاني,الصوتان الأول و الثاني,الصوت القلبي الثاني,الصوتان الأول و الثاني,0.645635187625885,0.6499772071838379,0.6477989554405212,Incorrect
4410,ماذا يحدث لمعدل الترشيح الكبيبي عندما يصبح ضغط الدم 100 ممز؟,ANSWER: يزداد معدل الترشيح الكبيبي,يبقي ثابتا,يزداد معدل الترشيح الكبيبي,يبقي ثابتا,0.49199992418289185,0.5672410130500793,0.5269481539726257,Incorrect
4414,ما هو المستوى الذي يعد عليه تنظيم الضغط الشرياني؟,ANSWER: مركز قلبي وعائي بصلي,الأجهزة,مركز قلبي وعائي بصلي,الأجهزة,0.4414544105529785,0.5107846260070801,0.47359564900398254,Incorrect
4424,ما الذي يثبط فعالية جهاز الهضم؟,ANSWER: الجهاز العصبي الودي,التنبيه اللاودي.,الجهاز العصبي الودي,التنبيه اللاودي.,0.5627949237823486,0.5233160257339478,0.542337954044342,Incorrect
4437,ما هي الأسباب التي تُعزى إليها ظاهرة الانتشار الخلفي المترابط؟,ANSWER: ترابط السائل الزليلي مع زيادة الضغط داخل المفصل,تموضع ضعيف,ترابط السائل الزليلي مع زيادة الضغط داخل المفصل,تموضع ضعيف,0.4018557369709015,0.4854409992694855,0.43971142172813416,Incorrect
4441,ما الذي يحدث مباشرة قبل صوت القلب الثاني؟,ANSWER: إغلاق الصمام الأبهري والرئوي,الموجة T.,إغلاق الصمام الأبهري والرئوي,الموجة T.,0.43538665771484375,0.41056084632873535,0.42260947823524475,Incorrect
4444,ما هو الأنزيم المعوي الذي يحول مولد التربسين إلى تربسين؟,ANSWER: الإنتيروببتيداز,الإنتيروكيناز,الإنتيروببتيداز,الإنتيروكيناز,0.7766180038452148,0.7728356122970581,0.774722158908844,Correct
4448,ما هي أهمية التأخير الذي يحدث أثناء مرور كامن الفعل في العقدة الأذينية البطينية؟,ANSWER: إتاحة امتلاء البطينين قبل الانقباض,كل ما سبق صحيح.,إتاحة امتلاء البطينين قبل الانقباض,كل ما سبق صحيح.,0.3707430362701416,0.3402740955352783,0.3548557162284851,Incorrect
4449,ما هو سبب ظهور طور الهضبة في كامن فعل العضلة القلبية؟,ANSWER: دخول الكالسيوم عبر قنوات بطيئة (L-type),دخول شوارد الكالسيوم.,دخول الكالسيوم عبر قنوات بطيئة (L-type),دخول شوارد الكالسيوم.,0.4503965377807617,0.6595509052276611,0.5352675914764404,Correct
4452,ما الأقنية التي يسبب انتفاحها بطور الهضبة في كمون عمل الليف العضلي القلبي؟,ANSWER: قنوات الكالسيوم البطيئة (L-type),الكالسيوم,قنوات الكالسيوم البطيئة (L-type),الكالسيوم,0.3130721151828766,0.5838731527328491,0.4075932502746582,Correct
4471,ما هو المخطط الذي عبارة عن صندوق ذو قرنين ممتدين بشكل موازي للمحور الشاقولي الذي تتوزع عليه القياسات؟,ANSWER: مخطط الصندوق والشعيرات,المخطط الصندوقي,مخطط الصندوق والشعيرات,المخطط الصندوقي,0.6743597388267517,0.725121796131134,0.698820173740387,Correct
4474,ما هو المقياس الذي يسمح بترتيب السمات دون اعتبار لتساوي الفروق بين أي رتبتين؟,ANSWER: المقياس الترتيبي,الرتبي,المقياس الترتيبي,الرتبي,0.6226360201835632,0.6429471969604492,0.6326285600662231,Correct
4475,ماذا يعني أن تكون قيمة معامل الارتباط تساوي −0.92؟,ANSWER: ارتباط عكسي قوي جدًا,وجود علاقة عكسية قوية,ارتباط عكسي قوي جدًا,وجود علاقة عكسية قوية,0.7987279891967773,0.7462760210037231,0.7716116309165955,Correct
4477,ما هي مصادر البيانات السكانية؟,ANSWER: التعداد السكاني والسجلات الحيوية والمسوح بالعينة,التعداد ومسوح العينة والسجلات السكانية,التعداد السكاني والسجلات الحيوية والمسوح بالعينة,التعداد ومسوح العينة والسجلات السكانية,0.7823301553726196,0.8317475914955139,0.8062823414802551,Correct
4478,ماذا نحصل عليه بعد تحديد مجتمع الدراسة والعينة وقياس قيم المتغير على أفراد العينة؟,ANSWER: البيانات الخام,البيانات الخام,البيانات الخام,البيانات الخام,0.9999998807907104,0.9999998807907104,0.9999998807907104,Correct
4480,ما هو نوع المتغير الذي يمثله عدد الكريات الحمر؟,ANSWER: متغير كمي متقطع,عشوائي منفصل,متغير كمي متقطع,عشوائي منفصل,0.6402186751365662,0.6402186751365662,0.6402186751365662,Correct
4481,ما هو المقياس الذي تكون فيه قيمة الصفر نسبية وليست مطلقة؟,ANSWER: المقياس الفئوي,المقياس الفتروي,المقياس الفئوي,المقياس الفتروي,0.7887879610061646,0.7887879610061646,0.7887879014015198,Incorrect
4482,ما هو مخطط تنظيم البيانات الذي يشبه أسلوب الجداول التكرارية والأعمدة؟,ANSWER: النموذج العلائقي,مخطط الساق والورقة,النموذج العلائقي,مخطط الساق والورقة,0.6060744524002075,0.5932566523551941,0.5995970368385315,Incorrect
4484,ما هو التوقع الرياضي للعدد الثابت؟,ANSWER: العدد الثابت,العدد الثابت ذاته,العدد الثابت,العدد الثابت ذاته,0.7989088296890259,0.7237488031387329,0.7594738006591797,Correct
4491,ما هو التوزيع المستخدم من أجل اختبار الفروض حول معامل الارتباط الخطي؟,ANSWER: توزيع ستودنت (t),ستيودنت بدرجة حرية n-2,توزيع ستودنت (t),ستيودنت بدرجة حرية n-2,0.5966293811798096,0.5696702003479004,0.582838237285614,Correct
4494,ما هو الإحصاء الذي يسعى لعرض وتوضيح سلوك الظاهرة؟,ANSWER: الإحصاء الوصفي,إحصاء وصفي,الإحصاء الوصفي,إحصاء وصفي,0.8378583788871765,0.8378583788871765,0.8378583192825317,Correct
4495,ما هو الغرض الرئيسي من حساب معامل الارتباط الخطي؟,ANSWER: قياس قوة واتجاه العلاقة الخطية,قياس قوة العلاقة الخطية بين متغيرين,قياس قوة واتجاه العلاقة الخطية,قياس قوة العلاقة الخطية بين متغيرين,0.8283607959747314,0.8193451166152954,0.8238282799720764,Correct
4497,ما هو الخط المنكسر الذي يصل النقاط التي فواصلها مراكز الفئات وترتيبها تكرارات الفئات؟,ANSWER: المضلع التكراري,المضلع التكراري,المضلع التكراري,المضلع التكراري,0.9999999403953552,0.9999999403953552,0.9999999403953552,Correct
4498,من أين نحصل على المصادر الداخلية لجمع البيانات؟,ANSWER: السجلات الداخلية للمنظمة,داخل الشركة أو المؤسسة,السجلات الداخلية للمنظمة,داخل الشركة أو المؤسسة,0.6312889456748962,0.6271001100540161,0.6291875839233398,Correct
4502,ما هو الإحصاء؟,ANSWER: علم جمع وتحليل البيانات,أي دالة في العينة لا تتبع وسيط مجهول,علم جمع وتحليل البيانات,أي دالة في العينة لا تتبع وسيط مجهول,0.47784316539764404,0.49940305948257446,0.48838528990745544,Incorrect
4505,ماذا يحتسب اليوم إذا قُبل المريض في يوم وتخرج في نفس اليوم؟,ANSWER: يوم واحد,مدة استشفاء,يوم واحد,مدة استشفاء,0.5371996164321899,0.4951513409614563,0.5153191089630127,Incorrect
4508,ما هي طريقة جمع البيانات التي تتناسب مع الأطفال؟,ANSWER: المقابلة الشخصية,الملاحظة,المقابلة الشخصية,الملاحظة,0.43918076157569885,0.4888429641723633,0.4626830816268921,Incorrect
4522,ما هي الدراسات التي بحكم الميدان تنفيذ العمل وجمع البيانات؟,ANSWER: الدراسات الميدانية,الدراسات الكيفية,الدراسات الميدانية,الدراسات الكيفية,0.8032938241958618,0.8032938241958618,0.8032938241958618,Incorrect
4527,ما هو الغرض من استخدام الجداول التكرارية؟,ANSWER: تلخيص توزيع التكرارات,البيانات الوصفية والكمية,تلخيص توزيع التكرارات,البيانات الوصفية والكمية,0.6436414122581482,0.6167793273925781,0.6299241185188293,Incorrect
4528,ما هما نوعا البيانات الموجودان؟,ANSWER: نوعية وكمية,كمية ووصفية,نوعية وكمية,كمية ووصفية,0.6146126985549927,0.5929011106491089,0.6035616993904114,Correct
4531,ما الذي تعطينا إياه دالة التوزيع الاحتمالي المتجمع؟,ANSWER: احتمال أن المتغير ≤ قيمة معينة,احتمال ان ياخد المتغير العشوائى x قيمه اقل او تساوى قيمه محددة,احتمال أن المتغير ≤ قيمة معينة,احتمال ان ياخد المتغير العشوائى x قيمه اقل او تساوى قيمه محددة,0.8013087511062622,0.6659088134765625,0.7273611426353455,Correct
4541,كل متى يتكرر التعداد السكاني عادة؟,ANSWER: كل عشر سنوات,عشرة أعوام,كل عشر سنوات,عشرة أعوام,0.6180564761161804,0.6412160396575928,0.6294232606887817,Correct
4546,ما هو الفارق في عدد السكان بين تعدادين متعاقبين تفصلهما فترة معينة كعشر سنوات؟,ANSWER: الزيادة السكانية بين تعدادين,التغير المطلق,الزيادة السكانية بين تعدادين,التغير المطلق,0.4508894085884094,0.5329923629760742,0.4885152280330658,Correct
4551,ما هو المسجل الذي يهدف إلى تجميع المعلومات عن المرضى؟,ANSWER: السجل الطبي,السجلات الطبية,السجل الطبي,السجلات الطبية,0.8305246829986572,0.7532954216003418,0.7900271415710449,Correct
4563,ما هي من أقدم الطرق المستخدمة لجمع البيانات لمراقبة الكثير من الظواهر لا سيما التي يصعب السؤال عنها؟,ANSWER: الملاحظة,الملاحظة أو المشاهدة,الملاحظة,الملاحظة أو المشاهدة,0.8197513222694397,0.6629840135574341,0.7330802083015442,Correct
4564,ما هو المقياس المستخدم لوصف حالة التدخين (مدخن - غير مدخن)؟,ANSWER: سنوات العلبة,الاسمي,سنوات العلبة,الاسمي,0.6135949492454529,0.6537389755249023,0.6330311298370361,Incorrect
4566,ما هي الطريقة التي يتم بها الحصول على بيانات تتعلق بضغط الدم وسرعة نبضات القلب ونسبة الكوليسترول في الدم لعينة من المرضى خلال فترة أسبوع؟,ANSWER: الدراسة المقطعية,التسجيل,الدراسة المقطعية,التسجيل,0.44770190119743347,0.5200387835502625,0.4811668395996094,Incorrect
4567,ما هي وظائف السجلات الطبية؟,ANSWER: توثيق الرعاية والتواصل القانوني والإحصاء والبحث والتعليم والفوترة,ترميز الامراض والعمليات .,توثيق الرعاية والتواصل القانوني والإحصاء والبحث والتعليم والفوترة,ترميز الامراض والعمليات .,0.5238742828369141,0.5498523116111755,0.5365490317344666,Incorrect
4568,ما هو المقياس الذي يمكن استخدام الطرق الإحصائية الوسيطية فيه؟,ANSWER: المقياس الرتبي,النسبي,المقياس الرتبي,النسبي,0.507979154586792,0.5810309052467346,0.5420548915863037,Incorrect
4572,ما هو التوزيع الذي يتبعه مربع المتغير العشوائي Z² إذا كان للمتغير العشوائي Z توزيع طبيعي معياري؟,ANSWER: كاي-تربيع بدرجة حرية واحدة,توزيع كاي مربع بدرجة حرية واحدة,كاي-تربيع بدرجة حرية واحدة,توزيع كاي مربع بدرجة حرية واحدة,0.7036179304122925,0.7548926472663879,0.7283539772033691,Correct
4574,ما هي المنظمة التي وضعت التصنيف الدولي للأمراض؟,ANSWER: منظمة الصحة العالمية,منظمة الصحة العالمية .,منظمة الصحة العالمية,منظمة الصحة العالمية .,0.9338089227676392,0.802870512008667,0.8634036183357239,Correct
4580,ما هي الجهة المسؤولة عن السجلات الطبية؟,ANSWER: قسم السجلات الطبية,قسم السجلات الطبية في المشفى,قسم السجلات الطبية,قسم السجلات الطبية في المشفى,0.8545861840248108,0.7658147811889648,0.8077688813209534,Correct
4586,ما هو التوقع الرياضي لمتحول عشوائي يخضع لتوزيع برنولي؟,ANSWER: p,P,p,P,0.9492715001106262,0.9492715001106262,0.9492715001106262,Correct
4588,ما هو التصنيف الدولي للأمراض؟,ANSWER: التصنيف الدولي للأمراض (ICD),ثلاثة أجزاء .,التصنيف الدولي للأمراض (ICD),ثلاثة أجزاء .,0.3601505756378174,0.3988485336303711,0.37851303815841675,Incorrect
4589,ما هو المستقيم الذي يكون منحنى التوزيع الطبيعي المعياري مناظراً حوله؟,ANSWER: المستقيم س=0,x=0,المستقيم س=0,x=0,0.6652204394340515,0.7351346611976624,0.6984322667121887,Correct
4594,ما هي أيام الخدمة الإجمالية للمرضى الداخليين؟,ANSWER: أيام المريض الإجمالية,مجموع خدمة جميع المرضى الداخليين خلال مدة معينة,أيام المريض الإجمالية,مجموع خدمة جميع المرضى الداخليين خلال مدة معينة,0.4854927062988281,0.4596194624900818,0.4722019135951996,Incorrect
4595,ما هي قيمة معامل التجديد؟,ANSWER: 1%,مربع معامل الارتباط الخطي,1%,مربع معامل الارتباط الخطي,0.5153120160102844,0.44842419028282166,0.4795469343662262,Incorrect
4596,ما هي وحدة المعاينة؟,ANSWER: وحدة الطول (AU),عنصر من العينة,وحدة الطول (AU),عنصر من العينة,0.46601417660713196,0.49325233697891235,0.4792465269565582,Incorrect
4597,ما هو الجدول التكراري الذي يضم عدد البيانات في فئة معينة وكل الفئات التي تسبقها؟,ANSWER: الجدول التكراري التراكمي,تكرار المجتمع الصاعد,الجدول التكراري التراكمي,تكرار المجتمع الصاعد,0.5389388203620911,0.550544798374176,0.5446799993515015,Correct
4598,ما هو معدل الوفيات في المشفى؟,ANSWER: معدل الوفيات داخل المستشفى,عدد الوفيات خلال فترة زمنية محددة على عدد المتخرجين والوفيات في نفس الفترة مضروب بـ 100,معدل الوفيات داخل المستشفى,عدد الوفيات خلال فترة زمنية محددة على عدد المتخرجين والوفيات في نفس الفترة مضروب بـ 100,0.5974746346473694,0.4982903003692627,0.543393611907959,Incorrect
4601,ما هو متوسط التوزيع الاحتمالي في تجربة رمي قطعة نقود 3 مرات متتالية حيث x تدل على عدد ظهور H؟,ANSWER: ١٫٥,1.5,١٫٥,1.5,0.8580266833305359,0.8580266833305359,0.8580266833305359,Correct
4604,ما هو المجتمع الإحصائي (الجمهرة)؟,ANSWER: مجموعة عناصر الدراسة المحددة بخصائص مشتركة,التي تشترك فيما بينها ببعض الخواص والمميزات,مجموعة عناصر الدراسة المحددة بخصائص مشتركة,التي تشترك فيما بينها ببعض الخواص والمميزات,0.5118274688720703,0.4659939706325531,0.4878365099430084,Correct
4618,ما هو الرسم البياني الذي يتكون من مجموعة من الأعمدة المتجاورة المقامة على المحور الأفقي الذي تمثل عليه حالات الصفة المدروسة عندما تكون البيانات وصفية وفترات الفئات عندما تكون البيانات كمية ويساوي ارتفاع كل عمود تكرارات الفئة المقام عليها؟,ANSWER: المدرج التكراري,المدرج التكراري,المدرج التكراري,المدرج التكراري,0.9999997615814209,0.9999997615814209,0.9999997615814209,Correct
4622,ما هي طريقة جمع البيانات التي من أمثلتها قياس شدة تأثير نوع من الهرمونات في مجموعة من الفئران؟,ANSWER: الطريقة التجريبية,التجربة,الطريقة التجريبية,التجربة,0.737393856048584,0.6709566712379456,0.7026082277297974,Correct
4623,ما نوع المتغير الذي يمثله طول شخص بالغ وقياس السكر في الدم؟,ANSWER: متغير كمي مستمر,عشوائي مستمر,متغير كمي مستمر,عشوائي مستمر,0.5498275756835938,0.5498275756835938,0.5498275756835938,Correct
4628,متى يكون المجتمع غير متجانس في العينة غير العشوائية؟,ANSWER: عند اختلاف الوحدات المنتقاة عن المجتمع الأصلي,الحصصية,عند اختلاف الوحدات المنتقاة عن المجتمع الأصلي,الحصصية,0.35973060131073,0.4186381995677948,0.3869553208351135,Incorrect
4629,ما الذي يعتمد عليه توزيع ستيودنت؟,ANSWER: اختبار كاي تربيع,درجة الحرية,اختبار كاي تربيع,درجة الحرية,0.5332375764846802,0.5523114204406738,0.5426068902015686,Incorrect
4630,ما هي محتويات السجل الطبي؟,ANSWER: بيانات المريض والتاريخ المرضي والفحص السريري والاستقصاءات والتشخيص وخطة العلاج والمتابعة,صفحة الموافقة على العلاج,بيانات المريض والتاريخ المرضي والفحص السريري والاستقصاءات والتشخيص وخطة العلاج والمتابعة,صفحة الموافقة على العلاج,0.4916267991065979,0.5004035830497742,0.49597635865211487,Incorrect
4631,ما هو التصنيف الدولي للأمراض وما الغرض من الرموز والأرقام المستخدمة فيه؟,ANSWER: التصنيف الدولي للأمراض (ICD) وترميز التشخيصات والأسباب المرضية والإحصاء الصحي,عن الامراض .,التصنيف الدولي للأمراض (ICD) وترميز التشخيصات والأسباب المرضية والإحصاء الصحي,عن الامراض .,0.45386847853660583,0.502604603767395,0.47699490189552307,Incorrect
4634,ما نوع العينة التي نسحبها إذا كنا أمام مجتمع غير متجانس؟,ANSWER: عينة طبقية,طبقية,عينة طبقية,طبقية,0.7574042081832886,0.7856079339981079,0.7712482810020447,Correct
4636,ما هو الغرض من استخدام الجداول التكرارية في عرض البيانات؟,ANSWER: تلخيص توزيع التكرارات,الكمية والاسمية,تلخيص توزيع التكرارات,الكمية والاسمية,0.6147125959396362,0.4616990089416504,0.527330219745636,Incorrect
4640,ما هي الطريقة التي يتم بها الحصول على بيانات تتعلق بضغط الدم ونسبة الكوليسترول بالدم لعينة من المرضى خلال فترة زمنية معينة؟,ANSWER: دراسة طولية,الملاحظة أو المشاهدة,دراسة طولية,الملاحظة أو المشاهدة,0.6294753551483154,0.5943418145179749,0.611404299736023,Incorrect
4644,ما هي أعلى مستويات القياس؟,ANSWER: المستوى النسبي (النِسبيّة),المقياس الرتبي,المستوى النسبي (النِسبيّة),المقياس الرتبي,0.572429895401001,0.6587255597114563,0.6125534176826477,Incorrect
4645,ما هو الهدف من تغيير الطرائق في الدراسات بالنسبة للبيانات؟,ANSWER: تقليل انحياز البيانات,أفضل دقة ممكنة,تقليل انحياز البيانات,أفضل دقة ممكنة,0.47175318002700806,0.5537977814674377,0.5094936490058899,Incorrect
4646,ما هي طريقة جمع البيانات التي تمتاز بالتكلفة العالية؟,ANSWER: المقابلة الشخصية,المقابلة الشخصية,المقابلة الشخصية,المقابلة الشخصية,0.9999999403953552,0.9999999403953552,0.9999999403953552,Correct
4647,ما هو الفارق في عدد السكان بين تعدادين متعاقبين تفصلهما فترة معينة كعشر سنوات؟,ANSWER: الزيادة السكانية المطلقة,التغير المطلق,الزيادة السكانية المطلقة,التغير المطلق,0.6043789386749268,0.6578513383865356,0.6299825310707092,Correct
4650,ما هو الجزء من الإحصاء الذي يعنى بوصف طبيعة وسلوك الظاهرة المدروسة وعرضها؟,ANSWER: الإحصاء الوصفي,الإحصاء الوصفي,الإحصاء الوصفي,الإحصاء الوصفي,0.9999998807907104,0.9999998807907104,0.9999998807907104,Correct
4651,ما هي الفئة التي تشكل قاعدة الهرم السكاني؟,ANSWER: فئة الأطفال,الأطفال,فئة الأطفال,الأطفال,0.731438398361206,0.8343769907951355,0.7795239686965942,Correct
4655,ما هي فرضية العدم لاختبار الفرضيات حول معامل الارتباط الخطي لبيرسون؟,ANSWER: معامل الارتباط يساوي صفر,قيمة معامل ارتباط المجتمع تساوي الصفر,معامل الارتباط يساوي صفر,قيمة معامل ارتباط المجتمع تساوي الصفر,0.8475077152252197,0.7865142822265625,0.8158726692199707,Correct
4657,ما هو التكرار المتجمع الهابط لفئة معينة؟,ANSWER: المنحنى التراكمي الهابط للتكرار,عدد البيانات في الفئة والفئات التي تليها,المنحنى التراكمي الهابط للتكرار,عدد البيانات في الفئة والفئات التي تليها,0.49241113662719727,0.5672683119773865,0.5271956920623779,Incorrect
4661,ما هو التوزيع الذي تتبعه التجربة الثنائية الوحيدة؟,ANSWER: توزيع برنولي,البرنولي,توزيع برنولي,البرنولي,0.6983383297920227,0.787055492401123,0.7400475144386292,Correct
4663,ما هو نتاج العوامل المؤثرة في النمو السكاني من مواليد ووفيات وهجرة؟,ANSWER: التغير السكاني,التركيب العمري,التغير السكاني,التركيب العمري,0.7292290925979614,0.7292290925979614,0.7292290925979614,Incorrect
4667,ما هو المقياس المستخدم لقياس خضاب الدم؟,ANSWER: اختبار الهيموغلوبينومتر,النسبي,اختبار الهيموغلوبينومتر,النسبي,0.33099016547203064,0.3968510031700134,0.3609407842159271,Incorrect
4672,ما هو نوع المصدر الذي تمثله البيانات التي نحصل عليها من الشركة أو المؤسسة من واقع مستنداتها وسجلاتها وفواتيرها وتقاريرها الدورية؟,ANSWER: مصادر ثانوية داخلية,داخلي,مصادر ثانوية داخلية,داخلي,0.4516192674636841,0.5612568855285645,0.5005042552947998,Correct
4679,ما هي الجهة المسؤولة عن السجلات الطبية؟,ANSWER: قسم السجلات الطبية,قسم السجلات الطبيه فى المشفى,قسم السجلات الطبية,قسم السجلات الطبيه فى المشفى,0.8545861840248108,0.7658147811889648,0.8077688813209534,Correct
4680,ما هو نوع الإحصاء الذي يتضمن جمع البيانات وتنظيمها وتوصيفها وتبويبها وتلخيصها؟,ANSWER: الإحصاء الوصفي,الوصفي,الإحصاء الوصفي,الوصفي,0.691408097743988,0.7298036813735962,0.7100872993469238,Correct
4683,ما نوع العينة التي تمثلها مجموعة من المرضى الذين يراجعون طبيباً معيناً عندما يجري عليهم دراسة؟,ANSWER: عينة ملائمة,مصادفة,عينة ملائمة,مصادفة,0.6314002275466919,0.6366640329360962,0.6340212225914001,Incorrect
4684,ما نوع العلاقة إذا كانت قيمة بيرسون R=0.92؟,ANSWER: علاقة طردية قوية جدا,طردية قوية,علاقة طردية قوية جدا,طردية قوية,0.6431697010993958,0.5832976698875427,0.6117722988128662,Correct
4687,ما هي وحدة المعاينة؟,ANSWER: البصر‬,عنصر من العينة,البصر‬,عنصر من العينة,0.6139700412750244,0.5150724649429321,0.5601898431777954,Incorrect
4688,ما هي الطريقة التي يتم بها الحصول على بيانات تتعلق بضغط الدم وسرعة نبضات القلب ونسبة الكولسترول في الدم لعينة من المرضى خلال فترة أسبوع؟,ANSWER: جمع البيانات الرصدي,الملاحظة أو المشاهدة,جمع البيانات الرصدي,الملاحظة أو المشاهدة,0.5336994528770447,0.5283776521682739,0.531025230884552,Correct
4690,ما نوع الارتباط بين المتغير العشوائي X والمتغير التابع Y إذا كان تزايد X يؤدي إلى تزايد Y؟,ANSWER: ارتباط طردي,إيجابي,ارتباط طردي,إيجابي,0.49182751774787903,0.5577262043952942,0.5227080583572388,Correct
4692,"ماذا تعبر عنه العبارة ""احتمال أي حدث لا يزيد عن الواحد""؟",ANSWER: احتمال الحدث الأقصى يساوي ١,المسلمة الاحتمالية,احتمال الحدث الأقصى يساوي ١,المسلمة الاحتمالية,0.4901118874549866,0.5468095541000366,0.5169106125831604,Incorrect
4693,ما تسمى الظاهرة التي يحدث فيها انحدار معدل أطوال الأبناء من معامل المجتمع؟,ANSWER: الانحدار نحو المتوسط,الانحدار نحو المعدل,الانحدار نحو المتوسط,الانحدار نحو المعدل,0.894953727722168,0.894953727722168,0.894953727722168,Correct
4694,ما هي التقديرات التي تستخدم لتقدير نسبة النجاح لمجتمع؟,ANSWER: فاصل الثقة لنسبة المجتمع,التقدير النقطي,فاصل الثقة لنسبة المجتمع,التقدير النقطي,0.44433343410491943,0.47223997116088867,0.45786187052726746,Incorrect
4696,ما نوع المتغير العشوائي الذي يدل على عدد القذفات عند قذف قطعة نقود حتى يظهر الوجه H للمرة الأولى؟,ANSWER: متغير عشوائي هندسي,متقطع قيمة الاعداد الطبيعية,متغير عشوائي هندسي,متقطع قيمة الاعداد الطبيعية,0.526677131652832,0.48590391874313354,0.5054696202278137,Correct
4699,ما هو متوسط عدد الأطفال الذي يمكن أن تنجبهم المرأة أحياء إذا أمضت حياتها منذ ميلادها بما يتماشى مع معدلات الخصوبة العمرية في سنة معينة؟,ANSWER: معدل الخصوبة الكلي,معدل الخصوبة الكلية,معدل الخصوبة الكلي,معدل الخصوبة الكلية,0.8632299900054932,0.8033769130706787,0.8322286605834961,Correct
4700,ما هي الطريقة التي تمكننا من مراقبة رد الفعل على بعض الأسئلة والحصول على إجابات دقيقة؟,ANSWER: الاستبيان الإلكتروني,المواجهة,الاستبيان الإلكتروني,المواجهة,0.584723711013794,0.584723711013794,0.584723711013794,Incorrect
4702,ما هو نوع البيانات المستخدمة لإنشاء الجدول التكراري؟,ANSWER: البيانات الكمية المتصلة,كمية و وصفية,البيانات الكمية المتصلة,كمية و وصفية,0.5613003373146057,0.538170337677002,0.5494920611381531,Incorrect
4714,ما هي طبيعة الأفراد أو العناصر التي تشكل المجتمع الإحصائي؟,ANSWER: وحدات الملاحظة (الأفراد),التي تشترك فيما بينها ببعض الخواص والمميزات,وحدات الملاحظة (الأفراد),التي تشترك فيما بينها ببعض الخواص والمميزات,0.41946983337402344,0.3828466534614563,0.4003223478794098,Incorrect
4717,ما هو عدد الكريات الحمر في الجسم؟,ANSWER: خمسة ملايين لكل ملم³,عشوائي منفصل,خمسة ملايين لكل ملم³,عشوائي منفصل,0.4698134660720825,0.495455265045166,0.4822937846183777,Incorrect
4720,ما هو معدل وفيات الأمهات الذي يحسب بقسمة عدد الوفيات لدى النساء الحوامل التي حدثت أثناء الحمل أو الولادة أو النفاس على عدد المواليد الأحياء خلال نفس السنة مضروباً في 100000؟,ANSWER: نسبة وفيات الأمهات,معدل وفيات الأمهات,نسبة وفيات الأمهات,معدل وفيات الأمهات,0.904029369354248,0.904029369354248,0.904029369354248,Correct
4723,ما هي المعدلات التي يكون تركيزها على معدلات الخصوبة لفئة معينة من العمر لغرض المقارنة على امتداد زمن ما ودراسة الفروق في ظاهرة الخصوبة بمختلف الأعمار؟,ANSWER: معدلات الخصوبة الخاصة بالعمر,معدل الخصوبة العمري,معدلات الخصوبة الخاصة بالعمر,معدل الخصوبة العمري,0.7449338436126709,0.8217414617538452,0.781454861164093,Correct
4724,ما هي العلاقة بين المتغيرين عندما يؤدي تزايد المتغير العشوائي x إلى تناقص المتغير التابع y؟,ANSWER: علاقة عكسية,سلبي,علاقة عكسية,سلبي,0.4485456645488739,0.5010231137275696,0.47333434224128723,Correct
4729,ما هو المقياس المستخدم لوصف حالة التدخين (مدخن / غير مدخن)؟,ANSWER: مقياس اسمي ثنائي,مقياس اسمي,مقياس اسمي ثنائي,مقياس اسمي,0.6490164995193481,0.7959699630737305,0.7150207161903381,Correct
4730,ما هي الشروط التي يجب توفرها في مجموعة من المتغيرات العشوائية لتشكل عينة عشوائية؟,ANSWER: الاستقلال والتوزيع المتماثل (IID),مستقلة ولها قانون التوزيع نفسه,الاستقلال والتوزيع المتماثل (IID),مستقلة ولها قانون التوزيع نفسه,0.5069467425346375,0.48428022861480713,0.4953543245792389,Correct
4731,ما هو المستوى الذي يمكن حساب فيه المتوسطات والانحرافات المعيارية ومقاييس العلاقة الخطية؟,ANSWER: المستوى الفاصل (الفئوي),العنقودي,المستوى الفاصل (الفئوي),العنقودي,0.5028015375137329,0.608928918838501,0.5507997274398804,Incorrect
4736,كم يتراوح عدد الفئات غالباً؟,ANSWER: من ٣ إلى ٧ فئات,بين 5 و15 فئة,من ٣ إلى ٧ فئات,بين 5 و15 فئة,0.6085657477378845,0.6063587665557861,0.6074602007865906,Incorrect
4740,ما هي فرضية العدم لاختبار الفرضيات حول معامل الارتباط الخطي لبيرسون؟,ANSWER: معامل الارتباط يساوي صفر,قيمة معامل ارتباط المجتمع تساوي الصفر,معامل الارتباط يساوي صفر,قيمة معامل ارتباط المجتمع تساوي الصفر,0.8475075960159302,0.7865142822265625,0.8158725500106812,Correct
4743,ما هو معدل الوفيات الخام؟,ANSWER: الوفيات لكل ألف من السكان سنوياً,عدد الوفيات لكل الف من السكان في سنة معينة,الوفيات لكل ألف من السكان سنوياً,عدد الوفيات لكل الف من السكان في سنة معينة,0.8247559070587158,0.7195768356323242,0.768584668636322,Correct
4744,ما هي الجهة المسؤولة عن السجلات الطبية؟,ANSWER: قسم السجلات الطبية,قسم السجلات الطبية في المستشفى,قسم السجلات الطبية,قسم السجلات الطبية في المستشفى,0.7902055382728577,0.8552444577217102,0.8214396238327026,Correct
4748,ما هو الغرض من استخدام مخطط الانتشار في الدراسة الإحصائية بين خاصتين؟,ANSWER: توضيح الارتباط بين متغيرين,متغيرين,توضيح الارتباط بين متغيرين,متغيرين,0.5281780362129211,0.6388520002365112,0.5782671570777893,Correct
4758,ما هو التوقع الرياضي لمجموع متغيرين عشوائيين؟,ANSWER: خطية التوقع الرياضي,مجموع التوقعين الرياضيين للمتغيرين العشوائيين,خطية التوقع الرياضي,مجموع التوقعين الرياضيين للمتغيرين العشوائيين,0.6070214509963989,0.5605146884918213,0.5828418135643005,Correct
4761,ما هو التكرار المتجمع الصاعد لفئة معينة؟,ANSWER: التكرار التراكمي الصاعد,عدد البيانات المتضمنة في الفئة والفئات التي تسبقها,التكرار التراكمي الصاعد,عدد البيانات المتضمنة في الفئة والفئات التي تسبقها,0.4433435797691345,0.5183806419372559,0.4779347777366638,Incorrect
4765,ما هي المنطقة التي تتألف من قيم دالة الاختبار قليلة الاحتمال عندما Ho صحيحة؟,ANSWER: منطقة الرفض,منطقة الرفض,منطقة الرفض,منطقة الرفض,1.0,1.0,1.0,Correct
4768,ما هو المجتمع الإحصائي؟,ANSWER: مجموعة الوحدات الإحصائية المدروسة,التي تشترك فيما بينها ببعض الخواص والميزات,مجموعة الوحدات الإحصائية المدروسة,التي تشترك فيما بينها ببعض الخواص والميزات,0.575778603553772,0.40468940138816833,0.4753066599369049,Correct
4770,ما الذي يقوم عليه الإحصاء الاستنتاجي؟,ANSWER: نظرية الاحتمالات,على اتخاذ القرارات والتنبؤ والاستقرار والاستدلال,نظرية الاحتمالات,على اتخاذ القرارات والتنبؤ والاستقرار والاستدلال,0.5118353366851807,0.4906767010688782,0.5010327100753784,Incorrect
4772,ما هي الجهة التي تصدر التصنيف الدولي للأمراض؟,ANSWER: منظمة الصحة العالمية,منظمة الصحة العالمية,منظمة الصحة العالمية,منظمة الصحة العالمية,1.0,1.0,1.0,Correct
4778,ما الذي تختلف تبعاً له دلالات قيم المتغيرات العشوائية؟,ANSWER: نوع توزيع الاحتمال,نوعية المقياس المستخدم,نوع توزيع الاحتمال,نوعية المقياس المستخدم,0.5999424457550049,0.5872257947921753,0.5935160517692566,Incorrect
4781,ما هي الطريقة التي تستخدم فيها بعض التقنيات الإلكترونية للمراقبة والعد وتسجيل الملاحظات؟,ANSWER: أخذ العينات الزمني (الطريقة الفورية),التسجيل,أخذ العينات الزمني (الطريقة الفورية),التسجيل,0.4211875796318054,0.5009533762931824,0.4576205909252167,Incorrect
4782,ما الذي يحدد زمن حفظ السجلات الطبية؟,ANSWER: المتطلبات القانونية والتنظيمية,حسب الأسس المتبعة محليا في كل بلد,المتطلبات القانونية والتنظيمية,حسب الأسس المتبعة محليا في كل بلد,0.5840850472450256,0.5844998359680176,0.5842924118041992,Incorrect
4783,ما هو التوزيع الذي يتبعه مجموع متغيرات عينة عشوائية حجمها n من توزيع برنولي بالوسيط P؟,ANSWER: توزيع ثنائي الحدين ب(ن،P),الثنائي,توزيع ثنائي الحدين ب(ن،P),الثنائي,0.43676653504371643,0.5958684682846069,0.5040608048439026,Correct
4787,ما هي مجموعة قيم المتغير العشوائي x الذي يدل على عدد أخوات طالب ما؟,ANSWER: الأعداد الصحيحة غير السالبة,صحيح موجب,الأعداد الصحيحة غير السالبة,صحيح موجب,0.4642743468284607,0.5117480754852295,0.4868566393852234,Incorrect
4789,ما هو معدل المواليد الخام؟,ANSWER: عدد المواليد الأحياء لكل 1000 من السكان سنوياً,عدد المواليد الاحياء لكل ألف من السكان في سنة معينة,عدد المواليد الأحياء لكل 1000 من السكان سنوياً,عدد المواليد الاحياء لكل ألف من السكان في سنة معينة,0.8327397108078003,0.7843115925788879,0.8078004717826843,Correct
4790,ما هي الفئة العمرية المهمة جداً من الناحية الصحية والتنموية؟,ANSWER: مرحلة الطفولة المبكرة,فئة الأطفال,مرحلة الطفولة المبكرة,فئة الأطفال,0.5168685913085938,0.4888530373573303,0.5024706721305847,Correct
4798,ما هي الطريقة التي تمتاز بوصول الإجابات خلال وقت قصير وتتميز ببساطتها وقلة تكاليفها وسرعتها؟,ANSWER: الاستبيان الإلكتروني,استخدام الانترنيت والمواقع الاجتماعية,الاستبيان الإلكتروني,استخدام الانترنيت والمواقع الاجتماعية,0.5870485305786133,0.5368746519088745,0.5608416795730591,Incorrect
4802,ما هو المخطط الذي يساعد بدراسة العلاقة بين متغيرين وطبيعتها؟,ANSWER: مخطط التبعثر,مخطط الانتشار,مخطط التبعثر,مخطط الانتشار,0.718860387802124,0.7097280025482178,0.7142650485038757,Correct
4806,ما الذي يحدد زمن حفظ السجلات الطبية في المشفى؟,ANSWER: القوانين والأنظمة الصحية المحلية,بناء على الأسس المتبعة محلياً في كل بلد,القوانين والأنظمة الصحية المحلية,بناء على الأسس المتبعة محلياً في كل بلد,0.6055639982223511,0.6058182716369629,0.6056910753250122,Correct
4812,ما هو التوزيع الذي يستخدم في اختبار الفرضيات حول ميل خط الانحدار؟,ANSWER: توزيع تي ستودنت,ستيودنت,توزيع تي ستودنت,ستيودنت,0.6359344720840454,0.5863226652145386,0.6101216673851013,Correct
4816,ما هي أسباب تفضيل أسلوب العينة على أسلوب الحصر الشامل؟,ANSWER: تقليل الوقت والتكلفة والجهد,صعوبة حصر افراد المجتمع,تقليل الوقت والتكلفة والجهد,صعوبة حصر افراد المجتمع,0.51176917552948,0.4989958107471466,0.5053017735481262,Incorrect
4823,ما هو السجل الذي يهدف إلى تجميع المعلومات عن المريض؟,ANSWER: السجل الطبي,السجلات الطبية .,السجل الطبي,السجلات الطبية .,0.7530941963195801,0.6190552711486816,0.6795279383659363,Correct
4832,ما هو نوع التوزيع الإحصائي إذا علمت أن احتمال شفاء مريض مصاب بالزكام خلال أسبوع دون اللجوء للطبيب هو 0.6 وكان لدينا 10 مرضى بالزكام ولم يراجعوا الطبيب؟,ANSWER: التوزيع ذي الحدين,حداني,التوزيع ذي الحدين,حداني,0.500088095664978,0.541408896446228,0.5199288129806519,Correct
4848,ما هو الشريان الذي ينزف غالباً من قرحة اثني عشرية؟,ANSWER: الشريان المعدي الاثناعشري,المعدي العفجي.,الشريان المعدي الاثناعشري,المعدي العفجي.,0.6023150682449341,0.5945299863815308,0.5983971953392029,Correct
4854,ما هي الأورام التي تعالج في القسم البعيد للمعدة؟,ANSWER: أورام الغار المعدي,4. كل ما سبق صحيح.,أورام الغار المعدي,4. كل ما سبق صحيح.,0.3770065903663635,0.3476765751838684,0.361748069524765,Incorrect
4855,ما هو التشخيص للآفة التي قد تسبب فقراً دموياً والنزف الحاد منها غير شائع والتي تم اكتشافها بالتنظير الهضمي العلوي لرجل عمره 55 سنة؟,ANSWER: آفة ديولافواي,سرطانة معدية.,آفة ديولافواي,سرطانة معدية.,0.4480573534965515,0.44142043590545654,0.44471412897109985,Incorrect
4856,ما هي الخطوة الأولى الأهم في تدبير مريض يبلغ من العمر 32 سنة أتى لقسم الطوارئ بقصة إقياء لكميات كبيرة من الدم الأحمر القاني؟,ANSWER: تأمين مجرى الهواء,إنعاش بالسوائل.,تأمين مجرى الهواء,إنعاش بالسوائل.,0.5286287069320679,0.48177242279052734,0.5041140913963318,Incorrect
4857,ما هو التشخيص المحتمل لمريضة تبلغ من العمر 45 سنة تشكو من ألم في ثديها الأيسر لمدة أسبوعين مع وجود خيط يشبه الحبل مؤلم وأودة بارزة فوقه بالفحص السريري؟,ANSWER: مرض موندور بالثدي,داء,مرض موندور بالثدي,داء,0.4340965747833252,0.535789966583252,0.47961196303367615,Correct
4858,ما هو التشخيص المحتمل لمريضة تبلغ من العمر 40 عاماً من أصول آسيوية وصلت إلى بريطانيا تشكو من كتلة غير مؤلمة في ثديها الأيمن منذ عدة أشهر مع نز الخراج في إبطها الأيمن الذي يشفى ويعاود من جديد؟,ANSWER: التهاب الضرع الدرني,سل ثدي.,التهاب الضرع الدرني,سل ثدي.,0.5438372492790222,0.5512552261352539,0.5475210547447205,Correct
4859,ما هو التشخيص المحتمل لمريضة تبلغ من العمر 25 سنة راجعت بكتلة شاهدتها صدفة منذ 3 أسابيع في ثديها الأيسر ويمكن تحريك الكتلة من قبل المريضة ضمن نسيج الثدي؟,ANSWER: ورم غدي ليفي بالثدي,غدوم ليفي.,ورم غدي ليفي بالثدي,غدوم ليفي.,0.5101033449172974,0.46604061126708984,0.4870775043964386,Correct
4860,ما هو التشخيص المحتمل لمريضة تبلغ من العمر 50 عاماً تعاني من ألم واحمرار في الثدي الأيمن منذ شهر وقد عولجت بالصادات لمدة أسبوعين دون تحسن وازدادت الحالة سوءاً؟,ANSWER: سرطان الثدي الالتهابي,سرطان التهابي.,سرطان الثدي الالتهابي,سرطان التهابي.,0.7561739683151245,0.6117720603942871,0.6763513684272766,Correct
4863,ما هو التشخيص المحتمل لمريضة مسنة مشخص لديها سابقاً داء هاشيموتو وتراجع بعقدة قاسية غير منتظمة في الفص الدرقي الأيمن؟,ANSWER: سرطان الدرق الحليمي,لمفوما.,سرطان الدرق الحليمي,لمفوما.,0.4068455994129181,0.4350692629814148,0.42048436403274536,Incorrect
4864,ما هو التشخيص المحتمل لطفل يبلغ من العمر 12 سنة يراجع بعقدة درقية مع ضخامة عقد لمفية ناحية؟,ANSWER: سرطانة درقية حليمية,سرطان حليمي.,سرطانة درقية حليمية,سرطان حليمي.,0.6576007008552551,0.6509246826171875,0.6542456746101379,Correct
4865,ما هو التشخيص المحتمل لمريضة في منتصف العمر تعاني من سلعة درقية لفترة طويلة مع تضخم الفص الأيمن أكبر من الأيسر وهي سريرياً في حالة سواء درقي؟,ANSWER: تضخم درقي متعدد العقد غير سمي,سلعة متعددة العقد.,تضخم درقي متعدد العقد غير سمي,سلعة متعددة العقد.,0.5471861362457275,0.6044061183929443,0.5743745565414429,Correct
4866,ما هو التشخيص الأكثر احتمالاً لفتاة في الربيع الخامس تشكو من عسرة تنفس مع وجود كتلة في جوف الفم بقطر 3 سم على الخط الناصف وعلى مؤخرة اللسان؟,ANSWER: درق لساني,درق لسانية.,درق لساني,درق لسانية.,0.7696459293365479,0.705955982208252,0.7364264726638794,Correct
4867,ما هو العلاج غير المرغوب به في حالة شابة في ربيعها الأربعين تشكو من نقص وزن مع خفقان وجحوظ في العينين مع وجود سلعة درقية متوسطة الحجم منتشرة ومتجانسة وفرط نشاط درق بدني؟,ANSWER: اليود المشع,المعالجة الشعاعية باليود I 131,اليود المشع,المعالجة الشعاعية باليود I 131,0.638568639755249,0.6546182632446289,0.6464938521385193,Correct
4868,ما هو الإجراء الأول الذي يجب إجراؤه قبل عملية sleeve gastrectomy لمريض البدانة الذي لديه BMI يساوي 40؟,ANSWER: التنظير الهضمي العلوي,الحصول على موافقة المريض.,التنظير الهضمي العلوي,الحصول على موافقة المريض.,0.48870760202407837,0.4244536757469177,0.4543200731277466,Incorrect
4869,ما هو الإجراء الأول الذي يجب إجراؤه قبل عملية Sleeve gastrectomy لمريض البدانة الذي لديه BMI يساوي 40؟,ANSWER: تقييم ما قبل الجراحة متعدد التخصصات,الحصول على موافقة المريض.,تقييم ما قبل الجراحة متعدد التخصصات,الحصول على موافقة المريض.,0.4827002286911011,0.5007509589195251,0.4915599226951599,Incorrect
4870,ما هو التشخيص المحتمل لمريض عمره 25 سنة يعاني من عدم ارتياح عام ونقصان في الوزن وترفع حروري وبراز ملطخ بالدم على نحو متقطع خلال الست أسابيع الأخيرة بعد عودته من شبه القارة الهندية حيث عمل هناك لمدة ستة أشهر، مع وجود كبدية ومضض في الربع العلوي الأيمن وإيكو يظهر جوفا ناقص الصدى في الفص الكبدي الأيمن ذو حوا,ANSWER: خراج كبدي أميبي,خراجة كبدية زحارية.,خراج كبدي أميبي,خراجة كبدية زحارية.,0.5660900473594666,0.538602352142334,0.5520041584968567,Correct
4871,ما هو التشخيص المحتمل لمريض عمره 50 سنة يعاني من أصمية حديثة وألم في الربع العلوي الأيمن لمدة 3-4 أشهر مع فحص سريري سلبي ووظائف كبد طبيعية وتنظير هضمي علوي طبيعي بينما أظهر الإيكو وجود آفة كيسية وحيدة تبلغ 6 سم؟,ANSWER: كيسة مائية كبدية,داء كيسي بسيط,كيسة مائية كبدية,داء كيسي بسيط,0.5896850824356079,0.623277485370636,0.6060160994529724,Incorrect
4872,ما هو التشخيص المحتمل لمريضة تبلغ من العمر 30 سنة تعاني من ألم مستمر في الربع العلوي الأيمن من البطن مع إقياء وارتفاع حرارة وإيجابية علامة مورفي؟,ANSWER: التهاب المرارة الحاد,التهاب مرارة حاد.,التهاب المرارة الحاد,التهاب مرارة حاد.,0.8491473197937012,0.777361273765564,0.811670184135437,Correct
4873,ما هو التشخيص المحتمل لمريض يبلغ من العمر 60 سنة لديه سابقة حصيات مرارية يراجع بقصة ألم بطني شديد ومستمر لمدة 6 ساعات وبالفحص السريري كان المريض غير مرتاح ومصدوم مع انتفاخ البطن ومضض راجع معممين؟,ANSWER: التهاب البنكرياس الحاد النخري,التهاب بريتوان تالي لانثقاب مرارة.,التهاب البنكرياس الحاد النخري,التهاب بريتوان تالي لانثقاب مرارة.,0.535352885723114,0.5084111094474792,0.5215343236923218,Incorrect
4874,ما هو التشخيص المحتمل لمريض يبلغ من العمر 56 سنة يعاني من ألم شديد في أعلى البطن منذ أسبوع مع حمى متقطعة وعدم راحة شديدة مع وجود علامات لتخريش بريتواني في الربع العلوي الأيمن مع جس كتلة؟,ANSWER: خراج مرارة مثقوبة,تقيح مرارة.,خراج مرارة مثقوبة,تقيح مرارة.,0.5766218900680542,0.6033256649971008,0.5896716117858887,Correct
4875,ما هو التشخيص المحتمل لمريض يبلغ من العمر 60 سنة يراجع بقصة ألم بطني ويرقان وحرارة مع عروءات؟,ANSWER: التهاب الأقنية الصفراوية الحاد,التهاب طرق صفراوية صاعد.,التهاب الأقنية الصفراوية الحاد,التهاب طرق صفراوية صاعد.,0.7246270179748535,0.6571146249771118,0.6892214417457581,Correct
4876,ما هو التشخيص المحتمل لمريضة تبلغ من العمر 40 سنة عولجت لالتهاب مرارة حاد حيث لوحظ وجود مرارة مجسوسة غير ممضة، لم يكن هناك ترفع حروري وكانت المريضة بشكل عام بصحة جيدة؟,ANSWER: علامة كورفوازييه,قيلة مخاطية في المرارة.,علامة كورفوازييه,قيلة مخاطية في المرارة.,0.5190941095352173,0.4832918643951416,0.5005536079406738,Incorrect
4877,ما هو التشخيص المحتمل لمريض عمره 80 سنة لديه تصبغ جلدي ملحوظ ونسيج ندبي ولديه ندبات بطنية لاستئصال كظر ثنائي الجانب؟,ANSWER: قصور الغدة الكظرية الأولي (مرض أديسون),متلازمة نيلسون.,قصور الغدة الكظرية الأولي (مرض أديسون),متلازمة نيلسون.,0.5142745971679688,0.5510143041610718,0.5320109128952026,Incorrect
4878,ما هو التشخيص المحتمل لمريض عمره 48 سنة يعاني من اضطراب رئوي وصداع وارتفاع ضغط؟,ANSWER: ورم القواتم,متلازمة كون.,ورم القواتم,متلازمة كون.,0.5509041547775269,0.4951641857624054,0.5215491652488708,Incorrect
4879,ما هو التشخيص المحتمل لمريض ربو مع تفاقم متكرر لحالته تطور لديه بشكل تدريجي شعرانية مع بدانة جذعية وكدمات؟,ANSWER: متلازمة كوشينغ دوائية,متلازمة كوشينغ.,متلازمة كوشينغ دوائية,متلازمة كوشينغ.,0.7744157314300537,0.8332717418670654,0.8027663826942444,Correct
4881,ما هو التشخيص المحتمل لسيدة حامل تبلغ من العمر 30 سنة تبين أثناء إجراء ايكو بطن لها وجود كتلة متكلسة في الشرسوف يبلغ قطرها 1 سم مع سماع لغط في منطقة الشرسوف دون وجود أي أعراض؟,ANSWER: أمّ دم شريانية حشوية متكلسة,أم دم شريان طحالي.,أمّ دم شريانية حشوية متكلسة,أم دم شريان طحالي.,0.6592122912406921,0.6562618017196655,0.6577337384223938,Incorrect
4882,ما هو التشخيص الأكثر احتمالاً لطفل عمره 7 سنوات يعاني من فقر دم منجلي ويشكو منذ ساعتين من ألم بطني حاد في الربع العلوي الأيسر مع ضغط 60/100 ملم زئبقي ونبض 110 ن/د وحرارة 37 درجة ومضض في الربع العلوي الأيسر للبطن بدون إيلام مرتد مع صعوبة جس الطحال وخضاب 6.1 غ/دل؟,ANSWER: أزمة احتجاز طحالي حادة,نوبة ألمية بسبب انسداد الأوعية الدموية.,أزمة احتجاز طحالي حادة,نوبة ألمية بسبب انسداد الأوعية الدموية.,0.5784194469451904,0.5096094608306885,0.5418385863304138,Incorrect
4883,ما هي نسبة الاستفادة من استئصال الطحال في حالة سيدة عمرها 40 سنة تعاني من فرفرية مناعية مزمنة معندة على العلاج بالستيروئيدات؟,ANSWER: 70%,أقل من 20%,70%,أقل من 20%,0.7707737684249878,0.6817020177841187,0.7235067486763,Incorrect
4884,ما هي الخطوة التالية في تدبير مريض بعمر 70 سنة دون سوابق جراحية يعاني من ألم بطني متقطع منذ أسبوع وتوسع بطني وإقياء مستمر منذ يوم، مع عدم وجود فتوق بالفحص وتعداد 3000 كرية بيضاء / مم؟,ANSWER: تصوير طبقي محوري للبطن مع حقن مادة ظليلة,إجراء (CT) التصوير الطبقي المحوسب للبطن.,تصوير طبقي محوري للبطن مع حقن مادة ظليلة,إجراء (CT) التصوير الطبقي المحوسب للبطن.,0.6230157613754272,0.6158966422080994,0.6194357872009277,Correct
4894,ما هي الخطوة التالية في تدبير مريض بعمر 70 سنة دون سوابق جراحية يعاني من ألم بطني متقطع منذ أسبوع وتوسع بطني وإقياء مستمر منذ يوم، مع عدم وجود فتوق بالفحص وتعداد 3000 كرية بيضاء / مم؟,ANSWER: تصوير طبقي محوري للبطن والحوض مع تباين,إجراء (CT) التصوير الطبقي المحوسب للبطن.,تصوير طبقي محوري للبطن والحوض مع تباين,إجراء (CT) التصوير الطبقي المحوسب للبطن.,0.6777853965759277,0.6058592796325684,0.6398072242736816,Correct
4896,ما هي الخطوة التالية في تدبير شاب عمره 20 سنة راجع الإسعاف بعد 20 يوماً من استئصال زائدة ملتهبة ويعاني من إقياء مع تمدد بطن وإيلام خفيف، وتعداد WBC كان 14000 كرية/مم3 والكهارل طبيعية؟,ANSWER: تصوير طبقي محوري للبطن مع حقن وريدي,مراقبة 24 ساعة أخرى مع وضع NG.,تصوير طبقي محوري للبطن مع حقن وريدي,مراقبة 24 ساعة أخرى مع وضع NG.,0.5361758470535278,0.4746524691581726,0.5035419464111328,Incorrect
4897,ما هي العلامات الأكثر توافقاً مع بالغ عمره 45 سنة لديه ألم بطني حاد وتم تشخيصه بالتهاب مرارة حاد؟,ANSWER: علامة مورفي موجبة,ألم بطني مستمر ومضض مراق أيمن وارتفاع الكريات البيضاء.,علامة مورفي موجبة,ألم بطني مستمر ومضض مراق أيمن وارتفاع الكريات البيضاء.,0.40771234035491943,0.3849484324455261,0.39600351452827454,Incorrect
4898,ما هي الخطوة الأولى الأهم في تدبير مريض يبلغ من العمر 32 سنة أتى لقسم الطوارئ بقصة إقياء لكميات كبيرة من الدم الأحمر القاني؟,ANSWER: تأمين مجرى الهواء,الإنعاش بالسوائل.,تأمين مجرى الهواء,الإنعاش بالسوائل.,0.5143024325370789,0.47337740659713745,0.4929920434951782,Incorrect
4899,ما هو التشخيص المحتمل لمريض عمره 70 سنة تطور لديه بعد 3 أيام من احتشاء قلبي ألم بطني مع تعدد البطن وخفوت في أصوات الأمعاء وتحليل غازات الدم يشير إلى احمضاض استقلابي؟,ANSWER: إقفار مساريقي حاد,احتشاء مساريقي.,إقفار مساريقي حاد,احتشاء مساريقي.,0.7311898469924927,0.6454380750656128,0.685643196105957,Correct
4902,ما هي القاعدة الجراحية الأصح حالياً في مراقبة المريض أثناء تدبير مريض الانسداد المعوي ووضع القرار الجراحي المناسب في المراكز الجراحية المتطورة؟,ANSWER: الإماهة والتصحيح ثم المراقبة بالتصوير الطبقي المحوري المتكرر,يجب دائماً عدم إجراء الجراحة حتى يتم استقرا المريض بعد الإنعاش.,الإماهة والتصحيح ثم المراقبة بالتصوير الطبقي المحوري المتكرر,يجب دائماً عدم إجراء الجراحة حتى يتم استقرا المريض بعد الإنعاش.,0.520068883895874,0.4748861789703369,0.49645161628723145,Incorrect
4905,ما هو التشخيص المحتمل للمريضة إذا كانت الصورة البسيطة تدل على سويات معوية دقيقة وغياب لارتسام الكولونات وكانت مقاطع التصوير الطبقي المحوري تشير لتوسع عرى المعي؟,ANSWER: انسداد الأمعاء الدقيقة,التصاقات معوية.,انسداد الأمعاء الدقيقة,التصاقات معوية.,0.6663585901260376,0.6305515766143799,0.6479607820510864,Incorrect
4907,ما هو التشخيص الأقوى لمريض عمره 65 سنة تطور لديه ألم بطني حاد مفاجئ مستمر في الربع العلوي الأيمن منذ ساعة، تلاه آلام مغصية سرية مع غثيان، والفحص السريري يبدي سحنة سمية مع فحص بطني سوي تقريباً؟,ANSWER: احتشاء مساريقي حاد,انسداد أمعاء بنقص التروية.,احتشاء مساريقي حاد,انسداد أمعاء بنقص التروية.,0.6210069060325623,0.511351466178894,0.5608698129653931,Correct
4911,ما هو التشخيص المحتمل في المريضة التي تظهر صورتها البسيطة سويات معوية دقيقة وغياب الارتسام الكولوني، وتشير مقاطع التصوير الطبقي المحوري لتوسع عرى المعي الدقيق وزيادة في شحم المساريقا مع عدم ارتسام الكولون بالكامل؟,ANSWER: انسداد المعي الدقيق المغلق الحلقة,التصاقات معوية.,انسداد المعي الدقيق المغلق الحلقة,التصاقات معوية.,0.5203754901885986,0.5599082112312317,0.5394185781478882,Incorrect
4912,ما هو التشخيص لمريض عمره 60 سنة مصاب بداء كرون منذ عشر سنوات راجع المشفى بقصة حمى وعرواءات تلاها خروج هواء ومفرزات معوية عند التبول؟,ANSWER: ناسور معوي مثاني,ناسور معدي مثاني.,ناسور معوي مثاني,ناسور معدي مثاني.,0.6850154399871826,0.676124632358551,0.6805410385131836,Correct
4926,ما هي الحالة التي لا تدخل في التشخيص التفريقي لطفلة عمرها 10 سنوات تعاني منذ ساعتين من ألم حفرة حرقفية يمنى دون إيلام مرتد؟,ANSWER: الحمل الهاجر,نزف رتج ميكل.,الحمل الهاجر,نزف رتج ميكل.,0.5400069952011108,0.5079641342163086,0.5234956741333008,Incorrect
4928,ما هو التشخيص المحتمل لمريضة عمرها 50 سنة تعرضت لألم بطني حاد طاعن منذ نصف ساعة في الشرسوف تعمم في أنحاء البطن مع إقياءات بنية اللون وفحص البطن لين؟,ANSWER: انثقاب قرحة هضمية,صمة شريان مساريقي علوي.,انثقاب قرحة هضمية,صمة شريان مساريقي علوي.,0.5348942279815674,0.5819309949874878,0.5574221014976501,Incorrect
4929,ما هو الفحص الذي يجب إجراؤه أولاً لمريض يشتكي من ألم بطني حاد ومفاجئ؟,ANSWER: فحص البطن السريري,صورة بطن شعاعية.,فحص البطن السريري,صورة بطن شعاعية.,0.5655789375305176,0.49601393938064575,0.5285172462463379,Incorrect
4930,ما هو التشخيص الأقوى لمريض عمره 65 سنة تطور لديه ألم بطني حاد مفاجئ ومستمر في الربع السفلي الأيمن منذ ساعة، تلاه آلام مغصة سرية مع غثيان، والفحص السريري يبدي سحنة سمية مع فحص بطن سوي تقريباً؟,ANSWER: احتشاء مساريقي حاد,انسداد أمعاء بنقص التروية.,احتشاء مساريقي حاد,انسداد أمعاء بنقص التروية.,0.6210069060325623,0.511351466178894,0.5608698129653931,Correct
4932,ما هي الخطوة الأولى الأهم في تدبير شاب عمره 32 سنة يراجع قسم الطوارئ بقصة إقياء كميات كبيرة من الدم الأحمر القاني؟,ANSWER: تأمين الطريق الهوائي,الإنعاش بالسوائل.,تأمين الطريق الهوائي,الإنعاش بالسوائل.,0.5454054474830627,0.5361475348472595,0.5407368540763855,Incorrect
4934,ما هو التشخيص للآفة التي قد تسبب فقراً دموياً والنزف الحاد منها غير شائع والتي تم اكتشافها بالتنظير الهضمي العلوي لرجل عمره 55 سنة؟,ANSWER: مرض ديلولافوا,2. سرطانة معدية.,مرض ديلولافوا,2. سرطانة معدية.,0.4912261962890625,0.4622841775417328,0.4763159155845642,Incorrect
4935,ما هي الخطوة الأولى الأهم في تدبير مريض يبلغ من العمر 32 سنة أتى لقسم الطوارئ بقصة إقياء لكميات كبيرة من الدم الأحمر القاني؟,ANSWER: تأمين مجرى الهواء,3. الإنعاش بالسوائل.,تأمين مجرى الهواء,3. الإنعاش بالسوائل.,0.49850398302078247,0.44171756505966187,0.4683958888053894,Incorrect
4936,ما هو العلاج الأمثل لمريض عمره 40 سنة وجد لديه بالتنظير الهضمي العلوي لمفوما معدية؟,ANSWER: استئصال جرثومة المعدة,4. علاج كيماوي.,استئصال جرثومة المعدة,4. علاج كيماوي.,0.5165098309516907,0.618740439414978,0.5630221366882324,Incorrect
4937,ما هو التشخيص المحتمل لطفل يبلغ من العمر 12 سنة يراجع بعقدة درقية مع ضخامة عقد لمفية ناحية؟,ANSWER: سرطان الدرق الحليمي,4. سرطان حليمي.,سرطان الدرق الحليمي,4. سرطان حليمي.,0.5655990242958069,0.5180354118347168,0.5407733917236328,Correct
4938,ما هو التشخيص المحتمل لمريضة في منتصف العمر تعاني من سلعة درقية لفترة طويلة مع تضخم الفص الأيمن أكبر من الأيسر وهي سريرياً في حالة سواء درقي؟,ANSWER: تضخم درقي متعدد العقد غير سمي,3. سلعة متعددة العقد.,تضخم درقي متعدد العقد غير سمي,3. سلعة متعددة العقد.,0.5280801057815552,0.5437381863594055,0.535794734954834,Correct
4939,ما هو التشخيص الأكثر احتمالاً لفتاة في الربيع الخامس تشكو من عسرة تنفس مع وجود كتلة في جوف الفم بقطر 3 سم على الخط الناصف وعلى مؤخرة اللسان؟,ANSWER: الغدة الدرقية اللسانية,2. درق لسانية.,الغدة الدرقية اللسانية,2. درق لسانية.,0.5551514625549316,0.5179778933525085,0.5359207987785339,Correct
4940,ما هو العلاج غير المرغوب به في حالة شابة في ربيعها الأربعين تشكو من نقص وزن مع خفقان وجحوظ في العينين مع وجود سلعة درقية متوسطة الحجم منتشرة ومتجانسة وفرط نشاط درق بدني؟,ANSWER: اليود المشع,3. المعالجة الشعاعية باليود I 131,اليود المشع,3. المعالجة الشعاعية باليود I 131,0.6611899137496948,0.6012402772903442,0.6297916769981384,Correct
4941,ما هو الإجراء الأول الذي يجب إجراؤه قبل عملية Sleeve gastrectomy لمريض البدانة الذي لديه BMI يساوي 40؟,ANSWER: التنظير الهضمي العلوي قبل الجراحة,3. الحصول على موافقة المريض.,التنظير الهضمي العلوي قبل الجراحة,3. الحصول على موافقة المريض.,0.4917951822280884,0.47120988368988037,0.481282502412796,Incorrect
4942,ما هو التشخيص المحتمل لمريض عمره 50 سنة يعاني من أصمية حديثة وألم في الربع العلوي الأيمن لمدة 3-4 أشهر مع فحص سريري سلبي ووظائف كبد طبيعية وتنظير هضمي علوي طبيعي بينما أظهر الإيكو وجود آفة كيسية وحيدة تبلغ 6 سم؟,ANSWER: كيسة مائية كبدية,4. داء كيسي بسيط,كيسة مائية كبدية,4. داء كيسي بسيط,0.5269004702568054,0.500493586063385,0.5133576989173889,Incorrect
4943,ما هو التشخيص المحتمل لمريض يبلغ من العمر 60 سنة لديه سابقة حصيات مرارية يراجع بقصة ألم بطني شديد ومستمر لمدة 6 ساعات وبالفحص السريري كان المريض غير مرتاح ومصدوم مع انتفاخ البطن ومضض راجع معممين؟,ANSWER: التهاب البنكرياس الحاد النخري,4. التهاب بريتوان تالي لانثقاب مرارة.,التهاب البنكرياس الحاد النخري,4. التهاب بريتوان تالي لانثقاب مرارة.,0.5430856347084045,0.48463836312294006,0.5121999979019165,Incorrect
4944,ما هو التشخيص المحتمل لمريض يبلغ من العمر 56 سنة يعاني من ألم شديد في أعلى البطن منذ أسبوع مع حمى متقطعة وعدم راحة شديدة مع وجود علامات لتخريش بريتواني في الربع العلوي الأيمن مع جس كتلة؟,ANSWER: خراج مراري مثقوب,1. تقيح مرارة.,خراج مراري مثقوب,1. تقيح مرارة.,0.5691577196121216,0.519927978515625,0.5434302091598511,Correct
4945,ما هو التشخيص المحتمل لمريض يبلغ من العمر 60 سنة يعاني من ألم بطني ويرقان وحرارة مع عروءات؟,ANSWER: التهاب الأقنية الصفراوية الصاعد,4. التهاب طرق صفراوية صاعد.,التهاب الأقنية الصفراوية الصاعد,4. التهاب طرق صفراوية صاعد.,0.728113055229187,0.6404327154159546,0.6814641356468201,Correct
4946,ما هو التشخيص المحتمل لمريضة تبلغ من العمر 40 سنة عولجت لالتهاب مرارة حاد حيث لوحظ وجود مرارة مجسوسة غير ممضة، لم يكن هناك ترفع حروري وكانت المريضة بشكل عام بصحة جيدة؟,ANSWER: علامة كورفوازييه,3. قيلة مخاطية في المرارة.,علامة كورفوازييه,3. قيلة مخاطية في المرارة.,0.5024617910385132,0.4595160484313965,0.4800302982330322,Incorrect
4947,ما هو التشخيص المحتمل لمريض عمره 48 سنة يعاني من اضطراب رئوي وصداع وارتفاع ضغط؟,ANSWER: متلازمة أضداد الفوسفوليبيد,3. متلازمة كون.,متلازمة أضداد الفوسفوليبيد,3. متلازمة كون.,0.6348811984062195,0.5732641220092773,0.6025013327598572,Incorrect
4948,ما هو التشخيص المحتمل لمريض ربو مع تفاقم متكرر لحالته تطور لديه بشكل تدريجي شعرانية مع بدانة جذعية وكدمات؟,ANSWER: متلازمة كوشينغ ياتروجينية,1. متلازمة كوشينغ.,متلازمة كوشينغ ياتروجينية,1. متلازمة كوشينغ.,0.8047722578048706,0.7105674743652344,0.7547416090965271,Correct
4950,ما هو التشخيص المحتمل لسيدة حامل تبلغ من العمر 30 سنة تبين أثناء إجراء ايكو بطن لها وجود كتلة متكلسة في الشرسوف يبلغ قطرها 1 سم مع سماع لغط في منطقة الشرسوف دون وجود أي أعراض؟,ANSWER: أمّ دم شريان الطحال متكلسة,3. أم دم شريان طحالي.,أمّ دم شريان الطحال متكلسة,3. أم دم شريان طحالي.,0.654599130153656,0.6266473531723022,0.6403183341026306,Correct
4952,ما هي نسبة الاستفادة من استئصال الطحال في حالة سيدة عمرها 40 سنة تعاني من فرفرية مناعية مزمنة معندة على العلاج بالستيروئيدات؟,ANSWER: 70٪,1. أقل من 20%,70٪,1. أقل من 20%,0.7461782097816467,0.6260114312171936,0.6808331608772278,Incorrect
4953,ما هي الخطوة التالية في تدبير مريض بعمر 70 سنة دون سوابق جراحية يعاني من ألم بطني متقطع منذ أسبوع وتوسع بطني وإقياء مستمر منذ يوم، مع عدم وجود فتوق بالفحص وتعداد 3000 كرية بيضاء / مم؟,ANSWER: تصوير طبقي محوري للبطن مع تباين,4. إجراء (CT) التصوير الطبقي المحوسب للبطن.,تصوير طبقي محوري للبطن مع تباين,4. إجراء (CT) التصوير الطبقي المحوسب للبطن.,0.7151060104370117,0.5939538478851318,0.6489236354827881,Correct
4957,ما هي الخطوة التالية في تدبير مريض بعمر 70 سنة دون سوابق جراحية يعاني من ألم بطني متقطع منذ أسبوع وتوسع بطني وإقياء مستمر منذ يوم، مع عدم وجود فتوق بالفحص وتعداد 3000 كرية بيضاء / مم؟,ANSWER: تصوير طبقي محوسب للبطن والحوض مع تباين,4. إجراء (CT) التصوير الطبقي المحوسب للبطن.,تصوير طبقي محوسب للبطن والحوض مع تباين,4. إجراء (CT) التصوير الطبقي المحوسب للبطن.,0.6894611120223999,0.6077576279640198,0.6460363268852234,Correct
4958,ما هي الخطوة التالية في تدبير شاب عمره 20 سنة راجع الإسعاف بعد 20 يوماً من استئصال زائدة ملتهبة ويعاني من إقياء مع تمدد بطن وإيلام خفيف وتعداد WBC 14000 كرية/مم2 والكهارل طبيعية؟,ANSWER: تصوير طبقي محوري للبطن مع حقن وريدي,1. مراقبة 24 ساعة أخرى مع وضع NG.,تصوير طبقي محوري للبطن مع حقن وريدي,1. مراقبة 24 ساعة أخرى مع وضع NG.,0.5385934114456177,0.46359965205192566,0.49829065799713135,Incorrect
4960,ما هي الخطوة الأولى الأهم في تدبير مريض يبلغ من العمر 32 سنة يعاني من إقياء كميات كبيرة من الدم الأحمر القاني؟,ANSWER: تأمين مجرى الهواء,3. الإنعاش بالسوائل.,تأمين مجرى الهواء,3. الإنعاش بالسوائل.,0.49850398302078247,0.44171756505966187,0.4683958888053894,Incorrect
4961,ما هو التشخيص المحتمل لمريض عمره 70 سنة تطور لديه بعد 3 أيام من احتشاء قلبي ألم بطني مع تطبل البطن وخفوت في أصوات الأمعاء وتحليل غازات الدم يشير إلى حماض استقلابي؟,ANSWER: إقفار مساريقي حاد,2. احتشاء مساريقي.,إقفار مساريقي حاد,2. احتشاء مساريقي.,0.711144208908081,0.6396600604057312,0.6735106706619263,Correct
