id,input,prediction,ground_truth,prediction_clean,ground_truth_clean,bert_precision_example,bert_recall_example,bert_f1_example,judge_label
1,ما هو العصب الذي ينقل إحساس الذوق من ثلث اللسان الخلفي؟,العصب اللساني البلعومي.,التاسع,العصب اللساني البلعومي.,التاسع,0.3412284553050995,0.3301992416381836,0.33562326431274414,Correct
2,ما هي القوس البيضاء عند حدود جسم الظفر مع جذره؟,ANSWER: الهلال الأبيض,هليل الظفر,الهلال الأبيض,هليل الظفر,0.6519462466239929,0.6519462466239929,0.6519462466239929,Correct
3,أين يقع الخط الالوي السفلي؟,خلف الفك السفلي,السطح الخارجي للحرقفة,خلف الفك السفلي,السطح الخارجي للحرقفة,0.639169454574585,0.65372234582901,0.6463640332221985,Incorrect
4,ما هي الحافة من الفرع التي تشكل زاوية الفك السفلي؟,ANSWER: زاوية الفك السفلي,الخلفية,زاوية الفك السفلي,الخلفية,0.5342211723327637,0.5675333738327026,0.5503736734390259,Incorrect
5,ما هي البنية التشريحية التي تتعصب بالعصب الشظوي السطحي؟,قدم,العضله الشظويه الطويله,قدم,العضله الشظويه الطويله,0.2894810736179352,0.26278242468833923,0.27548637986183167,Incorrect
6,أين تشاهد الجسور بين الخلوية؟,تحت المجهر الإلكتروني,الطبقة الشائكة من النسيج الظهاري المطبق,تحت المجهر الإلكتروني,الطبقة الشائكة من النسيج الظهاري المطبق,0.40614163875579834,0.43908828496932983,0.4219728410243988,Incorrect
7,ما الذي يحول الثلمتين الاسكيتين إلى ثقبتين؟,ANSWER: اندماج الثقبة العضدية الكبيرة,الرباط العجزي الشوكي العجزي الحدبي,اندماج الثقبة العضدية الكبيرة,الرباط العجزي الشوكي العجزي الحدبي,0.5897371768951416,0.5870879888534546,0.5884096026420593,Incorrect
8,ما هو الهرمون الذي يفرز PTH؟,الغدة الجار درقية,الغدد جارات الدرق,الغدة الجار درقية,الغدد جارات الدرق,0.6424984335899353,0.6474347114562988,0.6449570655822754,Correct
9,ما الذي يقع بين جسم الفقرة والقوس الفقرية؟,المقطع العرضي للقرص الفقري.,الثقبة الفقرية,المقطع العرضي للقرص الفقري.,الثقبة الفقرية,0.6343647241592407,0.6120108366012573,0.6229872703552246,Incorrect
10,أين تقع المنطقة الشمية؟,ANSWER: Olfactory bulb,سقف الأنف,Olfactory bulb,سقف الأنف,0.43242037296295166,0.41048893332481384,0.42116934061050415,Incorrect
11,ما الذي يتصل به المدورين بالأمام في الفخذ؟,الإجابة: رأس عظم الفخذ,الخط بين المدورين,الإجابة: رأس عظم الفخذ,الخط بين المدورين,0.42443156242370605,0.46091264486312866,0.4419204890727997,Incorrect
12,أين يوجد التلم الكعبري في جسم العضد؟,التلم الكوعي (Olecranon process).,على الوجه الخلفي.,التلم الكوعي (Olecranon process).,على الوجه الخلفي.,0.4205677807331085,0.5317353010177612,0.46966296434402466,Incorrect
13,ما الذي تتشكل منه ضفيرة راشكوف في لب السن؟,ANSWER: ألياف شاربي,ألياف حسية.,ألياف شاربي,ألياف حسية.,0.7591855525970459,0.7150359153747559,0.736449658870697,Incorrect
14,أين يقع المستقيم؟,المستقيم: نهاية الأمعاء الغليظة.,القولون السيني والقناة الشرجية,المستقيم: نهاية الأمعاء الغليظة.,القولون السيني والقناة الشرجية,0.5197810530662537,0.5768632888793945,0.5468364953994751,Incorrect
15,إلى أي صنف من أصناف الغدد تنتمي حديثات المونتغمري؟,الغدد الثديية,دهنية,الغدد الثديية,دهنية,0.506118893623352,0.6366083025932312,0.5639132857322693,Incorrect
16,ما هو العصب المحرك لعضلات اللسان؟,العصب تحت اللسان,12,العصب تحت اللسان,12,0.24364317953586578,0.2797386646270752,0.2604462504386902,Correct
17,ما هي الضفيرة التي يتفرع منها العصب الحجابي؟,يتفرع العصب الحجابي من الضفيرة العنقية.,الرقبية,يتفرع العصب الحجابي من الضفيرة العنقية.,الرقبية,0.35075467824935913,0.33749401569366455,0.3439965844154358,Correct
18,من أين يفرز الأدرينالين؟,Adrenal medulla,لب الكظر,Adrenal medulla,لب الكظر,0.46803563833236694,0.45813584327697754,0.4630328118801117,Correct
19,ما هو الوريد الذي يتشكل منه الوريد الأجوف السفلي؟,الوريد مسراقي سفلي.,الوريدين الحرقفيين المشتركين الأيمن والأيسر,الوريد مسراقي سفلي.,الوريدين الحرقفيين المشتركين الأيمن والأيسر,0.6226404905319214,0.5182900428771973,0.5656932592391968,Incorrect
20,ما هي الطبقة الأكثر تمايزاً وكثافة في الشرايين؟,الطبقة الداخلية (Intima),المتوسطة,الطبقة الداخلية (Intima),المتوسطة,0.42911335825920105,0.47442883253097534,0.45063474774360657,Incorrect
21,مما ينتج هرمون T4؟,الغدة الدرقية,الدرق,الغدة الدرقية,الدرق,0.5530030727386475,0.5664024949073792,0.559622585773468,Correct
22,ما هي العضلة التي ترتكز بشكل أساسي على العظم الزورقي؟,ANSWER: العضلة المثنية الزندية الطويلة,الظنبوبي الخلفي,العضلة المثنية الزندية الطويلة,الظنبوبي الخلفي,0.565923810005188,0.527276873588562,0.5459172129631042,Incorrect
23,أين تقع المنطقة الشمية؟,ANSWER: Olfactory bulb,سقف الأنف,Olfactory bulb,سقف الأنف,0.43242037296295166,0.41048893332481384,0.42116934061050415,Incorrect
24,ما هو اسم الوسادة من النسيج الدهني فوق الارتفاق العاني؟,الوسادة العانية,جبل العانة,الوسادة العانية,جبل العانة,0.6248980164527893,0.6496998071670532,0.6370575428009033,Correct
25,أين يتوضع الكولون السيني؟,الثلثين الطرفيين القولون,الناحية المغبنية اليسرى,الثلثين الطرفيين القولون,الناحية المغبنية اليسرى,0.5133177638053894,0.589226245880127,0.5486589074134827,Incorrect
26,ما هو القسم من العظم الجبهي الذي يفصل بين القسمين الحجاجيين من الخلف؟,النتوءات الجناحية الكبيرة,الثلمة الغربالية,النتوءات الجناحية الكبيرة,الثلمة الغربالية,0.5889507532119751,0.6433300971984863,0.6149405837059021,Incorrect
27,ما هي الفروع الانتهائية للسبات الظاهر؟,آفة جذرية، قطع العصب.,الفكي والصدغي والسطحي,آفة جذرية، قطع العصب.,الفكي والصدغي والسطحي,0.4823567867279053,0.5616660714149475,0.5189990997314453,Incorrect
28,أين يمر عصب الفك العلوي؟,جيب الفك العلوي.,الثقبة المدورة,جيب الفك العلوي.,الثقبة المدورة,0.47058939933776855,0.46335241198539734,0.46694284677505493,Incorrect
29,ما هي النقطة التشريحية على الوجه السفلي لجسم العظم الوتدي؟,النقطة التشريحية على الوجه السفلي لجسم العظم الوتدي هي **النقرة الفكية السفلية** (Inferior Hayling's Point / Infratentorial Point of the Ethmoid).,المنقار الوتدي,النقطة التشريحية على الوجه السفلي لجسم العظم الوتدي هي **النقرة الفكية السفلية** (Inferior Hayling's Point / Infratentorial Point of the Ethmoid).,المنقار الوتدي,0.43295392394065857,0.6667692065238953,0.5250055193901062,Incorrect
30,ما اسم العظم الذي يتوضع كيس الدمع عليه؟,الجواب: عظم الدمع,الدمعي أنسي الحجاج,الجواب: عظم الدمع,الدمعي أنسي الحجاج,0.4987150728702545,0.48133546113967896,0.48987114429473877,Correct
31,من أين ينشأ الشريان السباتي المشترك الأيسر؟,الشريان السباتي المشترك الأيسر ينشأ من:,قوس الأبهر مباشرة,الشريان السباتي المشترك الأيسر ينشأ من:,قوس الأبهر مباشرة,0.4246703088283539,0.4683716297149658,0.4454517066478729,Incorrect
32,ما طول الأسهر؟,8-10 سم,45 سم,8-10 سم,45 سم,0.7062148451805115,0.8464788198471069,0.7700114250183105,Incorrect
33,ما هو المكان الذي يعبر من خلاله الشريان السحائي الأوسط؟,السرة الدماغية الوسطى,الثقبة الشوكية,السرة الدماغية الوسطى,الثقبة الشوكية,0.6383067965507507,0.6616026163101196,0.6497460007667542,Incorrect
34,ما هي الطية الجلدية التي تغطي رأس القضيب؟,اللفافة القضيبة.,القلفة,اللفافة القضيبة.,القلفة,0.45574063062667847,0.5123475790023804,0.4823891222476959,Incorrect
35,ما هي البنية التشريحية التي ترتكز على الحفرة المدورية؟,الأسنان الأمامية العلوية.,العضلة السدادية الظاهرة,الأسنان الأمامية العلوية.,العضلة السدادية الظاهرة,0.6253864169120789,0.6454430818557739,0.6352564692497253,Incorrect
36,أين يتوضع الدرز الأكليلي؟,الدرز الإكليلي,يتوضع بين العظم الجبهي والجداريين.,الدرز الإكليلي,يتوضع بين العظم الجبهي والجداريين.,0.4614071547985077,0.4900272786617279,0.4752867817878723,Incorrect
37,ماذا يفعل الرباط المتصالب الأمامي؟,يربط بين عظمي الساق الأماميين.,يمنع انزياح الساق للأمام,يربط بين عظمي الساق الأماميين.,يمنع انزياح الساق للأمام,0.6025610566139221,0.5470676422119141,0.5734750628471375,Incorrect
38,ما العصب القحفي الذي يعبر الثقبة البيضية؟,العصب المحرك للعين (III) والعصب البكري (IV) والعصب المبعد (VI) والعصب القحفي الثالث عشر (العصب اللساني البلعومي - CN IX).,الفكي السفلي,العصب المحرك للعين (III) والعصب البكري (IV) والعصب المبعد (VI) والعصب القحفي الثالث عشر (العصب اللساني البلعومي - CN IX).,الفكي السفلي,0.34982216358184814,0.43498513102531433,0.3877829313278198,Incorrect
39,إلى أي قصبات تتفرع القصبات الفصية؟,القصبات الهوائية الكبيرة,قطعية شدفية,القصبات الهوائية الكبيرة,قطعية شدفية,0.6133898496627808,0.5967597961425781,0.604960560798645,Incorrect
40,أين توجد نوى الأعصاب القحفية من الثالث حتى الثاني عشر؟,في جذع الدماغ، خاصة في النخاع المستطيل والجسر.,جذع الدماغ,في جذع الدماغ، خاصة في النخاع المستطيل والجسر.,جذع الدماغ,0.5136845707893372,0.7484914660453796,0.609247088432312,Correct
41,على ماذا يحتوي البلعوم الفموي من اللوزتين؟,اللوزتين الحنكيتين,الحنكيتين,اللوزتين الحنكيتين,الحنكيتين,0.7157257199287415,0.7472410798072815,0.7311439514160156,Correct
42,على أي من وجوه الكبد يوجد مسكن المرارة؟,الوجه الأيمن السفلي,السفلي,الوجه الأيمن السفلي,السفلي,0.5746798515319824,0.6390212774276733,0.6051450967788696,Correct
43,ما هو العصب القحفي الثاني؟,ANSWER: العصب البصري,البصري - حاسي,العصب البصري,البصري - حاسي,0.5377734899520874,0.4967823624610901,0.5164658427238464,Correct
44,ما وظيفة العضلة تحت الكتفية؟,تثبيت المفصل.,دوران أنسي للكتف.,تثبيت المفصل.,دوران أنسي للكتف.,0.6953955888748169,0.613726019859314,0.6520133018493652,Incorrect
45,أين تتوضع المشيمة في ارتكاز المشيمة المعيب؟,المشيمة قد تكون منخفضة بشكل كبير أو متقدمة.,بين الجنين والمهبل.,المشيمة قد تكون منخفضة بشكل كبير أو متقدمة.,بين الجنين والمهبل.,0.4522044062614441,0.5193296670913696,0.4834481179714203,Incorrect
46,ما اسم الطبقة من السحايا التي تغطي الجيوب الوريدية؟,الطبقة العنكبوتية,الام الجافية,الطبقة العنكبوتية,الام الجافية,0.6761718988418579,0.5728366374969482,0.6202296018600464,Incorrect
47,ما هي الألياف التي تربط المراكز القشرية بالمحيط؟,ANSWER: الألياف الارتدادية,إسقاطية,الألياف الارتدادية,إسقاطية,0.4820840358734131,0.554020345211029,0.5155549049377441,Incorrect
48,ما الذي تشكله البصلة عندما تتمادى في الأمام في جسم القضيب؟,احتقان بصلة القضيب,الجسم الاسفنجي,احتقان بصلة القضيب,الجسم الاسفنجي,0.5721819400787354,0.6779126524925232,0.620576024055481,Incorrect
49,ما هي أكبر غدد الجسم؟,أكبر غدد الجسم: **الفص الجبهي**,الكبد,أكبر غدد الجسم: **الفص الجبهي**,الكبد,0.3024871051311493,0.40206801891326904,0.3452402353286743,Incorrect
50,ما هي الشرايين الخمسة التي يتفرع إليها الشريان الكلوي؟,يتفرع الشريان الكلوي إلى الشرايين الكلوية الخمسة.,قطعية,يتفرع الشريان الكلوي إلى الشرايين الكلوية الخمسة.,قطعية,0.3078160881996155,0.36256593465805054,0.3329553008079529,Incorrect
51,بماذا ينتهي الشريان الوجهي؟,شريان وتفرع للعصب الوجهي.,الشريان الزاوي,شريان وتفرع للعصب الوجهي.,الشريان الزاوي,0.45358240604400635,0.5645991563796997,0.5030384659767151,Incorrect
52,ما هي طبقة لب السن الأكثر عمقا والأقرب لجوهر اللب؟,الجذر (Apical region),المنطقة الغنية بالخلايا.,الجذر (Apical region),المنطقة الغنية بالخلايا.,0.491338849067688,0.483942449092865,0.48761260509490967,Incorrect
53,أين تقع فوهة مصب الجيب الأكليلي؟,فوهة مصب الجيب الأكليلي تقع عند النقطة التي **تتحد** فيها الأوردة الجيبية الأمامية مع الوريد الأجوف العلوي لتشكيل الجيب الأبلي.,أمام وأسفل مصب الأجوف السفلي,فوهة مصب الجيب الأكليلي تقع عند النقطة التي **تتحد** فيها الأوردة الجيبية الأمامية مع الوريد الأجوف العلوي لتشكيل الجيب الأبلي.,أمام وأسفل مصب الأجوف السفلي,0.4820682108402252,0.5657833814620972,0.5205817222595215,Incorrect
54,ما هي الزاوية الأمامية السفلية للعظم الجداري؟,الزاوية الأمامية السفلية: **الطفيف الجبهي**,وتدية,الزاوية الأمامية السفلية: **الطفيف الجبهي**,وتدية,0.3777455687522888,0.36940643191337585,0.37352946400642395,Incorrect
55,أي عصب هو المحرك لعضلات اللسان؟,العصب اللساني,12,العصب اللساني,12,0.2611997127532959,0.28630268573760986,0.2731757164001465,Incorrect
56,ما هو البروز العظمي الذي يحتوي عليه الوجه الداخلي لفرع الفك السفلي؟,الفرع الجناحي الإنسي,اللسين,الفرع الجناحي الإنسي,اللسين,0.46275198459625244,0.4956710934638977,0.4786462187767029,Incorrect
57,ما هي المواد التي تفرزها الغدد استجابة للتنبيه وترحل عبر الدم؟,الهرمونات,الهرمونات,الهرمونات,الهرمونات,1.0000001192092896,1.0000001192092896,1.0000001192092896,Correct
58,ما هي الزاوية بين قبضة وجسم القص؟,الزاوية القائمة.,لويس,الزاوية القائمة.,لويس,0.46110349893569946,0.5502309203147888,0.5017398595809937,Incorrect
59,من أين يخرج العصب الفكي العلوي من الجمجمة؟,يتفرع من الشريان الفكي العلوي.,الثقبة المدورة,يتفرع من الشريان الفكي العلوي.,الثقبة المدورة,0.3932807445526123,0.3939782381057739,0.39362919330596924,Incorrect
60,ما الذي يحدد المنصف العلوي جانبياً؟,العضلة القصية الدرقية.,الجنية المنصفية.,العضلة القصية الدرقية.,الجنية المنصفية.,0.5035468339920044,0.5623562335968018,0.5313291549682617,Incorrect
61,ما هما الممران اللذان يمر عبرهما الهواء إلى جوف الأنف؟,الممرا,المنخرين,الممرا,المنخرين,0.7653160095214844,0.7653160095214844,0.7653160691261292,Incorrect
62,أين ترتكز العضلة العريضة الظهرية؟,النتوءات المستعرضة للفقرة الصدرية الأخيرة.,قاع أخدود ذات الرأسين.,النتوءات المستعرضة للفقرة الصدرية الأخيرة.,قاع أخدود ذات الرأسين.,0.5117853283882141,0.5408674478530884,0.5259246230125427,Incorrect
63,ما هو القولون الذي يمتد بشكل أفقي؟,القولون المستعرض,الكولون المعترض,القولون المستعرض,الكولون المعترض,0.7420852780342102,0.7259313464164734,0.7339194416999817,Correct
64,كم عدد القطع العصعصية في النخاع الشوكي؟,لا يوجد.,1,لا يوجد.,1,0.34932583570480347,0.4104461967945099,0.3774275779724121,Incorrect
65,ما الطبقة التي تمثلها العضلة الدافعة في المثانة؟,طبقة العضلات الملساء,العضلية,طبقة العضلات الملساء,العضلية,0.6529972553253174,0.6519783735275269,0.6524873971939087,Correct
66,ما هي الخلايا التي توجد في الجلد وتعمل كمستقبلات آلية حسية؟,خلايا ميركل,خلايا ميركل.,خلايا ميركل,خلايا ميركل.,0.8665072321891785,0.7080731391906738,0.7793193459510803,Correct
67,ما اسم الكرة الصغيرة فوق قمة الغضروف؟,الهلالي الغضروفي,القريني,الهلالي الغضروفي,القريني,0.5413416624069214,0.5741350054740906,0.5572563409805298,Incorrect
68,أين لا توجد الغدد الزهمية؟,العين الداخلية والخارجية,راحة اليد وأخمص القدم,العين الداخلية والخارجية,راحة اليد وأخمص القدم,0.6202742457389832,0.5346254110336304,0.574273943901062,Incorrect
69,ما هو العصب المسؤول عن حركات عضلات الوجه التعبيرية؟,العصب الوجهي (Facial Nerve),السابع,العصب الوجهي (Facial Nerve),السابع,0.366818368434906,0.37478259205818176,0.37075772881507874,Correct
70,ما هي الزاوية الخلفية السفلية في العظم الجداري؟,الزاوية الخلفية السفلية (Posterior Superior Angular (PSA) ridge).,خشانية,الزاوية الخلفية السفلية (Posterior Superior Angular (PSA) ridge).,خشانية,0.2575001120567322,0.37052276730537415,0.30384132266044617,Incorrect
71,ما هو الاسم الآخر لفرع الفك السفلي؟,الفرع الفكي السفلي.,الرأد.,الفرع الفكي السفلي.,الرأد.,0.44180136919021606,0.5412358045578003,0.4864896833896637,Incorrect
72,ماذا يفعل الرباط المتصالب الأمامي؟,يربط بين عظمي الساق الأماميين.,يمنع ازياح الساق للأمام,يربط بين عظمي الساق الأماميين.,يمنع ازياح الساق للأمام,0.5917164087295532,0.5448448657989502,0.5673141479492188,Incorrect
73,ما هي الثقبة التي يعبر من خلالها العصب الوجهي؟,الثقبة الإبرية الخشائية,الثقبة الإبرية الخشانية,الثقبة الإبرية الخشائية,الثقبة الإبرية الخشانية,0.8879140615463257,0.9038071036338806,0.895790159702301,Correct
74,ماذا تفرز خلايا بيتا في البنكرياس؟,الأنسولين.,الأنسولين,الأنسولين.,الأنسولين,0.6902570724487305,0.8112986087799072,0.7458992004394531,Correct
75,ما هو التامور الخارجي الذي لا يرتبط بالقلب؟,لا يوجد تامور خارجي لا يرتبط بالقلب.,التامور الليفي,لا يوجد تامور خارجي لا يرتبط بالقلب.,التامور الليفي,0.46391379833221436,0.5336687564849854,0.49635249376296997,Incorrect
76,ما هو القسم من الضلع الواقع بين الرأس والحديبة؟,جيب ضلعي (Costal cavity),العنق,جيب ضلعي (Costal cavity),العنق,0.3838953971862793,0.5505272746086121,0.45235392451286316,Incorrect
77,مع أي عظم يتمفصل الظنبوب في الأسفل؟,الجمجمة,القعب,الجمجمة,القعب,0.6548082828521729,0.7332777380943298,0.6918250322341919,Incorrect
78,أي من العضلات العميقة التالية للمثلث الخلفي للعنق ترتبط بحدبة الأطلس الخلفية؟,العضلة القصية الترقوية الخشائية الخلفية (Posterior Scalenus),المستقيمه الرأسيه الخلفيه الصغيرة,العضلة القصية الترقوية الخشائية الخلفية (Posterior Scalenus),المستقيمه الرأسيه الخلفيه الصغيرة,0.5986399054527283,0.7538586854934692,0.6673425436019897,Incorrect
79,ما هو التركيب الذي يتصل بالخلف مع البلعوم الفموي عبر برزخ الحلق؟,اللسان,جوف الفم المخصوص,اللسان,جوف الفم المخصوص,0.5672597885131836,0.48392748832702637,0.5222905874252319,Incorrect
80,ما هي البنية التي تغطي السطوح الأمامي والإنسي والوحشي للخصية؟,البربخ.,الغلالة الغمدية,البربخ.,الغلالة الغمدية,0.585837185382843,0.5811300873756409,0.5834740996360779,Incorrect
81,أين يقع موقع الغدة الدرقية؟,مقدمة عن الغدة الدرقية.,تحت الحنجرة وعلى جانبي الرغامي وأمامها,مقدمة عن الغدة الدرقية.,تحت الحنجرة وعلى جانبي الرغامي وأمامها,0.5032553672790527,0.4715917110443115,0.48690932989120483,Incorrect
82,أين تتوضع مستقبلات الشم؟,الأنف: عضو حاسة الشم.,سقف الأنف.,الأنف: عضو حاسة الشم.,سقف الأنف.,0.48041173815727234,0.6020980477333069,0.5344154238700867,Incorrect
83,ما هي طبيعة هرمونات الغدة النخامية؟,هرمونات ببتيدية.,بيتيدية,هرمونات ببتيدية.,بيتيدية,0.4509982466697693,0.5131033658981323,0.4800504744052887,Correct
84,ما هو مفصل المرفق؟,مفصل رزي,نموذج رزى,مفصل رزي,نموذج رزى,0.8085072040557861,0.8085072040557861,0.8085072040557861,Correct
85,ما هو المكان الذي تنشأ منه العضلة المدورة الكبيرة بشكل أساسي؟,العضلة المدورة الكبيرة تنشأ من:,أسفل الحافة الوحشية لعظم لوح الكتف.,العضلة المدورة الكبيرة تنشأ من:,أسفل الحافة الوحشية لعظم لوح الكتف.,0.5433591604232788,0.5025419592857361,0.5221540927886963,Incorrect
86,أين يتوضع الأبهر النازل البطني؟,الشريان الأبهر البطني النازل.,أيسر الأجوف السفلي,الشريان الأبهر البطني النازل.,أيسر الأجوف السفلي,0.5248116850852966,0.5401874780654907,0.5323886275291443,Incorrect
87,ما الذي يجاور السطح العلوي لمثانة الرجل؟,مجرى البول.,عرى اللفائفي والكولون السيني,مجرى البول.,عرى اللفائفي والكولون السيني,0.4316713809967041,0.4048537313938141,0.41783270239830017,Incorrect
88,ما هي عضلة الشهيق الرئيسية؟,الحجاب الحاجز,الحجاب الحاجز.,الحجاب الحاجز,الحجاب الحاجز.,0.8484900593757629,0.7110673189163208,0.7737240195274353,Correct
89,ما هو ترتيب دخول التراكيب إلى سرة الكلية من الخلف للأمام؟,لا يوجد ترتيب ثابت ومحدد لدخول التراكيب إلى سرة الكلية (المساحة المحيطة بالكلى) من الخلف للأمام، حيث أن هذه المنطقة معقدة وديناميكية وتتغير باستمرار. ومع ذلك، يمكن تلخيص بعض التراكيب الرئيسية التي قد تتفاعل أو تعبر هذه المنطقة بترتيب تقريبي من الخلف للأمام:,حويضة – شريان – وريد,لا يوجد ترتيب ثابت ومحدد لدخول التراكيب إلى سرة الكلية (المساحة المحيطة بالكلى) من الخلف للأمام، حيث أن هذه المنطقة معقدة وديناميكية وتتغير باستمرار. ومع ذلك، يمكن تلخيص بعض التراكيب الرئيسية التي قد تتفاعل أو تعبر هذه المنطقة بترتيب تقريبي من الخلف للأمام:,حويضة – شريان – وريد,0.3533850610256195,0.390159010887146,0.3708626329898834,Incorrect
90,أين تشاهد التلمة الكعبرية للزند؟,الطرف العلوي للزند,الوجه الوحشي للناتئ المنقاري.,الطرف العلوي للزند,الوجه الوحشي للناتئ المنقاري.,0.5578474998474121,0.5231108665466309,0.5399210453033447,Incorrect
91,أين تتوضع الثقبة العوراء في اللسان؟,خلف الكلم الإنتهائي,خلف الكلم الإنتهائي,خلف الكلم الإنتهائي,خلف الكلم الإنتهائي,0.9999997615814209,0.9999997615814209,0.9999997615814209,Correct
92,ما هو أطول أجزاء الأنبوب الهضمي؟,اللفائفي,المعي الدقيق,اللفائفي,المعي الدقيق,0.6310514807701111,0.6911265850067139,0.6597241759300232,Incorrect
93,ما هو ترتيب العضلات من الأعلى للأسفل على الناحية الخلفية للألية؟,ANSWER: العضلة الكبيرة الألوية، العضلة شبه الغشائية، العضلة شبه الوترية.,كمثرية - توأمية علوية - سادة باطنة - توأمية سفلية,العضلة الكبيرة الألوية، العضلة شبه الغشائية، العضلة شبه الوترية.,كمثرية - توأمية علوية - سادة باطنة - توأمية سفلية,0.5586702823638916,0.6443653702735901,0.5984657406806946,Incorrect
94,ما هي الطبقة المبطنة للتامور الليفي؟,الطبقة الحشوية للتامور الليفي.,التامور المصلي الجداري,الطبقة الحشوية للتامور الليفي.,التامور المصلي الجداري,0.5233396887779236,0.6007919311523438,0.5593975782394409,Incorrect
95,ما هو أطول أجزاء أنبوب الهضم؟,الاثنا عشر,المعي الدقيق,الاثنا عشر,المعي الدقيق,0.5425659418106079,0.6125589609146118,0.5754418969154358,Incorrect
96,ما هو الهرمون الذي يسرع عملية تصنيع الأحماض الدهنية من الغلوكوز في الخلايا الشحمية؟,الأديبونيكتين.,الانسولين,الأديبونيكتين.,الانسولين,0.4976421892642975,0.5610114336013794,0.5274302363395691,Incorrect
97,ما هو الرباط الذي يربط الرحم بجدران الحوض الجانبية؟,رباط الرحم المعلق (Round Ligament),العريض,رباط الرحم المعلق (Round Ligament),العريض,0.04392993077635765,0.09558745473623276,0.060195375233888626,Incorrect
98,ما هو لون لب الكظر؟,لب الكظر أصفر.,بني غامق,لب الكظر أصفر.,بني غامق,0.3910006880760193,0.4200170934200287,0.4049898386001587,Incorrect
99,ما الذي يشكل معظم الكتلة العضلية للسان؟,العضلات الداخلية للسان.,ذقنية لسانية,العضلات الداخلية للسان.,ذقنية لسانية,0.4955193102359772,0.5232692956924438,0.5090163946151733,Incorrect
100,ما هي أصغر الحليمات الذوقية وأكثرها عدداً؟,أصغر الحليمات الذوقية وأكثرها عدداً هي **الحليمات الفطرية (Fungiform Papillae)**.,الخيطية,أصغر الحليمات الذوقية وأكثرها عدداً هي **الحليمات الفطرية (Fungiform Papillae)**.,الخيطية,0.36998945474624634,0.4286962151527405,0.3971852660179138,Incorrect
101,ما هي العضلات الطويلة التي تربط الفقرات مع بعضها؟,الأربطة الفقرية (Intervertebral Discs),عضلات العمود الفقري,الأربطة الفقرية (Intervertebral Discs),عضلات العمود الفقري,0.5717583894729614,0.637313187122345,0.6027585864067078,Incorrect
102,ما هو أضيق قسم في جذع الدماغ؟,الثلم بين الكرويّين,مستوى الدماغ المتوسط,الثلم بين الكرويّين,مستوى الدماغ المتوسط,0.5474648475646973,0.596112847328186,0.5707541108131409,Incorrect
103,أين يقع التلفيف خلف المركزي؟,التلفيف خلف المركزي (Posterior Cortex) يقع في الجزء الخلفي من الفص الصدغي، وهو مركز أساسي للمعالجة السمعية.,الفص الجداري.,التلفيف خلف المركزي (Posterior Cortex) يقع في الجزء الخلفي من الفص الصدغي، وهو مركز أساسي للمعالجة السمعية.,الفص الجداري.,0.4476414918899536,0.5786586999893188,0.5047873258590698,Incorrect
104,ما هي الباحة التي يحويها التلفيف خلف المركزي؟,القدم الوحشية,الحس الجسدي الأولية,القدم الوحشية,الحس الجسدي الأولية,0.6700210571289062,0.634385347366333,0.651716411113739,Incorrect
105,ما هي أصغر الحليمات الذوقية وأكثرها عدداً؟,أصغر الحليمات الذوقية وأكثرها عدداً هي **الحليمات الفطرية (Fungiform Papillae)**.,الخيطية,أصغر الحليمات الذوقية وأكثرها عدداً هي **الحليمات الفطرية (Fungiform Papillae)**.,الخيطية,0.36998945474624634,0.4286962151527405,0.3971852660179138,Incorrect
106,ما هي المجموعة العضلية التي تنتمي إليها العضلة الحرقفية؟,عضلات قاع الحوض,عضلات الزنار الحوضي الأمامية,عضلات قاع الحوض,عضلات الزنار الحوضي الأمامية,0.7304158806800842,0.6886858940124512,0.708937406539917,Incorrect
107,ما هو القسم المسؤول عن تنظيم الفعالية الحياتية الذاتية؟,الجهاز العصبي المركزي (الدماغ والحبل الشوكي),جذع الدماغ,الجهاز العصبي المركزي (الدماغ والحبل الشوكي),جذع الدماغ,0.5704437494277954,0.578960657119751,0.5746706128120422,Incorrect
108,ما هي المادة شبيهة بالهلام التي تشغل أربعة أخماس المقلة؟,الزجاج المصهور (Amber-like material),الخلط الزجاجي,الزجاج المصهور (Amber-like material),الخلط الزجاجي,0.5578530430793762,0.5950649380683899,0.575858473777771,Incorrect
109,أين تقع أجسام العصبونات التي تفرز الهرمون المضاد للإدرار ADH؟,نواة فوق البصرية والنواة جانب البطينية,الأنوية فوق البصرية,نواة فوق البصرية والنواة جانب البطينية,الأنوية فوق البصرية,0.6784424781799316,0.745517373085022,0.7104001641273499,Incorrect
110,ما هي العضلات التي لها منشأ عظمي وترتكز على باطن جلد الوجه؟,العضلة المبوقة.,عضلات الوجه التعبيرية,العضلة المبوقة.,عضلات الوجه التعبيرية,0.5536513328552246,0.5463688969612122,0.5499860048294067,Incorrect
111,ما هو مصدر التروية الرئيسية للمعدة؟,المعدة تتلقى تروية دموية رئيسية من الشريان المعدي الأيسر (Splenic Vein).,فروع الجذع الزلاقي,المعدة تتلقى تروية دموية رئيسية من الشريان المعدي الأيسر (Splenic Vein).,فروع الجذع الزلاقي,0.48258599638938904,0.5201054215431213,0.500643789768219,Incorrect
112,ما هي أطول أجزاء أنبوب الهضم؟,الاثنا عشر,المعي الدقيق,الاثنا عشر,المعي الدقيق,0.5425659418106079,0.6125589609146118,0.5754418969154358,Incorrect
113,من أين ينشأ الجذع الرئوي؟,ينشأ الجذع الرئوي من القص.,البطين الأيمن,ينشأ الجذع الرئوي من القص.,البطين الأيمن,0.403795063495636,0.4451702833175659,0.4234744608402252,Incorrect
114,ما هو اسم المنعكس الذي يحدث عند رفع الخصية والصفن للأعلى؟,منعكس العضو (Genital Reflex),المشمري,منعكس العضو (Genital Reflex),المشمري,0.4541611671447754,0.4793683886528015,0.46642446517944336,Incorrect
115,ما هو العظم الذي يحتوي على تلم في وجهه السفلي لمرور وتر الشظية الطويلة؟,الظنبوب,النردي,الظنبوب,النردي,0.7861137390136719,0.7079524993896484,0.7449886202812195,Incorrect
116,ما هي المنطقة المتوسطة من نواحي البطن؟,المنطقة الوسطى (Abdominal Midregion),السرية,المنطقة الوسطى (Abdominal Midregion),السرية,0.36448997259140015,0.42723867297172546,0.39337775111198425,Incorrect
117,ما الذي يصل بين الأذينة اليسرى والبطين الأيسر؟,صمام التاجي,فوهة التاجي,صمام التاجي,فوهة التاجي,0.7511755228042603,0.6634275913238525,0.7045800685882568,Correct
118,ما الذي يعطي الرباط الحرقفي القطني منشأ له؟,الإلباس الإليوم.,العضلة المربعة القطنية.,الإلباس الإليوم.,العضلة المربعة القطنية.,0.5795173048973083,0.5585132837295532,0.5688214898109436,Incorrect
119,ماذا يحفز ACTH إفرازه؟,CRH,الكورتيزول,CRH,الكورتيزول,0.4554987847805023,0.5233557224273682,0.48707523941993713,Incorrect
120,ما هو أكثر أقسام الإحليل قابلية للتمدد وأعرضها؟,البروستات (Prostate),الموثي,البروستات (Prostate),الموثي,0.40606969594955444,0.49631232023239136,0.44667863845825195,Incorrect
121,مما يتكون الزنار الحوضي؟,الإجابة: نسيج ضام,من العظمين الوركيين و العجز.,الإجابة: نسيج ضام,من العظمين الوركيين و العجز.,0.4328218698501587,0.4467843472957611,0.43969225883483887,Incorrect
122,أين تقع الباحة الحركية الأولية؟,الباحة الحركية الأولية,في التلفيف أمام المركزي .,الباحة الحركية الأولية,في التلفيف أمام المركزي .,0.6008216738700867,0.4177219867706299,0.49281421303749084,Incorrect
123,ما هي العضلة المسؤولة عن قبض الفخذ وقبض الساق؟,العضلة الألوية الكبرى.,الخياطية,العضلة الألوية الكبرى.,الخياطية,0.37578558921813965,0.3942759037017822,0.384808748960495,Incorrect
124,أين تتوضع الغدة تحت الطية اللسانية؟,خلف الكلم الإنتهائي,تحت اللسان,خلف الكلم الإنتهائي,تحت اللسان,0.47645461559295654,0.6067222356796265,0.5337551236152649,Incorrect
125,أين يتوضع السرج التركي؟,السرج التركي: المنطقة العجزية,على الوجه العلوي لجسم العظم الوتدي.,السرج التركي: المنطقة العجزية,على الوجه العلوي لجسم العظم الوتدي.,0.5489504933357239,0.5165227651596069,0.5322431325912476,Incorrect
126,ما هو القسم مع الضلع الواقع بين الرأس والحدبية؟,قسم علوي (علوي),العنق,قسم علوي (علوي),العنق,0.46226271986961365,0.5224872827529907,0.49053341150283813,Incorrect
127,كم عدد شدف النخاع الشوكي؟,48,31,48,31,0.9451444149017334,0.9451444149017334,0.9451444149017334,Incorrect
128,ما هي العضلة الموسعة المسؤولة عن فتح الحنجرة؟,العضلة الحلقية الخلفية (Posterior cricoarytenoid muscle).,الحلقية الطرجهالية الخلفية,العضلة الحلقية الخلفية (Posterior cricoarytenoid muscle).,الحلقية الطرجهالية الخلفية,0.5358333587646484,0.6823563575744629,0.6002829670906067,Correct
129,ما يُدعى القسم العلوي المتسع من الحالب؟,القمع العلوي (Superior Conule),الحويضة,القمع العلوي (Superior Conule),الحويضة,0.4551413655281067,0.42590010166168213,0.44003546237945557,Incorrect
130,أين توجد نقطة التعظم البدئية في لوح الكتف؟,نقطة التعظم البدئية في لوح الكتف تتوضع في الحافة الأمامية العلوية للنتوء الأخرمي.,الحفرة تحت الشوك,نقطة التعظم البدئية في لوح الكتف تتوضع في الحافة الأمامية العلوية للنتوء الأخرمي.,الحفرة تحت الشوك,0.4848775863647461,0.5030571222305298,0.4938000738620758,Incorrect
131,ما هو الشريان الذي يستمر به الشريان تحت الترقوة؟,الشريان العضدي الرأسي,الابطي,الشريان العضدي الرأسي,الابطي,0.43091514706611633,0.5301811695098877,0.47542187571525574,Incorrect
132,ما هو الشريان الذي يمكن الشعور بنبضه عند الحافة السفلية للفك السفلي أمام العضلة الماضغة؟,الشريان السباتي الخارجي,الوجهي.,الشريان السباتي الخارجي,الوجهي.,0.5490083694458008,0.4921437203884125,0.5190231204032898,Incorrect
133,ما هو الشريان الذي يعتبر الشريان المخي الخلفي فرعاً منه؟,الشريان المخي الخلفي (Posterior Cerebral Artery),القاعدي,الشريان المخي الخلفي (Posterior Cerebral Artery),القاعدي,0.44063541293144226,0.38647758960723877,0.4117834270000458,Incorrect
134,ما هو أكبر أعضاء الجسم وزناً ومساحة؟,الجلد.,الجلد,الجلد.,الجلد,0.6715421676635742,0.7743464708328247,0.7192895412445068,Correct
135,ما الذي يشكله نصفا الكرة المخية مع الدماغ البيني؟,ANSWER: **القشرة المخية**,المخ,**القشرة المخية**,المخ,0.3775373101234436,0.5061096549034119,0.4324697256088257,Incorrect
136,ما هو اسم الحافة اليسرى للمعدة التي تمتد من الفؤاد إلى البواب؟,جيب المريء الاثني عشري الأيسر (Fundoplication),الانحناء الكبير,جيب المريء الاثني عشري الأيسر (Fundoplication),الانحناء الكبير,0.5306791067123413,0.5297508239746094,0.5302145481109619,Incorrect
137,ما هو مصدر نشأة الشريان الشوكي الأمامي؟,الشريان الشوكي الأمامي ينشأ من:,الفقري,الشريان الشوكي الأمامي ينشأ من:,الفقري,0.3924255967140198,0.4441149830818176,0.41667336225509644,Incorrect
138,أين يقع الثرب الصغير؟,خلف المعدة,المعدة والكبد,خلف المعدة,المعدة والكبد,0.617277979850769,0.6254149675369263,0.6213198304176331,Incorrect
139,أين تقع صفيحة الأكيمات؟,الجانب الإنسي للقدم,الدماغ المتوسط .,الجانب الإنسي للقدم,الدماغ المتوسط .,0.5865185856819153,0.48473799228668213,0.5307931303977966,Incorrect
140,ما هي الباحة التي يحويها التلفيف خلف المركزي؟,القدم الوحشية,الحس الجسدي الأولية,القدم الوحشية,الحس الجسدي الأولية,0.6700210571289062,0.634385347366333,0.651716411113739,Incorrect
141,ما هي الألياف التي تربط المراكز القشرية بالمحيط؟,ANSWER: الألياف الارتدادية,إسقاطية,الألياف الارتدادية,إسقاطية,0.4820840358734131,0.554020345211029,0.5155549049377441,Incorrect
142,ما نوع المفصل الحلقي الطرجهالي؟,مفصل زلالي محوري,الزليلي,مفصل زلالي محوري,الزليلي,0.5635942220687866,0.586526095867157,0.5748315453529358,Correct
143,ما هو رقم العصب الحركي للعضلات الماضغة؟,العصب الثلاثي التوائم,الخامس,العصب الثلاثي التوائم,الخامس,0.42714011669158936,0.48262476921081543,0.45319050550460815,Correct
144,كم عدد فصيصات الخصية؟,كلاهما,250,كلاهما,250,0.6758432388305664,0.6758432388305664,0.6758432388305664,Incorrect
145,أين ترتكز العضلة الأخمعية الخلفية بوتر رقيق؟,العضلة الأخمعية الخلفية ترتكز على:,الضلع الثاني.,العضلة الأخمعية الخلفية ترتكز على:,الضلع الثاني.,0.47775107622146606,0.49509283900260925,0.48626741766929626,Incorrect
146,أين يتوضع الثلم المهمازي؟,خلف الحنك الصلب,الأنسي,خلف الحنك الصلب,الأنسي,0.5702043175697327,0.5667198896408081,0.568456768989563,Incorrect
147,ما هي المنطقة التي يقع بينها القسيم العضلي (sarcomere)؟,ANSWER: المنطقة المضيئة (I band),الخطين -Z-,المنطقة المضيئة (I band),الخطين -Z-,0.5745595693588257,0.5653427839279175,0.569913923740387,Incorrect
148,ما الذي تنتجه الخلايا المجاورة للجريبات في الدرق؟,هرمونات الدرقية.,كاليستونين,هرمونات الدرقية.,كاليستونين,0.45169681310653687,0.4567180871963501,0.4541935622692108,Incorrect
149,ما الذي تتحول إليه الوحيدات Monocytes بعد مغادرتها الدوران؟,الخلايا البلعمية الكبيرة,بالعات,الخلايا البلعمية الكبيرة,بالعات,0.5066934823989868,0.48197901248931885,0.49402734637260437,Correct
150,ما هو الشريان الذي ينتهي به الشريان الوجهي؟,الشريان الصدغي,الزاوي,الشريان الصدغي,الزاوي,0.517139732837677,0.5368928909301758,0.5268312692642212,Incorrect
151,أين يتوضع الثلم المهمازي؟,خلف الحنك الصلب,الانسي,خلف الحنك الصلب,الانسي,0.5702043175697327,0.5667198896408081,0.568456768989563,Incorrect
152,ما هو العصب القحفي الذي يحمل التعصيب نظير الودي للقلب؟,ANSWER: العصب المبهم,10,العصب المبهم,10,0.3980294466018677,0.41852331161499023,0.40801918506622314,Correct
153,ما هي العضلة التي يمر العصب تحت اللساني في الناحية تحت الفك عميقاً منها؟,العضلة المبوقة اللسانية (Geniohyoid muscle),لامية لسانية.,العضلة المبوقة اللسانية (Geniohyoid muscle),لامية لسانية.,0.531602144241333,0.42773300409317017,0.4740445017814636,Incorrect
154,تحت أي قسم من أقسام التشريح يندرج التنبيب الرغامي؟,التخدير,التشريح التقني .,التخدير,التشريح التقني .,0.5627521276473999,0.5086536407470703,0.5343371033668518,Incorrect
155,ما هي العظام التي يتشكل منها مفصل الركبة؟,العظام الرئيسية لمفصل الركبة هي:,المفصل بين عظمي الفخذ والظنبوب والمفصل بين عظمي الفخذ والرضفة.,العظام الرئيسية لمفصل الركبة هي:,المفصل بين عظمي الفخذ والظنبوب والمفصل بين عظمي الفخذ والرضفة.,0.5458673238754272,0.5562273263931274,0.5509986281394958,Incorrect
156,ما هي الحركة الخاصة بالساعد؟,ثني المرفق,الكب,ثني المرفق,الكب,0.5787976980209351,0.6463913321495056,0.6107299327850342,Incorrect
157,ما الذي يحويه القسم الأمامي للثلم الأمامي الخلفي الأيسر للكبد؟,الثرب الأصغر (الأيسر).,تلم الرباط الوريدي,الثرب الأصغر (الأيسر).,تلم الرباط الوريدي,0.41119498014450073,0.4386937618255615,0.42449951171875,Incorrect
158,ماذا تشكل الصفيحتان السفليتان للشفرين الصغيرين عند اتحادهما؟,الشفرة المهبلية الصغرى,لجيم البظر,الشفرة المهبلية الصغرى,لجيم البظر,0.5913633108139038,0.5440889000892639,0.566741943359375,Incorrect
159,ما هي الانطباعات التي توجد على العظم الجداري؟,جيوب أنفية، شرايين سحائية، أوردة,السحائي الأوسط,جيوب أنفية، شرايين سحائية، أوردة,السحائي الأوسط,0.4630674421787262,0.4742094576358795,0.4685722291469574,Incorrect
160,ما هو العصب الحركي للعضلات الماضغة؟,العصب الفكي السفلي,الخامس,العصب الفكي السفلي,الخامس,0.37921851873397827,0.4185590147972107,0.39791879057884216,Correct
161,أين يقع الشق الحجاجي السفلي؟,الشق الحجاجي السفلي: بين العظم الوجني والوتدي.,الجناح البير والفكي العلوي,الشق الحجاجي السفلي: بين العظم الوجني والوتدي.,الجناح البير والفكي العلوي,0.5224263072013855,0.5462942719459534,0.5340937972068787,Incorrect
162,ما هو العضو المتخصص بتشكيل الصوت والتدخل بالدور في الكلام؟,العضو: الحنجرة,الحنجرة,العضو: الحنجرة,الحنجرة,0.6956722736358643,0.8034361600875854,0.7456808686256409,Correct
163,ما هي حركة الركبة للخلف بمستوى سهمي؟,الحركة الظنبوبية الخلفية (Posterior Tibial Motion),عطف,الحركة الظنبوبية الخلفية (Posterior Tibial Motion),عطف,0.4063565731048584,0.3369401693344116,0.3684069812297821,Incorrect
164,ما هو العصب القحفي المتواسط بإفراز الغدد الدمعية واللعابية؟,ANSWER: العصب السابع (Facial Nerve),السابع,العصب السابع (Facial Nerve),السابع,0.3214324712753296,0.4742031991481781,0.38315099477767944,Correct
165,أين تتوضع الصفيحة الأفقية للعظم الغربالي؟,الجسم الرئيسي للعظم الغربالي,الثلمة الغربالية في العظم الدمعي.,الجسم الرئيسي للعظم الغربالي,الثلمة الغربالية في العظم الدمعي.,0.6244104504585266,0.5972004532814026,0.6105024218559265,Incorrect
166,ما هو لون لب الكظر؟,لب الكظر أصفر.,بني غامق,لب الكظر أصفر.,بني غامق,0.3910006880760193,0.4200170934200287,0.4049898386001587,Incorrect
167,ما هو وجه العظم الجبهي الذي ينتمي للقحف العصبي؟,الجانب الداخلي (الإنسي),الداخلى,الجانب الداخلي (الإنسي),الداخلى,0.41792526841163635,0.5658671259880066,0.4807724952697754,Correct
168,ما هو لون لب الكظر؟,لب الكظر أصفر.,بني غامق,لب الكظر أصفر.,بني غامق,0.3910006880760193,0.4200170934200287,0.4049898386001587,Incorrect
169,ما هي اللفافة التي تحيط بجسم القضيب؟,لفافة قضيبية (Tunica Penis),بوك,لفافة قضيبية (Tunica Penis),بوك,0.3137902617454529,0.35941359400749207,0.33505600690841675,Incorrect
170,ما هي العضلة التي تعد من العضلات الوحشية للساق وقد تعد من العضلات الأمامية للساق؟,ANSWER: العضلة المستقيمة الوحشية,العضلة الشظويةالثالثة,العضلة المستقيمة الوحشية,العضلة الشظويةالثالثة,0.8046168088912964,0.5685232877731323,0.6662734150886536,Incorrect
171,ما هو أول ما يتأثر من الخلايا الكبدية في حالة الإصابة بنقص الأكسجة؟,الإنتقالية الإقفارية,الخلايا الكبدية المركزية,الإنتقالية الإقفارية,الخلايا الكبدية المركزية,0.6166609525680542,0.5639564394950867,0.5891323089599609,Incorrect
172,ما هي العضلات الطويلة التي تربط الفقرات مع بعضها؟,الأربطة الفقرية (Intervertebral Discs),عضلات العمود الفقري,الأربطة الفقرية (Intervertebral Discs),عضلات العمود الفقري,0.5717583894729614,0.637313187122345,0.6027585864067078,Incorrect
173,ما هي الطية الجلدية التي تغطي رأس القضيب؟,اللفافة القضيبة.,القلفة,اللفافة القضيبة.,القلفة,0.45574063062667847,0.5123475790023804,0.4823891222476959,Incorrect
174,من أين يتفرع الشريان الأكليلي الأيمن والأيسر؟,يتفرع الشريانان الأكليليان الأماميان من الشريان تحت الترقوة المشترك.,الأبهر الصاعد,يتفرع الشريانان الأكليليان الأماميان من الشريان تحت الترقوة المشترك.,الأبهر الصاعد,0.3635934293270111,0.37827610969543457,0.37078943848609924,Incorrect
175,متى ينشأ برزخ الأبهر؟,الإجابة: أثناء التطور الجنيني المبكر.,بعد منشأ الشريان تحت الترقوة الأيسر,الإجابة: أثناء التطور الجنيني المبكر.,بعد منشأ الشريان تحت الترقوة الأيسر,0.48826247453689575,0.47676709294319153,0.4824462831020355,Incorrect
176,ما هو أصغر الفروع الأمامية للأبهر البطني؟,أصغر الفروع الأمامية للأبهر البطني هو **الفرع الثفني (Fatty Artery)**.,المساريقي السفلي,أصغر الفروع الأمامية للأبهر البطني هو **الفرع الثفني (Fatty Artery)**.,المساريقي السفلي,0.44860589504241943,0.5815204977989197,0.5064884424209595,Incorrect
177,ما هي الألياف التي تربط التلافيف والفصوص في نصف كرة مخية واحد؟,الألياف القوسية.,ترابطية,الألياف القوسية.,ترابطية,0.44978606700897217,0.5066947937011719,0.4765474498271942,Incorrect
178,ما هي ميزابة النبض بين أوتار العضلات؟,طبيعي,العضدية الكعبرية قابضة الرسغ الكعبرية,طبيعي,العضدية الكعبرية قابضة الرسغ الكعبرية,0.4027690589427948,0.3025003671646118,0.34550705552101135,Incorrect
179,ما هو الوريد السطحي الذي يشكل الابطي؟,الوريد الإبطي السطحي.,القاعدي,الوريد الإبطي السطحي.,القاعدي,0.40473413467407227,0.4280979633331299,0.416088342666626,Incorrect
180,ماذا تفرز الخلايا ألفا في البنكرياس؟,الجلوكاجون.,الفلوكاغون,الجلوكاجون.,الفلوكاغون,0.6662699580192566,0.7290249466896057,0.696236252784729,Correct
181,ما هو اسم أعمق الانخفاضات في الصيوان؟,الناتئ الناتئ,المحار,الناتئ الناتئ,المحار,0.6477606892585754,0.7222160696983337,0.6829651594161987,Incorrect
182,ما هي وظيفة هرمون الغدة جار الدرقية PTH؟,تنظيم الكالسيوم والفوسفات.,يرفع كالسيوم الدم,تنظيم الكالسيوم والفوسفات.,يرفع كالسيوم الدم,0.5430368781089783,0.6571081876754761,0.5946514010429382,Correct
183,ما الذي يمتد من المنخر حتى المنعر؟,الأنف,جوف الأنف,الأنف,جوف الأنف,0.8729714751243591,0.7894905805587769,0.8291350603103638,Incorrect
184,ما الذي يقع بين جسم الفقرة والقوس الفقرية؟,المقطع العرضي للقرص الفقري.,الثقبة الفقرية,المقطع العرضي للقرص الفقري.,الثقبة الفقرية,0.6343647241592407,0.6120108366012573,0.6229872703552246,Incorrect
185,أين تتوضع الطية المخملة؟,الطية المخملية: خلف الكمّ الإنتهائي,الوجه السفلي للسان,الطية المخملية: خلف الكمّ الإنتهائي,الوجه السفلي للسان,0.5891730785369873,0.5150340795516968,0.5496146082878113,Incorrect
186,ما هو الهرمون الذي يفرز PTH؟,الغدة الجار درقية,الغدد جارات الدرق.,الغدة الجار درقية,الغدد جارات الدرق.,0.6085529327392578,0.5858691930770874,0.5969956517219543,Correct
187,ما هو الهرمون الذي يسرع عملية تصنيع الأحماض الدهنية من الغلوكوز في الخلايا الشحمية؟,الأديبونيكتين.,الأنسولين,الأديبونيكتين.,الأنسولين,0.4976421892642975,0.5610114336013794,0.5274302363395691,Incorrect
188,ما هي العضلات التي تعمل على توازن الرأس على الجذع؟,العضلات المخيخية الكبيرة.,عضلات العنق.,العضلات المخيخية الكبيرة.,عضلات العنق.,0.6064486503601074,0.7790403962135315,0.6819945573806763,Incorrect
189,من أين يخرج العصب الوجهي من الجمجمة؟,EXIT: الحفرة الوجهية,الثقبة الأبرية الخشائية,EXIT: الحفرة الوجهية,الثقبة الأبرية الخشائية,0.5730407238006592,0.6376311182975769,0.6036128997802734,Incorrect
190,ما الذي يتصل به المدورين بالخلف في الفخذ؟,الإلية والعانة,العرف بين المدورين,الإلية والعانة,العرف بين المدورين,0.5711404085159302,0.5643420815467834,0.5677208304405212,Incorrect
191,أين يدخل الحالبان المثانة؟,الإجابة: عبر الصمام المثاني الحالبي.,الخلفي,الإجابة: عبر الصمام المثاني الحالبي.,الخلفي,0.281271368265152,0.3765277564525604,0.32200250029563904,Incorrect
192,ما هي الباحة المسؤولة عن حركات العين؟,الباحة المحرك للعين (Abducens Nucleus),8,الباحة المحرك للعين (Abducens Nucleus),8,0.36147916316986084,0.29752618074417114,0.3263995349407196,Incorrect
193,ما هو الشريان الذي ينشأ منه الجذع المشترك للشريان بين العظمين؟,الشريان العضدي الرأسي,الزندي,الشريان العضدي الرأسي,الزندي,0.5391754508018494,0.6107302904129028,0.5727266073226929,Incorrect
194,ما هو وجه عظم الترقوة الذي عليه ميزابة طولانية؟,الوجه الأمامي (العلوي) للترقوة.,الوجه السفلي,الوجه الأمامي (العلوي) للترقوة.,الوجه السفلي,0.46052974462509155,0.6252713203430176,0.5304028987884521,Incorrect
195,من أين يفرز الغلوكاغون؟,البنكرياس,خلايا الفا في المعثكلة,البنكرياس,خلايا الفا في المعثكلة,0.5857976078987122,0.5200612545013428,0.5509756207466125,Incorrect
196,ما هي الطبقة المبطنة للتامور الليفي؟,الطبقة الحشوية للتامور الليفي.,التامور المصلي الجداري,الطبقة الحشوية للتامور الليفي.,التامور المصلي الجداري,0.5233396887779236,0.6007919311523438,0.5593975782394409,Incorrect
197,ما هو معنى التوسع في نهاية الأسهر؟,توسع (End dilation),مجل الأسهر,توسع (End dilation),مجل الأسهر,0.4020687937736511,0.49498122930526733,0.44371330738067627,Incorrect
198,كم عدد فقرات الجزء الصدري من العمود الفقري؟,12,12,12,12,1.0,1.0,1.0,Correct
199,من أين ينتج هرمون الأستروجين؟,المبيضين (والجسم الأصفر),المبيض,المبيضين (والجسم الأصفر),المبيض,0.39200639724731445,0.6026281118392944,0.47501683235168457,Correct
200,ما هي الفروع الانتهائية للسباني الخارجي؟,الفرع الفكي السفلي.,حنكي وصدغي سطحي,الفرع الفكي السفلي.,حنكي وصدغي سطحي,0.48709630966186523,0.5019596815109253,0.49441632628440857,Incorrect
201,ما هو مصدر التعصيب الحركي لعضلات الظهر العميقة؟,ANSWER: تعصيب شرجي عصبي,الشعب الاوليه الظهريه,تعصيب شرجي عصبي,الشعب الاوليه الظهريه,0.5062071681022644,0.5112715363502502,0.5087267756462097,Incorrect
202,ما هو الجيب الوريدي الذي يصب في الوريد الوداجي الباطن؟,الوريد الأجوف السفلي.,الجيب السيني,الوريد الأجوف السفلي.,الجيب السيني,0.4087403118610382,0.4345218241214752,0.42123693227767944,Incorrect
203,أين يتوضع العظم الكتفي؟,يتوضع العظم الكتفي.,الاضلاع الثانية حتى السابعة,يتوضع العظم الكتفي.,الاضلاع الثانية حتى السابعة,0.5317794680595398,0.5835809111595154,0.5564772486686707,Incorrect
204,ما هي المنطقة الأعمق في الغدة الكظرية؟,Medulla (لب الكظر),اللب,Medulla (لب الكظر),اللب,0.4317311644554138,0.5585508346557617,0.48702049255371094,Correct
205,ما الذي يقع بين النواة العدسية من جهة والنواة والمهاد من الجهة الأخرى؟,الفراغ بين البصري,المحفظة الداخلية.,الفراغ بين البصري,المحفظة الداخلية.,0.44519490003585815,0.4222595691680908,0.4334240257740021,Incorrect
206,ما الذي ينفتح على القرين الأنفي العلوي؟,الخياشيم الشمية,الجيب الوتدي,الخياشيم الشمية,الجيب الوتدي,0.7013716101646423,0.6750170588493347,0.6879420280456543,Incorrect
207,أين يمكن إجراء الحقن العضلي في القسم العلوي؟,العضلة الدالية,الدالية,العضلة الدالية,الدالية,0.6598821878433228,0.75013267993927,0.7021191120147705,Correct
208,أين تتوضع الاحدوبة الدالية في العضد؟,الحديبة الدالية,الوحشي,الحديبة الدالية,الوحشي,0.4686196744441986,0.5586569905281067,0.5096926093101501,Incorrect
209,ما هو أكبر الجيوب جانب الأنف؟,الجيب الفكي (Maxillary sinus),الفكي,الجيب الفكي (Maxillary sinus),الفكي,0.4719422161579132,0.5865437388420105,0.5230390429496765,Correct
210,ما هو العصب المحرك لعضلات اللسان؟,العصب تحت اللسان,12,العصب تحت اللسان,12,0.24364317953586578,0.2797386646270752,0.2604462504386902,Correct
211,ما الذي يتوضع تحت الخط الضرسي اللامي؟,مفصل الفك الصدغي.,حفرة الغدة تحت الفك السفلي,مفصل الفك الصدغي.,حفرة الغدة تحت الفك السفلي,0.6128923892974854,0.5670070648193359,0.5890575051307678,Incorrect
212,ما هي الطبقة المحيطة بالقلب والمرتبطة به؟,Epicardium,التامور المصلي الحشوي,Epicardium,التامور المصلي الحشوي,0.6455298662185669,0.5610854029655457,0.6003527641296387,Correct
213,ما هو الشريان الذي ينشأ منه الشريان الزاوي؟,الشريان السباتي الخارجي,الشريان الوجهي,الشريان السباتي الخارجي,الشريان الوجهي,0.6710977554321289,0.6599950194358826,0.6655000448226929,Incorrect
214,ما هو تشكل الوريد المأبضي؟,تضيق الوريد المأبضي,الوريد الظنبوبي الامامي والوريد الظنبوبي الخلفي,تضيق الوريد المأبضي,الوريد الظنبوبي الامامي والوريد الظنبوبي الخلفي,0.5994181632995605,0.6914699077606201,0.6421619653701782,Incorrect
215,ما هي المنطقة الأعمق في قشر الكظر؟,المنطقة الشبكية,الشبكية,المنطقة الشبكية,الشبكية,0.6572258472442627,0.7483794093132019,0.6998469233512878,Correct
216,أين يقع التلم الوحشي؟,الجانب الوحشي,فص الجزيرة,الجانب الوحشي,فص الجزيرة,0.6150374412536621,0.5597185492515564,0.586075484752655,Incorrect
217,أين يصب الوريد الكلوي؟,الوريد الأجوف السفلي,الأجوف السفلي,الوريد الأجوف السفلي,الأجوف السفلي,0.8147443532943726,0.842210590839386,0.8282498121261597,Correct
218,أين ترتكز العضلة المدورة الصغيرة؟,العضلة الحجابية,حديبة العضد الكبرى.,العضلة الحجابية,حديبة العضد الكبرى.,0.49694719910621643,0.485198974609375,0.4910028278827667,Incorrect
219,ما هو الجزء من البلعوم الذي يتبعه الردب الكمثري؟,الردب الهُدابيّ (Adenoids),الحنجري,الردب الهُدابيّ (Adenoids),الحنجري,0.5208805203437805,0.5872794389724731,0.5520907044410706,Incorrect
220,كم عدد الأعصاب القحفية؟,12 عصباً,12 شفعًا,12 عصباً,12 شفعًا,0.641017496585846,0.6655711531639099,0.6530635952949524,Correct
221,أين تتوضع نواة العصب العاشر؟,Brainstem,البصلة,Brainstem,البصلة,0.6514021158218384,0.6099613904953003,0.6300010085105896,Incorrect
222,ما هو العنصر الذي يجاور الرغامي من الخلف؟,الجنب الرغامي (الرغامي المعكوس),المري,الجنب الرغامي (الرغامي المعكوس),المري,0.3707587718963623,0.5074056386947632,0.42845073342323303,Incorrect
223,ما هو العصب القحفي الذي يجتاز النفق الصدري؟,العصب الشوكي,2,العصب الشوكي,2,0.30196046829223633,0.32410866022109985,0.31264281272888184,Incorrect
224,ما هو العظم الأضخم في هيكل القدم؟,ANSWER: عظم الكعب (Calcaneus),العقب,عظم الكعب (Calcaneus),العقب,0.517409086227417,0.5621801614761353,0.5388662815093994,Correct
225,أين يوجد النفير البلعومي السمعي؟,جانب البلعوم,البلعوم الانفي,جانب البلعوم,البلعوم الانفي,0.7331718802452087,0.6902872323989868,0.7110835313796997,Incorrect
226,ما الذي يحد فتحة وينسلو من الأسفل؟,فتحة الحنك الرخو.,الإثني عشر.,فتحة الحنك الرخو.,الإثني عشر.,0.4509130120277405,0.5006740093231201,0.47449246048927307,Incorrect
227,ما يُسمى الوجه الأمامي للوح الكتف؟,الوجه الأمامي للوح الكتف يُعرف باسم:,الحفرة تحت الكتفية,الوجه الأمامي للوح الكتف يُعرف باسم:,الحفرة تحت الكتفية,0.4786875247955322,0.6804970502853394,0.5620251893997192,Incorrect
228,ما هو الشريان الذي يروي القولون الصاعد؟,الشريان القولوني العلوي.,المساريقي العلوي,الشريان القولوني العلوي.,المساريقي العلوي,0.44306373596191406,0.5934361219406128,0.5073421597480774,Incorrect
229,ما هي الطية الجلدية التي تغطي رأس القضيب؟,اللفافة القضيبة.,القلفة,اللفافة القضيبة.,القلفة,0.45574063062667847,0.5123475790023804,0.4823891222476959,Incorrect
230,ما يُدعى القسم العلوي المتسع من الحالب؟,القمع العلوي (Superior Conule),الحويضة,القمع العلوي (Superior Conule),الحويضة,0.4551413655281067,0.42590010166168213,0.44003546237945557,Incorrect
231,ما هي المنطقة الفاصلة بين الطيتين الصوتيين؟,الشق الحنجري.,مشق المزمار,الشق الحنجري.,مشق المزمار,0.5866475105285645,0.6057270169258118,0.5960346460342407,Correct
232,ما هي الطبقة من الكظر التي تتألف من حبال مقوسة من خلايا عمودية متقاربة؟,ANSWER: المنطقة الكُرْدِيَّة,الطبقة الكبيبة,المنطقة الكُرْدِيَّة,الطبقة الكبيبة,0.626960039138794,0.6308298110961914,0.6288889646530151,Incorrect
233,ما هي الخلايا التي تتوضع في اللحمة بين النبيبات؟,خلايا الأنبوب المؤقت,لايديغ,خلايا الأنبوب المؤقت,لايديغ,0.4647648334503174,0.4749409854412079,0.4697977900505066,Incorrect
234,ما هو السطح الخلفي للفخذ تحت المدور الكبير؟,اللفافة العجزية القطنية.,الأحدوبة الأولوية,اللفافة العجزية القطنية.,الأحدوبة الأولوية,0.40393733978271484,0.40513983368873596,0.40453770756721497,Incorrect
235,ما الذي يحويه القسم الأمامي للثلم الأمامي الخلفي الأيسر للكبد؟,الثرب الأصغر (الأيسر).,ثلم الرباط المدور,الثرب الأصغر (الأيسر).,ثلم الرباط المدور,0.4806498885154724,0.5174504518508911,0.4983717203140259,Incorrect
236,ما هو الشريان الذي يروي معظم الوجه الوحشي للمخ؟,الشريان السباتي الخارجي,المخى الأوسط.,الشريان السباتي الخارجي,المخى الأوسط.,0.5680898427963257,0.5104166865348816,0.5377112627029419,Incorrect
237,ما هي المنطقة الفاصلة بين الطيتين الصوتيين؟,الشق الحنجري.,مشق المزمار,الشق الحنجري.,مشق المزمار,0.5866475105285645,0.6057270169258118,0.5960346460342407,Correct
238,ما هو العصب القحفي الذي يعبر الثقبة البيضية؟,العصب المحرك للعين (III),الفكي السفلي,العصب المحرك للعين (III),الفكي السفلي,0.4683268070220947,0.552143931388855,0.506793200969696,Incorrect
239,ما هو الهرمون الذي يسبب دفقه الشديد حدوث عملية الإباضة؟,ANSWER: الهرمون اللوتيني,LH,الهرمون اللوتيني,LH,0.3729816675186157,0.3950399160385132,0.383694052696228,Correct
240,ما هو الهرمون الذي يستهدف الدرق ويحفز إفراز الهرمون الدرقي؟,TSH.,TSH,TSH.,TSH,0.6301298141479492,0.688489556312561,0.6580182313919067,Correct
241,ما هي أكبر عقدة مفردة من النسيج اللمفاوي؟,أكبر عقدة مفردة من النسيج اللمفاوي هي **الإبرة العانية (Inguinal Lymph Node)**.,الطحال,أكبر عقدة مفردة من النسيج اللمفاوي هي **الإبرة العانية (Inguinal Lymph Node)**.,الطحال,0.2888563871383667,0.3813721537590027,0.3287290036678314,Incorrect
242,ما هي العضلة الرئيسية المسؤولة عن قبض المرفق؟,عضلات الساعد الباسطة (Extensor carpi radialis longus و Extensor carpi radialis brevis) وعضلة ذات الرأسين العضدية (Biceps brachii).,العضدية,عضلات الساعد الباسطة (Extensor carpi radialis longus و Extensor carpi radialis brevis) وعضلة ذات الرأسين العضدية (Biceps brachii).,العضدية,0.376117467880249,0.46563291549682617,0.4161154627799988,Incorrect
243,ما هي التراكيب التي توجد على حافتي اللسان وتحوي براعم ذوقية كثيرة؟,الحليمات الكأسية.,الورقية,الحليمات الكأسية.,الورقية,0.4272531270980835,0.4990341067314148,0.46036234498023987,Incorrect
244,ما هي الشعيرات الدموية التي تغلفها محفظة بومان؟,الكبيبات الكلوية,الكبيبة الكلوية,الكبيبات الكلوية,الكبيبة الكلوية,0.8965824842453003,0.8965824842453003,0.8965824842453003,Correct
245,ما هي الحافة من الفرع التي تشكل زاوية الفك السفلي؟,ANSWER: زاوية الفك السفلي,الخلفية,زاوية الفك السفلي,الخلفية,0.5342211723327637,0.5675333738327026,0.5503736734390259,Incorrect
246,ما الذي تغلفه العضلة البصلية الإسفنجية؟,تغلف العضلة البصلية الإسفنجية الجزء الأمامي من **العظم الصدغي**.,بصلة القضيب,تغلف العضلة البصلية الإسفنجية الجزء الأمامي من **العظم الصدغي**.,بصلة القضيب,0.4549427032470703,0.4901610016822815,0.47189566493034363,Incorrect
247,من أين يخرج العصب الشوكي؟,يتفرع من الحبل الشوكي.,الثقبة بين الفقرية,يتفرع من الحبل الشوكي.,الثقبة بين الفقرية,0.5160151720046997,0.5065386891365051,0.5112330317497253,Incorrect
248,ما هي الألياف التي تعصب العضلة مصرة الحدقة؟,الألياف الودية بعد العقدية.,نظيرة ودية,الألياف الودية بعد العقدية.,نظيرة ودية,0.4711628556251526,0.5406599044799805,0.5035247206687927,Incorrect
249,ما هو البطين الذي يحويه الدماغ البيني داخله؟,البطين الثالث.,الثالث,البطين الثالث.,الثالث,0.5139598846435547,0.6079189777374268,0.5570048093795776,Correct
250,ما الذي يشغل الجزء العلوي من قبة القحف؟,الجيب الوتدي.,العظم الجداري,الجيب الوتدي.,العظم الجداري,0.5878887176513672,0.6518062353134155,0.6181997060775757,Incorrect
251,ما هو العصب الذي يعصب الغدة النكفية؟,ANSWER: العصب الوجهي (VII),تحت اللساني,العصب الوجهي (VII),تحت اللساني,0.49394363164901733,0.5658587217330933,0.5274612307548523,Incorrect
252,من أين يخرج العصب تحت اللساني؟,من الحبل الطبلي.,النفق تحت اللساني,من الحبل الطبلي.,النفق تحت اللساني,0.5263440012931824,0.5090438723564148,0.5175493955612183,Incorrect
253,ما هي الخلايا البالعة الكبدية؟,الخلايا الكبدية البالعة (Hepatic Macrophage).,خلايا كوبفر.,الخلايا الكبدية البالعة (Hepatic Macrophage).,خلايا كوبفر.,0.5025949478149414,0.6574885249137878,0.569701075553894,Correct
254,أين يصب الوريد الصافن الكبير (الأنسي)؟,الخلفية الوريدية للقدم (Plantar Surface of the Foot),الوريد الفخذي,الخلفية الوريدية للقدم (Plantar Surface of the Foot),الوريد الفخذي,0.4898507595062256,0.6002205610275269,0.5394482016563416,Incorrect
255,ما هو الشريان الذي يستمر به الريان تحت الترقوة؟,الشريان تحت الترقوة.,الإبطي,الشريان تحت الترقوة.,الإبطي,0.4008941650390625,0.47431451082229614,0.4345247447490692,Incorrect
256,ما تُدعى الردب بين عنق الرحم والمهبل؟,الردب المهبلي العنقي,قبو المهبل,الردب المهبلي العنقي,قبو المهبل,0.6518309116363525,0.7052429914474487,0.6774858236312866,Correct
257,في أي مستوى من الفقرات الصدرية يتم التمفصل بين قبضة وجسم القص؟,الجسم: T1,الرابعة.,الجسم: T1,الرابعة.,0.4814443588256836,0.4950350821018219,0.4881451725959778,Incorrect
258,ما هو الرباط الذي يربط الرحم بجدران الحوض الجانبية؟,رباط الرحم المعلق (Round Ligament),العريض,رباط الرحم المعلق (Round Ligament),العريض,0.04392993077635765,0.09558745473623276,0.060195375233888626,Incorrect
259,ما هي العضلة التي تنشأ من الشوكة الحرقفية الأمامية العلوية وترتكز انسي الظنبوب؟,العضلة المربعة الوترية (Tibial tubercle muscle).,الخياطية,العضلة المربعة الوترية (Tibial tubercle muscle).,الخياطية,0.371578574180603,0.4019649624824524,0.3861749470233917,Incorrect
260,ما هي الطبقة البطانية الرحمية التي تتعرض إلى تغيرات ملحوظة أثناء الدورة الشهرية؟,الطبقة الوظيفية البطانية الرحمية.,الطبقة الوظيفية.,الطبقة الوظيفية البطانية الرحمية.,الطبقة الوظيفية.,0.7059464454650879,0.8599910736083984,0.7753919363021851,Correct
261,ما هو موقع مستقبلات الضغط المسؤولة عن المنعكس القلبي التثبيطي؟,بطانة الشريان السباتي القاعدي,الجيب السباتي.,بطانة الشريان السباتي القاعدي,الجيب السباتي.,0.6686739921569824,0.5454137325286865,0.6007868647575378,Incorrect
262,ما هو أكبر أعضاء الجسم وزناً ومساحة؟,الجلد.,الجلد,الجلد.,الجلد,0.6715421676635742,0.7743464708328247,0.7192895412445068,Correct
263,ما هي البنية الأكثر علواً في جذر الرئة اليسرى؟,البنية الأكثر علواً في جذر الرئة اليسرى هي البرانشيمية الحويصلية (alveolar ducts).,الشريان الرئوي,البنية الأكثر علواً في جذر الرئة اليسرى هي البرانشيمية الحويصلية (alveolar ducts).,الشريان الرئوي,0.4390100836753845,0.5003196001052856,0.46766403317451477,Incorrect
264,ما هو المكان الذي يعبر من خلاله الشريان السحاني الأوسط؟,جذع الدماغ (Brainstem),الثقبة الشوكية,جذع الدماغ (Brainstem),الثقبة الشوكية,0.5302498936653137,0.5429236888885498,0.5365119576454163,Incorrect
265,ما هو الجوف الهوائي الذي يحوي عظيمات السمع؟,الأنبوب السمعي,الأذن الوسطى,الأنبوب السمعي,الأذن الوسطى,0.7141526341438293,0.7369626760482788,0.7253783345222473,Incorrect
266,ما هي وظيفة النهايات العصبية الحرة الواردة ضمن ألياف العضلة القلبية؟,الإحساس بالوضع وتمدد العضلة القلبية.,الإحساس بالألم.,الإحساس بالوضع وتمدد العضلة القلبية.,الإحساس بالألم.,0.5546450614929199,0.688143253326416,0.6142240762710571,Incorrect
267,ما هي الخلايا التي تخزن فيتامين A في الكبد؟,لا يوجد مصطلح طبي محدد يصف الخلايا التي تخزن فيتامين A في الكبد بشكل مباشر. يتم تخزين فيتامين A في الكبد بشكل أساسي على شكل **بروتين يسمى الريتين.,خلايا إيتو,لا يوجد مصطلح طبي محدد يصف الخلايا التي تخزن فيتامين A في الكبد بشكل مباشر. يتم تخزين فيتامين A في الكبد بشكل أساسي على شكل **بروتين يسمى الريتين.,خلايا إيتو,0.388019323348999,0.46597641706466675,0.42343971133232117,Incorrect
268,من أين يحمل الشريان الرئوي الدم غير المؤكسج؟,القلب الرئوي (الرئة اليمنى بشكل أساسي),البطين الأيمن,القلب الرئوي (الرئة اليمنى بشكل أساسي),البطين الأيمن,0.4040927290916443,0.5435717105865479,0.463567852973938,Incorrect
269,ما هو العصب القحفي الثاني؟,ANSWER: العصب البصري,البصري - حاسي,العصب البصري,البصري - حاسي,0.5377734899520874,0.4967823624610901,0.5164658427238464,Correct
270,ما هو العظم الذي تنتمي إليه الثلمة الاسكية الصغيرة؟,العظم الصدغي,الاسك,العظم الصدغي,الاسك,0.44422292709350586,0.4494227170944214,0.44680771231651306,Incorrect
271,ما هو الغضروف المرتبط مع الحلقة الرغامية الأولى؟,الغضروف الحلقي (Epiglottis cartilage).,الحلقي,الغضروف الحلقي (Epiglottis cartilage).,الحلقي,0.3479292690753937,0.5866055488586426,0.43678897619247437,Incorrect
272,ما هو المفصل الذي يتألف من سطحين كل منهما محدب في اتجاه ومقعر في اتجاه آخر؟,مفصل إهليليجي,سرجي saddle,مفصل إهليليجي,سرجي saddle,0.6343387365341187,0.5164575576782227,0.569360613822937,Incorrect
273,ما هو أكبر أعصاب الجسم؟,الجذع الدماغي,الوركي,الجذع الدماغي,الوركي,0.5750808119773865,0.599908709526062,0.5872324705123901,Incorrect
274,كم عدد العضلات بين العظمية الأخمصية؟,اثنتان (بين عظمتي السُّلامى الأولى والثانية).,3,اثنتان (بين عظمتي السُّلامى الأولى والثانية).,3,0.1803746521472931,0.3111661970615387,0.2283696085214615,Incorrect
275,أين ينتهي الأبهر النازل؟,يتفرع إلى شرايين كبدية وشرايين كلية يمنى ويسرى.,L4,يتفرع إلى شرايين كبدية وشرايين كلية يمنى ويسرى.,L4,0.3511630892753601,0.2542303204536438,0.29493650794029236,Incorrect
276,ما هي المراكز المسؤولة عن تنسيق الفعالية الحركية وضمان الثباتية؟,المخيخ والجهاز الحوفي,النوى القاعدية,المخيخ والجهاز الحوفي,النوى القاعدية,0.5446321964263916,0.5965420007705688,0.5694064497947693,Incorrect
277,ما هو وجه العظم الجبهي الذي ينتمي للقحف العصبي؟,الجانب الداخلي (الإنسي),الداخلي,الجانب الداخلي (الإنسي),الداخلي,0.41792526841163635,0.5658671259880066,0.4807724952697754,Correct
278,أين ينفتح الجيب الفكي؟,الخد (المدى الوحشي),الصماخ المتوسط,الخد (المدى الوحشي),الصماخ المتوسط,0.5238181352615356,0.5847915410995483,0.5526280999183655,Incorrect
279,ما هو أكبر أقسام المعثكلة؟,الوصمة الرأسية (الرأس),الرأس,الوصمة الرأسية (الرأس),الرأس,0.4870198667049408,0.6711966395378113,0.5644645690917969,Correct
280,ما هي الحدود التشريحية للحجرة الخلفية للعين؟,الحدود التشريحية للحجرة الخلفية للعين تشمل:,القزحية في الأمام والعدسة في الخلف,الحدود التشريحية للحجرة الخلفية للعين تشمل:,القزحية في الأمام والعدسة في الخلف,0.5136970281600952,0.6406316757202148,0.5701852440834045,Incorrect
281,أين ترتكز العضلة الشظوية القصيرة؟,طرفها البعيد,قاعدة المشط الخامس,طرفها البعيد,قاعدة المشط الخامس,0.5733824968338013,0.5352094173431396,0.5536386966705322,Incorrect
282,ما هي المنطقة في الحنجرة التي تشمل الطيتين الصوتيتين والمسافة بينهما؟,الحنجرة الصوتية (Larynx),المزمار,الحنجرة الصوتية (Larynx),المزمار,0.423994779586792,0.5324179530143738,0.4720606803894043,Incorrect
283,أين تقع الوهدة في البلعوم؟,الشق البلعومي (Stylopharyngeus muscle belly).,الفموي,الشق البلعومي (Stylopharyngeus muscle belly).,الفموي,0.28920960426330566,0.4416082203388214,0.3495189845561981,Incorrect
284,ما هي الغدة التي تتوضع تحت الطية اللسانية؟,ANSWER: تحت الفكية,اللسان,تحت الفكية,اللسان,0.5577863454818726,0.5933259725570679,0.5750075578689575,Incorrect
285,ما هو العصب الذي ينتقل عبره الحس غير العام (حس الذوق) من الثلث الأمامي للسان؟,ANSWER: العصب الوجهي,العصب الوجهي.,العصب الوجهي,العصب الوجهي.,0.8168344497680664,0.7320578098297119,0.7721260190010071,Correct
286,ماذا يروي المساريقي العلوي؟,الاثني عشر، الصائم، اللفائفي الطرفي.,الأمعاء الدقيقة,الاثني عشر، الصائم، اللفائفي الطرفي.,الأمعاء الدقيقة,0.46712997555732727,0.5287430286407471,0.4960305690765381,Correct
287,ما هي المنطقة الأعمق من قشر الكظر؟,المنطقة الكُظْرِيَّة الخَلْفِيَّة (Pararenal Cortex),المنطقة الشبكية,المنطقة الكُظْرِيَّة الخَلْفِيَّة (Pararenal Cortex),المنطقة الشبكية,0.6056355237960815,0.6711018681526184,0.6366901993751526,Incorrect
288,ما هي الفقرة التي تحتوي على ثقبة فقرية كبيرة ومثلثية الشكل؟,الفقرة الصدرية الأولى,الفقرة الرقبية,الفقرة الصدرية الأولى,الفقرة الرقبية,0.7320084571838379,0.7653610706329346,0.748313307762146,Incorrect
289,ما هو لون قشر الكظر؟,ANSWER: قشرة الكظر لونها بني محمر.,مائل للصفرة,قشرة الكظر لونها بني محمر.,مائل للصفرة,0.44337648153305054,0.4698448181152344,0.4562270939350128,Incorrect
290,ما هو النسيج الضام الليفي الذي يرتكز حول السطوح المفصلية؟,الغضروف المفصلي,المحفظة المفصلية,الغضروف المفصلي,المحفظة المفصلية,0.7202390432357788,0.687647819519043,0.7035661935806274,Incorrect
291,كم عدد شدف النخاع الشوكي؟,48,31,48,31,0.9451444149017334,0.9451444149017334,0.9451444149017334,Incorrect
292,ما هو التصريف اللمفاوي للثلث الخلفي للسان؟,تصريف اللمف الوعائي: نسيج خلفي,العقد الرقبيه العميقه,تصريف اللمف الوعائي: نسيج خلفي,العقد الرقبيه العميقه,0.5632169246673584,0.5096787810325623,0.5351120233535767,Incorrect
293,ما هي الغدة التي تقوم بإفراز الميلاتونين؟,العين,الخاليا الصنوبرية.,العين,الخاليا الصنوبرية.,0.4065566956996918,0.34465014934539795,0.37305253744125366,Incorrect
294,ما هو الشريان الذي له انطباعات على الوجه الداخلي للعظم الصدغي وهو فرع من أي شريان؟,ANSWER: الشريان السباتي الداخلي,الفكي,الشريان السباتي الداخلي,الفكي,0.42018207907676697,0.4667033553123474,0.44222259521484375,Incorrect
295,ما هو التصنيف الذي يمكننا من معرفة العضلات التي تشارك في كل مرحلة مفصلية وتطبيق ذلك أثناء الفحص؟,التصنيف العضلي المفصلي,وظيفي.,التصنيف العضلي المفصلي,وظيفي.,0.5020904541015625,0.5100182294845581,0.5060232877731323,Incorrect
296,ما هي الشرايين التي تسير بين الفصوص بإتجاه القشرة على كل جانب من جانبي الهرم الكلوي؟,شرايين بين الفصوص,الشرايين بين الفصوص,شرايين بين الفصوص,الشرايين بين الفصوص,0.965125560760498,0.965125560760498,0.965125560760498,Correct
297,ما هو الدواء الأمثل لبدء التخدير لمريض مصاب بنزف حاد؟,لا يوجد دواء أمثل واحد لبدء التخدير لمريض مصاب بنزف حاد. يعتمد اختيار الدواء على سياسات المستشفى وتوفر الموارد والخبرة السريرية. الهدف هو تحقيق تخدير آمن وفعال بأسرع وقت ممكن مع تقليل المخاطر المرتبطة بالنزف.,كيتامين,لا يوجد دواء أمثل واحد لبدء التخدير لمريض مصاب بنزف حاد. يعتمد اختيار الدواء على سياسات المستشفى وتوفر الموارد والخبرة السريرية. الهدف هو تحقيق تخدير آمن وفعال بأسرع وقت ممكن مع تقليل المخاطر المرتبطة بالنزف.,كيتامين,0.28954362869262695,0.32650160789489746,0.3069140315055847,Incorrect
298,ما هو المخدر الذي يتميز بالمباشرة والصحو السريعين؟,إيتوميدات,الديسفلوران,إيتوميدات,الديسفلوران,0.6556603908538818,0.6539740562438965,0.6548161506652832,Incorrect
299,ما هو الدواء الأمثل لبدء التخدير لمريض مصاب بنزف رضي حاد؟,لا يوجد دواء أمثل واحد لبدء التخدير لمريض مصاب بنزف رضي حاد. يعتمد اختيار الدواء على عدة عوامل، بما في ذلك:,كيتامين,لا يوجد دواء أمثل واحد لبدء التخدير لمريض مصاب بنزف رضي حاد. يعتمد اختيار الدواء على عدة عوامل، بما في ذلك:,كيتامين,0.28875476121902466,0.3255763649940491,0.3060620427131653,Incorrect
300,ما هو المرخي العضلي الأمثل لتسهيل تنبيب مريض ذي خطورة عالية للاستنشاق؟,Succinylcholine,السوكسنيل كولين,Succinylcholine,السوكسنيل كولين,0.8198538422584534,0.7030029296875,0.7569453120231628,Correct
301,ما هو الترياق المناسب للتسمم بالمورفين؟,Naloxone.,A. النالوكسون,Naloxone.,A. النالوكسون,0.5904496312141418,0.5720821022987366,0.5811207294464111,Correct
302,ما الذي يشير إليه بقاء عيني المريض مفتوحتين مع رأرأة خفيفة وحركات غير هادفة بعد إعطائه جرعة من الكيتامين؟,ANSWER: سمية الكيتامين,أن الجرعة السابقة مركنة ومخدرة,سمية الكيتامين,أن الجرعة السابقة مركنة ومخدرة,0.5754333138465881,0.5106537938117981,0.5411116480827332,Incorrect
303,ما هو الدواء المنتخب للإرخاء العضلي والتنبيب لمريض يعاني من قصور كلوي ويحتاج لعملية إسعافية؟,البنزوديازيبينات (مثل الميدازولام),اتراكوريوم,البنزوديازيبينات (مثل الميدازولام),اتراكوريوم,0.5410319566726685,0.6345402002334595,0.5840671062469482,Incorrect
304,ما هو المرخي العضلي المفضل استعماله لمريض سيخضع لجراحة إسعافية ويعاني من قصور كلوي؟,"لا يوجد مرخي عضلي ""مفضل"" بشكل قاطع لمريض سيخضع لجراحة إسعافية ولديه قصور كلوي، حيث يعتمد الاختيار بشكل كبير على الحالة السريرية الفردية، وظائف الكلى المحددة، وتفضيلات الجراح.",B. أتراكوريوم,"لا يوجد مرخي عضلي ""مفضل"" بشكل قاطع لمريض سيخضع لجراحة إسعافية ولديه قصور كلوي، حيث يعتمد الاختيار بشكل كبير على الحالة السريرية الفردية، وظائف الكلى المحددة، وتفضيلات الجراح.",B. أتراكوريوم,0.314877986907959,0.4849814474582672,0.3818420469760895,Incorrect
305,ماذا يفكك الببسين؟,البروتينات الببتيدية,البروتين,البروتينات الببتيدية,البروتين,0.48358821868896484,0.6590813994407654,0.5578585267066956,Correct
306,ما التعبير الصحيح لوصف جزيئات الإيثين في تفاعل تشكيل البولي إيثين؟,الإيثين (الإيثيلين) مونومر.,مونوميرات (موحودات),الإيثين (الإيثيلين) مونومر.,مونوميرات (موحودات),0.5605316162109375,0.6434345245361328,0.599128782749176,Correct
307,ماذا يسبب عوز إنزيم البيروفات كيناز؟,يرفع حمض اللاكتيك ويسبب تحلل الدم.,فقر دم انحلالي,يرفع حمض اللاكتيك ويسبب تحلل الدم.,فقر دم انحلالي,0.4508916139602661,0.5048830509185791,0.47636234760284424,Correct
308,ماذا ندعو آلية تفاعل الكلور مع البروبان في ضوء الشمس لإنتاج 1-كلورو بروبان؟,ANSWER: تفاعل التحل الضوئي,استبدال الجذور الحرة,تفاعل التحل الضوئي,استبدال الجذور الحرة,0.5239540338516235,0.5295636653900146,0.5267438888549805,Incorrect
309,ما هي الاسطوانات المنحنية التي تكون سهلة التمييز لمحتواها الكاسر للضوء؟,Polarizing elements.,شمعية,Polarizing elements.,شمعية,0.41148558259010315,0.44007354974746704,0.42529967427253723,Incorrect
310,ما هي الحموض الأمينية المشحونة سلبياً؟,الحمض الأميني الغني بالسيستين.,اسباريتك,الحمض الأميني الغني بالسيستين.,اسباريتك,0.3777579069137573,0.4073526859283447,0.3919975161552429,Incorrect
311,ما هي أعراض عوز فيتامين البيوتين؟,تساقط الشعر,من أعراضه التخلف العقلي.,تساقط الشعر,من أعراضه التخلف العقلي.,0.5734478235244751,0.47802257537841797,0.5214051008224487,Incorrect
312,ما هي مفرزات الصفراء؟,الإجابة: أملاح صفراوية,الأملاح الصفراوية.,الإجابة: أملاح صفراوية,الأملاح الصفراوية.,0.6148277521133423,0.6859433650970459,0.6484415531158447,Correct
313,ما هي خصائص الشجرة الوراثية لخلة متنحية جسدية فيها الأبوين مصابين؟,الإجابة: وراثة متنحية جسدية.,كل الأبناء مصابين,الإجابة: وراثة متنحية جسدية.,كل الأبناء مصابين,0.3810233473777771,0.4288601279258728,0.40352895855903625,Incorrect
314,ما هي النواتج المتشكلة عند تفاعل معدن الصوديوم مع الإيثانول؟,Na⁺ and Ethanol.,اوكسيد الصوديوم وهيدروجين,Na⁺ and Ethanol.,اوكسيد الصوديوم وهيدروجين,0.48534637689590454,0.5732093453407288,0.5256314277648926,Incorrect
315,ما هي خصائص أنزيم RNA Polymerase؟,حركي.,يشكل الروابط التكافؤية الإستيرية.,حركي.,يشكل الروابط التكافؤية الإستيرية.,0.5651692152023315,0.4587402939796448,0.5064234137535095,Incorrect
316,ما هو النكليوتيد في جزيء DNA؟,نيوكليوتيد,يمكن أنيرتبط به أكثر من مجموعة فوسفات واحدة.,نيوكليوتيد,يمكن أنيرتبط به أكثر من مجموعة فوسفات واحدة.,0.4106605648994446,0.3569822907447815,0.3819446563720703,Incorrect
317,ما هو فيتامين البيوتين؟,فيتامين ب7 / فيتامين H,يصنع من قبل الجراثيم المعوية,فيتامين ب7 / فيتامين H,يصنع من قبل الجراثيم المعوية,0.426083505153656,0.4299306273460388,0.427998423576355,Incorrect
318,ما هي حالة عدم تحمل اللاكتوز؟,عدم تحمل اللاكتوز.,من أسبابها الإسهالات الشديدة,عدم تحمل اللاكتوز.,من أسبابها الإسهالات الشديدة,0.4860199987888336,0.5343170166015625,0.509025514125824,Incorrect
319,ما هو اسم الاستر المتشكل عندما يتفاعل الميتانول مع حمض البوتانوئيك بوجود بضع قطرات من حمض الكبريت المركز؟,اسم الاستر المتشكل هو أسيتوأسيتات الميثيل.,بوتانوات الميتيل,اسم الاستر المتشكل هو أسيتوأسيتات الميثيل.,بوتانوات الميتيل,0.5137970447540283,0.5516998767852783,0.5320743322372437,Incorrect
320,ما هو سبب الوفاة لدى مرض التلاسيميا؟,فقر دم انحلالي مزمن.,تراكم الحديد,فقر دم انحلالي مزمن.,تراكم الحديد,0.4002147614955902,0.45235466957092285,0.4246903657913208,Incorrect
321,ما هي الصبغيات التي يوجد فيها الكروماتين المغاير؟,كل الصبغيات الجسدية,1,كل الصبغيات الجسدية,1,0.3922892212867737,0.41044923663139343,0.40116381645202637,Incorrect
322,ما المركب الذي ينقص منه نتيجة التأخر في فصل البلازما أو المصل من الكريات في الدم؟,الغلوبولين المناعي A (IgA),الغلوكوز.,الغلوبولين المناعي A (IgA),الغلوكوز.,0.5355346202850342,0.581839919090271,0.5577277541160583,Incorrect
323,ما هو المركب الذي يستخدم كزمرة ملحقة لجميع الإنزيمات الناقلة الزمرة الأمين؟,ميثيونين.,البيرودوكسال فوسفات,ميثيونين.,البيرودوكسال فوسفات,0.5560575723648071,0.5425976514816284,0.5492451190948486,Incorrect
324,ما هو العلاج الثاني لمرض الثلاسيميا بيتا؟,العلاج الثاني لمرض الثلاسيميا بيتا:,زرع نقي عظام,العلاج الثاني لمرض الثلاسيميا بيتا:,زرع نقي عظام,0.4391898512840271,0.4870217442512512,0.4618707299232483,Incorrect
325,ما هو الاضطراب الذي يتميز بفرط شديد في بيليروبين المصل غير المرتبط وعوز جزئي في UDPGT؟,متلازمة كريغلر نجار (النوع الثاني),كريجلر نجار,متلازمة كريغلر نجار (النوع الثاني),كريجلر نجار,0.5061493515968323,0.6694702506065369,0.5764652490615845,Correct
326,ما هو سبب الوفاة لدى مرضى التلاسيميا؟,فقر دم انحلالي مزمن.,تراكم الحديد,فقر دم انحلالي مزمن.,تراكم الحديد,0.4002147614955902,0.45235466957092285,0.4246903657913208,Incorrect
327,ماذا يسبب عوز الثيامين الشديد؟,Beriberi (مسبباً التهاب الأعصاب),البري بري,Beriberi (مسبباً التهاب الأعصاب),البري بري,0.4025536775588989,0.4280092716217041,0.4148913621902466,Correct
328,كم يبلغ عدد الجينات التي تشفر لجزيئات الرنا الأصغري miRNAs في مجين الإنسان؟,الإجابة: حوالي 500 جين,125,الإجابة: حوالي 500 جين,125,0.36520835757255554,0.5061763525009155,0.4242897927761078,Incorrect
329,أين يتم اصطناع الدقائق الكيلوسية؟,في الكبد,الأمعاء,في الكبد,الأمعاء,0.6818168759346008,0.6975207328796387,0.689579427242279,Incorrect
330,ما هو الإنزيم الذي يتم بوساطته ربط شدف أوكازاكي؟,LIGASE,أنزيم الليغاز,LIGASE,أنزيم الليغاز,0.6907885670661926,0.5937328934669495,0.6385940313339233,Correct
331,ما هو أكثر الأنزيمات فعالية تحفيزية في جسم الإنسان؟,أكثر الأنزيمات فعالية تحفيزية في جسم الإنسان هي:,كاربونيك انهيدراز.,أكثر الأنزيمات فعالية تحفيزية في جسم الإنسان هي:,كاربونيك انهيدراز.,0.49132776260375977,0.4397079646587372,0.4640868604183197,Incorrect
332,ما هو الشكل الفعال لفيتامين B6؟,بيريدوكسين,البيريدوكسال فوسفات,بيريدوكسين,البيريدوكسال فوسفات,0.7327970266342163,0.6656144857406616,0.6975919604301453,Incorrect
333,ما هو الموقع الطبيعي للجين الورمي ABL؟,على الكروموسوم 22.,9q34,على الكروموسوم 22.,9q34,0.4350394010543823,0.33654576539993286,0.3795062005519867,Incorrect
334,كم عدد طبقات الفوسفولبيد في المذيلة؟,ثلاث طبقات,3,ثلاث طبقات,3,0.6255682706832886,0.7145001888275146,0.6670833230018616,Correct
335,ما هو التركيب الذي يدخل فيه الكولاجين 4؟,الألياف المرنة.,الغشاء القاعدي .,الألياف المرنة.,الغشاء القاعدي .,0.677409827709198,0.707988977432251,0.6923618912696838,Incorrect
336,ما الذي تؤدي إليه استلة الهيستونات؟,تؤدي إلى التعبير الجيني.,تفعيل الانتساخ.,تؤدي إلى التعبير الجيني.,تفعيل الانتساخ.,0.580377459526062,0.6144652366638184,0.5969350934028625,Correct
337,ما هي الخصائص التي تتميز بها شجرة النسب الحاوية على حالة وراثة متعلقة بالمتقدرات والأم فقط فيها مصابة؟,الميراث الميتوكوندري.,كل الأولاد مصابون.,الميراث الميتوكوندري.,كل الأولاد مصابون.,0.47154274582862854,0.4929642975330353,0.4820156395435333,Incorrect
338,ما هو الحمض الأميني الذي تتم أستلة الهستونات له؟,أسيتيل-ليسين.,اللوسين,أسيتيل-ليسين.,اللوسين,0.3575318455696106,0.4691851735115051,0.40581879019737244,Incorrect
339,ما هي المكونات التي تتألف منها الفوسفولبيدات بالإضافة إلى حمضين دسمين والفوسفات؟,غليسرول,الغليسرول .,غليسرول,الغليسرول .,0.6732348203659058,0.5726296901702881,0.6188702583312988,Correct
340,ما هي الوظيفة الوحيدة لسيغما في إنزيم بوليمراز RNA البكتيري؟,الوظيفة الوحيدة لسيغما (Sigma) في إنزيم بوليمراز RNA البكتيري هي: بدء تخليق الرنا (RNA) الجديد.,التعرف على المحضض.,الوظيفة الوحيدة لسيغما (Sigma) في إنزيم بوليمراز RNA البكتيري هي: بدء تخليق الرنا (RNA) الجديد.,التعرف على المحضض.,0.3809886574745178,0.4852113127708435,0.42682987451553345,Incorrect
341,ما هي الأجزاء التي تتبادل بينها الإشارات الجزيئية التي يعتمد عليها ضبط النظام الخلوي الجذعي؟,الإشارات الخلوية الجذعية.,الخلايا الجذعية وذريتها والنسج المحيطة .,الإشارات الخلوية الجذعية.,الخلايا الجذعية وذريتها والنسج المحيطة .,0.7643451690673828,0.6403095126152039,0.6968509554862976,Incorrect
342,ما تدعى البروتينات المشكلة لمعقدات الثقوب النووية؟,بروتينات نووية,النكليوبورين .,بروتينات نووية,النكليوبورين .,0.4722254276275635,0.4589880108833313,0.46551263332366943,Incorrect
343,كيف تتم إزالة المتقدرات الحاوية على طفرات بالية؟,ANSWER: إزالة خلوية مبرمج,الجيني الاختناق.,إزالة خلوية مبرمج,الجيني الاختناق.,0.5121766328811646,0.4362950921058655,0.47120046615600586,Incorrect
344,ما هو عامل الإطلاق في حقيقيات النوى؟,RNA بوليميراز,RF2,RNA بوليميراز,RF2,0.594458818435669,0.6469671726226807,0.6196025013923645,Incorrect
345,ما هي الروابط التي تربط سلسلتي عديدي النكليوتيد مع بعضهما البعض؟,روابط هيدروجينية,هيدروجينية.,روابط هيدروجينية,هيدروجينية.,0.743424654006958,0.5972402691841125,0.6623625755310059,Correct
346,ما هي خصائص الشجرة الوراثية لخلة متنحية فيها الأبوين مصابين؟,الإجابة: وراثة متنحية.,كل الأبناء مصابين.,الإجابة: وراثة متنحية.,كل الأبناء مصابين.,0.43954432010650635,0.4965900182723999,0.46632906794548035,Incorrect
347,ما هو أكبر مستوى من المستويات التراتبية للحياة؟,المملكة,المنظومة البيئية .,المملكة,المنظومة البيئية .,0.5342488288879395,0.4764440059661865,0.5036933422088623,Incorrect
348,ما هو الحمض الأميني الذي تبدأ به جميع عديدات الببتيد في بدائيات النوى؟,Methionine (Met).,المعدل الميثيونين.,Methionine (Met).,المعدل الميثيونين.,0.5148658156394958,0.698608934879303,0.5928263068199158,Incorrect
349,ما الذي يدل عليه تقدير نسبة تنوع النمط الظاهري لخلة ما بسبب الاختلافات الجينية؟,التنوع الجيني.,قابلية الانتقال بالوراثة.,التنوع الجيني.,قابلية الانتقال بالوراثة.,0.660108208656311,0.5499633550643921,0.6000229120254517,Incorrect
350,ما هي الآلية التي تضمن للخلية الجذعية استمرارها إلى ما لا نهاية؟,REPAIR: القدرة على الانقسام غير المحدود.,التجديد الذاتي,REPAIR: القدرة على الانقسام غير المحدود.,التجديد الذاتي,0.39620089530944824,0.4620499610900879,0.42659929394721985,Correct
351,ما هو الحمض الأميني الذي نتج عن ترجمة أول جزيء رنا مرسال صنعي؟,ميثيونين.,الهستيدين,ميثيونين.,الهستيدين,0.4595416784286499,0.48058992624282837,0.469830185174942,Incorrect
352,ما هي الإنزيمات التي تقوم القلنسوة بحماية سلسلة الرنا من التدرك بها؟,الريبونوكلياز,الليغاز,الريبونوكلياز,الليغاز,0.572403609752655,0.6591256856918335,0.6127112507820129,Incorrect
353,ما هو مقدار المادة الوراثية التي يتشاركها أقرباء من الدرجة الثانية مع المستلفت؟,25%,سدس مادتهم الوراثية,25%,سدس مادتهم الوراثية,0.48767656087875366,0.4150847792625427,0.4484620988368988,Incorrect
354,أين يلتحم الغشاءان النوويان؟,الغشاء النووي المركزي.,معدات الثقوب النووية .,الغشاء النووي المركزي.,معدات الثقوب النووية .,0.7642568349838257,0.6784131526947021,0.718781054019928,Incorrect
355,ما هي النتائج المتوقعة في حال إصابة أب بصفة تخضع لوراثة متنحية مرتبطة بالصبغي X؟,إصابة الأب المصاب بصفة متنحية مرتبطة بالصبغي X ستؤثر على جميع أبنائه الذكور (احتمالية 100%)، بينما لن تتأثر بناته (احتمالية 50%).,ينقل الصفة فقط لبناته,إصابة الأب المصاب بصفة متنحية مرتبطة بالصبغي X ستؤثر على جميع أبنائه الذكور (احتمالية 100%)، بينما لن تتأثر بناته (احتمالية 50%).,ينقل الصفة فقط لبناته,0.38762712478637695,0.47336485981941223,0.4262270927429199,Incorrect
356,ما هي النظرية التي تفسر ظهور المتقدرات والصانعات بإدخال جراثيم داخل الخلايا تقوم بالفسفرة والتركيب الضوئي؟,نظرية الجرثوميات الداخلية (Endosymbiotic Theory),فرضية التعايش الداخلي,نظرية الجرثوميات الداخلية (Endosymbiotic Theory),فرضية التعايش الداخلي,0.5930221080780029,0.6016967296600342,0.5973278880119324,Correct
357,ماذا يسبب وجود الألائل السائد في الأنماط الجينية المختلفة التالية RRYY و RrYy و RRYy و RrYY؟,التنوع في النمط الظاهري للصفات.,نمط ظاهري جديد,التنوع في النمط الظاهري للصفات.,نمط ظاهري جديد,0.5021746158599854,0.67079758644104,0.5743657350540161,Incorrect
358,ما هو المكان الذي توجد فيه أكبر نسبة للبروتينات في أغشية خلايا الجسم؟,أين تتوضع الثقبة العوراء في اللسان؟,الغشاء الخلوي للصانعات الخضراء .,أين تتوضع الثقبة العوراء في اللسان؟,الغشاء الخلوي للصانعات الخضراء .,0.49161800742149353,0.4465438723564148,0.4679981470108032,Incorrect
359,ما هو المسؤول عن إزالة مشراع الرنا قرب انتهاء تنسخ الدنا واستبدالها بنكليوتيدات الدنا؟,إنزيم بوليميراز الدنا (DNA Polymerase),بوليميراز الدنا من النمط الأول,إنزيم بوليميراز الدنا (DNA Polymerase),بوليميراز الدنا من النمط الأول,0.6570501327514648,0.6691694855690002,0.6630544662475586,Incorrect
360,ما الذي ترتبط به الصبيغيات الشقيقة على أنيبيبات مغزل الانقسام؟,الـ كروماتيدات الشقيقة.,الجسيم الحركي .,الـ كروماتيدات الشقيقة.,الجسيم الحركي .,0.5209046006202698,0.6192677021026611,0.5658432245254517,Incorrect
361,ما المميز بشجرة النسب الحاوية على حالة وراثة متعلقة بالمتقدرات والتي تكون فيها الأم فقط مصابة؟,ANSWER: وراثة الأم فقط.,الاولاد كلهم مصابون.,وراثة الأم فقط.,الاولاد كلهم مصابون.,0.5033527612686157,0.5064821243286133,0.5049125552177429,Incorrect
362,ما هو الاختلاف بين الانترونات والاكسونات؟,الإجابة: مناطق غير مشفرة ضمن الجين.,لا تترجم إلى بروتين.,الإجابة: مناطق غير مشفرة ضمن الجين.,لا تترجم إلى بروتين.,0.4714124798774719,0.5272729396820068,0.4977804720401764,Correct
363,ما الذي تمثله الخطوط الأفقية التي ترسم أعلى الدوائر والمربعات في شجرة النسب؟,تمثيل النسب.,التواءم,تمثيل النسب.,التواءم,0.45784273743629456,0.48710253834724426,0.47201964259147644,Incorrect
364,علام تحتوي الخلايا التي يعبر عنها مصطلح الهيولي المتغايرة؟,الخلايا المتخصصة.,متقدرات سليمة وطافرة,الخلايا المتخصصة.,متقدرات سليمة وطافرة,0.49865812063217163,0.5411635041236877,0.5190420746803284,Incorrect
365,ما هي الطرق التي يمكن من خلالها تمييز الصبغيات بعضها عن بعض؟,الصبغيات مميزة عن بعضها البعض عبر آليات متعددة تضمن دقة توزيع المادة الوراثية أثناء الانقسام الخلوي. هذه الطرق الرئيسية هي:,النمط الجيني,الصبغيات مميزة عن بعضها البعض عبر آليات متعددة تضمن دقة توزيع المادة الوراثية أثناء الانقسام الخلوي. هذه الطرق الرئيسية هي:,النمط الجيني,0.431144118309021,0.5478882193565369,0.482555627822876,Incorrect
366,ما هو التعبير الذي يُستخدم للطاقة الكامنة المختزنة في مدروج للشحنات الكهربائية؟,الجهد الكهربائي.,بالكمون الكهربائي.,الجهد الكهربائي.,بالكمون الكهربائي.,0.78919517993927,0.7323582768440247,0.7597151398658752,Correct
367,ما الذي تتشكل منه الأرجل الصفائحية؟,ANSWER: من الأديم المتوسط,الأكتين.,من الأديم المتوسط,الأكتين.,0.4953327775001526,0.5036271810531616,0.4994455575942993,Incorrect
368,ما هي الرابطة في البنية الثانوية للحمض النووي؟,روابط هيدروجينية,هيدروجينية,روابط هيدروجينية,هيدروجينية,0.7438226342201233,0.7794427871704102,0.7612162232398987,Correct
369,ما نوع الجينات التي تعد جينات الرنا الريباسي منها؟,rna ribosomal RNA genes,الخدمية.,rna ribosomal RNA genes,الخدمية.,0.5858522653579712,0.36972010135650635,0.4533436894416809,Incorrect
370,ما هو عدد الصبغيات المأشوبة إذا حدث تأشيب في 80 انقسام؟,لا يمكن تحديد عدد الصبغيات المأشوبة بدقة بناءً على عدد الانقسامات (80 انقسام) فقط.,320,لا يمكن تحديد عدد الصبغيات المأشوبة بدقة بناءً على عدد الانقسامات (80 انقسام) فقط.,320,0.3003862798213959,0.32900017499923706,0.3140428066253662,Incorrect
371,ما هي العملية التي يتم بها تكوين متعضية تشبه الأبوين من بيضة مخصبة؟,التكاثر اللاجنسي,التنامي الجنيني,التكاثر اللاجنسي,التنامي الجنيني,0.719386100769043,0.7439677715301514,0.7314704656600952,Incorrect
372,على من يظهر الاحلال الوراثي في الوراثة الجنسية المناحية؟,يظهر الاحلال الوراثي على الكروموسوم X.,على الذكور والإناث من الأبناء,يظهر الاحلال الوراثي على الكروموسوم X.,على الذكور والإناث من الأبناء,0.47853878140449524,0.5384110808372498,0.5067124366760254,Incorrect
373,ما هو المجهر الذي يدرس السطح الطبوغرافي؟,ANSWER: المجهر الماسح,مجهر القوة الذرية .,المجهر الماسح,مجهر القوة الذرية .,0.6062867045402527,0.5168562531471252,0.558010995388031,Incorrect
374,ما هي البنى السيتوبلازمية المغلفة بغشاء واحد على الأقل؟,الشبكة الإندوبلازمية,العضبيات,الشبكة الإندوبلازمية,العضبيات,0.5243504047393799,0.6149578094482422,0.566051185131073,Incorrect
375,ما هي خصائص شجرة النسب الحاوية على حالة وراثة متعلقة بالمتقدرات والوالدين فيها مصابين؟,توارث الميتوكوندريا.,الأولاد كلهم مصابون.,توارث الميتوكوندريا.,الأولاد كلهم مصابون.,0.42803287506103516,0.4463783800601959,0.4370132088661194,Incorrect
376,ما الذي تختلف به الأحماض الأمينية عن بعضها؟,رنينها الببتيدي,المجموعة الكربوكسيلية,رنينها الببتيدي,المجموعة الكربوكسيلية,0.4840671420097351,0.48343169689178467,0.4837492108345032,Incorrect
377,ما الذي يشير إليه المربع الصغير المملوء في شجرة الوراثة؟,المربع الصغير المملوء: متنحي,طفل مصاب,المربع الصغير المملوء: متنحي,طفل مصاب,0.5435402393341064,0.5082250833511353,0.52528977394104,Incorrect
378,ما هو سبب حدوث التلاسيميا بيتا؟,خلل في إنتاج السلسلة بيتا.,خلة جسدية متنحية.,خلل في إنتاج السلسلة بيتا.,خلة جسدية متنحية.,0.5237151384353638,0.5390183925628662,0.5312566161155701,Incorrect
379,ماذا يؤدي وجود التربتوفان في مشغل التيربتوفان؟,يؤدي إلى ارتباطه بمستقبله.,تثبيط انتساخ الجينات,يؤدي إلى ارتباطه بمستقبله.,تثبيط انتساخ الجينات,0.3860795497894287,0.4040239453315735,0.3948479890823364,Incorrect
380,ما الذي تساعد عليه حلقة الأكتين المتقلصة؟,الانقباض العضلي.,انقسام النواة,الانقباض العضلي.,انقسام النواة,0.4158664047718048,0.4262840151786804,0.4210107624530792,Incorrect
381,ما الذي يدل عليه المعين في شجرة النسب؟,الأقارب من الدرجة الأولى.,الفرد مات في مرحلة مبكرة,الأقارب من الدرجة الأولى.,الفرد مات في مرحلة مبكرة,0.4535014033317566,0.6103991866111755,0.5203810930252075,Incorrect
382,كم عدد الجينات المسؤولة عن الاصطناع الحيوي للحمض الأميني التربتوفان في جينوم بكتيريا E.Coli؟,جينا واحداً (talA),6,جينا واحداً (talA),6,0.34668079018592834,0.48077821731567383,0.40286362171173096,Incorrect
383,ما هي وظيفة حويصلات كوب ٢؟,تخزين مؤقت للمياه.,النقل التقدمى من الشبكة البلازمية الى مدخل غولجي فقط .,تخزين مؤقت للمياه.,النقل التقدمى من الشبكة البلازمية الى مدخل غولجي فقط .,0.5630807876586914,0.47334176301956177,0.514326274394989,Incorrect
384,ما هو معدل الحاملين في مجتمع إذا كان انتشار مرض التالاسيميا معروفاً في ذلك المجتمع؟,لا يمكن تحديده بدقة بدون بيانات انتشار محددة.,50M,لا يمكن تحديده بدقة بدون بيانات انتشار محددة.,50M,0.23723334074020386,0.30531638860702515,0.2670030891895294,Incorrect
385,أين تجري عملية التمثيل الضوئي؟,البلاستيدات الخضراء,الصائعات الخضراء,البلاستيدات الخضراء,الصائعات الخضراء,0.7681758403778076,0.8159303665161133,0.7913333177566528,Correct
386,ماذا يحدث عند انخفاض نسبة الكوليسترول في الغشاء الخلوي؟,خلل وظيفي خلوي.,تزداد مرونة الغشاء.,خلل وظيفي خلوي.,تزداد مرونة الغشاء.,0.5949982404708862,0.5712329149246216,0.5828734636306763,Incorrect
387,أين يتحد الغشاءان النوويان الداخلي والخارجي؟,الغشاء النووي (بالنواة),معقدات الثقوب النووية,الغشاء النووي (بالنواة),معقدات الثقوب النووية,0.5492665767669678,0.5804257392883301,0.5644164681434631,Incorrect
388,كم عدد القواعد الآزوتية اللازمة لإنتاج بروتين الأنسولين المكوّن من 51 حمض أميني إنتاجاً كاملاً؟,9,153,9,153,0.5430473685264587,0.5430473685264587,0.5430473685264587,Incorrect
389,ما هي الترسبات الصباغية التي تحوي بروتين الفيرتين؟,الشامات المصطبغة (Melanocytic nevi),حبيبات هيمرسيدرين,الشامات المصطبغة (Melanocytic nevi),حبيبات هيمرسيدرين,0.5900684595108032,0.5454369187355042,0.5668755173683167,Incorrect
390,ما هو أول عنصر من عناصر الدراسة العلمية المنهجية؟,الملاحظة,الاختبار والنتائج .,الملاحظة,الاختبار والنتائج .,0.4225333034992218,0.34307169914245605,0.3786788582801819,Incorrect
391,ماذا تشير النجمة بعد رمز الجين؟,النجمة تشير إلى **أليل بديل/متغاير الزيجوت**.,لترميز الجينات,النجمة تشير إلى **أليل بديل/متغاير الزيجوت**.,لترميز الجينات,0.3970557451248169,0.44843292236328125,0.42118334770202637,Incorrect
392,ما يُعرف بامتصاص بعض المواد الضوء بطول موجة ومن ثم إصداره بطول موجة أطول؟,التألق (Fluorescence),التألق,التألق (Fluorescence),التألق,0.5105410814285278,0.8122879266738892,0.6269991993904114,Correct
393,ما يُدعى نوع وترتيب الأحماض الأمينية في البروتين؟,التشفر البروتيني,البنية الأولية,التشفر البروتيني,البنية الأولية,0.593323290348053,0.6084713339805603,0.6008018255233765,Incorrect
394,ماذا ينتج عند حدوث خلل في تنظيم السبيل الإشاري WNT؟,خلل التنظيم,سرطان أمعاء,خلل التنظيم,سرطان أمعاء,0.5692119002342224,0.5334606766700745,0.5507566928863525,Incorrect
395,ما هي الشعبة التي ينتمي إليها الإنسان؟,الحيوانات,الثدييات .,الحيوانات,الثدييات .,0.6829348802566528,0.5873113870620728,0.631523847579956,Incorrect
396,ما هي نتيجة التطور التي تؤدي إلى التكيف؟,التكيف,الاصطفاء الطبيعي .,التكيف,الاصطفاء الطبيعي .,0.5144338011741638,0.46931713819503784,0.490840882062912,Incorrect
397,أين تكثر جزر CpG؟,المروجات (Promoters),المحضضات.,المروجات (Promoters),المحضضات.,0.5337110757827759,0.5188419818878174,0.5261715054512024,Incorrect
398,ما هو الأساس الأزوتي المتمم للتايمين في الرنا؟,يوراسيل,اليوراسيل,يوراسيل,اليوراسيل,0.8457804918289185,0.8457804918289185,0.8457805514335632,Correct
399,ما هو الموقع الذي يبدأ فيه انتساخ الجينات المرمزة للبروتينات بارتباط انزيم الرنا بوليميراز؟,بداية النسخ الجيني.,المطلق القريب .,بداية النسخ الجيني.,المطلق القريب .,0.47438520193099976,0.5575962066650391,0.5126359462738037,Incorrect
400,أين تقع الجينات المسؤولة عن الزمر الدموية عند البشر؟,الميتوكوندريا (الحمض النووي للميتوكوندريا),الصيغي 9,الميتوكوندريا (الحمض النووي للميتوكوندريا),الصيغي 9,0.48864325881004333,0.4160439670085907,0.4494306445121765,Incorrect
401,ما هو الدور الرئيسي في تعرف جسيم التضفير مواقع التضفير؟,الدور الرئيسي في تعرف جسيم التضفير مواقع التضفير هو **الالتقاط**.,snRNPs.,الدور الرئيسي في تعرف جسيم التضفير مواقع التضفير هو **الالتقاط**.,snRNPs.,0.37990549206733704,0.5065696835517883,0.4341883361339569,Incorrect
402,ما هي الصبغيات التي يحدث بينها إزفاء متبادل في حالة ابيضاض الدم النقوي المزمن CML؟,ANSWER: **الكروموسوم 22**,9 و 11,**الكروموسوم 22**,9 و 11,0.4542229175567627,0.49207615852355957,0.4723924398422241,Incorrect
403,ما هو عدد الأنماط الظاهرية المختلفة في الجيل الثاني في حال التفارز المستقل بين المورثتين A و B؟,أربعة أنماط ظاهرية مختلفة.,8,أربعة أنماط ظاهرية مختلفة.,8,0.28613924980163574,0.2867894768714905,0.28646397590637207,Incorrect
404,ما هو عدد الأنماط الجينية في أعراس فرد متغاير الأليلات AB/ab إذا كان الارتباط بين المورثتين A و B كاملاً؟,ABAB,2,ABAB,2,0.5515181422233582,0.635016679763794,0.5903294086456299,Incorrect
405,ما نوع الوراثة التي يكون فيها والدا الطفل المصاب حاملين متغايري الألائل عديمين الأمراض؟,وراثة متنحية جسدية,الجسدية المتنحية,وراثة متنحية جسدية,الجسدية المتنحية,0.7168781757354736,0.6909546852111816,0.703677773475647,Correct
406,ما هو نمط هذا المرض إذا عانى فرد متخالف الألائل من أعراض مرض وكان موضع الجين على الصبغي 5؟,ANSWER: متنحي,صبغي جسدي سائد,متنحي,صبغي جسدي سائد,0.5562534332275391,0.5030960440635681,0.5283409953117371,Incorrect
407,ما هو خطر إصابة الطفل بالورم التليفي العصبي في الحمل التالي لأم مصابة أنجبت ذكرًا مصابًا بالمرض علمًا أن زوجها سليم؟,خطر انتقال المرض: 50%,0.5,خطر انتقال المرض: 50%,0.5,0.3566569685935974,0.3955082297325134,0.3750792145729065,Correct
408,ما هو الاحتمال الأول لطراز انتقال هذا المرض الوراثي عندما ينجب أبوان سليمان طفلين (ذكر وأنثى) مصابين بمرض استقلابي بدأت تظاهراته مبكراً؟,الإجابة: وراثة جسمية متنحية.,صبغي جسدي سائد,الإجابة: وراثة جسمية متنحية.,صبغي جسدي سائد,0.38057219982147217,0.4348451495170593,0.4059025049209595,Incorrect
409,ما هو القانون الذي ينص على أن زاوية الورود تساوي زاوية الانعكاس؟,قانون الانعكاس,للانعكاس,قانون الانعكاس,للانعكاس,0.6863342523574829,0.7040724754333496,0.6950902342796326,Correct
410,ما هي الصيغة التي تعطينا التفاصيل الأقل والنسبة الأبسط للذرات الموجودة في الجزيء؟,الصيغة التجريبية.,الصيغة التجريبية,الصيغة التجريبية.,الصيغة التجريبية,0.833903968334198,0.9015951156616211,0.8664293885231018,Correct
411,ما هو الذي يعطي لأشعة جاما مصدرا آخر للأشعة السينية التي يمكن أن تكون مفيدة وطاقتها قريبة من طاقة أشعة جاما الأصلية بحيث يمكن عدهما أشعة واحدة؟,**متحلل نووي مشع**,التحول الداخلي,**متحلل نووي مشع**,التحول الداخلي,0.3871174454689026,0.4589519500732422,0.41998517513275146,Incorrect
412,ما هو التواتر المناسب للأمواج التي يمكن استخدامها للكشف عن المواد غير المرئية بالنسبة للتواتر 500GHz؟,الكشف عن المواد غير المرئية باستخدام الأمواج عند تواتر 500GHz يتطلب دراسة دقيقة لخصائص التواتر والطول الموجي المقابل. بشكل عام، تعتمد فعالية الكشف عن المواد على حجم الجسيمات مقارنة بالطول الموجي المستخدم.,الأعلى,الكشف عن المواد غير المرئية باستخدام الأمواج عند تواتر 500GHz يتطلب دراسة دقيقة لخصائص التواتر والطول الموجي المقابل. بشكل عام، تعتمد فعالية الكشف عن المواد على حجم الجسيمات مقارنة بالطول الموجي المستخدم.,الأعلى,0.2818233370780945,0.33615225553512573,0.3065996468067169,Incorrect
413,ما هو المجال الذي تكون فيه الأمواج تحت الصوتية أصغر منه؟,المجال الذي تكون فيه الأمواج تحت الصوتية أصغر منه هو المجال الذي تتولد فيه.,20 Hz,المجال الذي تكون فيه الأمواج تحت الصوتية أصغر منه هو المجال الذي تتولد فيه.,20 Hz,0.22359132766723633,0.32463985681533813,0.26480308175086975,Incorrect
414,ما هو المقدار الذي يتزايد لدى انتثار فوتون عن الكترون بمفعول كومتون؟,الشعلة الكهروضوئية,طوله الموجي,الشعلة الكهروضوئية,طوله الموجي,0.5671055316925049,0.6637904644012451,0.6116507649421692,Incorrect
415,ما الذي يعبر عن شدة الموجة الصوتية؟,شدة الموجة الصوتية.,بالواط على المتر المربع .,شدة الموجة الصوتية.,بالواط على المتر المربع .,0.5610393285751343,0.5246946811676025,0.5422586798667908,Incorrect
416,ما هي خصائص الأشعة السينية؟,إشعاع كهرومغناطيسي مرئي.,اشعاعات كهرطيسية وبأطوال موجية أقصر بكثير منها في حالة الضوء المرئي.,إشعاع كهرومغناطيسي مرئي.,اشعاعات كهرطيسية وبأطوال موجية أقصر بكثير منها في حالة الضوء المرئي.,0.7925872206687927,0.585793673992157,0.6736782193183899,Incorrect
417,ما هي القوة التي تحدث تشوهاً في الجسم وتكون مطبقة على وحدة السطح؟,قوة لكل وحدة مساحة,الاجهاد,قوة لكل وحدة مساحة,الاجهاد,0.45439475774765015,0.5416945219039917,0.494219034910202,Correct
418,ماذا تعتبر درجة حرارة النواة والغلاف في جسم الإنسان؟,تعتبر درجة حرارة النواة والغلاف في جسم الإنسان بمثابة **درجة حرارة أساسية** (Baseline body temperature).,ثابتة - متغيرة,تعتبر درجة حرارة النواة والغلاف في جسم الإنسان بمثابة **درجة حرارة أساسية** (Baseline body temperature).,ثابتة - متغيرة,0.4248339533805847,0.5266581177711487,0.4702976644039154,Incorrect
419,ما هو ثابت التناسب بين تدرج السرعة؟,ثابت التناسب,معامل لزوجه المائع,ثابت التناسب,معامل لزوجه المائع,0.5915905237197876,0.5589436888694763,0.5748039484024048,Incorrect
420,ما هو الناتج عندما تتفاعل الألدهيدات مع NaBH5؟,الإجابة: اختزال إلى كحول الألكيل,أغوال أولية,الإجابة: اختزال إلى كحول الألكيل,أغوال أولية,0.43765681982040405,0.48449477553367615,0.4598863124847412,Correct
421,ما هي الطريقة التي يجري بها التبادل الحراري بين الجسم والوسط المحيط؟,ANSWER: Conduction,الأوعية الدموية,Conduction,الأوعية الدموية,0.6683951616287231,0.439668208360672,0.5304247736930847,Incorrect
422,ما هو المعيار الذي يستخدمه العلماء لحساب الكتل الذرية النسبية؟,الكتلة الذرية النسبية,نظير الكربون 12,الكتلة الذرية النسبية,نظير الكربون 12,0.5040168762207031,0.4894140660762787,0.49660810828208923,Incorrect
423,ما هي الوحدة التي يقاس بها الضغط في إطار السيارة في الولايات المتحدة؟,PSI (Pounds per Square Inch),الباوند لكل موجه مربعه,PSI (Pounds per Square Inch),الباوند لكل موجه مربعه,0.5301432013511658,0.48383721709251404,0.5059328675270081,Correct
424,ما هو القانون الذي ينص على أن تغير الحقل المغنطيسي يولد حقلا كهربائيا؟,قانون فاراداي للتحريض الكهرومغناطيسي.,فارادي,قانون فاراداي للتحريض الكهرومغناطيسي.,فارادي,0.4081951379776001,0.4541126489639282,0.4299313426017761,Correct
425,ما هو وصف جريان المائع المستقر من ناحية سرعته في أي نقطة منه مع الزمن؟,ANSWER: ثابت السرعة,ثابتة .,ثابت السرعة,ثابتة .,0.5927054286003113,0.6066313982009888,0.599587619304657,Correct
426,ما هي المادة التي تتخذ شكل أسفل الوعاء الذي يحتويها ولها حجم خاص بها؟,الإجابة: المادة الماصة,سائلة,الإجابة: المادة الماصة,سائلة,0.3345240354537964,0.5038674473762512,0.40209323167800903,Incorrect
427,ما تسمى القوى عندما يكون عمر الحالة المثارة طويلا؟,التثبيت,شبه مستقرة,التثبيت,شبه مستقرة,0.5129785537719727,0.42963430285453796,0.4676218330860138,Incorrect
428,ما هو الذي يعطى لأشعة غاما مصدراً آخر للأشعة السينية التي يمكن أن تكون مفيدة وطاقتها قريبة من طاقة أشعة غاما الأصلية بحيث يمكن الحصول على أشعة واحدة؟,فوتون مزدوج اللون,التحول الداخلي,فوتون مزدوج اللون,التحول الداخلي,0.4778350293636322,0.527452826499939,0.5014194250106812,Incorrect
429,ما نوع الكثافة التي تعتبر منها العظام ومستحضرات التباين العائمة مثل اليود والباريوم؟,الجسدي (Density),الكلسية.,الجسدي (Density),الكلسية.,0.5316528677940369,0.4086087942123413,0.4620799720287323,Incorrect
430,ما هي طبيعة الأشعة السينية؟,إشعاع كهرومغناطيسي,اشعاعات كهر طيسية,إشعاع كهرومغناطيسي,اشعاعات كهر طيسية,0.8339117765426636,0.7065215706825256,0.7649492025375366,Correct
431,ما هو مجموع الكتل الذرية النسبية في مركب أيوني؟,صفر,الكتلة الصيغية النسبية,صفر,الكتلة الصيغية النسبية,0.390482097864151,0.308844655752182,0.3448983132839203,Incorrect
432,أين يقع مجال التيراهرتز؟,بين 300 غيغا هرتز و 3 تيراهرتز.,الأشعة تحت الحمراء والأمواج المكروية .,بين 300 غيغا هرتز و 3 تيراهرتز.,الأشعة تحت الحمراء والأمواج المكروية .,0.4929693341255188,0.5152613520622253,0.5038689374923706,Correct
433,لماذا يُستخدم الماء في درجة معينة كمادة مرجعية للوزن النوعي؟,الإجابة: لأن كثافة الماء معروفة وثابتة عند درجة حرارة معينة.,قيمتها العظمى,الإجابة: لأن كثافة الماء معروفة وثابتة عند درجة حرارة معينة.,قيمتها العظمى,0.3324500024318695,0.44505685567855835,0.3805989921092987,Incorrect
434,ما هي مكونات صمام الأشعة السينية؟,عدسة غازية,المسدد,عدسة غازية,المسدد,0.6000782251358032,0.6739861965179443,0.6348885297775269,Incorrect
435,ما الذي تتعلق به الطاقة التي يصدرها الجسم الأسود وفقاً لدراسة تغير تابع إشعاع الجسم الأسود؟,الأشعة تحت الحمراء,درجة حرارته المطلقة,الأشعة تحت الحمراء,درجة حرارته المطلقة,0.5977723598480225,0.5936304926872253,0.5956941843032837,Incorrect
436,ما هي قوة اللزوجة بالنسبة لاتجاه جريان المائع؟,قوة البروز,تعاكسه .,قوة البروز,تعاكسه .,0.39479535818099976,0.3813023269176483,0.38793155550956726,Incorrect
437,ما هي الطاقة التي يمكن بها تفكيك رابطة في خلايا النسج؟,الطاقة: طاقة كيميائية,فوتون أشعة سينينة.,الطاقة: طاقة كيميائية,فوتون أشعة سينينة.,0.5748291611671448,0.5100269317626953,0.5404926538467407,Incorrect
438,ما يجب أن يكون عليه ضغط الهواء داخل القاعة في حالة الثوران بالنسبة لضغط الماء خارجها حيث تتوازن قوة الضغط نحو الخارج مع قوة التوتر السطحي نحو الداخل؟,توتر سطحي,اکبر,توتر سطحي,اکبر,0.39840471744537354,0.4203874468803406,0.4091009795665741,Incorrect
439,ما هو المجال الموجي لأشعة UVC؟,UV-C: 100-280 نانومتر,100-280nm,UV-C: 100-280 نانومتر,100-280nm,0.6689432859420776,0.674168586730957,0.6715457439422607,Correct
440,ما هي طبيعة الارتباط بين قرينة الانكسار لوسط مادي معين وسرعة الأمواج في ذلك الوسط؟,علاقة طردية عكسية,عكسيا - سرعة,علاقة طردية عكسية,عكسيا - سرعة,0.6766989827156067,0.5732128620147705,0.6206719279289246,Incorrect
441,ما هي الخاصية التي يميزها التواتر والطول الموجي؟,الخاصية: التردد,الموجة,الخاصية: التردد,الموجة,0.20003701746463776,0.2370270937681198,0.21696674823760986,Incorrect
442,ما هي الطاقة التي تحملها الموجة في وحدة الزمن؟,التردد,استطاعة الموجة الضوئية,التردد,استطاعة الموجة الضوئية,0.493135005235672,0.4166622757911682,0.4516846835613251,Incorrect
443,ما هي قابلية العين التي تسمح بالمطابقة لكل أبعاد الجسم عن العين مع الاستمرار بتشكيل خيال على بعد ثابت من العدسة يتحدد بالفاصل بين العدسة والشبكية؟,قابلية التكيف,تعديل شكل العدسة,قابلية التكيف,تعديل شكل العدسة,0.5818173885345459,0.5561370253562927,0.5686874389648438,Correct
444,كيف يؤثر الضغط على توازن التفاعلات التي تكون متفاعلاتها ومنتجاتها؟,يخل بالحلول.,غازات,يخل بالحلول.,غازات,0.40021568536758423,0.5196714997291565,0.4521873891353607,Incorrect
445,ما هو التواتر في حالة الأمواج الصوتية؟,التواتر,عدد الإنضغاطات الاي تمر في نقطة معينة في الثانية,التواتر,عدد الإنضغاطات الاي تمر في نقطة معينة في الثانية,0.3753269910812378,0.432658314704895,0.4019586443901062,Incorrect
446,ما هو شكل الطاقة التي تصدرها أجسامنا حتى في درجات الحرارة العادية؟,الإشعاع الحراري,إشعاع كهرطيسي,الإشعاع الحراري,إشعاع كهرطيسي,0.7704256772994995,0.686259388923645,0.725911021232605,Correct
447,ما هي التحولات التي تحافظ على العدد الكتلي؟,التحلل ألفا.,الايزوبارية,التحلل ألفا.,الايزوبارية,0.46474069356918335,0.47580862045288086,0.470209538936615,Incorrect
448,ما هو القانون الذي يربط بين معدل الجريان الحجمي في وعاء دموي من جهة وفارق الضغط بين طرفي الوعاء ونصف قطره الداخلي وطوله ولزوجة الدم؟,قانون بوازوي (قانون فرانك-ستارلينغ).,قانون بورواري,قانون بوازوي (قانون فرانك-ستارلينغ).,قانون بورواري,0.4236733615398407,0.571326732635498,0.48654451966285706,Incorrect
449,ما نوع الجريان عندما تكون سرعة المائع في أي نقطة منه ثابتة مع مرور الزمن؟,الجريان الثابت (Steady flow),مستقر,الجريان الثابت (Steady flow),مستقر,0.4002036154270172,0.5359043478965759,0.45821821689605713,Correct
450,ما هي آلية انتقال الحرارة في الموائع؟,التوصيل، الحمل، الإشعاع.,الحمل,التوصيل، الحمل، الإشعاع.,الحمل,0.37885338068008423,0.546868622303009,0.447613924741745,Incorrect
451,ما هي صفات الخيال في المصورات ذات الثقب؟,دقة التباين.,خیال حقيقي مقلوب.,دقة التباين.,خیال حقيقي مقلوب.,0.6176495552062988,0.5918899774551392,0.6044954657554626,Incorrect
452,ما هي العلاقة التناسبية لقرينة الانكسار لأي وسط معين؟,علاقة طردية بين درجتي الحرارة.,عكسيا مع سرعة الأمواج في ذلك الوسط,علاقة طردية بين درجتي الحرارة.,عكسيا مع سرعة الأمواج في ذلك الوسط,0.5520892143249512,0.5749760866165161,0.5633002519607544,Incorrect
453,ما هي الأشعة التي حققت حلم الإنسان القديم في رؤية داخل الجسم من دون بضع؟,الأشعة السينية.,الاشعة السينية,الأشعة السينية.,الاشعة السينية,0.765990138053894,0.8465785980224609,0.8042706847190857,Correct
454,ما هو المركب الذي يتشكل من تفاعل حمض الآزوت المركز بوجود حمض الكبريت المركز مع نترو البنزين؟,نيترو أنيلين,ميتا ثنائي نترو البنزن,نيترو أنيلين,ميتا ثنائي نترو البنزن,0.6368697881698608,0.6173551082611084,0.6269606351852417,Incorrect
455,ما هي التبادلات التي تجري بين الجسم الصلب والمانع المتحرك الذي يختلف عنه في درجة الحرارة؟,التوصيل الحراري,الحمل,التوصيل الحراري,الحمل,0.7047480940818787,0.7053051590919495,0.7050265073776245,Incorrect
456,ما هي وظيفة الحقل الكهربائي في الأفران الكروية؟,تسخين المادة,يجعل جزيئات الماء تقوم بحركة دورانية,تسخين المادة,يجعل جزيئات الماء تقوم بحركة دورانية,0.592100977897644,0.5562092065811157,0.5735942125320435,Incorrect
457,ما هي طبيعة الإشعاعات الكهرومغناطيسية؟,موجات كهرومغناطيسية,مثنوية .,موجات كهرومغناطيسية,مثنوية .,0.5986334085464478,0.4748184382915497,0.5295853018760681,Incorrect
458,ما هو التفاعل الذي تخضع له هالوجينات الألكانات بالقلويات؟,إستبدال هارفاتي,استبدال نكليوفيلي,إستبدال هارفاتي,استبدال نكليوفيلي,0.7940736413002014,0.7617345452308655,0.777567982673645,Incorrect
459,ما هي استخدامات الليزر الصباغي؟,ANSWER: تصوير الأوعية الدموية,معالجة الوحمات الوعائية .,تصوير الأوعية الدموية,معالجة الوحمات الوعائية .,0.6477822661399841,0.5971510410308838,0.6214370727539062,Incorrect
460,ماذا تصدر النظائر المشعة في التصوير بالأصدر البوزتروني؟,إشعاع بوزيتروني.,بوزترونات,إشعاع بوزيتروني.,بوزترونات,0.4692600965499878,0.5270563364028931,0.49648183584213257,Correct
461,ما هي الأشعة التي ساهمت في تقدم علم البلورات؟,X-ray crystallography.,X-RAY,X-ray crystallography.,X-RAY,0.5677846670150757,0.6429880857467651,0.6030508875846863,Correct
462,ما الذي يتم التحكم في ارتفاع النهاية المدببة للحفاظ عليه عندما نمسح سطح المعدن في مجهر STM؟,ANSWER: طرف حاد,ثبات التيار النفقي,طرف حاد,ثبات التيار النفقي,0.5444076061248779,0.6408137083053589,0.5886898636817932,Incorrect
463,ما هو معدل الإشعاع من سطح إلى معدل الإشعاع من مساحة مساوية من سطح مشع مثالي في درجة الحرارة نفسها؟,العلاقة العكسية المربعة (Inverse Square Law),الإصدارية,العلاقة العكسية المربعة (Inverse Square Law),الإصدارية,0.3805158734321594,0.4336659610271454,0.40535610914230347,Incorrect
464,ما هي الجزئيات التي يمكن الاستفادة من تفاعلها في التصوير؟,الجزئيات: الفلور، الفوسفور، الكبريت.,فوتونات الفلورة السينية .,الجزئيات: الفلور، الفوسفور، الكبريت.,فوتونات الفلورة السينية .,0.6055827140808105,0.602980375289917,0.6042787432670593,Incorrect
465,ما هو الوسط الذي تكون فيه كثافة الأيونات الموجبة والسالبة أكبر من كثافة الأيونات المعتدلة؟,البلازما.,بلازما,البلازما.,بلازما,0.5656105279922485,0.5997282266616821,0.5821699500083923,Correct
466,ما هو الإجراء المستخدم للاطمئنان على صحة الجنين عند المرأة الحامل؟,فحص الموجات فوق الصوتية.,الإيكو غرافي .,فحص الموجات فوق الصوتية.,الإيكو غرافي .,0.5209546089172363,0.5435372591018677,0.5320063829421997,Correct
467,ما يُدعى الضغط الذي يسببه عمود من الزئبق ارتفاعه 1 مم؟,مليمتر زئبق (mmHg),التور .,مليمتر زئبق (mmHg),التور .,0.46991994976997375,0.502973735332489,0.4858853220939636,Correct
468,ما هي الظاهرة التي تنقسم فيها نواة ذات عدد كتلي كبير إلى نواتين أو أكثر لكل منهما عدد كتلي متوسط؟,ANOMALOUS NUCLEOSIS,ظاهرة الإنشطار النووي,ANOMALOUS NUCLEOSIS,ظاهرة الإنشطار النووي,0.5982843041419983,0.4305824041366577,0.5007659196853638,Incorrect
469,ما هو مجال الأشعة الذي يشع فيه جسم الإنسان بشكل قريب جداً من إشعاع الجسم الأسود؟,التصوير بالأشعة تحت الحمراء,تحت الحمراء,التصوير بالأشعة تحت الحمراء,تحت الحمراء,0.43517962098121643,0.5586919784545898,0.4892611503601074,Correct
470,ما هي الأشعة التي اشتهرت بانتزاع جزيئات الماء لدى تفاعلها مع النسج؟,الأشعة السينية.,الأشعة تحت الحمراء.,الأشعة السينية.,الأشعة تحت الحمراء.,0.771880030632019,0.7557699680328369,0.763740062713623,Incorrect
471,ما هي الظاهرة التي تنقسم فيها نواة ذات عدد كتلي كبير إلى نواتين أو أكثر لكل منهما عدد كتلي متوسط؟,ANOMALOUS NUCLEOSIS,ظاهرة الانشطار النووي.,ANOMALOUS NUCLEOSIS,ظاهرة الانشطار النووي.,0.5740850567817688,0.3668891191482544,0.44767552614212036,Incorrect
472,ما هي طريقة العلاج الفيزيائي التي تستعمل فيها تيارات كهربائية عالية التردد لإحداث الحرارة في الأنسجة العميقة؟,الألتراساوند العلاجية (Therapeutic Ultrasound),تسخين موضعي في الانسجة الحية,الألتراساوند العلاجية (Therapeutic Ultrasound),تسخين موضعي في الانسجة الحية,0.499564528465271,0.6134500503540039,0.5506808161735535,Incorrect
473,كيف تتولد الأشعة السينية؟,توليد الأشعة السينية,تسرع الالكترونات بكمون مرتفع في أنبوب الفراغ ويسمح لها بالسقوط على سطح داخل الانبوب .,توليد الأشعة السينية,تسرع الالكترونات بكمون مرتفع في أنبوب الفراغ ويسمح لها بالسقوط على سطح داخل الانبوب .,0.5212992429733276,0.44416218996047974,0.47964921593666077,Incorrect
474,ما هو الأساس الذي تترتب وفقه العناصر في الجدول الدوري حالياً؟,ANSWER: العدد الذري,إعدادها الذرية,العدد الذري,إعدادها الذرية,0.6775249242782593,0.6773322820663452,0.6774286031723022,Correct
475,ما هو الشرط الذي يجب أن تحققه النقطتان لتطبيق معادلة برنولي على جريان أي مائع مثالي؟,ANSWER: انسيابية تامة,خط الانحناء نفسه,انسيابية تامة,خط الانحناء نفسه,0.46755796670913696,0.4750222861766815,0.47126057744026184,Incorrect
476,ما هي الأمواج التي تستخدم في تفتيت الحصى؟,تفتيت الحصاة بالموجات الصادمة من خارج الجسم.,الأمواج فوق الصوتية,تفتيت الحصاة بالموجات الصادمة من خارج الجسم.,الأمواج فوق الصوتية,0.5576639175415039,0.5898280739784241,0.5732952952384949,Incorrect
477,ما هو المجهر الذي يمسح العينة نقطة فنقطة ولكنه يكشف عن الالكترونات النافذة؟,الإجابة: المجهر النفاثي الإلكتروني (Transmission Electron Microscope - TEM),STEM,الإجابة: المجهر النفاثي الإلكتروني (Transmission Electron Microscope - TEM),STEM,0.3454338312149048,0.592237114906311,0.4363550841808319,Incorrect
478,من أين تشتق قوة المقاومة من اللزوجة عندما تكون السرعة النسبية بين الجسم والمائع كافية لأن يكون الجريان حول الجسم رقائقياً؟,قوة السحب (سحب مائع),منخفضة,قوة السحب (سحب مائع),منخفضة,0.39982903003692627,0.49551963806152344,0.4425608813762665,Incorrect
479,ما هي الرابطة التي تبقى صلبة دائماً؟,لا يوجد رابطة طبيعية تبقى صلبة دائماً.,الأيونية,لا يوجد رابطة طبيعية تبقى صلبة دائماً.,الأيونية,0.37348559498786926,0.3682745695114136,0.3708617687225342,Incorrect
480,كم عدد العدسات في مجهر SEM؟,الإجابة: عادةً عدستان.,اثنتان,الإجابة: عادةً عدستان.,اثنتان,0.2804630994796753,0.3548487424850464,0.3133012056350708,Correct
481,ما هي الحالة التي تتولد فيها الأمواج الصادمة بالنسبة لسرعة منبع الأمواج الصوتية؟,توليد فرق الطور.,تتجاوز سرعة الموجة الصوتية .,توليد فرق الطور.,تتجاوز سرعة الموجة الصوتية .,0.6041882038116455,0.5558762550354004,0.5790262222290039,Incorrect
482,ما هو العدد النيوكلوني في نواة ذرة ما؟,عدد البروتونات والنيوترونات.,مجموع البروتونات والنترونات,عدد البروتونات والنيوترونات.,مجموع البروتونات والنترونات,0.7991316318511963,0.841546893119812,0.8197910189628601,Correct
483,ما هو سبب تخامد الأشعة السينية في الجسم المدروس؟,تضاؤل الإشعاع,امتصاص الجسم لها,تضاؤل الإشعاع,امتصاص الجسم لها,0.5176050662994385,0.5348365306854248,0.5260797142982483,Incorrect
484,ما يُستخدم لقياس درجة التشوه؟,مؤشر تشوه,انفعال,مؤشر تشوه,انفعال,0.5321982502937317,0.6130601763725281,0.5697745680809021,Incorrect
485,ما هي الوحدة التي يقيسها الروتنجن؟,وحدة الإشعاع (Radiation Unit),التعرض للإشعاع .,وحدة الإشعاع (Radiation Unit),التعرض للإشعاع .,0.4985223710536957,0.5548526048660278,0.5251813530921936,Incorrect
486,ما تتألف منه الحلقة البنزنية؟,البنزنيز,ستة كربونات,البنزنيز,ستة كربونات,0.6663466691970825,0.6418572664260864,0.6538727283477783,Incorrect
487,ماذا يشير انزياح الضوء من المجرات البعيدة نحو الترددات الأخفض؟,انزياح أحمر,ابتعاد المجرات عنا,انزياح أحمر,ابتعاد المجرات عنا,0.5323150157928467,0.48937633633613586,0.5099433660507202,Incorrect
488,ما هي الوحدة التي يقيسها الرونتجن؟,الإشعاع المؤين,التعرض للإشعاع.,الإشعاع المؤين,التعرض للإشعاع.,0.5131512880325317,0.5334660410881042,0.5231115221977234,Incorrect
489,ما هي النظائر؟,الجزيئات المتشاكلة,لها نفس عدد البروتونات وتختلف بعدد النترونات,الجزيئات المتشاكلة,لها نفس عدد البروتونات وتختلف بعدد النترونات,0.5762895941734314,0.5032262206077576,0.5372853875160217,Incorrect
490,ما هي زاوية الورود التي يكون الضوء المنعكس عندها مستقطبا كليا؟,ANSWER: 90 درجة,زاوية بروستو,90 درجة,زاوية بروستو,0.5620707869529724,0.5911319851875305,0.5762351751327515,Incorrect
491,كيف يمكن توليد الأمواج فوق الصوتية؟,باستخدام محولات الطاقة التي تعمل بالمجال الكهربائي.,بلورات كهر ضغطية,باستخدام محولات الطاقة التي تعمل بالمجال الكهربائي.,بلورات كهر ضغطية,0.5118222236633301,0.4950505197048187,0.5032966732978821,Incorrect
492,أين تشكل العين مديدة البصر (العين الطامسة) خيال الجسم القريب؟,ANSWER: خلف القرنية,وراء الشبكية.,خلف القرنية,وراء الشبكية.,0.563157320022583,0.5438467264175415,0.553333580493927,Incorrect
493,ما هو الاضطراب الذي يمثل هذه الحالة؟,انسداد معوي,الحدية للجريان المستقر,انسداد معوي,الحدية للجريان المستقر,0.5154402256011963,0.4747505187988281,0.4942593276500702,Incorrect
494,متى يأخذ احتمال وجود الالكترون قيمة عظمى في الحالة الأساسية في ذرة هيدروجين؟,لا يمكن تحديد ذلك بشكل دقيق.,بعده عن النواة أصغر من نصف قطر بور,لا يمكن تحديد ذلك بشكل دقيق.,بعده عن النواة أصغر من نصف قطر بور,0.43436193466186523,0.4184989631175995,0.4262829124927521,Incorrect
495,ما ينص عليه قانون الانعكاس الأول؟,قانون الانعكاس الأول: زاوية السقوط تساوي زاوية الانعكاس.,زاوية الورود تساوي زاوية الانعكاس.,قانون الانعكاس الأول: زاوية السقوط تساوي زاوية الانعكاس.,زاوية الورود تساوي زاوية الانعكاس.,0.665434718132019,0.7322075366973877,0.6972261071205139,Correct
496,ما هو الانفعال في حالة التشوه التحددي أو الانضغاطي؟,إجهاد (Strain),التغير النسبي في الطول زيادة أو نقصانا,إجهاد (Strain),التغير النسبي في الطول زيادة أو نقصانا,0.4782482385635376,0.4353726804256439,0.45580437779426575,Correct
497,ما هو وزن الحجم المنغمس من الجسم عندما يكون الجسم مغموساً وليس مغموراً كلياً نتيجة كون كثافة المائع أكبر من كثافة الجسم؟,الطفو المتجدد.,وزن الجسم,الطفو المتجدد.,وزن الجسم,0.45045197010040283,0.5004394054412842,0.4741317927837372,Incorrect
498,ما اسم الجهاز الذي يصور مقاطع في الجسم البشري بالأشعة السينية والاستعانة بالحاسب؟,التصوير الطبي المحوسب (CT Scan),الماسح .,التصوير الطبي المحوسب (CT Scan),الماسح .,0.4416814148426056,0.4627017378807068,0.45194727182388306,Correct
499,ما هو العنصر الأكثر استخداماً في التصوير بالتجاوب المغناطيسي؟,حديد,الهيدروجين,حديد,الهيدروجين,0.5978801250457764,0.5978801250457764,0.5978801250457764,Incorrect
500,ما هو سبب تخامد الأشعة السينية في الجسم المدروس؟,تضاؤل الإشعاع,امتصاص الجسم لها,تضاؤل الإشعاع,امتصاص الجسم لها,0.5176050662994385,0.5348365306854248,0.5260797142982483,Incorrect
501,ما هي الخطوة الأولى في التفاعلات؟,البدء/الاستهلال,المبادرة,البدء/الاستهلال,المبادرة,0.542136013507843,0.6117606163024902,0.5748478174209595,Correct
502,ماذا يزداد عندما ترتد الفوتونات التي تعبر الثقب في الحجرة عن الجدران مرات عديدة قبل أن تغادر؟,شدة الضوء,احتمال امتصاتصها,شدة الضوء,احتمال امتصاتصها,0.45736265182495117,0.4303036332130432,0.4434207081794739,Incorrect
503,كيف تعمل الحزم الإلكترونية على معالجة الأورام؟,ANSWER: تدمير الخلايا السرطانية,القريبة من الجلد,تدمير الخلايا السرطانية,القريبة من الجلد,0.6098561882972717,0.48022258281707764,0.537331223487854,Incorrect
504,ما هو السبب وراء تكرار الطراز (الدورية في الجدول الدوري) الناجم عن ترتيب العناصر؟,السبب: **النظائر** (Isomers) أو **التكافؤ** (Valence).,ازدياد أعدادها البروتونية,السبب: **النظائر** (Isomers) أو **التكافؤ** (Valence).,ازدياد أعدادها البروتونية,0.32420408725738525,0.4316953420639038,0.37030693888664246,Incorrect
505,ما هو المركب الذي يتشكل عند أكسدة الكيلات البنزن (مثل ميتيل البنزن) ببرمنغنات البوتاسيوم (VII) القلوية أو بأي مؤكسد قوي آخر؟,حمض البنزويك,حمض البنزويك,حمض البنزويك,حمض البنزويك,1.0,1.0,1.0,Correct
506,ما هي النوى التي لها عدد N ثابت حيث تحوي العدد نفسه من النترونات؟,النوى المتعادلة,ايزوتونات,النوى المتعادلة,ايزوتونات,0.5252496004104614,0.538514256477356,0.5317992568016052,Incorrect
507,ماذا يحدث إذا كانت الحقول الكهربائية لمنبع الأمواج الكهرطيسية لها اتجاهات عشوائية عند انتشاره؟,لا تنتشر في اتجاه محدد.,غير مستقطب,لا تنتشر في اتجاه محدد.,غير مستقطب,0.4158734977245331,0.45991751551628113,0.43678799271583557,Incorrect
508,ما هو التفاعل الذي تخضع له الألكانات مع الهالوجينات في ضوء الشمس؟,تفاعل الهالوجين الجذري,استبدال,تفاعل الهالوجين الجذري,استبدال,0.5913602709770203,0.49602457880973816,0.5395132303237915,Correct
509,ما هو الشيء الذي تهتز حوله الذرتان في الجزيء ثنائي الذرة؟,الإلكترونات.,مركز كتلتيهما,الإلكترونات.,مركز كتلتيهما,0.4137301445007324,0.4144577383995056,0.41409364342689514,Incorrect
510,ما هي البنية لأكسيد المغنزيوم؟,بيروكسيد مغنيسيوم.,ايونية عملاقة,بيروكسيد مغنيسيوم.,ايونية عملاقة,0.4215248227119446,0.5436554551124573,0.4748631417751312,Incorrect
511,ماذا يزداد عندما ترتد الفوتونات التي تعبر الثقب في الحجرة عن الجدران مرات عديدة قبل أن تغادر؟,شدة الضوء,احتمال امتصاتصها,شدة الضوء,احتمال امتصاتصها,0.45736265182495117,0.4303036332130432,0.4434207081794739,Incorrect
512,ما هي وحدة قياس الجرعة المكافئة للإشعاع؟,Gray (Gy),بالسفرت .,Gray (Gy),بالسفرت .,0.4633512794971466,0.41130802035331726,0.435781329870224,Incorrect
513,ما هي طريقة التصوير التي يمكن اعتبارها الأقل ضرراً على الجسم؟,ANSWER: الأشعة السينية (X-ray) بجرعات منخفضة,التصوير الحراري.,الأشعة السينية (X-ray) بجرعات منخفضة,التصوير الحراري.,0.5620360374450684,0.5282086133956909,0.5445975661277771,Incorrect
514,ما هي أعمار النصف للنظائر المشعة المستخدمة في تقنية الـ PET؟,تختلف.,قصيرة نسبيا,تختلف.,قصيرة نسبيا,0.5053232908248901,0.4734647572040558,0.4888755679130554,Incorrect
515,ما هي المماكبات (الإيزوميرات)؟,الإيزومرات (Isomers) هي مركبات كيميائية لها نفس الصيغة الجزيئية ولكنها تختلف في ترتيب أو موضع الذرات أو المجموعات الوظيفية المرتبطة بها.,تختلف في طاقتها الداخلية فقط .,الإيزومرات (Isomers) هي مركبات كيميائية لها نفس الصيغة الجزيئية ولكنها تختلف في ترتيب أو موضع الذرات أو المجموعات الوظيفية المرتبطة بها.,تختلف في طاقتها الداخلية فقط .,0.43415677547454834,0.5260753631591797,0.47571662068367004,Incorrect
516,ما هو القانون الذي تمثل معادلة برنولي المطبقة على جريان المائع أحد أشكال انحفاظه؟,ANSWER: قانون انحفاظ الكتلة والطاقة,الطاقة .,قانون انحفاظ الكتلة والطاقة,الطاقة .,0.5778088569641113,0.5629063248634338,0.5702602863311768,Incorrect
517,ماذا يستخدم قانون ستوكس لقياسه؟,الإجهاد القصي,مقاومة اللزوجة .,الإجهاد القصي,مقاومة اللزوجة .,0.4832356870174408,0.4728420078754425,0.47798237204551697,Incorrect
518,ما هو العلم الذي يقوم بحساب البعد بين الذرات عند معرفة الطول الموجي للأشعة السينية وقياس الزاوية؟,علم البلورات,علم البلورات,علم البلورات,علم البلورات,1.0000001192092896,1.0000001192092896,1.0000001192092896,Correct
519,ما هي الأوساط التي تنتشر فيها الأمواج العرضانية؟,السوائل.,الجسم الصلب,السوائل.,الجسم الصلب,0.5005426406860352,0.5104749798774719,0.5054600834846497,Incorrect
520,ما هي الخصائص التي تتمتع بها حزمة الفوتونات من أشعة X عالية الطاقة والتي تجعلها تستخدم في الطب النووي عند المعالجة عن بعد؟,القدرة على اختراق الأنسجة.,قدرة اختراق عالية تسمح بتدمير الأورام السطحية والعميقة .,القدرة على اختراق الأنسجة.,قدرة اختراق عالية تسمح بتدمير الأورام السطحية والعميقة .,0.679695188999176,0.595842182636261,0.6350124478340149,Correct
521,ما هو القانون الذي ينص على أن تشوه مادة يتناسب طرديا مع القوى التي تحدث التشوه؟,قانون هوك.,قانون هوك,قانون هوك.,قانون هوك,0.6806031465530396,0.823777437210083,0.7453771829605103,Correct
522,علام نعتمد لتفسير لثنائية الإصدار في طيف بخار الصوديوم؟,انبعاث ستيري.,النظرية الذرية,انبعاث ستيري.,النظرية الذرية,0.47835463285446167,0.5037596225738525,0.49072855710983276,Incorrect
523,ما هي المعادلة التي تعبر عن انخفاض الطاقة في الموائع؟,قانون حفظ الطاقة (في صورته الأكثر عمومية التي تشمل الموائع).,معادلة بيرنولي,قانون حفظ الطاقة (في صورته الأكثر عمومية التي تشمل الموائع).,معادلة بيرنولي,0.38126856088638306,0.43951767683029175,0.4083262085914612,Incorrect
524,متى يحدث تفاعل اشعاع الليزر مع النسج؟,عندما يمتص أو يشتت بواسطة مكونات النسيج.,تمتصه النسج .,عندما يمتص أو يشتت بواسطة مكونات النسيج.,تمتصه النسج .,0.554132878780365,0.6845384836196899,0.6124712228775024,Correct
525,ما هي البنية التي تأخذها الشبكات الأيونية لكلوريد الصوديوم وأكسيد المغنزيوم؟,شبكات بلورية مكعبة مركزية الأوجه.,مكعبية,شبكات بلورية مكعبة مركزية الأوجه.,مكعبية,0.3250802159309387,0.3724891245365143,0.34717363119125366,Correct
526,ما هو العمل الذي يقوم به المائع على المائع الذي يتقدمه في وحدة الجريان؟,دفع,الضغط,دفع,الضغط,0.8317727446556091,0.8317727446556091,0.8317727446556091,Incorrect
527,ما هي الكمية الوسطية للأوزون في الغلاف الجوي؟,ANSWER: 3 إلى 4 طبقات,300 DU,3 إلى 4 طبقات,300 DU,0.5348317623138428,0.5636901259422302,0.5488818287849426,Incorrect
528,ما هو النكليد الإشعاعي المماكب الذي يشيع استخدامه في التشخيص الطبي؟,نكليد التكنيشيوم-99m (Tc-99m).,التكنسيوم - 99,نكليد التكنيشيوم-99m (Tc-99m).,التكنسيوم - 99,0.5308231115341187,0.6439917087554932,0.5819567441940308,Correct
529,كيف يتغير نصف القطر الذري عبر الدور الثالث من اليسار إلى اليمين؟,ANSWER: يزداد,يتناقص,يزداد,يتناقص,0.7970787286758423,0.698866605758667,0.7447487711906433,Incorrect
530,إذا كان الإشعاع وحيد الطول الموجي فمن أي نوع من الفوتونات يكون مؤلفاً؟,موجات الراديو,المتساوية الطاقات,موجات الراديو,المتساوية الطاقات,0.5609699487686157,0.5421960353851318,0.5514232516288757,Incorrect
531,ما هي الأمواج الميكانيكية التي تنشأ عن الوحدات المحركة في الألياف ولا تدركها الأذن؟,الذبذبات الداخلية.,الأمواج تحت الصوتية,الذبذبات الداخلية.,الأمواج تحت الصوتية,0.5416978597640991,0.560404896736145,0.5508925914764404,Incorrect
532,ما هو مصدر العنصر المشع الذي يعطى للمريض عند استخدام تقنية التصوير SPECT؟,مركب صيدلاني مشع.,لأشعة غاما .,مركب صيدلاني مشع.,لأشعة غاما .,0.6027994751930237,0.6157914400100708,0.6092261672019958,Incorrect
533,ما نوع الصورة التي نحصل عليها في التصوير الومضاني للجزء المصور من جسم المريض؟,صورة توهجية.,ثنائية البعد .,صورة توهجية.,ثنائية البعد .,0.6768571138381958,0.626491904258728,0.6507014036178589,Incorrect
534,إذا تضيق قطر الشريان إلى ثلث قيمته الأصلية عند مريض مصاب بمرض وعائي وقلبي وبقي هبوط الضغط فيه على حاله، إلى كم ينخفض معدل جريان الدم؟,الربع (1/4),81/1 من قيمته الأصلية .,الربع (1/4),81/1 من قيمته الأصلية .,0.5418735146522522,0.4737398028373718,0.5055212378501892,Incorrect
535,ما هي السكريات التي لا تحتاج أثناء امتصاصها من الأمعاء الدقيقة لوجود الصوديوم؟,اللاكتوز,الفركتوز.,اللاكتوز,الفركتوز.,0.7818268537521362,0.7149294018745422,0.7468831539154053,Incorrect
536,ما هو الأنزيم المعوي الذي يحول مولد التربسين إلى تربسين؟,تيروديسما,الإنتيروكيناز.,تيروديسما,الإنتيروكيناز.,0.5232066512107849,0.49246644973754883,0.5073713660240173,Incorrect
537,ما هو العامل الهرموني الذي يحرض إفراز عصارة بنكرياسية غنية بالإنزيمات الهاضمة؟,العامل الهرموني الذي يحرض إفراز عصارة بنكرياسية غنية بالإنزيمات الهاضمة هو **الجلوكاجون**.,الكوليسيستوكينين CCK,العامل الهرموني الذي يحرض إفراز عصارة بنكرياسية غنية بالإنزيمات الهاضمة هو **الجلوكاجون**.,الكوليسيستوكينين CCK,0.4583132266998291,0.5195401906967163,0.4870098829269409,Incorrect
538,ما هو الإنزيم الذي يفكك سكر اللبن (اللاكتوز) إلى غلوكوز وغالاكتوز؟,لاكتاز,اللاكتاز.,لاكتاز,اللاكتاز.,0.5962871313095093,0.5487538576126099,0.5715339183807373,Correct
539,ما هو مستودع الصفراء خارج أوقات الهضم والذي يعمل على تكثيفها؟,المرارة,المرارة.,المرارة,المرارة.,0.7547049522399902,0.6720702648162842,0.7109946608543396,Correct
540,ما هي الشوارد التي يكون تركيزها أقل في اللعاب منه في البلازما؟,الشوارد التي يكون تركيزها أقل في اللعاب منه في البلازما هي:,صوديوم وكلور.,الشوارد التي يكون تركيزها أقل في اللعاب منه في البلازما هي:,صوديوم وكلور.,0.4128965735435486,0.42874473333358765,0.4206714332103729,Incorrect
541,ما هو الهرمون الذي يحفز إفراز عصارة بنكرياسية غنية بالأنزيمات الهاضمة؟,ANSWER: السيكريتين,الكوليسيستوكينين CCK,السيكريتين,الكوليسيستوكينين CCK,0.7163583040237427,0.6160420179367065,0.6624237895011902,Incorrect
542,ما هو السكر الذي لا يحتاج للصوديوم من أجل عملية امتصاصه؟,الجلوكوز.,الفركتوز.,الجلوكوز.,الفركتوز.,0.8033220171928406,0.7869328260421753,0.7950430512428284,Incorrect
543,ما هو الناقل العصبي الذي يتحرر من العصبونات بعد العقدة في القسم الودي؟,الإبينفرين (الأدرينالين),النورابينفرين أو الأستيل كولين.,الإبينفرين (الأدرينالين),النورابينفرين أو الأستيل كولين.,0.6127855181694031,0.6411058902740479,0.6266258358955383,Incorrect
544,ما الذي يحدد نمط استجابة العضو المعصب بواسطة الجهاز العصبي المستقل (استثارة أو تثبيط)؟,ANSWER: التوازن الكيميائي العصبي,نمط المستقبلات الموجودة في العضو.,التوازن الكيميائي العصبي,نمط المستقبلات الموجودة في العضو.,0.4838096499443054,0.5388497114181519,0.5098485946655273,Incorrect
545,ما هو الناقل الكيميائي الذي تحرره جميع العصبونات قبل العقدة؟,الأسيتيل كولين,الأستيل كولين.,الأسيتيل كولين,الأستيل كولين.,0.7845128774642944,0.6647706031799316,0.7196950912475586,Correct
546,ما هو الناقل العصبي الذي يتحرر من طرفيات جميع الألياف اللاودية بعد العقدية؟,الأسيتيل كولين.,أستيل كولين.,الأسيتيل كولين.,أستيل كولين.,0.7395129799842834,0.7664033770561218,0.7527180910110474,Correct
547,ما هي الميزة التي تتمتع بها قنوات IF في النسيج العقدي القلبي التي تمكنها من توليد التنبيه عفوياً؟,ANSWER: خلايا تنظيم الضربات الذاتية,عندما تنفتح يتجاوز التيار الداخل من الصوديوم التيار الخارج من البوتاسيوم,خلايا تنظيم الضربات الذاتية,عندما تنفتح يتجاوز التيار الداخل من الصوديوم التيار الخارج من البوتاسيوم,0.4746231734752655,0.4825277328491211,0.4785427749156952,Incorrect
548,ما هي الفائدة الوظيفية من التأخير الزمني في كمون الفعل لمدة 0.1 ثانية عند مروره في العقدة الأذينية البطينية؟,تسهيل انتشار النبضة البطينية.,إنهاء تقلص الأذينات قبل بدء تقلص البطينات.,تسهيل انتشار النبضة البطينية.,إنهاء تقلص الأذينات قبل بدء تقلص البطينات.,0.680052638053894,0.6216093301773071,0.6495189666748047,Incorrect
549,ماذا يحدث للبطينات في حال توقف العقدة الجيبية الأذينية عن العمل؟,ستنتفخ البطينات.,تتباطأ انقباضاتها,ستنتفخ البطينات.,تتباطأ انقباضاتها,0.5175402164459229,0.6067178249359131,0.5585922002792358,Incorrect
550,ما هو سبب ظهور طور الهضبة في كامن فعل العضلة القلبية؟,نقص التروية المؤقت.,دخول شوارد الكالسيوم.,نقص التروية المؤقت.,دخول شوارد الكالسيوم.,0.6130530834197998,0.6189606785774231,0.6159927248954773,Incorrect
551,ما هو سبب طور الهضبة في كمون عمل الليف العضلي القلبي؟,نقص بوتاسيوم الدم.,الكالسيوم.,نقص بوتاسيوم الدم.,الكالسيوم.,0.5922685861587524,0.6755738258361816,0.6311843395233154,Incorrect
552,ما هي المناطق التي تطبق عليها المعالجة الإشعاعية في علاج أورام الخصية من النمط المنوي؟,كيس الصفن، البربخ، والخصية نفسها.,سلسلة العقد اللمفاوية الحرقفية والأبهرية,كيس الصفن، البربخ، والخصية نفسها.,سلسلة العقد اللمفاوية الحرقفية والأبهرية,0.459321528673172,0.5647702217102051,0.5066169500350952,Incorrect
553,ما هي الأورام التي لا تعتبر المعالجة الشعاعية معالجة شافية لها إذا استخدمت لوحدها في المراحل المبكرة؟,الأورام السرطانية الموضعية الصغيرة جداً.,الثدي,الأورام السرطانية الموضعية الصغيرة جداً.,الثدي,0.4024975299835205,0.410630464553833,0.40652331709861755,Incorrect
554,ما هي الجرعة الكلية الموصى بها في حال تقرر إجراء تشعيع وقائي للقحف بجرعة ٢ غري في كل جلسة؟,الجرعة الكلية:  2 Gy/patient,٣٠ غري,الجرعة الكلية:  2 Gy/patient,٣٠ غري,0.43663710355758667,0.32743895053863525,0.37423497438430786,Incorrect
555,ما هو الزمن الأقل الفاصل بين كل جلستين عند إجراء المعالجة الشعاعية بطريق التجزئة المفرطة؟,لا يوجد زمن ثابت.,٦ ساعات,لا يوجد زمن ثابت.,٦ ساعات,0.3543296456336975,0.3963778018951416,0.37417614459991455,Incorrect
556,ما الذي يحول مولد الببسين إلى ببسين؟,نظام منظم البيبسينوجين (Pepsinogen regulatory system),حمض كلور الماء الموجود في المعدة.,نظام منظم البيبسينوجين (Pepsinogen regulatory system),حمض كلور الماء الموجود في المعدة.,0.53764808177948,0.5165044069290161,0.5268641710281372,Incorrect
557,ما هو سبب حدوث عمى ربعي علوي أيمن مماثل؟,التهاب العصب البصري الحاد,الفصل الصدغي,التهاب العصب البصري الحاد,الفصل الصدغي,0.5564390420913696,0.5681828856468201,0.5622496604919434,Incorrect
558,ما هي المدة الزمنية التي يتطور خلالها الصداع المزمن؟,تطور تدريجي على مدى أشهر إلى سنوات,4أسابيع,تطور تدريجي على مدى أشهر إلى سنوات,4أسابيع,0.38564372062683105,0.40543970465660095,0.3952940106391907,Incorrect
559,ما هو نوع الصداع غير النابض ثنائي الجانب الذي قد يرتبط بتشنج عضلات الرقبة؟,صداع التوتر العضلي.,صداع التوتر,صداع التوتر العضلي.,صداع التوتر,0.6681699156761169,0.7803337574005127,0.7199091911315918,Correct
560,أين يحدث التكيس للجيارديا اللمبلية؟,جدار الأمعاء الدقيقة,أثناء التغوط,جدار الأمعاء الدقيقة,أثناء التغوط,0.5446709990501404,0.5788576602935791,0.5612441897392273,Incorrect
561,ما هي الذبابة ذهبية العيون Chrysop ثوي ناقل له؟,الذبابة ذهبية العيون *Chrysopa*.,اللوا لوا,الذبابة ذهبية العيون *Chrysopa*.,اللوا لوا,0.38637855648994446,0.3858771324157715,0.3861277103424072,Incorrect
562,ما هي الفترة الزمنية الذي تظهر فيها إيجابية اختبار سابين فيلدمان بعد العدوى به؟,الفترة النافذة,1-2 أسبوع,الفترة النافذة,1-2 أسبوع,0.4873216152191162,0.4996267855167389,0.4933975338935852,Incorrect
563,ما الذي تنتهي به المرحلة الخارج خلوية للمتصورات؟,تكوين كيس المبيض.,الأقاسيم المتحركة,تكوين كيس المبيض.,الأقاسيم المتحركة,0.5101158618927002,0.4919988811016083,0.5008935928344727,Incorrect
564,أين تتكاثر خبيطيات الفخرية البنكروفتية؟,آكلة اللحوم,الأوعية اللمفاوية للانسان,آكلة اللحوم,الأوعية اللمفاوية للانسان,0.5654828548431396,0.5716840028762817,0.5685665011405945,Incorrect
565,ما هو المرض الذي يستخدم عقار melarsporol في علاجه؟,ANSWER: حمى الضنك,المثقبية الغامبية,حمى الضنك,المثقبية الغامبية,0.6030896902084351,0.5643125772476196,0.5830571055412292,Incorrect
566,ما هو الخمج الطفيلي الذي يمكن أن ينتقل من شخص لآخر؟,الطفيليات المعوية.,المرمية الدودية,الطفيليات المعوية.,المرمية الدودية,0.5096316337585449,0.522044837474823,0.5157635807991028,Incorrect
567,ما هي أفضل أماكن الخزع التشخيصية القندية في جسم الإنسان؟,آفة نقوية نخاعية,الطحال,آفة نقوية نخاعية,الطحال,0.42097800970077515,0.5693897008895874,0.4840637147426605,Incorrect
568,ما هو المسبب لداء هجرة اليرقات الجلدي؟,داء هجرة اليرقات الجلدي هو عدوى جلدية تسببها ديدان طفيلية، عادةً **الديدان الدبوسية** (*Enterobius vermicularis*)، التي تنتقل عن طريق ملامسة التربة الملوثة بالبيض الذي يخرج مع براز الشخص المصاب.,الديدان القوسية,داء هجرة اليرقات الجلدي هو عدوى جلدية تسببها ديدان طفيلية، عادةً **الديدان الدبوسية** (*Enterobius vermicularis*)، التي تنتقل عن طريق ملامسة التربة الملوثة بالبيض الذي يخرج مع براز الشخص المصاب.,الديدان القوسية,0.4201890230178833,0.5621480941772461,0.4809111952781677,Incorrect
569,ما هو العلاج المناسب للمتحولة العصبية naegleria fowleri؟,ANSWER: التدخل الجراحي العاجل,الأمفوتريسين,التدخل الجراحي العاجل,الأمفوتريسين,0.545425295829773,0.50502610206604,0.5244488716125488,Incorrect
570,أين تتوضع يرقات الأسطوانية الوعائية عند الإنسان؟,في الدم والأنسجة.,الجهاز العصبي المركزي,في الدم والأنسجة.,الجهاز العصبي المركزي,0.5054049491882324,0.5390042662620544,0.5216641426086426,Incorrect
571,ما هو الشكل المعدي للإنسان من متفرعة الخصية الصينية؟,متفرعة الخصية الصينية تتخذ شكلاً يشبه عنقود العنب.,خليفة المذنبة,متفرعة الخصية الصينية تتخذ شكلاً يشبه عنقود العنب.,خليفة المذنبة,0.3369293212890625,0.4393782615661621,0.381393700838089,Incorrect
572,أين تتوضع الأسطوانية البرازية عند الإنسان؟,الأسطوانية البرازية تتوضع في المستقيم.,الجزء الأمامي من الصائم,الأسطوانية البرازية تتوضع في المستقيم.,الجزء الأمامي من الصائم,0.43710196018218994,0.6429663896560669,0.5204149484634399,Incorrect
573,ما هو العصب الذي يصاب في متلازمة قاع الحجاج؟,العصب الثالث,العصب الفكي العلوي,العصب الثالث,العصب الفكي العلوي,0.717732310295105,0.6146262288093567,0.662189781665802,Incorrect
574,ما هو تعريف الحول المتقارب؟,ANSWER: عدم محاذاة العينين,يتلاقي فيها محورا الرؤية في نقطة تقع أمام الجسم المنظور,عدم محاذاة العينين,يتلاقي فيها محورا الرؤية في نقطة تقع أمام الجسم المنظور,0.5109872817993164,0.49213382601737976,0.501383364200592,Incorrect
575,ما هي أسباب حدوث فيض الدمع Epiphora؟,انسداد مجرى الدمع.,نقص في التصريف,انسداد مجرى الدمع.,نقص في التصريف,0.5188583135604858,0.5306320190429688,0.5246791243553162,Correct
576,أين تقع حفيرة البكرة في الجدار العلوي للحجاج؟,حفيرة البكرة: فوق العرف الحرقفي الخلفي.,الأمامي الأنسي,حفيرة البكرة: فوق العرف الحرقفي الخلفي.,الأمامي الأنسي,0.4358763098716736,0.4767647683620453,0.4554045796394348,Incorrect
577,ما هي النسبة التي تشكلها القرنية من سطح غلاف كرة العين الليفي؟,الإجابة: حوالي 43%,السدس الأمامي,الإجابة: حوالي 43%,السدس الأمامي,0.44414299726486206,0.4486202597618103,0.446370393037796,Incorrect
578,ما هو أكثر تنكسات القرنية شيوعاً؟,تصلب القرنية,القوس الشيخية,تصلب القرنية,القوس الشيخية,0.6825273036956787,0.6883268356323242,0.6854148507118225,Incorrect
579,ما هي الحالات التي تشاهد فيها الرؤية المزدوجة الأحادية الجانب؟,تشاهد الرؤية المزدوجة الأحادية الجانب في حالات مثل:,تحت خلع العدسة,تشاهد الرؤية المزدوجة الأحادية الجانب في حالات مثل:,تحت خلع العدسة,0.3360106945037842,0.39957594871520996,0.36504682898521423,Incorrect
580,ما هو المرض الذي يشاهد فيه حلقة كاي زر- فليشر عند المرضى؟,الناعور (الهيموفيليا),داء ويلسون,الناعور (الهيموفيليا),داء ويلسون,0.5218298435211182,0.5356045961380005,0.5286275148391724,Incorrect
581,ما الذي يجب فعله في الحالات المعندة وغير المستجيبة للعلاج في الورم الكاذب للحجاج؟,التدخل الجراحي أو الإشعاعي.,يجب اخذ خزعة من الورم,التدخل الجراحي أو الإشعاعي.,يجب اخذ خزعة من الورم,0.45819029211997986,0.47374463081359863,0.46583762764930725,Incorrect
582,ما هي النتائج التي تؤدي إليها إصابة الشعبة العينية من العصب الخامس في متلازمة الشق الحجاجي العلوي؟,فقدان الإحساس في الجفن العلوي، تدلي الجفن العلوي، ألم في منطقة الجبهة والوجه، وقد تترافق مع ضعف في تعابير الوجه الوجهية.,فقد حس الملتحمة والقرنية,فقدان الإحساس في الجفن العلوي، تدلي الجفن العلوي، ألم في منطقة الجبهة والوجه، وقد تترافق مع ضعف في تعابير الوجه الوجهية.,فقد حس الملتحمة والقرنية,0.4496803879737854,0.5398540496826172,0.49065858125686646,Incorrect
583,ما هو التشخيص الأقرب لمريض عمره 65 سنة لديه فقد رؤية في النصف العلوي من الساحة البصرية مع بدء مفاجئ؟,التهاب العصب البصري الحاد,التهاب العصب البصري الاقفاري,التهاب العصب البصري الحاد,التهاب العصب البصري الاقفاري,0.8557558059692383,0.7910244464874268,0.8221178650856018,Incorrect
584,ما الذي يدل عليه ظهور تقبب على شكل حويصل أسود في قعر القرحة القرنية الجرثومية؟,التهاب القرنية المملوء بالسوائل.,تقبب غشاء ديسميه وخطر انثقابه,التهاب القرنية المملوء بالسوائل.,تقبب غشاء ديسميه وخطر انثقابه,0.5554690361022949,0.6050581932067871,0.5792041420936584,Incorrect
585,ما هي الطريقة التالية لتقدير حدة البصر لدى المريض إذا لم يتمكن من قراءة أكبر أحرف اللوحة؟,قياس الحد الأدنى من الأحرف (E).,بعد أصابع الفاحص,قياس الحد الأدنى من الأحرف (E).,بعد أصابع الفاحص,0.4009651243686676,0.4021991491317749,0.40158119797706604,Incorrect
586,ما الذي يشكو منه المريض في الحول الشللي عند البالغين؟,الحول الشللي عند البالغين: ضعف أو شلل في العضلة المستقيمة العلوية (غالباً).,رؤية مزدوجة,الحول الشللي عند البالغين: ضعف أو شلل في العضلة المستقيمة العلوية (غالباً).,رؤية مزدوجة,0.3983564078807831,0.4361857771873474,0.41641372442245483,Incorrect
587,متى ينعدم يوروبيلينوجين البول؟,ANSWER: انعدام اليوروبيلينوجين في البول,اليرقان الانسدادي,انعدام اليوروبيلينوجين في البول,اليرقان الانسدادي,0.5174688100814819,0.619847297668457,0.5640501379966736,Incorrect
588,في الاحتباس الصفراوي ما هو الانزيم الأفضل للوصول للتشخيص؟,ANSWER: ألترازيب,ALT,ألترازيب,ALT,0.6700935959815979,0.694172203540802,0.6819204092025757,Incorrect
589,ما هي نتيجة رحلان البروتينات في الالتهابات الحادة؟,زيادة نفاذية الشعيرات الدموية.,ترتفع الموجة a_2غلوبيولين وترتفع الموجة a_1غلوبيولين,زيادة نفاذية الشعيرات الدموية.,ترتفع الموجة a_2غلوبيولين وترتفع الموجة a_1غلوبيولين,0.5176681280136108,0.4687507450580597,0.49199652671813965,Incorrect
590,ما هو المركب الذي يتم اصطناعه بدءا من الحموض الأمينية؟,الببتيدات,أمونيا,الببتيدات,أمونيا,0.6060118079185486,0.6608119606971741,0.6322266459465027,Incorrect
591,ما هي أعراض فقر الدم بعوز الحديد عند المريض؟,شاحب، تعب، ضيق تنفس، شحوب الأظافر.,الشحوب,شاحب، تعب، ضيق تنفس، شحوب الأظافر.,الشحوب,0.3964463472366333,0.512871265411377,0.4472055435180664,Correct
592,ما هي الحالة التي تعاني منها مريضة عمرها 44 سنة تشكو من تعب عام وكانت قيمة البولة الدموية 140 ملغ/دل وقيمة الكرياتنين 6 ملغ/دل وحمض البول 4 ملغ/دل؟,إجابة: مرض الكلى المزمن,اليوريميا,إجابة: مرض الكلى المزمن,اليوريميا,0.438709020614624,0.5841758251190186,0.5010988116264343,Incorrect
593,ما هو سبب تشمع الكبد عند مريض عمره 12 سنة؟,عادةً ما يكون السبب غير معروف (مجهول السبب) في الأطفال.,داء ويلسون,عادةً ما يكون السبب غير معروف (مجهول السبب) في الأطفال.,داء ويلسون,0.3361942768096924,0.4104427099227905,0.3696267306804657,Incorrect
594,ما هو الاحتمال الأكثر ترجيحاً لسبب تشمع الكبد عند مريض عمره 12 سنة؟,التشمع الصفراوي الأولي.,داء ويلسون,التشمع الصفراوي الأولي.,داء ويلسون,0.45359471440315247,0.4851027727127075,0.4688199758529663,Incorrect
595,ما هو تصنيف مريض عنده الغلوكوز 210 ملغ / دل؟,"سكري مرتفع (Diabetes Mellitus, Elevated)",مريض سكري,"سكري مرتفع (Diabetes Mellitus, Elevated)",مريض سكري,0.487261027097702,0.5529165267944336,0.5180166959762573,Correct
596,ما هو تصنيف مريض تم تحليل الغلوكوز الصيامي له فكانت النتيجة 128 ملغ/دل؟,مقدم للسكري.,مريض سكري,مقدم للسكري.,مريض سكري,0.6135894656181335,0.675628662109375,0.643116295337677,Incorrect
597,ما هو المركب الذي يعتبر ايتلين ديامين تترا استات مركباً لاقطاً له؟,ANSWER: ألفا-أمينو-بروتين سي,الكالسيوم,ألفا-أمينو-بروتين سي,الكالسيوم,0.3317638039588928,0.4884970188140869,0.3951563239097595,Incorrect
598,ما هو المركب الذي يستخدم في تدبير حمى البحر الأبيض المتوسط؟,ASULESIN,الكولشيمين,ASULESIN,الكولشيمين,0.6081485748291016,0.5482406616210938,0.5766428112983704,Incorrect
599,ما هو النمط التحسسي الذي يعود إليه داء الفقاع المحرض دوائياً؟,حساسية مناعية ذاتية.,الثاني.,حساسية مناعية ذاتية.,الثاني.,0.3415488600730896,0.5319425463676453,0.4159958064556122,Incorrect
600,ما هي آلية تأثير المركب دابيريدامول؟,آلية تأثير دابيريدامول: **مثبط مستقبلات P2Y12 انتقائي، يثبط تراكم الصفائح الدموية.**,تثبيط PDE,آلية تأثير دابيريدامول: **مثبط مستقبلات P2Y12 انتقائي، يثبط تراكم الصفائح الدموية.**,تثبيط PDE,0.4735717177391052,0.5677884817123413,0.5164179801940918,Incorrect
601,"ما هي جرعة الدواء عند طفل وزنه 17,5 كغ إذا كانت جرعة البالغ 100 ملغ؟",لا يمكن تحديده بدون معلومات إضافية.,25 ملغ.,لا يمكن تحديده بدون معلومات إضافية.,25 ملغ.,0.39056503772735596,0.4629483222961426,0.4236874282360077,Incorrect
602,ما هو معدل التصفية الكلوية للكرياتينين عند رجل عمره 40 سنة ومستوى كرياتينين الدم 1 ملغ/دل ووزنه 72 كغ؟,لا يمكن تحديد معدل التصفية الكلوية للكرياتينين بدقة فقط بناءً على مستوى الكرياتينين في الدم ووزن الجسم.,100,لا يمكن تحديد معدل التصفية الكلوية للكرياتينين بدقة فقط بناءً على مستوى الكرياتينين في الدم ووزن الجسم.,100,0.22857365012168884,0.2897994816303253,0.25557082891464233,Incorrect
603,ما هي الخلايا التي تقوم بإفراز بروتين برفورين الذي يفتح ثقوب في غشاء الخلية الهدف؟,الخلايا التائية السامة (Cytotoxic T cells).,الخلايا القاتلة.,الخلايا التائية السامة (Cytotoxic T cells).,الخلايا القاتلة.,0.477255642414093,0.7380379438400269,0.5796669721603394,Correct
604,كيف يتأثر الغاز كلما زاد وزنه الجزيئي؟,قابلية التأثر بالضغط.,انخفض معدل الانتشار.,قابلية التأثر بالضغط.,انخفض معدل الانتشار.,0.5007764101028442,0.5434709787368774,0.5212509036064148,Incorrect
605,ما هو المبدأ الأساسي للتشتت؟,ANSWER: تبعثر الضوء,الانتشار,تبعثر الضوء,الانتشار,0.6285771131515503,0.7045451998710632,0.6643966436386108,Incorrect
606,ما هو العامل الذي يسرع العامل السابع تشكله؟,عامل النسيج.,الثالث,عامل النسيج.,الثالث,0.3695757985115051,0.4205440282821655,0.39341601729393005,Incorrect
607,ما هو السائل الموجود داخل الخلايا؟,السائل الخلالي,السيتوبلازما.,السائل الخلالي,السيتوبلازما.,0.47271308302879333,0.4684388339519501,0.4705662727355957,Incorrect
608,ما هي مقدرة شخص على إدراك منبهين لمسيين مطبقين على منطقة من سطح الجسم على أنهما منفصلان؟,الإحساس التمييزي,تمييز حس النقطتين,الإحساس التمييزي,تمييز حس النقطتين,0.6668566465377808,0.6265349388122559,0.6460672616958618,Incorrect
609,ما هو سبب عدم قدرة ألياف الجهاز العصبي المركزي على التجدد؟,ANSWER: فقدان القدرة التجددية,غياب غمد شوان,فقدان القدرة التجددية,غياب غمد شوان,0.5264595746994019,0.528599202632904,0.5275272130966187,Incorrect
610,ما هو المجال الذي تكون فيه النسخ السيتولوجية شفافة نسبياً؟,علم الأنسجة.,تحت الأحمر القريب,علم الأنسجة.,تحت الأحمر القريب,0.41309255361557007,0.4180190861225128,0.4155412018299103,Incorrect
611,ما هو العامل الرئيسي الذي يحدد ارتباط الأكسجين بخضاب الدم؟,الضغط الجزئي للأكسجين.,الضغط الجزئي للأوكسجين في الدم PO2.,الضغط الجزئي للأكسجين.,الضغط الجزئي للأوكسجين في الدم PO2.,0.9198609590530396,0.7697205543518066,0.8381198048591614,Correct
612,ما الذي يؤدي إليه العامل ٣ مع الكالسيوم؟,هشاشة العظام.,تلقيم راجع إيجابي للثرومبين.,هشاشة العظام.,تلقيم راجع إيجابي للثرومبين.,0.5460883378982544,0.47345206141471863,0.5071827173233032,Incorrect
613,متى يزداد الانحلال في التلاسيميا؟,خلال فترات الإجهاد أو العدوى.,التعرض للشدة والحمى.,خلال فترات الإجهاد أو العدوى.,التعرض للشدة والحمى.,0.5951248407363892,0.6480407118797302,0.6204565763473511,Correct
614,ما هو الفيتامين الأساسي في عملية تشكيل عوامل التخثر؟,فيتامين K,K,فيتامين K,K,0.5962710976600647,0.6809384226799011,0.6357983946800232,Correct
615,ما هو المستوى من الفيزيولوجيا الذي تنتمي إليه دراسة آلية وتوليد ونقل كوامن الفعل في القلب؟,ANSWER: المستوى الكهربائي,النسيجي,المستوى الكهربائي,النسيجي,0.6595464944839478,0.5397146940231323,0.5936437249183655,Incorrect
616,أين توجد المستقبلات النيكوتينية؟,في العقد العصبية اللاإرادية.,العقدة الجيبية الأذينية في القلب,في العقد العصبية اللاإرادية.,العقدة الجيبية الأذينية في القلب,0.5644780397415161,0.6635380387306213,0.6100125908851624,Incorrect
617,ما الذي تعتمد عليه سرعة انتشار الأوكسجين عبر غشاء الخلية؟,الضغط الجزئي للأوكسجين.,مقدار ذوبانه في الشحوم,الضغط الجزئي للأوكسجين.,مقدار ذوبانه في الشحوم,0.5848404169082642,0.6936197280883789,0.6346022486686707,Incorrect
618,ماذا يحدث عندما يصل التيروكسين إلى المستوى الدوراني المطلوب؟,توازن استقلاب الثيروكسين,تتوقف الغدة النخامية عن افراز THS,توازن استقلاب الثيروكسين,تتوقف الغدة النخامية عن افراز THS,0.6628403663635254,0.6154488325119019,0.6382660865783691,Incorrect
619,ما هي الوظيفة الرئيسية للعقدة الأذينية البطينية في الحالات السوية؟,تنظيم معدل ضربات القلب.,توليد إشارات تجعلها ناظمة للقلب,تنظيم معدل ضربات القلب.,توليد إشارات تجعلها ناظمة للقلب,0.5704134106636047,0.5094764828681946,0.5382256507873535,Incorrect
620,ما هي العوامل التي تحرض إفراز عصارة بنكرياسية غنية بالإنزيمات؟,تحريض إفرازات بنكرياسية غنية بالإنزيمات.,الأستيل كولين والكوليسيستوكينين,تحريض إفرازات بنكرياسية غنية بالإنزيمات.,الأستيل كولين والكوليسيستوكينين,0.5170853137969971,0.5365453362464905,0.5266356468200684,Incorrect
621,أين يتم إعادة امتصاص القسم الأعظم من الماء المرتشح؟,الكلية,النبيبات الدانية,الكلية,النبيبات الدانية,0.5492238998413086,0.504012405872345,0.5256478190422058,Incorrect
622,ما هو سبب الصوت الأول للقلب؟,الصوت الأول للقلب: **S1 (دقة الأذين الأيمن)**,انغلاق الصمامات الأذينية البطينية,الصوت الأول للقلب: **S1 (دقة الأذين الأيمن)**,انغلاق الصمامات الأذينية البطينية,0.49770480394363403,0.6107790470123291,0.5484746694564819,Incorrect
623,ما هي الخلايا التي تمتلك أسرع معدل لزوال الاستقطاب؟,الخلايا ذات الجهد المحفز الأكبر (مثل الخلايا الحركية والألياف العصبية).,العقدة الجيبية الأذينية.,الخلايا ذات الجهد المحفز الأكبر (مثل الخلايا الحركية والألياف العصبية).,العقدة الجيبية الأذينية.,0.5471712946891785,0.6341819763183594,0.5874722599983215,Incorrect
624,ما هو الذي وظيفته تسريع عملية تشكل الترومبوبلاستين الصفيحي؟,عامل النسيج,العامل السابع,عامل النسيج,العامل السابع,0.6512215733528137,0.6512215733528137,0.6512215733528137,Incorrect
625,ما الذي يعمل على تسهيل الانتقال بين الشهيق والزفير؟,عضلات الزفير المساعدة.,مركز التنفس الجسري,عضلات الزفير المساعدة.,مركز التنفس الجسري,0.5534471869468689,0.5552279949188232,0.5543361306190491,Incorrect
626,ما الذي يزداد في الأسناخ الرئوية؟,الخلايا الكأسية,بتضيق فوهة القصيبات,الخلايا الكأسية,بتضيق فوهة القصيبات,0.6059577465057373,0.5539506077766418,0.5787882804870605,Incorrect
627,ما يعرف بالموجهة الجسدية؟,المستقبل الحسي الجسدي,هرمون النمو,المستقبل الحسي الجسدي,هرمون النمو,0.6065451502799988,0.6384491920471191,0.6220883131027222,Incorrect
628,ما هي العقدة الرأسية للجهاز العصبي المستقل؟,العقدة العنقية الرأسية.,الوطاء,العقدة العنقية الرأسية.,الوطاء,0.32462644577026367,0.3408200740814209,0.33252620697021484,Incorrect
629,ما هي المحطة الرئيسية الدماغية التي تتكامل فيها وظائف الجهاز العصبي المستقل مع وظائف البنى العصبية الأخرى؟,ANSWER: **النخاع المستطيل**,الوطاء,**النخاع المستطيل**,الوطاء,0.43351447582244873,0.5301780104637146,0.47699832916259766,Incorrect
630,ما هو الناقل العصبي المحرر من طرفيات الألياف بعد العقدية في القسم الودي؟,الناقل العصبي المحرر من طرفيات الألياف بعد العقدية في القسم الودي هو **النورإبينفرين (النورأدرينالين)**.,الاستيل كولين أو النور أدرينالين,الناقل العصبي المحرر من طرفيات الألياف بعد العقدية في القسم الودي هو **النورإبينفرين (النورأدرينالين)**.,الاستيل كولين أو النور أدرينالين,0.48956117033958435,0.5396686792373657,0.5133951902389526,Correct
631,ما هو الدور المهم الذي تؤديه خلايا سيرتولي في الخصية؟,ANSWER: دعم تكوين الحيوانات المنوية,تغذية النطاف,دعم تكوين الحيوانات المنوية,تغذية النطاف,0.6354714035987854,0.6622312664985657,0.6485754251480103,Correct
632,ما هو الذي يروي النسيج الضام للرئة؟,الأوردة الرئوية,الفروع القصبية للأبهر.,الأوردة الرئوية,الفروع القصبية للأبهر.,0.4917525053024292,0.4369555711746216,0.46273744106292725,Incorrect
633,ما هي البوابات التي تتحكم بنفوذية القنوات للشوارد التي تسهم في تشكيل كامن الفعل؟,بوابات الصوديوم والبوتاسيوم.,القنوات المبوبة بالفولطاج,بوابات الصوديوم والبوتاسيوم.,القنوات المبوبة بالفولطاج,0.5054031610488892,0.5756025910377502,0.5382235050201416,Incorrect
634,ما هي أجهزة التحكم والضبط والمراقبة في الجسم؟,ANSWER: الجهاز العصبي الذاتي,العصبى الصماوى,الجهاز العصبي الذاتي,العصبى الصماوى,0.6355736255645752,0.6345504522323608,0.6350616216659546,Incorrect
635,ما هي المواد التي تحررها نهايات المحاوير العصبية في المشابك والموصلات المشبكية؟,الأسيتيل كولين,النواقل عصبية,الأسيتيل كولين,النواقل عصبية,0.6437550187110901,0.5120872855186462,0.5704216957092285,Incorrect
636,ماذا ينقل الترانسفيرين؟,حديد.,الحديدي,حديد.,الحديدي,0.49732083082199097,0.5349453687667847,0.5154474377632141,Correct
637,ما هو الإحساس الذي يمكن أن يُدرك كلياً في المهاد؟,الإحساس بالألم ودرجة الحرارة.,حس الألم,الإحساس بالألم ودرجة الحرارة.,حس الألم,0.4875607490539551,0.6179680824279785,0.5450730323791504,Incorrect
638,أين توجد المستقبلات المسكارينية؟,في الجهاز العصبي اللاإرادي.,الخلايا المستجيبة للتنبيه بالعصبونات الكولينية الفعل بعد العقدية,في الجهاز العصبي اللاإرادي.,الخلايا المستجيبة للتنبيه بالعصبونات الكولينية الفعل بعد العقدية,0.4816466271877289,0.649852991104126,0.5532471537590027,Incorrect
639,ما هي الزمرة الدموية إذا كانت الكرية الحمراء لا تحوي مولد ارتصاص؟,لا يمكن تحديدها بدون معلومات إضافية.,O,لا يمكن تحديدها بدون معلومات إضافية.,O,0.2054721713066101,0.2687382400035858,0.23288494348526,Incorrect
640,ما هو ناظم القلب؟,ANSWER: العقدة الجيبية الأذينية,العقدة الجيبية.,العقدة الجيبية الأذينية,العقدة الجيبية.,0.7492059469223022,0.7727968692779541,0.760818600654602,Correct
641,ما الذي يشكله الجهاز الانزيمي في الخلايا البطانية السليمة اعتباراً من حمض الاراشيدونيك؟,شحميات فسفوليبيدية,الترومبوكسان A2,شحميات فسفوليبيدية,الترومبوكسان A2,0.5879542827606201,0.6091617345809937,0.5983701348304749,Incorrect
642,ما الذي تتناسب معه سرعة النقل في الألياف العصبية اللانخاعينية؟,السرعة: الضوء,الجذر التربيعي ل قطر الليف,السرعة: الضوء,الجذر التربيعي ل قطر الليف,0.51179039478302,0.48236745595932007,0.4966435134410858,Incorrect
643,أين تقع أجسام عصبونات المرتبة الثانية للإحساسات المنقولة بمسلك العمود الظهري؟,المادة الهلامية الرمادية,المهاد,المادة الهلامية الرمادية,المهاد,0.4011205732822418,0.5019878149032593,0.44592130184173584,Incorrect
644,ما هي العوامل التي تتناسب معها سرعة الانتشار البسيط؟,النفاذيةية والتركيز.,طردا مع مدروج تركيز المادة المنتشرة,النفاذيةية والتركيز.,طردا مع مدروج تركيز المادة المنتشرة,0.5565723180770874,0.5078626871109009,0.5311029553413391,Incorrect
645,ما هي آلية تحرر شوارد الكالسيوم من الشبكة الهيولية في العضلات الهيكلية؟,إطلاق الكالسيوم من الشبكة الهيولية العضلية (SR) هو عملية حاسمة تبدأ بالإشارات العصبية وتؤدي إلى انقباض العضلات الهيكلية.,الانتشار,إطلاق الكالسيوم من الشبكة الهيولية العضلية (SR) هو عملية حاسمة تبدأ بالإشارات العصبية وتؤدي إلى انقباض العضلات الهيكلية.,الانتشار,0.2940550446510315,0.4233444035053253,0.3470494747161865,Incorrect
646,ما الذي يؤكد الدور الأهم للمراكز الشوكية والبصلية في وظيفة الجهاز العصبي المستقل؟,ANSWER: التجارب الدوائية,عدم حدوث تبدلت مهمة في وظائف الجهاز العصبي المستقبل عند قطع جذع الدماغ فوق مستوى البصلة,التجارب الدوائية,عدم حدوث تبدلت مهمة في وظائف الجهاز العصبي المستقبل عند قطع جذع الدماغ فوق مستوى البصلة,0.410286545753479,0.37714189291000366,0.39301666617393494,Incorrect
647,ما هو الهدف الأساسي للنقل الفاعل عبر الغشاء؟,الهدف الأساسي: نقل الجزيئات الكبيرة أو المشحونة.,الحفاظ على مدروج تركيز مرتفع للمادة عبر الغشاء,الهدف الأساسي: نقل الجزيئات الكبيرة أو المشحونة.,الحفاظ على مدروج تركيز مرتفع للمادة عبر الغشاء,0.5229207277297974,0.490814208984375,0.5063590407371521,Incorrect
648,ما الذي يتأثر بتغير كمية الأوكسجين في الأسناخ؟,مقاومة الغشاء المخاطي السنخي.,الأوعية الدموية للسنخ,مقاومة الغشاء المخاطي السنخي.,الأوعية الدموية للسنخ,0.577120840549469,0.591849148273468,0.5843921899795532,Incorrect
649,ما هي أقصى مدة لحفظ الدم؟,6 ساعات,20 يوم,6 ساعات,20 يوم,0.8020627498626709,0.8065816164016724,0.8043158650398254,Incorrect
650,ماذا يحدث عندما تكون تهوية السنخ أعلى من ترويته الدموية؟,ANSWER: **جفاف السنخ (Alveolar Osteitis)**,حيز ميت فيزيولوجي,**جفاف السنخ (Alveolar Osteitis)**,حيز ميت فيزيولوجي,0.4913085401058197,0.5568877458572388,0.522046685218811,Incorrect
651,ما هي الحالات التي تزداد فيها كمية الماء الموجودة في الأحياز الخاصة؟,الجفاف، الوذمة، الالتهاب.,الجنب وانصباب الجنب,الجفاف، الوذمة، الالتهاب.,الجنب وانصباب الجنب,0.4027602970600128,0.5073366165161133,0.4490402042865753,Incorrect
652,ما هو الهرمون المطلق للموجهة القشرية؟,الهرمون المطلق للموجهة القشرية (CRH),CRH,الهرمون المطلق للموجهة القشرية (CRH),CRH,0.3918822109699249,0.4937904179096222,0.4369733929634094,Correct
653,ما هي الشاردة الإيجابية الأساسية في السائل داخل الخلوي؟,Na+,بوتاسيوم,Na+,بوتاسيوم,0.625734806060791,0.6370004415512085,0.6313173770904541,Incorrect
654,ما هو نوع المصل الذي يحمله شخص من الزمرة الدموية B؟,مصل مناعي ذاتي (IgG),يحوي الراصة Anti A,مصل مناعي ذاتي (IgG),يحوي الراصة Anti A,0.5428609848022461,0.4796024560928345,0.5092748999595642,Incorrect
655,ما هي الحالة التي يكون فيها انقلاب الصيغة أكثر شيوعاً؟,مرض السكري من النوع الثاني أو مقدمات السكري.,الأطفال.,مرض السكري من النوع الثاني أو مقدمات السكري.,الأطفال.,0.38111263513565063,0.5682492256164551,0.45623692870140076,Incorrect
656,ما هو حجم الضربة (Stroke Volume)؟,حجم الدم الذي يضخه البطين الأيسر في كل نبضة.,كمّية الدم التي يضخها البطين الأيمن في ضربة واحدة,حجم الدم الذي يضخه البطين الأيسر في كل نبضة.,كمّية الدم التي يضخها البطين الأيمن في ضربة واحدة,0.7506750822067261,0.7732511758804321,0.7617958784103394,Incorrect
657,ما هي أقصى كمية هواء يمكن استنشاقها زيادة على كمية الحجم الجاري السوية؟,ANSWER: القدرة الشهيقية الزائدة,حجم الشهيق المخر,القدرة الشهيقية الزائدة,حجم الشهيق المخر,0.5945680141448975,0.5374969244003296,0.5645938515663147,Correct
658,ما هي الآلية التي يتم من خلالها التنظيم المديد للجريان الموضعي؟,آلية التنظيم الذاتي (Autoregulation) المعتمدة على التدفق.,إفراز الأنجيوجنين وعامل النمو البطاني.,آلية التنظيم الذاتي (Autoregulation) المعتمدة على التدفق.,إفراز الأنجيوجنين وعامل النمو البطاني.,0.5157317519187927,0.5045457482337952,0.5100774765014648,Incorrect
659,ما هي الشوارد التي تسبب قوى الجذب بين خيوط الاكتين والميوزين مما يؤدي إلى انزلاق بعضها على بعض؟,ANSWER: أيونات الكالسيوم,الكالسيوم,أيونات الكالسيوم,الكالسيوم,0.5298100709915161,0.7147777676582336,0.608549177646637,Correct
660,ما هو الهدف من آلية المزلاج في العضلات الملساء؟,الإجابة: منع جهد الفعل من الانتشار السريع.,تحافظ على تقلّص مقوٍمديد فى العضلات الملمس باستخدام كمية قليلة جداً من الطاقه,الإجابة: منع جهد الفعل من الانتشار السريع.,تحافظ على تقلّص مقوٍمديد فى العضلات الملمس باستخدام كمية قليلة جداً من الطاقه,0.43341898918151855,0.47166314721107483,0.4517330825328827,Incorrect
661,ما هي الخلايا الدبقية التي تشكل جزء من الحاجز الوعائي الدموي؟,بطانية مزوية,الخلايا النجمية,بطانية مزوية,الخلايا النجمية,0.6047732830047607,0.6012905240058899,0.6030269265174866,Incorrect
662,ما هي الآلية التي يتم من خلالها التنظيم المديد للضغط الشرياني؟,ANSWER: آلية فرانك ستارلينغ,افراز الانجيوجينين وعامل النمو البطاني,آلية فرانك ستارلينغ,افراز الانجيوجينين وعامل النمو البطاني,0.4622308611869812,0.5370112657546997,0.49682289361953735,Incorrect
663,ما هي المستقبلة الأسرع تلاؤماً؟,"لا يمكن الإجابة على هذا السؤال بدون سياق محدد. ""المستقبلة الأسرع تلاؤماً"" (Fastest Adapting Receptor) هو مصطلح عام في علم وظائف الأعضاء الحسي، ولكن لتحديد المستقبلة المحددة، أحتاج إلى معرفة:",باشيني.,"لا يمكن الإجابة على هذا السؤال بدون سياق محدد. ""المستقبلة الأسرع تلاؤماً"" (Fastest Adapting Receptor) هو مصطلح عام في علم وظائف الأعضاء الحسي، ولكن لتحديد المستقبلة المحددة، أحتاج إلى معرفة:",باشيني.,0.30512872338294983,0.36440378427505493,0.33214235305786133,Incorrect
664,لماذا لا تتمكن الألياف العصبية المركزية من التجديد؟,لا تتجدد.,عدم وجود غمد شوان,لا تتجدد.,عدم وجود غمد شوان,0.4679334759712219,0.43017715215682983,0.44826167821884155,Incorrect
665,ما هي كمية الهواء الموجودة في الرئتين في نهاية شهيق سوي؟,ANSWER: حجم المد والجزر,السعة الوظيفية المدخرة + الحجم الجاري,حجم المد والجزر,السعة الوظيفية المدخرة + الحجم الجاري,0.45261335372924805,0.49993598461151123,0.4750991761684418,Incorrect
666,ما هي الفائدة الوظيفية من التأخير الزمني لكامن الفعل لمدة 0.1 ثانية عند مروره في العقدة الأذينية البطينية؟,تسهيل الانقباض المتزامن للبطينين.,إنهاء تقلص الأذينات قبل تقلص البطينات,تسهيل الانقباض المتزامن للبطينين.,إنهاء تقلص الأذينات قبل تقلص البطينات,0.5819106101989746,0.6055117249488831,0.5934766530990601,Incorrect
667,ما هي المواد التي يقتصر عليها الامتصاص المعدي؟,السوائل والمحلول السكري.,الماء والشوارد,السوائل والمحلول السكري.,الماء والشوارد,0.5125870704650879,0.5620296597480774,0.5361709594726562,Incorrect
668,ما هو المركب الذي يتشكل من تفاعل الهيموغلوبين مع حمض أو قلوي؟,الكربامينات الحديدية (Ferricyanines),هيماتين.,الكربامينات الحديدية (Ferricyanines),هيماتين.,0.6364823579788208,0.5198346376419067,0.5722748637199402,Incorrect
669,ما الذي يتناسب إفراغه عكسياً مع إفراغ الهيدروجين؟,الإجابة: الأكسجين,البوتاسيوم,الإجابة: الأكسجين,البوتاسيوم,0.4277777671813965,0.5699590444564819,0.48873773217201233,Incorrect
670,ما هو الغشاء الكبيبي نفوذ له؟,الغشاء القاعدي الكبيبي,الالبومين.,الغشاء القاعدي الكبيبي,الالبومين.,0.44193601608276367,0.47376343607902527,0.45729660987854004,Incorrect
671,ما هو المسؤول عن إرسال السيالات في العصبونات؟,الجهد الفعلي,المحوار,الجهد الفعلي,المحوار,0.6220285892486572,0.6303966045379639,0.6261846423149109,Incorrect
672,ما هو المستوى الذي يعتبر ضخ الدم مثالاً على دراسته؟,الدورة الدموية,الأعضاء,الدورة الدموية,الأعضاء,0.5182512998580933,0.47078394889831543,0.49337854981422424,Incorrect
673,ما هي العملية التي يتم بها تحويل النورادرينالين إلى أدرينالين؟,Deamination,ميتلة,Deamination,ميتلة,0.6432429552078247,0.6484477519989014,0.6458348631858826,Incorrect
674,ما الذي يشكل جسراً بين ألياف الكولاجين والصفيحات الدموية؟,Fibrinogen.,الترومبوكسان A2,Fibrinogen.,الترومبوكسان A2,0.6021178960800171,0.521334171295166,0.5588216185569763,Incorrect
675,ما هي الفائدة الوظيفية من وجود الكليونات المجاورة للّب؟,تزيد من كفاءة الامتصاص.,زيادة القدرة على تكثيف البول,تزيد من كفاءة الامتصاص.,زيادة القدرة على تكثيف البول,0.6221081018447876,0.6339161992073059,0.6279566287994385,Incorrect
676,ما هو السبب الذي يحمي العضلة القلبية من التكزز؟,انخفاض جهد الغشاء,طول فترة كامن فعل الليف العضلي القلبي,انخفاض جهد الغشاء,طول فترة كامن فعل الليف العضلي القلبي,0.49971234798431396,0.4988214671611786,0.49926650524139404,Incorrect
677,ما هو الهرمون الذي يخضع لتأثير مزدوج منبه ومثبط من الوطاء؟,الهرمون المطلق لموجهة القشر الكظري (CRH),GH,الهرمون المطلق لموجهة القشر الكظري (CRH),GH,0.3266657888889313,0.3994341790676117,0.3594036400318146,Incorrect
678,أين تقع المساحة الصغرى في ساحة الحس الأولية عند الإنسان؟,الجسم الثفني,الجذع,الجسم الثفني,الجذع,0.6354783773422241,0.6853348016738892,0.6594656109809875,Incorrect
679,ما هو مصدر الATP الذي تحتاجه الليفات العضلية بشدة؟,الفسفوكرياتين.,المتقدرات الغزيرة الموازية للبيفات,الفسفوكرياتين.,المتقدرات الغزيرة الموازية للبيفات,0.5104435682296753,0.4491022825241089,0.4778122305870056,Incorrect
680,ما هو الذي يفعل السبيل الخارجي للتخثر؟,الثرومبين,رض الأنسجة,الثرومبين,رض الأنسجة,0.6052392721176147,0.6115826368331909,0.6083944439888,Incorrect
681,ما الذي تتناسب معه سرعة انتشار الغاز عبر الغشاء التنفسي عكسياً؟,ANSWER: **الوزن الجزيئي**,ثخانة الغشاء,**الوزن الجزيئي**,ثخانة الغشاء,0.4636908769607544,0.507097601890564,0.48442384600639343,Incorrect
682,ما هي القيمة العظمى لضغط الأوكسجين في الأسناخ عند زيادة التهوية السنخية في الحالات السوية؟,لا يوجد قيمة عظمى مطلقة ثابتة لضغط الأكسجين في الأسناخ عند زيادة التهوية السنخية في الحالات السوية. يعتمد ذلك على عدة عوامل متغيرة:,149 ملم زئبقي,لا يوجد قيمة عظمى مطلقة ثابتة لضغط الأكسجين في الأسناخ عند زيادة التهوية السنخية في الحالات السوية. يعتمد ذلك على عدة عوامل متغيرة:,149 ملم زئبقي,0.4083788990974426,0.35959774255752563,0.3824390769004822,Incorrect
683,أين يحدث الامتصاص بشكل أساسي؟,الأنسجة المعوية,الامعاء الدقيقة,الأنسجة المعوية,الامعاء الدقيقة,0.7209165692329407,0.7375884056091309,0.7291572690010071,Incorrect
684,ما هو الهرمون الذي يتم إفرازه نتيجة الشدة (الكروب)؟,الكورتيزول.,الكورتيزول,الكورتيزول.,الكورتيزول,0.6835991144180298,0.788479745388031,0.7323032021522522,Correct
685,ما هي آلية تحرر شوارد الكالسيوم من الشبكة الهيولية في العضلات الهيكلية؟,إطلاق الكالسيوم من الشبكة الهيولية العضلية (SR) هو عملية حاسمة تبدأ بالإشارات العصبية وتؤدي إلى انقباض العضلات الهيكلية.,الانتشار,إطلاق الكالسيوم من الشبكة الهيولية العضلية (SR) هو عملية حاسمة تبدأ بالإشارات العصبية وتؤدي إلى انقباض العضلات الهيكلية.,الانتشار,0.2940550446510315,0.4233444035053253,0.3470494747161865,Incorrect
686,ماذا يسبب التنبيه اللاودي على القلب؟,خفض معدل ضربات القلب,تباطؤ ضربات القلب.,خفض معدل ضربات القلب,تباطؤ ضربات القلب.,0.7050641775131226,0.6087442636489868,0.6533734798431396,Correct
687,ما هو المسؤول عن زوال الاستقطاب؟,التسرب البوتاسيوم.,دخول شوارد الصوديوم,التسرب البوتاسيوم.,دخول شوارد الصوديوم,0.5753359198570251,0.6198318004608154,0.5967555046081543,Incorrect
688,ما هو الرقم الهيدروجيني الطبيعي للبول؟,الرقم الهيدروجيني الطبيعي للبول يتفاوت عادة بين 4.5 و 8.0.,بين 4.7 و 8,الرقم الهيدروجيني الطبيعي للبول يتفاوت عادة بين 4.5 و 8.0.,بين 4.7 و 8,0.5255270004272461,0.6693637371063232,0.5887880921363831,Correct
689,ماذا يحدث عند وصول كمية كبيرة من NaCl إلى اللطخة الكثيفة؟,وذمة تناضحية,تقبيض الشرين الوارد,وذمة تناضحية,تقبيض الشرين الوارد,0.5367739796638489,0.4876459240913391,0.5110319256782532,Incorrect
690,ما هي كمية الدم التي تمر في نقطة معينة من الدوران خلال فترة محددة من الزمن؟,حجم الدم المُرور (Blood Flow Volume).,تدفق الدم,حجم الدم المُرور (Blood Flow Volume).,تدفق الدم,0.39579564332962036,0.5439369678497314,0.4581896662712097,Correct
691,ما هو الانزيم المعوي الذي يقوم بهضم الدسم في الأمعاء؟,ليباز معوي,الليباز,ليباز معوي,الليباز,0.6801334619522095,0.781069278717041,0.7271151542663574,Correct
692,ماذا يسبب نقص فيتامين B12 وحمض الفوليك؟,فقر الدم الضخم الأرومات.,فقر دم زائد الصباغ زائد الحجم,فقر الدم الضخم الأرومات.,فقر دم زائد الصباغ زائد الحجم,0.6072075366973877,0.5868525505065918,0.5968565940856934,Correct
693,ما هي وظيفة الصمامات القلبية؟,تحافظ على تدفق الدم باتجاه واحد.,توجيه مجرى الدم باتجاه واحد,تحافظ على تدفق الدم باتجاه واحد.,توجيه مجرى الدم باتجاه واحد,0.6678687334060669,0.7301360368728638,0.6976156830787659,Correct
694,ما هو المستوى الذي يعد عليه تنظيم الضغط الشرياني؟,ANSWER: تنظيم الضغط الشرياني,الأجهزه,تنظيم الضغط الشرياني,الأجهزه,0.5182835459709167,0.5540322065353394,0.5355619788169861,Incorrect
695,ما هو نوع العضلات الذي يمتاز بخاصية الارتخاء بعد الكرب؟,عضلات هيكلية.,العضلات وحيدة الوحدة الحشوية,عضلات هيكلية.,العضلات وحيدة الوحدة الحشوية,0.5531717538833618,0.59632807970047,0.5739398002624512,Incorrect
696,ما هو أسرع أجزاء الجهاز الناقل في القلب في توصيل السيالة؟,الأذين الأيمن والبطين الأيمن.,ألياف بوركنج.,الأذين الأيمن والبطين الأيمن.,ألياف بوركنج.,0.5091147422790527,0.5251035690307617,0.5169855952262878,Incorrect
697,ما هو اسم الأسناخ التي يصلها دم ولا يصلها هواء؟,الأسناخ الطرفية,التحويلة الفيزيولوجية,الأسناخ الطرفية,التحويلة الفيزيولوجية,0.6248408555984497,0.6515969038009644,0.6379384398460388,Incorrect
698,ما هي الطريقة التي يمكن بها تحرير النص الفعال حيوياً بتقنية الأسر الصوتي؟,الطريقة هي: **التحرير المكثف بعد الأسر.**,تفعيله بالامتصاص مستدعي الفوتونه,الطريقة هي: **التحرير المكثف بعد الأسر.**,تفعيله بالامتصاص مستدعي الفوتونه,0.3956979215145111,0.41846510767936707,0.4067631661891937,Incorrect
699,ما هي الشاردة ذات التركيز الأكبر داخل العصبون؟,Kai.,البوتاسيوم,Kai.,البوتاسيوم,0.4842635691165924,0.5385341644287109,0.5099590420722961,Incorrect
700,ما هو العظم الذي يتمفصل معه الغضروف الطرجهالي؟,العظم الوجني,الغضروف الحلقي,العظم الوجني,الغضروف الحلقي,0.7448196411132812,0.7448196411132812,0.7448196411132812,Incorrect
701,ماذا يحدث في طور الانقباض الأذيني؟,انبساط الأذينين,الصمامات الأذينية البطينية مفتوحة و السينية مغلقة,انبساط الأذينين,الصمامات الأذينية البطينية مفتوحة و السينية مغلقة,0.5190771818161011,0.5296852588653564,0.5243275761604309,Incorrect
702,ما هو الحجم الرئوي الذي يزداد مع التقدم بالعمر؟,السعة الرئوية الكلية (Total Lung Capacity),الحجم المتبقي.,السعة الرئوية الكلية (Total Lung Capacity),الحجم المتبقي.,0.4518759846687317,0.4965461790561676,0.4731590747833252,Incorrect
703,ما الذي يحرض إفراز عصارة غنية بالإنزيمات الهاضمة من البنكرياس؟,التحفيز الكوليني.,CCK,التحفيز الكوليني.,CCK,0.3493935465812683,0.38181281089782715,0.36488449573516846,Incorrect
704,ما الذي يتمثل به زوال استقطاب البطينات على مخطط القلب؟,ANSWER: P-Wave,الموجة QRS.,P-Wave,الموجة QRS.,0.6224938631057739,0.520105242729187,0.5667120218276978,Incorrect
705,ما هو العامل المحرض على زيادة إفراز الألدوستيرون؟,فرط الترشيح الكبيبي.,زيادة تركيز البوتاسيوم في السائل خارج الخلوي,فرط الترشيح الكبيبي.,زيادة تركيز البوتاسيوم في السائل خارج الخلوي,0.4349472224712372,0.48244020342826843,0.457464337348938,Incorrect
706,ما هي الطريقة المستخدمة لحل الخثرة إذا تشكلت في أوعية القلب والرئتين؟,حل الخثرة,البلازمين,حل الخثرة,البلازمين,0.5986802577972412,0.5446984767913818,0.5704150795936584,Incorrect
707,ما الذي تسمح به خاصية الارتخاء بعد الكرب للأعضاء الجوفاء التي تحوي عضلات ملساء؟,إعادة التنظيم.,المحافظة على مقدار الضغط نفسه على الرغم من تغير الحجم ضمن حدود معينة,إعادة التنظيم.,المحافظة على مقدار الضغط نفسه على الرغم من تغير الحجم ضمن حدود معينة,0.4246097207069397,0.4609633982181549,0.442040354013443,Incorrect
708,ما هو معدل التهوية السنخية؟,معدل تبادل الغازات السنخي.,كمية الهواء الذي يصل للمناطق التنفسية مضروب,معدل تبادل الغازات السنخي.,كمية الهواء الذي يصل للمناطق التنفسية مضروب,0.5138894319534302,0.5201398730278015,0.5169957876205444,Incorrect
709,متى يتوقف التقلص العضلي؟,يتوقف التقلص العضلي: بعد إكمال العمل، أو عند إرهاق العضلة، أو عند تلقي إشارة عصبية بالتوقف.,ارتباط الكالسيوم بالتربونين,يتوقف التقلص العضلي: بعد إكمال العمل، أو عند إرهاق العضلة، أو عند تلقي إشارة عصبية بالتوقف.,ارتباط الكالسيوم بالتربونين,0.37530452013015747,0.5815647840499878,0.45620420575141907,Incorrect
710,ما هي عصبونات المرتبة الثانية في المسلك الظهري؟,الخلايا العصبية البينية,النواتين الناحلة واإلسفينية,الخلايا العصبية البينية,النواتين الناحلة واإلسفينية,0.5773947238922119,0.5237929821014404,0.5492892861366272,Incorrect
711,ما هو القشراني المعدني الرئيسي؟,الكالسيوم (في العظام),الالدوسترون (معدني),الكالسيوم (في العظام),الالدوسترون (معدني),0.696471095085144,0.7221927642822266,0.709098756313324,Incorrect
712,ما هي أقل أنسجة الجسم البشري احتواءً على الماء؟,الجلد.,الدهنى,الجلد.,الدهنى,0.5232892036437988,0.5428389310836792,0.5328848361968994,Incorrect
713,ما هو طليعة الانزيم الذي يتحول إلى شكله الفعال تحت تأثير الخنثرين؟,بروجينيز,العامل الحادي عشر,بروجينيز,العامل الحادي عشر,0.4731093645095825,0.46493107080459595,0.46898454427719116,Incorrect
714,ما هي الآلية التي يستطيع من خلالها الجهاز التنفسي تأمين كميات كبيرة من الأكسجين أثناء التمارين المجهدة؟,زيادة التهوية.,يحصل كامل التبادل الغازي للأكسجين خلال قطع الدم ثلث المسافة عبر الوعاء الشعري.,زيادة التهوية.,يحصل كامل التبادل الغازي للأكسجين خلال قطع الدم ثلث المسافة عبر الوعاء الشعري.,0.44693416357040405,0.37380433082580566,0.4071112275123596,Incorrect
715,ما الذي يحول الببسين إلى مولد ببسين؟,الببسينوجين,حمض كلور الماء,الببسينوجين,حمض كلور الماء,0.6709352731704712,0.6818140149116516,0.6763308644294739,Incorrect
716,ما هي الوظائف التي يتآزر فيها الجهازان الودي واللاودي؟,تنظيم وظائف الجسم اللاإرادية.,تنظيم افراز اللعاب,تنظيم وظائف الجسم اللاإرادية.,تنظيم افراز اللعاب,0.5227425694465637,0.5663274526596069,0.5436628460884094,Incorrect
717,من أين يتم إفراز الإريثروبويتين؟,الكُلى,الكلية,الكُلى,الكلية,0.6182353496551514,0.6010144352912903,0.6095033288002014,Correct
718,ما الجزء من الأجسام الضدية من IgG التي يتم قطعها وأخذها في المراكز الحديثة؟,القطعة المتغيرة (Variable region).,الجزء المفرط التغير,القطعة المتغيرة (Variable region).,الجزء المفرط التغير,0.3800113797187805,0.5019915103912354,0.4325665831565857,Incorrect
719,ما الذي يؤدي إلى نقصان حجم الدفقة بزيادته؟,زيادة معدل التدفق.,معدل دقات القلب.,زيادة معدل التدفق.,معدل دقات القلب.,0.5834383964538574,0.6234583854675293,0.6027848720550537,Incorrect
720,ما تدعى الترنجات العشوائية لشدة الإشعاع المترابط المنتشرة انتشاراً متعدداً؟,تشتت ستوكس,البقع,تشتت ستوكس,البقع,0.586140513420105,0.7061783075332642,0.6405845284461975,Incorrect
721,ما هو المسؤول عن إعادة الاستقطاب؟,قنوات البوتاسيوم.,دخول شوارد الصوديوم,قنوات البوتاسيوم.,دخول شوارد الصوديوم,0.5763512849807739,0.6097911596298218,0.5925998687744141,Incorrect
722,ما هي المادة التي تشتق منها الهرمونات الأمينية؟,أمينات حيوية.,التيروزين,أمينات حيوية.,التيروزين,0.4623083770275116,0.4770788848400116,0.46957752108573914,Incorrect
723,كيف يؤدي التأثير الحاصر غير المباشر تأثيره على الجهاز العصبي المستقل؟,ANSWER: تثبيط ما بعد العقدة,إنقاص فعالية العصبون قبل المشبكي,تثبيط ما بعد العقدة,إنقاص فعالية العصبون قبل المشبكي,0.6188449859619141,0.5666859745979309,0.5916181206703186,Incorrect
724,ما هو الطريق الهندسي الذي يمكن للضوء أن يقطعه في الخلاء مضروبا بقرينة انكسار الوسط؟,الجواب: المسار الهندسي الظاهري.,المسار الضوئي,الجواب: المسار الهندسي الظاهري.,المسار الضوئي,0.4944097101688385,0.5523627996444702,0.5217819809913635,Incorrect
725,ما هي الألياف العصبية التي تتميز بالنقل القفزي؟,الخلايا العصبية الحركية,الألياف المغمدة بالنخاعين,الخلايا العصبية الحركية,الألياف المغمدة بالنخاعين,0.6034139394760132,0.6381261348724365,0.6202847957611084,Incorrect
726,ما هو الكمون تقريباً عندما يتكون الليف نفوذ لشوارد البوتاسيوم فقط؟,الكمون المستريح.,سالب 94 ميلي فولط,الكمون المستريح.,سالب 94 ميلي فولط,0.44822466373443604,0.5139728784561157,0.47885245084762573,Incorrect
727,ماذا ينقص في حال نقص المتناول من الماء؟,الوظائف الحيوية الخلوية,حجم البول,الوظائف الحيوية الخلوية,حجم البول,0.44218185544013977,0.5161845088005066,0.47632601857185364,Incorrect
728,ما هو الجزء الذي يملك فعالية ATPase؟,العضلة (Muscle),رأس الميوزين,العضلة (Muscle),رأس الميوزين,0.4448925852775574,0.5143108367919922,0.4770897924900055,Incorrect
729,أين يوجد مركز العطش؟,تحت المهاد,الوطاء,تحت المهاد,الوطاء,0.5579704642295837,0.6021995544433594,0.579241931438446,Correct
730,أين يحدث الامتصاص بشكل رئيسي؟,الأنسجة المعوية,أمعاء دقيقة,الأنسجة المعوية,أمعاء دقيقة,0.6649590730667114,0.6565853357315063,0.6607456803321838,Incorrect
731,ما هو الناقل العصبي الذي تحرره الألياف قبل العقدية في القسمين الودي ونظير الودي؟,الإبينفرين والنورإبينفرين.,الأستيل كولين,الإبينفرين والنورإبينفرين.,الأستيل كولين,0.4692596197128296,0.5395762324333191,0.5019673705101013,Incorrect
732,ما هو الصوت الذي يسمع عند بدء الانبساط البطيني؟,انبساط بطيني.,الثاني,انبساط بطيني.,الثاني,0.333340585231781,0.40422359108924866,0.36537599563598633,Incorrect
733,ما الذي يُنقص الإفراز المعدي؟,مضغ الطعام,السكرتين,مضغ الطعام,السكرتين,0.6109490394592285,0.6151073575019836,0.6130211353302002,Incorrect
734,كيف يتم إلغاء التأثير التثبيطي للتروبونين؟,ANSWER: ارتباط الكالسيوم بالتروبونين,الكالسيوم,ارتباط الكالسيوم بالتروبونين,الكالسيوم,0.5109594464302063,0.536865770816803,0.5235923528671265,Correct
735,ما هي الوظائف التي يتآزر فيها القسمين الودّي ونظير الودّي للجهاز العصبي المستقل؟,ANSWER: تنظيم التوازن اللاإرادي,تنظيم إفراز اللعاب,تنظيم التوازن اللاإرادي,تنظيم إفراز اللعاب,0.6345616579055786,0.658737301826477,0.6464235186576843,Incorrect
736,ماذا يؤدي نقص تركيز الأوكسجين في الأسناخ؟,نقص الأكسجة (Hypoxia),تقبض الأوعية الدموية لهذه الأسناخ.,نقص الأكسجة (Hypoxia),تقبض الأوعية الدموية لهذه الأسناخ.,0.57462477684021,0.4906166195869446,0.5293081402778625,Incorrect
737,ما هي الظاهرة التي تحدث عندما تتجمع المراكز المثارة ويستطيع الإشعاع أن ينتشر مرات كثيرة؟,الظاهرة: التشبع الإشعاعي,الانتثار المتعدد,الظاهرة: التشبع الإشعاعي,الانتثار المتعدد,0.5335929989814758,0.5597537159919739,0.5463603734970093,Incorrect
738,ما هو المسؤول عن تحفيز تحرر الكالسيوم من الشبكة الهيولية؟,Answer: ديهيدروبيريدين ديهيدروجيناز,كامن الفعل,ديهيدروبيريدين ديهيدروجيناز,كامن الفعل,0.4908725917339325,0.5068685412406921,0.49874237179756165,Incorrect
739,ما هي آلية عمل الحاصرات الغير مباشرة في الجهاز العصبي المستقل؟,تعمل على تثبيط مستقبلات الأدرينالين أو النورأدرينالين.,تنقص فعالية العصبون قبل المشبكي,تعمل على تثبيط مستقبلات الأدرينالين أو النورأدرينالين.,تنقص فعالية العصبون قبل المشبكي,0.4915911555290222,0.4758753180503845,0.48360559344291687,Incorrect
740,ما هو نمط المستقبلات الموجودة في العضو؟,لا يمكن الإجابة على هذا السؤال بدون تحديد العضو المعني. تختلف أنماط المستقبلات بشكل كبير بين الأعضاء والأنسجة المختلفة. لتحديد الإجابة الدقيقة، يرجى تحديد العضو الذي تقصده.,إرخاء مصرة المثانة,لا يمكن الإجابة على هذا السؤال بدون تحديد العضو المعني. تختلف أنماط المستقبلات بشكل كبير بين الأعضاء والأنسجة المختلفة. لتحديد الإجابة الدقيقة، يرجى تحديد العضو الذي تقصده.,إرخاء مصرة المثانة,0.3521597981452942,0.43707817792892456,0.39005059003829956,Incorrect
741,ما الذي يؤدي إلى انخفاض ضغط الدم عند زيادته؟,انخفاض ضغط الدم (Hypotension),قطر الاوعية الدموية,انخفاض ضغط الدم (Hypotension),قطر الاوعية الدموية,0.5673117637634277,0.4848700165748596,0.522861123085022,Incorrect
742,ما هي الحالات التي تنقص فيها سرعة موجة النبض؟,تباطؤ النبض,بازدياد المرونة.,تباطؤ النبض,بازدياد المرونة.,0.3973447382450104,0.3901521563529968,0.3937155604362488,Incorrect
743,ما هي الخلايا التي تستجيب للعصبونات بعد العقد اللاودية؟,الخلايا المستهدفة.,الأستيل كولين,الخلايا المستهدفة.,الأستيل كولين,0.4066334664821625,0.45302289724349976,0.4285765290260315,Incorrect
744,ما هو الجزء من النفرون الكتيم تماماً للماء؟,الأنبوب الملتوي القريب,الجزء الصاعد من عروة هانله,الأنبوب الملتوي القريب,الجزء الصاعد من عروة هانله,0.5539035201072693,0.5868510007858276,0.5699015259742737,Incorrect
745,أين يتم تخرب الكريات الحمر بشكل رئيسي؟,النخاع العظمي الأحمر,الطحال,النخاع العظمي الأحمر,الطحال,0.5100620985031128,0.5720648765563965,0.5392872095108032,Incorrect
746,ما هو العامل الأساسي الذي يحدد ارتباط الخضاب بالأوكسجين؟,قدرة الخضاب على الارتباط.,ضغط الأوكسجين في الدم.,قدرة الخضاب على الارتباط.,ضغط الأوكسجين في الدم.,0.4892205595970154,0.4855666756629944,0.4873867630958557,Incorrect
747,ما هو العامل الذي تفرزه الكلية ويؤثر في تشكيل الكريات الحمر؟,الإريثروبويتين.,التروميو موديولين,الإريثروبويتين.,التروميو موديولين,0.5640514492988586,0.6712428331375122,0.6129963994026184,Incorrect
748,إلام يؤدي زيحان منحنى تفارق الأكسجين الخضاب نحو اليمين؟,نقص الأكسجة (Hypoxia) النسبي.,نقص النسبة المئوية لإشباع الخضاب بالأكسجين,نقص الأكسجة (Hypoxia) النسبي.,نقص النسبة المئوية لإشباع الخضاب بالأكسجين,0.5239160060882568,0.6220566034317017,0.5687839388847351,Incorrect
749,ما الذي يشكل غمد النخاعين في الجهاز العصبي المركزي؟,الخلايا الدبقية قليلة التغصن.,الخلايا الدبقية قليلة التغصنات,الخلايا الدبقية قليلة التغصن.,الخلايا الدبقية قليلة التغصنات,0.8479080200195312,0.9091708064079285,0.877471387386322,Correct
750,ما الذي يثبط إفراز الـ FSH؟,الـ GnRH,البروجسترون,الـ GnRH,البروجسترون,0.4966815114021301,0.523167610168457,0.509580671787262,Incorrect
751,ماذا تمثل الموجة QRS؟,جهد الفعل الأذيني البطيني.,زوال استقطاب البطينين,جهد الفعل الأذيني البطيني.,زوال استقطاب البطينين,0.6376237869262695,0.6398456692695618,0.6387328505516052,Incorrect
752,ما الذي يعتمد عليه هرمون النمو في تأثيره على الخلية الهدف؟,الفسفاتين.,السوماتوميدين,الفسفاتين.,السوماتوميدين,0.5729848146438599,0.7136535048484802,0.6356295347213745,Incorrect
753,ما الذي يضمن سرعة توصيل كامن الفعل إلى جميع أنحاء الليف العضلي؟,ضمان سرعة التوصيل: **الغشاء بعد المشبكي**,انابيب المستعرضة,ضمان سرعة التوصيل: **الغشاء بعد المشبكي**,انابيب المستعرضة,0.38541528582572937,0.4283844828605652,0.40576547384262085,Incorrect
754,ما الذي يسمع بوضوح في الحالة الطبيعية للإنسان؟,الطنطنه الطبيعيه,الصوتان الأول و الثاني,الطنطنه الطبيعيه,الصوتان الأول و الثاني,0.6041889190673828,0.4741680920124054,0.5313400030136108,Incorrect
755,ماذا يحدث لمعدل الترشيح الكبيبي عندما يصبح ضغط الدم 100 ممز؟,انخفاض معدل الترشيح الكبيبي,يبقي ثابتا,انخفاض معدل الترشيح الكبيبي,يبقي ثابتا,0.47429966926574707,0.5079424381256104,0.4905449151992798,Incorrect
756,ما هو المستوى الذي يعد عليه تنظيم الضغط الشرياني؟,ANSWER: تنظيم الضغط الشرياني,الأجهزة,تنظيم الضغط الشرياني,الأجهزة,0.5182835459709167,0.5540322065353394,0.5355619788169861,Incorrect
757,ما الذي يثبط فعالية جهاز الهضم؟,مسببات مرضية متعددة.,التنبيه اللاودي.,مسببات مرضية متعددة.,التنبيه اللاودي.,0.5230894088745117,0.5739949941635132,0.5473611950874329,Incorrect
758,ما هي الأسباب التي تُعزى إليها ظاهرة الانتشار الخلفي المترابط؟,تُعزى ظاهرة الانتشار الخلفي المترابط (Retroflexive Dispersal) إلى عدة عوامل رئيسية، وغالبًا ما تكون هذه العوامل متداخلة وتفاعلية. الأسباب الرئيسية تشمل:,تموضع ضعيف,تُعزى ظاهرة الانتشار الخلفي المترابط (Retroflexive Dispersal) إلى عدة عوامل رئيسية، وغالبًا ما تكون هذه العوامل متداخلة وتفاعلية. الأسباب الرئيسية تشمل:,تموضع ضعيف,0.3543435037136078,0.45453399419784546,0.3982337713241577,Incorrect
759,ما الذي يحدث مباشرة قبل صوت القلب الثاني؟,انبساط الأذيني.,الموجة T.,انبساط الأذيني.,الموجة T.,0.44276830554008484,0.4733615219593048,0.4575541019439697,Incorrect
760,ما هو الأنزيم المعوي الذي يحول مولد التربسين إلى تربسين؟,تيروديسما,الإنتيروكيناز,تيروديسما,الإنتيروكيناز,0.6997818946838379,0.6743245124816895,0.6868173480033875,Incorrect
761,ما هي أهمية التأخير الذي يحدث أثناء مرور كامن الفعل في العقدة الأذينية البطينية؟,تسمح بتقلص الأذينين بشكل فعال.,كل ما سبق صحيح.,تسمح بتقلص الأذينين بشكل فعال.,كل ما سبق صحيح.,0.39432138204574585,0.42485690116882324,0.4090200364589691,Incorrect
762,ما هو سبب ظهور طور الهضبة في كامن فعل العضلة القلبية؟,نقص التروية المؤقت.,دخول شوارد الكالسيوم.,نقص التروية المؤقت.,دخول شوارد الكالسيوم.,0.6130530834197998,0.6189606785774231,0.6159927248954773,Incorrect
763,ما الأقنية التي يسبب انتفاحها بطور الهضبة في كمون عمل الليف العضلي القلبي؟,انسداد البطينين,الكالسيوم,انسداد البطينين,الكالسيوم,0.44578397274017334,0.479704350233078,0.46212252974510193,Incorrect
764,ما هو المخطط الذي عبارة عن صندوق ذو قرنين ممتدين بشكل موازي للمحور الشاقولي الذي تتوزع عليه القياسات؟,مقياس مخطط كهربية القلب,المخطط الصندوقي,مقياس مخطط كهربية القلب,المخطط الصندوقي,0.6044448614120483,0.613296389579773,0.6088384389877319,Incorrect
765,ما هو المقياس الذي يسمح بترتيب السمات دون اعتبار لتساوي الفروق بين أي رتبتين؟,مقارنة النسب المئوية التراكمية (أو النسبية).,الرتبي,مقارنة النسب المئوية التراكمية (أو النسبية).,الرتبي,0.43576353788375854,0.40334710478782654,0.41892918944358826,Incorrect
766,ماذا يعني أن تكون قيمة معامل الارتباط تساوي −0.92؟,معامل ارتباط سلبي قوي جدًا.,وجود علاقة عكسية قوية,معامل ارتباط سلبي قوي جدًا.,وجود علاقة عكسية قوية,0.591957688331604,0.6613729000091553,0.6247429847717285,Correct
767,ما هي مصادر البيانات السكانية؟,"السؤال غير مفهوم بشكل كامل. ""مصادر البيانات السكانية"" يمكن أن تشير إلى أماكن جمع البيانات المتعلقة بالسكان، أو إلى أنواع مختلفة من مصادر المعلومات التي تستخدم لتحليل السكان.",التعداد ومسوح العينة والسجلات السكانية,"السؤال غير مفهوم بشكل كامل. ""مصادر البيانات السكانية"" يمكن أن تشير إلى أماكن جمع البيانات المتعلقة بالسكان، أو إلى أنواع مختلفة من مصادر المعلومات التي تستخدم لتحليل السكان.",التعداد ومسوح العينة والسجلات السكانية,0.44140905141830444,0.6083739399909973,0.5116138458251953,Incorrect
768,ماذا نحصل عليه بعد تحديد مجتمع الدراسة والعينة وقياس قيم المتغير على أفراد العينة؟,تحليل إحصائي وصفي.,البيانات الخام,تحليل إحصائي وصفي.,البيانات الخام,0.48055559396743774,0.4706503748893738,0.47555139660835266,Incorrect
769,ما هو نوع المتغير الذي يمثله عدد الكريات الحمر؟,مؤشر خضاب الدم.,عشوائي منفصل,مؤشر خضاب الدم.,عشوائي منفصل,0.43657127022743225,0.4583992063999176,0.44721904397010803,Incorrect
770,ما هو المقياس الذي تكون فيه قيمة الصفر نسبية وليست مطلقة؟,لا يوجد مقياس محدد.,المقياس الفتروي,لا يوجد مقياس محدد.,المقياس الفتروي,0.41993483901023865,0.4784226715564728,0.4472748339176178,Incorrect
771,ما هو مخطط تنظيم البيانات الذي يشبه أسلوب الجداول التكرارية والأعمدة؟,جدول تكراري,مخطط الساق والورقة,جدول تكراري,مخطط الساق والورقة,0.5835912227630615,0.5410889983177185,0.5615370273590088,Incorrect
772,ما هو التوقع الرياضي للعدد الثابت؟,لا يوجد توقع رياضي للعدد الثابت.,العدد الثابت ذاته,لا يوجد توقع رياضي للعدد الثابت.,العدد الثابت ذاته,0.4704250991344452,0.5666087865829468,0.5140564441680908,Incorrect
773,ما هو التوزيع المستخدم من أجل اختبار الفروض حول معامل الارتباط الخطي؟,التوزيع المستخدم لاختبار الفرضيات حول معامل الارتباط الخطي هو توزيع F (F-distribution).,ستيودنت بدرجة حرية n-2,التوزيع المستخدم لاختبار الفرضيات حول معامل الارتباط الخطي هو توزيع F (F-distribution).,ستيودنت بدرجة حرية n-2,0.4585851728916168,0.4768385887145996,0.46753382682800293,Incorrect
774,ما هو الإحصاء الذي يسعى لعرض وتوضيح سلوك الظاهرة؟,الإحصاء الوصفي,إحصاء وصفي,الإحصاء الوصفي,إحصاء وصفي,0.8378583788871765,0.8378583788871765,0.8378583192825317,Correct
775,ما هو الغرض الرئيسي من حساب معامل الارتباط الخطي؟,تقييم قوة واتجاه العلاقة الخطية بين متغيرين.,قياس قوة العلاقة الخطية بين متغيرين,تقييم قوة واتجاه العلاقة الخطية بين متغيرين.,قياس قوة العلاقة الخطية بين متغيرين,0.8016743063926697,0.9017930030822754,0.8487914204597473,Correct
776,ما هو الخط المنكسر الذي يصل النقاط التي فواصلها مراكز الفئات وترتيبها تكرارات الفئات؟,ANSWER: خط مكسور,المضلع التكراري,خط مكسور,المضلع التكراري,0.6566447019577026,0.5938525199890137,0.6236720681190491,Incorrect
777,من أين نحصل على المصادر الداخلية لجمع البيانات؟,داخل الجسم,داخل الشركة أو المؤسسة,داخل الجسم,داخل الشركة أو المؤسسة,0.6875706911087036,0.5468430519104004,0.6091851592063904,Incorrect
778,ما هو الإحصاء؟,علم البيانات.,أي دالة في العينة لا تتبع وسيط مجهول,علم البيانات.,أي دالة في العينة لا تتبع وسيط مجهول,0.4464704990386963,0.488304078578949,0.4664511978626251,Incorrect
779,ماذا يحتسب اليوم إذا قُبل المريض في يوم وتخرج في نفس اليوم؟,لا يُحتسب.,مدة استشفاء,لا يُحتسب.,مدة استشفاء,0.4506376385688782,0.4694727063179016,0.4598623812198639,Incorrect
780,ما هي طريقة جمع البيانات التي تتناسب مع الأطفال؟,مقابلة سريرية تفاعلية,الملاحظة,مقابلة سريرية تفاعلية,الملاحظة,0.5473386645317078,0.5398192405700684,0.5435529351234436,Incorrect
781,ما هي الدراسات التي بحكم الميدان تنفيذ العمل وجمع البيانات؟,الدراسات الرصدية.,الدراسات الكيفية,الدراسات الرصدية.,الدراسات الكيفية,0.6454646587371826,0.7081654071807861,0.6753628849983215,Incorrect
782,ما هو الغرض من استخدام الجداول التكرارية؟,تحليل البيانات التلخيصي.,البيانات الوصفية والكمية,تحليل البيانات التلخيصي.,البيانات الوصفية والكمية,0.6525300741195679,0.6163128614425659,0.6339045763015747,Incorrect
783,ما هما نوعا البيانات الموجودان؟,لا يوجد نوعا بيانات محددان.,كمية ووصفية,لا يوجد نوعا بيانات محددان.,كمية ووصفية,0.34212297201156616,0.36135032773017883,0.351473867893219,Incorrect
784,ما الذي تعطينا إياه دالة التوزيع الاحتمالي المتجمع؟,دالة التوزيع الاحتمالي المتجمع (Cumulative Distribution Function - CDF).,احتمال ان ياخد المتغير العشوائى x قيمه اقل او تساوى قيمه محددة,دالة التوزيع الاحتمالي المتجمع (Cumulative Distribution Function - CDF).,احتمال ان ياخد المتغير العشوائى x قيمه اقل او تساوى قيمه محددة,0.50013667345047,0.476543128490448,0.48805493116378784,Incorrect
785,كل متى يتكرر التعداد السكاني عادة؟,تعداد سكاني,عشرة أعوام,تعداد سكاني,عشرة أعوام,0.46581530570983887,0.48016488552093506,0.4728812575340271,Incorrect
786,ما هو الفارق في عدد السكان بين تعدادين متعاقبين تفصلهما فترة معينة كعشر سنوات؟,تعداد سكاني,التغير المطلق,تعداد سكاني,التغير المطلق,0.4840352535247803,0.5324356555938721,0.5070831775665283,Incorrect
787,ما هو المسجل الذي يهدف إلى تجميع المعلومات عن المرضى؟,جهاز تسجيل طبي.,السجلات الطبية,جهاز تسجيل طبي.,السجلات الطبية,0.5615665316581726,0.5859166979789734,0.5734832286834717,Incorrect
788,ما هي من أقدم الطرق المستخدمة لجمع البيانات لمراقبة الكثير من الظواهر لا سيما التي يصعب السؤال عنها؟,البيروقراطية.,الملاحظة أو المشاهدة,البيروقراطية.,الملاحظة أو المشاهدة,0.4797002077102661,0.49379175901412964,0.4866439700126648,Incorrect
789,ما هو المقياس المستخدم لوصف حالة التدخين (مدخن - غير مدخن)؟,ANSWER: مؤشر كتلة الجسم,الاسمي,مؤشر كتلة الجسم,الاسمي,0.44067811965942383,0.5780383348464966,0.5000976324081421,Incorrect
790,ما هي الطريقة التي يتم بها الحصول على بيانات تتعلق بضغط الدم وسرعة نبضات القلب ونسبة الكوليسترول في الدم لعينة من المرضى خلال فترة أسبوع؟,جمع بيانات فسيولوجية للمرضى.,التسجيل,جمع بيانات فسيولوجية للمرضى.,التسجيل,0.31526386737823486,0.4133678674697876,0.35771143436431885,Incorrect
791,ما هي وظائف السجلات الطبية؟,توثيق المعلومات الصحية للمريض.,ترميز الامراض والعمليات .,توثيق المعلومات الصحية للمريض.,ترميز الامراض والعمليات .,0.6320023536682129,0.6807141304016113,0.6554544568061829,Incorrect
792,ما هو المقياس الذي يمكن استخدام الطرق الإحصائية الوسيطية فيه؟,البيانات الترتيبية,النسبي,البيانات الترتيبية,النسبي,0.4542253613471985,0.4888622760772705,0.4709077775478363,Incorrect
793,ما هو التوزيع الذي يتبعه مربع المتغير العشوائي Z² إذا كان للمتغير العشوائي Z توزيع طبيعي معياري؟,التوزيع المتباين (Exponential distribution),توزيع كاي مربع بدرجة حرية واحدة,التوزيع المتباين (Exponential distribution),توزيع كاي مربع بدرجة حرية واحدة,0.519045352935791,0.4800160825252533,0.49876832962036133,Incorrect
794,ما هي المنظمة التي وضعت التصنيف الدولي للأمراض؟,منظمة الصحة العالمية.,منظمة الصحة العالمية .,منظمة الصحة العالمية.,منظمة الصحة العالمية .,1.0,1.0,1.0,Correct
795,ما هي الجهة المسؤولة عن السجلات الطبية؟,الأطباء / المرضى,قسم السجلات الطبية في المشفى,الأطباء / المرضى,قسم السجلات الطبية في المشفى,0.4773295223712921,0.5510945320129395,0.5115665793418884,Incorrect
796,ما هو التوقع الرياضي لمتحول عشوائي يخضع لتوزيع برنولي؟,ANSWER: 0 أو 1,P,0 أو 1,P,0.6370091438293457,0.701163113117218,0.6675483584403992,Incorrect
797,ما هو التصنيف الدولي للأمراض؟,ICD (International Classification of Diseases),ثلاثة أجزاء .,ICD (International Classification of Diseases),ثلاثة أجزاء .,0.536416232585907,0.35088279843330383,0.42425206303596497,Incorrect
798,ما هو المستقيم الذي يكون منحنى التوزيع الطبيعي المعياري مناظراً حوله؟,الوسط (Mean),x=0,الوسط (Mean),x=0,0.42557814717292786,0.5990735292434692,0.49763762950897217,Correct
799,ما هي أيام الخدمة الإجمالية للمرضى الداخليين؟,لا يمكن تحديدها دون معلومات إضافية.,مجموع خدمة جميع المرضى الداخليين خلال مدة معينة,لا يمكن تحديدها دون معلومات إضافية.,مجموع خدمة جميع المرضى الداخليين خلال مدة معينة,0.43525344133377075,0.47736597061157227,0.4553380608558655,Incorrect
800,ما هي قيمة معامل التجديد؟,لا يمكن تحديد قيمة مطلقة لمعامل التجديد بدون سياق محدد.,مربع معامل الارتباط الخطي,لا يمكن تحديد قيمة مطلقة لمعامل التجديد بدون سياق محدد.,مربع معامل الارتباط الخطي,0.4931322932243347,0.5545533895492554,0.522042453289032,Incorrect
801,ما هي وحدة المعاينة؟,وحدة الدراسة,عنصر من العينة,وحدة الدراسة,عنصر من العينة,0.6082341074943542,0.5827685594558716,0.5952290892601013,Incorrect
802,ما هو الجدول التكراري الذي يضم عدد البيانات في فئة معينة وكل الفئات التي تسبقها؟,الجدول التكراري التراكمي.,تكرار المجتمع الصاعد,الجدول التكراري التراكمي.,تكرار المجتمع الصاعد,0.47054779529571533,0.49844786524772644,0.4840961694717407,Correct
803,ما هو معدل الوفيات في المشفى؟,لا يمكن تحديده بدقة دون بيانات محددة.,عدد الوفيات خلال فترة زمنية محددة على عدد المتخرجين والوفيات في نفس الفترة مضروب بـ 100,لا يمكن تحديده بدقة دون بيانات محددة.,عدد الوفيات خلال فترة زمنية محددة على عدد المتخرجين والوفيات في نفس الفترة مضروب بـ 100,0.46408796310424805,0.5060598850250244,0.4841660261154175,Incorrect
804,ما هو متوسط التوزيع الاحتمالي في تجربة رمي قطعة نقود 3 مرات متتالية حيث x تدل على عدد ظهور H؟,D توزيع ثنائي الحدين.,1.5,D توزيع ثنائي الحدين.,1.5,0.31554263830184937,0.35640043020248413,0.3347293436527252,Incorrect
805,ما هو المجتمع الإحصائي (الجمهرة)؟,Population,التي تشترك فيما بينها ببعض الخواص والمميزات,Population,التي تشترك فيما بينها ببعض الخواص والمميزات,0.43111664056777954,0.26842200756073,0.3308500349521637,Incorrect
806,ما هو الرسم البياني الذي يتكون من مجموعة من الأعمدة المتجاورة المقامة على المحور الأفقي الذي تمثل عليه حالات الصفة المدروسة عندما تكون البيانات وصفية وفترات الفئات عندما تكون البيانات كمية ويساوي ارتفاع كل عمود تكرارات الفئة المقام عليها؟,الرسم البياني: المدرج التكراري (Bar Chart),المدرج التكراري,الرسم البياني: المدرج التكراري (Bar Chart),المدرج التكراري,0.5372746586799622,0.7247267365455627,0.6170790195465088,Correct
807,ما هي طريقة جمع البيانات التي من أمثلتها قياس شدة تأثير نوع من الهرمونات في مجموعة من الفئران؟,طريقة الارتباط.,التجربة,طريقة الارتباط.,التجربة,0.42159774899482727,0.46909141540527344,0.44407835602760315,Incorrect
808,ما نوع المتغير الذي يمثله طول شخص بالغ وقياس السكر في الدم؟,متغيرات مستمرة.,عشوائي مستمر,متغيرات مستمرة.,عشوائي مستمر,0.5108705759048462,0.5093091726303101,0.5100886821746826,Correct
809,متى يكون المجتمع غير متجانس في العينة غير العشوائية؟,في أي دراسة غير عشوائية.,الحصصية,في أي دراسة غير عشوائية.,الحصصية,0.3900498151779175,0.47488197684288025,0.4283057451248169,Incorrect
810,ما الذي يعتمد عليه توزيع ستيودنت؟,ANSWER: الانحراف المعياري,درجة الحرية,الانحراف المعياري,درجة الحرية,0.5514494776725769,0.5365954637527466,0.5439211130142212,Incorrect
811,ما هي محتويات السجل الطبي؟,محتويات السجل الطبي تشمل: التاريخ المرضي، الفحص البدني، نتائج الفحوصات المخبرية، صور الأشعة، التشخيص، خطة العلاج، الأدوية الموصوفة، تعليمات المتابعة، والملاحظات.,صفحة الموافقة على العلاج,محتويات السجل الطبي تشمل: التاريخ المرضي، الفحص البدني، نتائج الفحوصات المخبرية، صور الأشعة، التشخيص، خطة العلاج، الأدوية الموصوفة، تعليمات المتابعة، والملاحظات.,صفحة الموافقة على العلاج,0.42078664898872375,0.5138965249061584,0.4627039134502411,Incorrect
812,ما هو التصنيف الدولي للأمراض وما الغرض من الرموز والأرقام المستخدمة فيه؟,ANSWER: التصنيف الدولي للأمراض، التشخيص,عن الامراض .,التصنيف الدولي للأمراض، التشخيص,عن الامراض .,0.554851770401001,0.5681004524230957,0.5613979697227478,Incorrect
813,ما نوع العينة التي نسحبها إذا كنا أمام مجتمع غير متجانس؟,عيب العينة,طبقية,عيب العينة,طبقية,0.735455334186554,0.7421220541000366,0.7387736439704895,Incorrect
814,ما هو الغرض من استخدام الجداول التكرارية في عرض البيانات؟,تلخيص البيانات.,الكمية والاسمية,تلخيص البيانات.,الكمية والاسمية,0.49589842557907104,0.4705227017402649,0.4828774333000183,Incorrect
815,ما هي الطريقة التي يتم بها الحصول على بيانات تتعلق بضغط الدم ونسبة الكوليسترول بالدم لعينة من المرضى خلال فترة زمنية معينة؟,قياس ضغط الدم وكوليسترول الدم.,الملاحظة أو المشاهدة,قياس ضغط الدم وكوليسترول الدم.,الملاحظة أو المشاهدة,0.37978610396385193,0.41974836587905884,0.3987685441970825,Incorrect
816,ما هي أعلى مستويات القياس؟,المستويات المطلقة,المقياس الرتبي,المستويات المطلقة,المقياس الرتبي,0.6119102239608765,0.6204507350921631,0.6161509156227112,Incorrect
817,ما هو الهدف من تغيير الطرائق في الدراسات بالنسبة للبيانات؟,ANSWER: تحسين صحة النتائج,أفضل دقة ممكنة,تحسين صحة النتائج,أفضل دقة ممكنة,0.5754443407058716,0.6187642216682434,0.5963185429573059,Correct
818,ما هي طريقة جمع البيانات التي تمتاز بالتكلفة العالية؟,المسح الشامل,المقابلة الشخصية,المسح الشامل,المقابلة الشخصية,0.5385205745697021,0.49510061740875244,0.515898585319519,Incorrect
819,ما هو الفارق في عدد السكان بين تعدادين متعاقبين تفصلهما فترة معينة كعشر سنوات؟,تعداد سكاني,التغير المطلق,تعداد سكاني,التغير المطلق,0.4840352535247803,0.5324356555938721,0.5070831775665283,Incorrect
820,ما هو الجزء من الإحصاء الذي يعنى بوصف طبيعة وسلوك الظاهرة المدروسة وعرضها؟,وصف الظاهرة,الإحصاء الوصفي,وصف الظاهرة,الإحصاء الوصفي,0.6592483520507812,0.6695676445960999,0.6643679738044739,Incorrect
821,ما هي الفئة التي تشكل قاعدة الهرم السكاني؟,الرضع والأطفال الصغار,الأطفال,الرضع والأطفال الصغار,الأطفال,0.6360815167427063,0.7838273048400879,0.7022677659988403,Correct
822,ما هي فرضية العدم لاختبار الفرضيات حول معامل الارتباط الخطي لبيرسون؟,فرضية العدم: لا يوجد ارتباط خطي تام بين المتغيرين.,قيمة معامل ارتباط المجتمع تساوي الصفر,فرضية العدم: لا يوجد ارتباط خطي تام بين المتغيرين.,قيمة معامل ارتباط المجتمع تساوي الصفر,0.4767146706581116,0.5333428382873535,0.503441333770752,Incorrect
823,ما هو التكرار المتجمع الهابط لفئة معينة؟,تكرار متجمع,عدد البيانات في الفئة والفئات التي تليها,تكرار متجمع,عدد البيانات في الفئة والفئات التي تليها,0.44531160593032837,0.5005677342414856,0.47132569551467896,Incorrect
824,ما هو التوزيع الذي تتبعه التجربة الثنائية الوحيدة؟,التوزيع الثنائي.,البرنولي,التوزيع الثنائي.,البرنولي,0.42839717864990234,0.4529964029788971,0.44035354256629944,Incorrect
825,ما هو نتاج العوامل المؤثرة في النمو السكاني من مواليد ووفيات وهجرة؟,معدل النمو السكاني.,التركيب العمري,معدل النمو السكاني.,التركيب العمري,0.47144490480422974,0.4936293065547943,0.4822821319103241,Incorrect
826,ما هو المقياس المستخدم لقياس خضاب الدم؟,الهيموجلوبين.,النسبي,الهيموجلوبين.,النسبي,0.2842187285423279,0.42355838418006897,0.340172678232193,Incorrect
827,ما هو نوع المصدر الذي تمثله البيانات التي نحصل عليها من الشركة أو المؤسسة من واقع مستنداتها وسجلاتها وفواتيرها وتقاريرها الدورية؟,بيانات غير مهيكلة,داخلي,بيانات غير مهيكلة,داخلي,0.4183797836303711,0.5001427531242371,0.4556221663951874,Incorrect
828,ما هي الجهة المسؤولة عن السجلات الطبية؟,الأطباء / المرضى,قسم السجلات الطبيه فى المشفى,الأطباء / المرضى,قسم السجلات الطبيه فى المشفى,0.4773295223712921,0.5510945320129395,0.5115665793418884,Incorrect
829,ما هو نوع الإحصاء الذي يتضمن جمع البيانات وتنظيمها وتوصيفها وتبويبها وتلخيصها؟,الإحصاء الوصفي,الوصفي,الإحصاء الوصفي,الوصفي,0.6914081573486328,0.7298038005828857,0.7100872993469238,Correct
830,ما نوع العينة التي تمثلها مجموعة من المرضى الذين يراجعون طبيباً معيناً عندما يجري عليهم دراسة؟,عينات طبقية,مصادفة,عينات طبقية,مصادفة,0.5583348870277405,0.6136144399642944,0.584670901298523,Incorrect
831,ما نوع العلاقة إذا كانت قيمة بيرسون R=0.92؟,ANSWER: ارتباط خطي إيجابي قوي جداً,طردية قوية,ارتباط خطي إيجابي قوي جداً,طردية قوية,0.551578164100647,0.5660406947135925,0.5587158799171448,Correct
832,ما هي وحدة المعاينة؟,وحدة الدراسة,عنصر من العينة,وحدة الدراسة,عنصر من العينة,0.6082341074943542,0.5827685594558716,0.5952290892601013,Incorrect
833,ما هي الطريقة التي يتم بها الحصول على بيانات تتعلق بضغط الدم وسرعة نبضات القلب ونسبة الكولسترول في الدم لعينة من المرضى خلال فترة أسبوع؟,جمع بيانات فسيولوجية للمرضى.,الملاحظة أو المشاهدة,جمع بيانات فسيولوجية للمرضى.,الملاحظة أو المشاهدة,0.4113992750644684,0.46489477157592773,0.4365141689777374,Incorrect
834,ما نوع الارتباط بين المتغير العشوائي X والمتغير التابع Y إذا كان تزايد X يؤدي إلى تزايد Y؟,ANSWER: ارتباط إيجابي,إيجابي,ارتباط إيجابي,إيجابي,0.6857059001922607,0.7516362071037292,0.7171589136123657,Correct
835,"ماذا تعبر عنه العبارة ""احتمال أي حدث لا يزيد عن الواحد""؟",لا يمكن أن يحدث.,المسلمة الاحتمالية,لا يمكن أن يحدث.,المسلمة الاحتمالية,0.3844478130340576,0.3960236608982086,0.39014989137649536,Incorrect
836,ما تسمى الظاهرة التي يحدث فيها انحدار معدل أطوال الأبناء من معامل المجتمع؟,تكتل حيوي,الانحدار نحو المعدل,تكتل حيوي,الانحدار نحو المعدل,0.5173143744468689,0.491300493478775,0.5039719343185425,Incorrect
837,ما هي التقديرات التي تستخدم لتقدير نسبة النجاح لمجتمع؟,حساسية (Sensitivity) خصوصية (Specificity) معدل إيجابي كاذب (False Positive Rate) معدل سلبي كاذب (False Negative Rate),التقدير النقطي,حساسية (Sensitivity) خصوصية (Specificity) معدل إيجابي كاذب (False Positive Rate) معدل سلبي كاذب (False Negative Rate),التقدير النقطي,0.3404328227043152,0.42561542987823486,0.3782880902290344,Incorrect
838,ما نوع المتغير العشوائي الذي يدل على عدد القذفات عند قذف قطعة نقود حتى يظهر الوجه H للمرة الأولى؟,متغير ذي الحدين,متقطع قيمة الاعداد الطبيعية,متغير ذي الحدين,متقطع قيمة الاعداد الطبيعية,0.4578031003475189,0.4487999677658081,0.45325684547424316,Incorrect
839,ما هو متوسط عدد الأطفال الذي يمكن أن تنجبهم المرأة أحياء إذا أمضت حياتها منذ ميلادها بما يتماشى مع معدلات الخصوبة العمرية في سنة معينة؟,2.4,معدل الخصوبة الكلية,2.4,معدل الخصوبة الكلية,0.35422277450561523,0.3397955894470215,0.34685924649238586,Incorrect
840,ما هي الطريقة التي تمكننا من مراقبة رد الفعل على بعض الأسئلة والحصول على إجابات دقيقة؟,تجربة استبيانات منظمة ومراقبة,المواجهة,تجربة استبيانات منظمة ومراقبة,المواجهة,0.6444939374923706,0.5575249195098877,0.5978632569313049,Incorrect
841,ما هو نوع البيانات المستخدمة لإنشاء الجدول التكراري؟,بيانات فئوية,كمية و وصفية,بيانات فئوية,كمية و وصفية,0.5185346603393555,0.48812544345855713,0.5028707385063171,Incorrect
842,ما هي طبيعة الأفراد أو العناصر التي تشكل المجتمع الإحصائي؟,أفراد.,التي تشترك فيما بينها ببعض الخواص والمميزات,أفراد.,التي تشترك فيما بينها ببعض الخواص والمميزات,0.41069740056991577,0.27141863107681274,0.32683858275413513,Incorrect
843,ما هو عدد الكريات الحمر في الجسم؟,لا يمكن تحديده بدقة.,عشوائي منفصل,لا يمكن تحديده بدقة.,عشوائي منفصل,0.3656339645385742,0.4025055170059204,0.3831848204135895,Incorrect
844,ما هو معدل وفيات الأمهات الذي يحسب بقسمة عدد الوفيات لدى النساء الحوامل التي حدثت أثناء الحمل أو الولادة أو النفاس على عدد المواليد الأحياء خلال نفس السنة مضروباً في 100000؟,معدل وفيات الأمهات (MMR).,معدل وفيات الأمهات,معدل وفيات الأمهات (MMR).,معدل وفيات الأمهات,0.4573636054992676,0.8113235235214233,0.5849666595458984,Correct
845,ما هي المعدلات التي يكون تركيزها على معدلات الخصوبة لفئة معينة من العمر لغرض المقارنة على امتداد زمن ما ودراسة الفروق في ظاهرة الخصوبة بمختلف الأعمار؟,تعداد الخصوبية,معدل الخصوبة العمري,تعداد الخصوبية,معدل الخصوبة العمري,0.66483473777771,0.6534676551818848,0.659102201461792,Incorrect
846,ما هي العلاقة بين المتغيرين عندما يؤدي تزايد المتغير العشوائي x إلى تناقص المتغير التابع y؟,علاقة عكسية.,سلبي,علاقة عكسية.,سلبي,0.3910853862762451,0.4218747913837433,0.4058970510959625,Correct
847,ما هو المقياس المستخدم لوصف حالة التدخين (مدخن / غير مدخن)؟,ANSWER: مؤشر حالة التدخين,مقياس اسمي,مؤشر حالة التدخين,مقياس اسمي,0.582435667514801,0.655626654624939,0.61686772108078,Incorrect
848,ما هي الشروط التي يجب توفرها في مجموعة من المتغيرات العشوائية لتشكل عينة عشوائية؟,ANSWER: تمثيل إحصائي,مستقلة ولها قانون التوزيع نفسه,تمثيل إحصائي,مستقلة ولها قانون التوزيع نفسه,0.4624038636684418,0.4099809229373932,0.4346173107624054,Incorrect
849,ما هو المستوى الذي يمكن حساب فيه المتوسطات والانحرافات المعيارية ومقاييس العلاقة الخطية؟,الإجابة: المستوى المركزي.,العنقودي,الإجابة: المستوى المركزي.,العنقودي,0.34401094913482666,0.4082074761390686,0.37336984276771545,Incorrect
850,كم يتراوح عدد الفئات غالباً؟,عادةً ما يتراوح عدد الفئات بين **2 إلى 5 فئات**.,بين 5 و15 فئة,عادةً ما يتراوح عدد الفئات بين **2 إلى 5 فئات**.,بين 5 و15 فئة,0.4330878257751465,0.48513519763946533,0.45763641595840454,Incorrect
851,ما هي فرضية العدم لاختبار الفرضيات حول معامل الارتباط الخطي لبيرسون؟,فرضية العدم: لا يوجد ارتباط خطي تام بين المتغيرين.,قيمة معامل ارتباط المجتمع تساوي الصفر,فرضية العدم: لا يوجد ارتباط خطي تام بين المتغيرين.,قيمة معامل ارتباط المجتمع تساوي الصفر,0.4767146706581116,0.5333428382873535,0.503441333770752,Incorrect
852,ما هو معدل الوفيات الخام؟,الوفيات لكل 1000 شخص,عدد الوفيات لكل الف من السكان في سنة معينة,الوفيات لكل 1000 شخص,عدد الوفيات لكل الف من السكان في سنة معينة,0.6412315964698792,0.6122021079063416,0.6263806819915771,Correct
853,ما هي الجهة المسؤولة عن السجلات الطبية؟,الأطباء / المرضى,قسم السجلات الطبية في المستشفى,الأطباء / المرضى,قسم السجلات الطبية في المستشفى,0.5012619495391846,0.6701762676239014,0.5735409259796143,Incorrect
854,ما هو الغرض من استخدام مخطط الانتشار في الدراسة الإحصائية بين خاصتين؟,ANSWER: تحديد الارتباط,متغيرين,تحديد الارتباط,متغيرين,0.5730950236320496,0.5717031955718994,0.5723982453346252,Incorrect
855,ما هو التوقع الرياضي لمجموع متغيرين عشوائيين؟,المتوسط والتباين,مجموع التوقعين الرياضيين للمتغيرين العشوائيين,المتوسط والتباين,مجموع التوقعين الرياضيين للمتغيرين العشوائيين,0.514281690120697,0.5018328428268433,0.50798100233078,Incorrect
856,ما هو التكرار المتجمع الصاعد لفئة معينة؟,التكرار المتجمع الصاعد.,عدد البيانات المتضمنة في الفئة والفئات التي تسبقها,التكرار المتجمع الصاعد.,عدد البيانات المتضمنة في الفئة والفئات التي تسبقها,0.4215220808982849,0.5103496313095093,0.46170225739479065,Incorrect
857,ما هي المنطقة التي تتألف من قيم دالة الاختبار قليلة الاحتمال عندما Ho صحيحة؟,منطقة الرفض العليا,منطقة الرفض,منطقة الرفض العليا,منطقة الرفض,0.7655043601989746,0.811560869216919,0.787860095500946,Incorrect
858,ما هو المجتمع الإحصائي؟,مجموعة من البيانات.,التي تشترك فيما بينها ببعض الخواص والميزات,مجموعة من البيانات.,التي تشترك فيما بينها ببعض الخواص والميزات,0.4589049816131592,0.40839794278144836,0.43218085169792175,Incorrect
859,ما الذي يقوم عليه الإحصاء الاستنتاجي؟,الفرضيات الإحصائية.,على اتخاذ القرارات والتنبؤ والاستقرار والاستدلال,الفرضيات الإحصائية.,على اتخاذ القرارات والتنبؤ والاستقرار والاستدلال,0.4599647521972656,0.4921942353248596,0.47553402185440063,Incorrect
860,ما هي الجهة التي تصدر التصنيف الدولي للأمراض؟,الجمعية العالمية لتصنيف الأمراض (ICD).,منظمة الصحة العالمية,الجمعية العالمية لتصنيف الأمراض (ICD).,منظمة الصحة العالمية,0.6281055212020874,0.7468948364257812,0.6823689341545105,Incorrect
861,ما الذي تختلف تبعاً له دلالات قيم المتغيرات العشوائية؟,الإجابة: التوزيع الاحتمالي,نوعية المقياس المستخدم,الإجابة: التوزيع الاحتمالي,نوعية المقياس المستخدم,0.4562910199165344,0.4774761199951172,0.46664324402809143,Incorrect
862,ما هي الطريقة التي تستخدم فيها بعض التقنيات الإلكترونية للمراقبة والعد وتسجيل الملاحظات؟,ANSWER: المراقبة الإلكترونية,التسجيل,المراقبة الإلكترونية,التسجيل,0.43360620737075806,0.5469864010810852,0.48374155163764954,Incorrect
863,ما الذي يحدد زمن حفظ السجلات الطبية؟,الالتزام باللوائح,حسب الأسس المتبعة محليا في كل بلد,الالتزام باللوائح,حسب الأسس المتبعة محليا في كل بلد,0.4843251705169678,0.5775817632675171,0.5268585681915283,Correct
864,ما هو التوزيع الذي يتبعه مجموع متغيرات عينة عشوائية حجمها n من توزيع برنولي بالوسيط P؟,ANSWER: توزيع بيتا,الثنائي,توزيع بيتا,الثنائي,0.5292991995811462,0.49865207076072693,0.513518750667572,Incorrect
865,ما هي مجموعة قيم المتغير العشوائي x الذي يدل على عدد أخوات طالب ما؟,لا يمكن تحديده بدون معلومات إضافية.,صحيح موجب,لا يمكن تحديده بدون معلومات إضافية.,صحيح موجب,0.35328006744384766,0.4021507799625397,0.3761346638202667,Incorrect
866,ما هو معدل المواليد الخام؟,المواليد الأحياء لكل 1000 شخص في السنة.,عدد المواليد الاحياء لكل ألف من السكان في سنة معينة,المواليد الأحياء لكل 1000 شخص في السنة.,عدد المواليد الاحياء لكل ألف من السكان في سنة معينة,0.7037765979766846,0.7073716521263123,0.7055695056915283,Correct
867,ما هي الفئة العمرية المهمة جداً من الناحية الصحية والتنموية؟,الطفولة المبكرة,فئة الأطفال,الطفولة المبكرة,فئة الأطفال,0.5168958902359009,0.5584815144538879,0.536884605884552,Correct
868,ما هي الطريقة التي تمتاز بوصول الإجابات خلال وقت قصير وتتميز ببساطتها وقلة تكاليفها وسرعتها؟,الإجابة: البريد العادي,استخدام الانترنيت والمواقع الاجتماعية,الإجابة: البريد العادي,استخدام الانترنيت والمواقع الاجتماعية,0.43374061584472656,0.4576653838157654,0.44538193941116333,Incorrect
869,ما هو المخطط الذي يساعد بدراسة العلاقة بين متغيرين وطبيعتها؟,مخطط الانتشار (Scatter Plot).,مخطط الانتشار,مخطط الانتشار (Scatter Plot).,مخطط الانتشار,0.41155627369880676,0.758721113204956,0.5336451530456543,Correct
870,ما الذي يحدد زمن حفظ السجلات الطبية في المشفى؟,ANSWER: مدة العلاج / Retention period,بناء على الأسس المتبعة محلياً في كل بلد,مدة العلاج / Retention period,بناء على الأسس المتبعة محلياً في كل بلد,0.49596288800239563,0.5229879021644592,0.5091169476509094,Incorrect
871,ما هو التوزيع الذي يستخدم في اختبار الفرضيات حول ميل خط الانحدار؟,التوزيع المستخدم هو توزيع t المخفض (Reduced t-distribution).,ستيودنت,التوزيع المستخدم هو توزيع t المخفض (Reduced t-distribution).,ستيودنت,0.3898935616016388,0.34910356998443604,0.3683728575706482,Correct
872,ما هي أسباب تفضيل أسلوب العينة على أسلوب الحصر الشامل؟,لا ينطبق على السؤال.,صعوبة حصر افراد المجتمع,لا ينطبق على السؤال.,صعوبة حصر افراد المجتمع,0.4068766236305237,0.42060407996177673,0.413626492023468,Incorrect
873,ما هو السجل الذي يهدف إلى تجميع المعلومات عن المريض؟,ملف طبي,السجلات الطبية .,ملف طبي,السجلات الطبية .,0.6578917503356934,0.5685945749282837,0.6099924445152283,Correct
874,ما هو نوع التوزيع الإحصائي إذا علمت أن احتمال شفاء مريض مصاب بالزكام خلال أسبوع دون اللجوء للطبيب هو 0.6 وكان لدينا 10 مرضى بالزكام ولم يراجعوا الطبيب؟,التوزيع ذو الحدين.,حداني,التوزيع ذو الحدين.,حداني,0.39406126737594604,0.4189970791339874,0.406146764755249,Correct
875,ما هو الشريان الذي ينزف غالباً من قرحة اثني عشرية؟,شريان كبدي دموي,المعدي العفجي.,شريان كبدي دموي,المعدي العفجي.,0.49117130041122437,0.4762960374355316,0.4836193323135376,Incorrect
876,ما هي الأورام التي تعالج في القسم البعيد للمعدة؟,الأورام المعوية الدقيقة,4. كل ما سبق صحيح.,الأورام المعوية الدقيقة,4. كل ما سبق صحيح.,0.3865785002708435,0.3473217785358429,0.3659002184867859,Incorrect
877,ما هو التشخيص للآفة التي قد تسبب فقراً دموياً والنزف الحاد منها غير شائع والتي تم اكتشافها بالتنظير الهضمي العلوي لرجل عمره 55 سنة؟,الزوائد اللحمية القولونية (ساركوما معوية),سرطانة معدية.,الزوائد اللحمية القولونية (ساركوما معوية),سرطانة معدية.,0.4640941023826599,0.4581723213195801,0.46111419796943665,Incorrect
878,ما هي الخطوة الأولى الأهم في تدبير مريض يبلغ من العمر 32 سنة أتى لقسم الطوارئ بقصة إقياء لكميات كبيرة من الدم الأحمر القاني؟,تقييم استقرار الدورة الدموية.,إنعاش بالسوائل.,تقييم استقرار الدورة الدموية.,إنعاش بالسوائل.,0.5433117151260376,0.5714419484138489,0.5570219159126282,Incorrect
879,ما هو التشخيص المحتمل لمريضة تبلغ من العمر 45 سنة تشكو من ألم في ثديها الأيسر لمدة أسبوعين مع وجود خيط يشبه الحبل مؤلم وأودة بارزة فوقه بالفحص السريري؟,انسداد القنوات اللبنية,داء,انسداد القنوات اللبنية,داء,0.3926379084587097,0.4750218093395233,0.42991873621940613,Incorrect
880,ما هو التشخيص المحتمل لمريضة تبلغ من العمر 40 عاماً من أصول آسيوية وصلت إلى بريطانيا تشكو من كتلة غير مؤلمة في ثديها الأيمن منذ عدة أشهر مع نز الخراج في إبطها الأيمن الذي يشفى ويعاود من جديد؟,كيسات لثوية معدية (Infected Impacted Breast Abscess),سل ثدي.,كيسات لثوية معدية (Infected Impacted Breast Abscess),سل ثدي.,0.48534905910491943,0.48487675189971924,0.4851127862930298,Incorrect
881,ما هو التشخيص المحتمل لمريضة تبلغ من العمر 25 سنة راجعت بكتلة شاهدتها صدفة منذ 3 أسابيع في ثديها الأيسر ويمكن تحريك الكتلة من قبل المريضة ضمن نسيج الثدي؟,كيس ثدي حميد,غدوم ليفي.,كيس ثدي حميد,غدوم ليفي.,0.4592837989330292,0.46235930919647217,0.4608164131641388,Incorrect
882,ما هو التشخيص المحتمل لمريضة تبلغ من العمر 50 عاماً تعاني من ألم واحمرار في الثدي الأيمن منذ شهر وقد عولجت بالصادات لمدة أسبوعين دون تحسن وازدادت الحالة سوءاً؟,التهاب الثدي الأيمن / التهاب النسيج الخلوي للثدي الأيمن.,سرطان التهابي.,التهاب الثدي الأيمن / التهاب النسيج الخلوي للثدي الأيمن.,سرطان التهابي.,0.4965093731880188,0.6136622428894043,0.5489044189453125,Incorrect
883,ما هو التشخيص المحتمل لمريضة مسنة مشخص لديها سابقاً داء هاشيموتو وتراجع بعقدة قاسية غير منتظمة في الفص الدرقي الأيمن؟,تكيس درقي (الدراق العقيدي),لمفوما.,تكيس درقي (الدراق العقيدي),لمفوما.,0.49050843715667725,0.5172948837280273,0.5035457015037537,Incorrect
884,ما هو التشخيص المحتمل لطفل يبلغ من العمر 12 سنة يراجع بعقدة درقية مع ضخامة عقد لمفية ناحية؟,تشخيص المرحلة التالية من سرطان الغدة الدرقية.,سرطان حليمي.,تشخيص المرحلة التالية من سرطان الغدة الدرقية.,سرطان حليمي.,0.5184394717216492,0.5642532706260681,0.5403770804405212,Incorrect
885,ما هو التشخيص المحتمل لمريضة في منتصف العمر تعاني من سلعة درقية لفترة طويلة مع تضخم الفص الأيمن أكبر من الأيسر وهي سريرياً في حالة سواء درقي؟,تضخم درقي جانب واحد مع سواء درقي.,سلعة متعددة العقد.,تضخم درقي جانب واحد مع سواء درقي.,سلعة متعددة العقد.,0.47773343324661255,0.5283931493759155,0.5017878413200378,Incorrect
886,ما هو التشخيص الأكثر احتمالاً لفتاة في الربيع الخامس تشكو من عسرة تنفس مع وجود كتلة في جوف الفم بقطر 3 سم على الخط الناصف وعلى مؤخرة اللسان؟,ORAL CALCIFICATION,درق لسانية.,ORAL CALCIFICATION,درق لسانية.,0.5684406757354736,0.47384801506996155,0.5168520212173462,Incorrect
887,ما هو العلاج غير المرغوب به في حالة شابة في ربيعها الأربعين تشكو من نقص وزن مع خفقان وجحوظ في العينين مع وجود سلعة درقية متوسطة الحجم منتشرة ومتجانسة وفرط نشاط درق بدني؟,علاج فرط نشاط الدرق البدني (Graves' disease) غير المرغوب به في هذه الحالة هو:,المعالجة الشعاعية باليود I 131,علاج فرط نشاط الدرق البدني (Graves' disease) غير المرغوب به في هذه الحالة هو:,المعالجة الشعاعية باليود I 131,0.4629346430301666,0.5822640061378479,0.5157874226570129,Incorrect
888,ما هو الإجراء الأول الذي يجب إجراؤه قبل عملية sleeve gastrectomy لمريض البدانة الذي لديه BMI يساوي 40؟,تقييم نقص التغذية.,الحصول على موافقة المريض.,تقييم نقص التغذية.,الحصول على موافقة المريض.,0.6026864051818848,0.611510694026947,0.6070664525032043,Incorrect
889,ما هو الإجراء الأول الذي يجب إجراؤه قبل عملية Sleeve gastrectomy لمريض البدانة الذي لديه BMI يساوي 40؟,تقييم نقص التغذية.,الحصول على موافقة المريض.,تقييم نقص التغذية.,الحصول على موافقة المريض.,0.6026864051818848,0.611510694026947,0.6070664525032043,Incorrect
890,ما هو التشخيص المحتمل لمريض عمره 25 سنة يعاني من عدم ارتياح عام ونقصان في الوزن وترفع حروري وبراز ملطخ بالدم على نحو متقطع خلال الست أسابيع الأخيرة بعد عودته من شبه القارة الهندية حيث عمل هناك لمدة ستة أشهر، مع وجود كبدية ومضض في الربع العلوي الأيمن وإيكو يظهر جوفا ناقص الصدى في الفص الكبدي الأيمن ذو حوا,التشخيص المحتمل هو: **داء البلهارسيات (Schistosomiasis)**.,خراجة كبدية زحارية.,التشخيص المحتمل هو: **داء البلهارسيات (Schistosomiasis)**.,خراجة كبدية زحارية.,0.40014946460723877,0.43431055545806885,0.4165307879447937,Incorrect
891,ما هو التشخيص المحتمل لمريض عمره 50 سنة يعاني من أصمية حديثة وألم في الربع العلوي الأيمن لمدة 3-4 أشهر مع فحص سريري سلبي ووظائف كبد طبيعية وتنظير هضمي علوي طبيعي بينما أظهر الإيكو وجود آفة كيسية وحيدة تبلغ 6 سم؟,حصى صفراوية,داء كيسي بسيط,حصى صفراوية,داء كيسي بسيط,0.6207427382469177,0.6177061200141907,0.6192207336425781,Incorrect
892,ما هو التشخيص المحتمل لمريضة تبلغ من العمر 30 سنة تعاني من ألم مستمر في الربع العلوي الأيمن من البطن مع إقياء وارتفاع حرارة وإيجابية علامة مورفي؟,التهاب المرارة الحاد.,التهاب مرارة حاد.,التهاب المرارة الحاد.,التهاب مرارة حاد.,0.9255409836769104,0.9255409836769104,0.9255409836769104,Correct
893,ما هو التشخيص المحتمل لمريض يبلغ من العمر 60 سنة لديه سابقة حصيات مرارية يراجع بقصة ألم بطني شديد ومستمر لمدة 6 ساعات وبالفحص السريري كان المريض غير مرتاح ومصدوم مع انتفاخ البطن ومضض راجع معممين؟,التهاب المرارة الحاد.,التهاب بريتوان تالي لانثقاب مرارة.,التهاب المرارة الحاد.,التهاب بريتوان تالي لانثقاب مرارة.,0.78303462266922,0.6013100147247314,0.6802447438240051,Incorrect
894,ما هو التشخيص المحتمل لمريض يبلغ من العمر 56 سنة يعاني من ألم شديد في أعلى البطن منذ أسبوع مع حمى متقطعة وعدم راحة شديدة مع وجود علامات لتخريش بريتواني في الربع العلوي الأيمن مع جس كتلة؟,التهاب المرارة الحاد / متلازمة جيلبرت,تقيح مرارة.,التهاب المرارة الحاد / متلازمة جيلبرت,تقيح مرارة.,0.45461636781692505,0.5489782094955444,0.49736112356185913,Incorrect
895,ما هو التشخيص المحتمل لمريض يبلغ من العمر 60 سنة يراجع بقصة ألم بطني ويرقان وحرارة مع عروءات؟,الإجابة: التهاب الأقنية الصفراوية الأولي,التهاب طرق صفراوية صاعد.,الإجابة: التهاب الأقنية الصفراوية الأولي,التهاب طرق صفراوية صاعد.,0.5998885631561279,0.6102699041366577,0.6050347089767456,Incorrect
896,ما هو التشخيص المحتمل لمريضة تبلغ من العمر 40 سنة عولجت لالتهاب مرارة حاد حيث لوحظ وجود مرارة مجسوسة غير ممضة، لم يكن هناك ترفع حروري وكانت المريضة بشكل عام بصحة جيدة؟,حصى المرارة (Cholelithiasis),قيلة مخاطية في المرارة.,حصى المرارة (Cholelithiasis),قيلة مخاطية في المرارة.,0.5358145833015442,0.5267162322998047,0.5312265157699585,Incorrect
897,ما هو التشخيص المحتمل لمريض عمره 80 سنة لديه تصبغ جلدي ملحوظ ونسيج ندبي ولديه ندبات بطنية لاستئصال كظر ثنائي الجانب؟,ANSWER: تصلب الجلد الموضعي (موضعي ترسب الكولاجين),متلازمة نيلسون.,تصلب الجلد الموضعي (موضعي ترسب الكولاجين),متلازمة نيلسون.,0.4872426986694336,0.4553414285182953,0.47075217962265015,Incorrect
898,ما هو التشخيص المحتمل لمريض عمره 48 سنة يعاني من اضطراب رئوي وصداع وارتفاع ضغط؟,انسداد رئوي مزمن (CHF),متلازمة كون.,انسداد رئوي مزمن (CHF),متلازمة كون.,0.463723361492157,0.4737555682659149,0.4686858057975769,Incorrect
899,ما هو التشخيص المحتمل لمريض ربو مع تفاقم متكرر لحالته تطور لديه بشكل تدريجي شعرانية مع بدانة جذعية وكدمات؟,تشخيص المرحلة الرابعة من الربو.,متلازمة كوشينغ.,تشخيص المرحلة الرابعة من الربو.,متلازمة كوشينغ.,0.5345658659934998,0.5281937122344971,0.5313606262207031,Incorrect
900,ما هو التشخيص المحتمل لسيدة حامل تبلغ من العمر 30 سنة تبين أثناء إجراء ايكو بطن لها وجود كتلة متكلسة في الشرسوف يبلغ قطرها 1 سم مع سماع لغط في منطقة الشرسوف دون وجود أي أعراض؟,تكيس مسراقي متكلس,أم دم شريان طحالي.,تكيس مسراقي متكلس,أم دم شريان طحالي.,0.5684787034988403,0.5618401169776917,0.565139889717102,Incorrect
901,ما هو التشخيص الأكثر احتمالاً لطفل عمره 7 سنوات يعاني من فقر دم منجلي ويشكو منذ ساعتين من ألم بطني حاد في الربع العلوي الأيسر مع ضغط 60/100 ملم زئبقي ونبض 110 ن/د وحرارة 37 درجة ومضض في الربع العلوي الأيسر للبطن بدون إيلام مرتد مع صعوبة جس الطحال وخضاب 6.1 غ/دل؟,أزمة انسداد الأوعية الدموية في المنجلي,نوبة ألمية بسبب انسداد الأوعية الدموية.,أزمة انسداد الأوعية الدموية في المنجلي,نوبة ألمية بسبب انسداد الأوعية الدموية.,0.765615701675415,0.7143750786781311,0.7391083240509033,Correct
902,ما هي نسبة الاستفادة من استئصال الطحال في حالة سيدة عمرها 40 سنة تعاني من فرفرية مناعية مزمنة معندة على العلاج بالستيروئيدات؟,تتراوح نسبة الاستفادة من استئصال الطحال في حالات فرفرية مناعية مزمنة معندة على العلاج بالستيروئيدات بشكل عام بين **60% إلى 80%**.,أقل من 20%,تتراوح نسبة الاستفادة من استئصال الطحال في حالات فرفرية مناعية مزمنة معندة على العلاج بالستيروئيدات بشكل عام بين **60% إلى 80%**.,أقل من 20%,0.36309242248535156,0.5030320882797241,0.42175722122192383,Incorrect
903,ما هي الخطوة التالية في تدبير مريض بعمر 70 سنة دون سوابق جراحية يعاني من ألم بطني متقطع منذ أسبوع وتوسع بطني وإقياء مستمر منذ يوم، مع عدم وجود فتوق بالفحص وتعداد 3000 كرية بيضاء / مم؟,تصوير الصدر بالأشعة السينية.,إجراء (CT) التصوير الطبقي المحوسب للبطن.,تصوير الصدر بالأشعة السينية.,إجراء (CT) التصوير الطبقي المحوسب للبطن.,0.660139799118042,0.6067888140678406,0.6323409676551819,Incorrect
904,ما هي الخطوة التالية في تدبير مريض بعمر 70 سنة دون سوابق جراحية يعاني من ألم بطني متقطع منذ أسبوع وتوسع بطني وإقياء مستمر منذ يوم، مع عدم وجود فتوق بالفحص وتعداد 3000 كرية بيضاء / مم؟,تصوير الصدر بالأشعة السينية.,إجراء (CT) التصوير الطبقي المحوسب للبطن.,تصوير الصدر بالأشعة السينية.,إجراء (CT) التصوير الطبقي المحوسب للبطن.,0.660139799118042,0.6067888140678406,0.6323409676551819,Incorrect
905,ما هي الخطوة التالية في تدبير شاب عمره 20 سنة راجع الإسعاف بعد 20 يوماً من استئصال زائدة ملتهبة ويعاني من إقياء مع تمدد بطن وإيلام خفيف، وتعداد WBC كان 14000 كرية/مم3 والكهارل طبيعية؟,الخطوة التالية هي إجراء **أشعة سينية بالبابين (CT Abdomen)**.,مراقبة 24 ساعة أخرى مع وضع NG.,الخطوة التالية هي إجراء **أشعة سينية بالبابين (CT Abdomen)**.,مراقبة 24 ساعة أخرى مع وضع NG.,0.47004252672195435,0.5056142807006836,0.4871799349784851,Incorrect
906,ما هي العلامات الأكثر توافقاً مع بالغ عمره 45 سنة لديه ألم بطني حاد وتم تشخيصه بالتهاب مرارة حاد؟,الحمى، ألم شديد في الربع العلوي الأيمن، غثيان، قيء.,ألم بطني مستمر ومضض مراق أيمن وارتفاع الكريات البيضاء.,الحمى، ألم شديد في الربع العلوي الأيمن، غثيان، قيء.,ألم بطني مستمر ومضض مراق أيمن وارتفاع الكريات البيضاء.,0.5864932537078857,0.5665959119796753,0.5763729214668274,Incorrect
907,ما هي الخطوة الأولى الأهم في تدبير مريض يبلغ من العمر 32 سنة أتى لقسم الطوارئ بقصة إقياء لكميات كبيرة من الدم الأحمر القاني؟,تقييم استقرار الدورة الدموية.,الإنعاش بالسوائل.,تقييم استقرار الدورة الدموية.,الإنعاش بالسوائل.,0.5607525706291199,0.5749521255493164,0.5677635669708252,Incorrect
908,ما هو التشخيص المحتمل لمريض عمره 70 سنة تطور لديه بعد 3 أيام من احتشاء قلبي ألم بطني مع تعدد البطن وخفوت في أصوات الأمعاء وتحليل غازات الدم يشير إلى احمضاض استقلابي؟,متلازمة الشريان التاجي الحادة مع مضاعفات جهازية.,احتشاء مساريقي.,متلازمة الشريان التاجي الحادة مع مضاعفات جهازية.,احتشاء مساريقي.,0.5168648958206177,0.578372061252594,0.5458913445472717,Incorrect
909,ما هي القاعدة الجراحية الأصح حالياً في مراقبة المريض أثناء تدبير مريض الانسداد المعوي ووضع القرار الجراحي المناسب في المراكز الجراحية المتطورة؟,ANSWER: المراقبة السريرية الدقيقة وتحديد إطار زمني.,يجب دائماً عدم إجراء الجراحة حتى يتم استقرا المريض بعد الإنعاش.,المراقبة السريرية الدقيقة وتحديد إطار زمني.,يجب دائماً عدم إجراء الجراحة حتى يتم استقرا المريض بعد الإنعاش.,0.5962808132171631,0.4991884231567383,0.5434319376945496,Incorrect
910,ما هو التشخيص المحتمل للمريضة إذا كانت الصورة البسيطة تدل على سويات معوية دقيقة وغياب لارتسام الكولونات وكانت مقاطع التصوير الطبقي المحوري تشير لتوسع عرى المعي؟,تشنج الكولون غير المعاكس,التصاقات معوية.,تشنج الكولون غير المعاكس,التصاقات معوية.,0.5522300004959106,0.5868011713027954,0.56899094581604,Incorrect
911,ما هو التشخيص الأقوى لمريض عمره 65 سنة تطور لديه ألم بطني حاد مفاجئ مستمر في الربع العلوي الأيمن منذ ساعة، تلاه آلام مغصية سرية مع غثيان، والفحص السريري يبدي سحنة سمية مع فحص بطني سوي تقريباً؟,الإنتان (Sepsis),انسداد أمعاء بنقص التروية.,الإنتان (Sepsis),انسداد أمعاء بنقص التروية.,0.4769763946533203,0.4321615695953369,0.45346441864967346,Incorrect
912,ما هو التشخيص المحتمل في المريضة التي تظهر صورتها البسيطة سويات معوية دقيقة وغياب الارتسام الكولوني، وتشير مقاطع التصوير الطبقي المحوري لتوسع عرى المعي الدقيق وزيادة في شحم المساريقا مع عدم ارتسام الكولون بالكامل؟,تشوه كولوني خلقي نادر.,التصاقات معوية.,تشوه كولوني خلقي نادر.,التصاقات معوية.,0.6092954874038696,0.586179256439209,0.5975138545036316,Incorrect
913,ما هو التشخيص لمريض عمره 60 سنة مصاب بداء كرون منذ عشر سنوات راجع المشفى بقصة حمى وعرواءات تلاها خروج هواء ومفرزات معوية عند التبول؟,التهاب قولون تقرحي حاد مع خراجات كبدية.,ناسور معدي مثاني.,التهاب قولون تقرحي حاد مع خراجات كبدية.,ناسور معدي مثاني.,0.4319571554660797,0.47760093212127686,0.45363378524780273,Incorrect
914,ما هي الحالة التي لا تدخل في التشخيص التفريقي لطفلة عمرها 10 سنوات تعاني منذ ساعتين من ألم حفرة حرقفية يمنى دون إيلام مرتد؟,الحمى الروماتيزمية,نزف رتج ميكل.,الحمى الروماتيزمية,نزف رتج ميكل.,0.5059850811958313,0.4830942153930664,0.494274765253067,Incorrect
915,ما هو التشخيص المحتمل لمريضة عمرها 50 سنة تعرضت لألم بطني حاد طاعن منذ نصف ساعة في الشرسوف تعمم في أنحاء البطن مع إقياءات بنية اللون وفحص البطن لين؟,الإجابة: التهاب المصرات الصفراوية الصاعد.,صمة شريان مساريقي علوي.,الإجابة: التهاب المصرات الصفراوية الصاعد.,صمة شريان مساريقي علوي.,0.5161819458007812,0.603617787361145,0.5564863085746765,Incorrect
916,ما هو الفحص الذي يجب إجراؤه أولاً لمريض يشتكي من ألم بطني حاد ومفاجئ؟,الأشعة المقطعية للبطن.,صورة بطن شعاعية.,الأشعة المقطعية للبطن.,صورة بطن شعاعية.,0.5686140060424805,0.5943731069564819,0.5812082886695862,Incorrect
917,ما هو التشخيص الأقوى لمريض عمره 65 سنة تطور لديه ألم بطني حاد مفاجئ ومستمر في الربع السفلي الأيمن منذ ساعة، تلاه آلام مغصة سرية مع غثيان، والفحص السريري يبدي سحنة سمية مع فحص بطن سوي تقريباً؟,التهاب المرارة الحاد,انسداد أمعاء بنقص التروية.,التهاب المرارة الحاد,انسداد أمعاء بنقص التروية.,0.5699208378791809,0.5289041996002197,0.5486470460891724,Incorrect
918,ما هي الخطوة الأولى الأهم في تدبير شاب عمره 32 سنة يراجع قسم الطوارئ بقصة إقياء كميات كبيرة من الدم الأحمر القاني؟,السؤال يطلب الخطوة الأولى الأهم في تدبير شاب في قسم الطوارئ يتقيأ كميات كبيرة من الدم الأحمر القاني.,الإنعاش بالسوائل.,السؤال يطلب الخطوة الأولى الأهم في تدبير شاب في قسم الطوارئ يتقيأ كميات كبيرة من الدم الأحمر القاني.,الإنعاش بالسوائل.,0.46419572830200195,0.48025789856910706,0.4720902442932129,Incorrect
919,ما هو التشخيص للآفة التي قد تسبب فقراً دموياً والنزف الحاد منها غير شائع والتي تم اكتشافها بالتنظير الهضمي العلوي لرجل عمره 55 سنة؟,الزوائد اللحمية القولونية (ساركوما معوية),2. سرطانة معدية.,الزوائد اللحمية القولونية (ساركوما معوية),2. سرطانة معدية.,0.5177648663520813,0.513760507106781,0.5157549381256104,Incorrect
920,ما هي الخطوة الأولى الأهم في تدبير مريض يبلغ من العمر 32 سنة أتى لقسم الطوارئ بقصة إقياء لكميات كبيرة من الدم الأحمر القاني؟,تقييم استقرار الدورة الدموية.,3. الإنعاش بالسوائل.,تقييم استقرار الدورة الدموية.,3. الإنعاش بالسوائل.,0.5552428960800171,0.5531607866287231,0.5541998744010925,Incorrect
921,ما هو العلاج الأمثل لمريض عمره 40 سنة وجد لديه بالتنظير الهضمي العلوي لمفوما معدية؟,استئصال المعدة الجزئي.,4. علاج كيماوي.,استئصال المعدة الجزئي.,4. علاج كيماوي.,0.559930145740509,0.6781635284423828,0.6134014129638672,Incorrect
922,ما هو التشخيص المحتمل لطفل يبلغ من العمر 12 سنة يراجع بعقدة درقية مع ضخامة عقد لمفية ناحية؟,تشخيص المرحلة التالية من سرطان الغدة الدرقية.,4. سرطان حليمي.,تشخيص المرحلة التالية من سرطان الغدة الدرقية.,4. سرطان حليمي.,0.4780978262424469,0.4804471433162689,0.4792695939540863,Incorrect
923,ما هو التشخيص المحتمل لمريضة في منتصف العمر تعاني من سلعة درقية لفترة طويلة مع تضخم الفص الأيمن أكبر من الأيسر وهي سريرياً في حالة سواء درقي؟,تضخم درقي جانب واحد مع سواء درقي.,3. سلعة متعددة العقد.,تضخم درقي جانب واحد مع سواء درقي.,3. سلعة متعددة العقد.,0.4566745162010193,0.47064799070358276,0.4635559916496277,Incorrect
924,ما هو التشخيص الأكثر احتمالاً لفتاة في الربيع الخامس تشكو من عسرة تنفس مع وجود كتلة في جوف الفم بقطر 3 سم على الخط الناصف وعلى مؤخرة اللسان؟,ORAL CALCIFICATION,2. درق لسانية.,ORAL CALCIFICATION,2. درق لسانية.,0.5887095332145691,0.46641838550567627,0.5204771161079407,Incorrect
925,ما هو العلاج غير المرغوب به في حالة شابة في ربيعها الأربعين تشكو من نقص وزن مع خفقان وجحوظ في العينين مع وجود سلعة درقية متوسطة الحجم منتشرة ومتجانسة وفرط نشاط درق بدني؟,علاج فرط نشاط الدرق البدني (Graves' disease) غير المرغوب به في هذه الحالة هو:,3. المعالجة الشعاعية باليود I 131,علاج فرط نشاط الدرق البدني (Graves' disease) غير المرغوب به في هذه الحالة هو:,3. المعالجة الشعاعية باليود I 131,0.4745909571647644,0.5293147563934326,0.5004613399505615,Incorrect
926,ما هو الإجراء الأول الذي يجب إجراؤه قبل عملية Sleeve gastrectomy لمريض البدانة الذي لديه BMI يساوي 40؟,تقييم نقص التغذية.,3. الحصول على موافقة المريض.,تقييم نقص التغذية.,3. الحصول على موافقة المريض.,0.562362551689148,0.5534210205078125,0.5578559637069702,Incorrect
927,ما هو التشخيص المحتمل لمريض عمره 50 سنة يعاني من أصمية حديثة وألم في الربع العلوي الأيمن لمدة 3-4 أشهر مع فحص سريري سلبي ووظائف كبد طبيعية وتنظير هضمي علوي طبيعي بينما أظهر الإيكو وجود آفة كيسية وحيدة تبلغ 6 سم؟,حصى صفراوية,4. داء كيسي بسيط,حصى صفراوية,4. داء كيسي بسيط,0.5247812271118164,0.4999989867210388,0.5120903849601746,Incorrect
928,ما هو التشخيص المحتمل لمريض يبلغ من العمر 60 سنة لديه سابقة حصيات مرارية يراجع بقصة ألم بطني شديد ومستمر لمدة 6 ساعات وبالفحص السريري كان المريض غير مرتاح ومصدوم مع انتفاخ البطن ومضض راجع معممين؟,التهاب المرارة الحاد.,4. التهاب بريتوان تالي لانثقاب مرارة.,التهاب المرارة الحاد.,4. التهاب بريتوان تالي لانثقاب مرارة.,0.7439839839935303,0.5798413753509521,0.6517365574836731,Incorrect
929,ما هو التشخيص المحتمل لمريض يبلغ من العمر 56 سنة يعاني من ألم شديد في أعلى البطن منذ أسبوع مع حمى متقطعة وعدم راحة شديدة مع وجود علامات لتخريش بريتواني في الربع العلوي الأيمن مع جس كتلة؟,التهاب المرارة الحاد / متلازمة جيلبرت,1. تقيح مرارة.,التهاب المرارة الحاد / متلازمة جيلبرت,1. تقيح مرارة.,0.5153375864028931,0.5755540132522583,0.5437838435173035,Incorrect
930,ما هو التشخيص المحتمل لمريض يبلغ من العمر 60 سنة يعاني من ألم بطني ويرقان وحرارة مع عروءات؟,السؤال يطلب التشخيص.,4. التهاب طرق صفراوية صاعد.,السؤال يطلب التشخيص.,4. التهاب طرق صفراوية صاعد.,0.46719133853912354,0.4270206391811371,0.44620367884635925,Incorrect
931,ما هو التشخيص المحتمل لمريضة تبلغ من العمر 40 سنة عولجت لالتهاب مرارة حاد حيث لوحظ وجود مرارة مجسوسة غير ممضة، لم يكن هناك ترفع حروري وكانت المريضة بشكل عام بصحة جيدة؟,حصى المرارة (Cholelithiasis),3. قيلة مخاطية في المرارة.,حصى المرارة (Cholelithiasis),3. قيلة مخاطية في المرارة.,0.5700576901435852,0.5453093647956848,0.5574089884757996,Incorrect
932,ما هو التشخيص المحتمل لمريض عمره 48 سنة يعاني من اضطراب رئوي وصداع وارتفاع ضغط؟,انسداد رئوي مزمن (CHF),3. متلازمة كون.,انسداد رئوي مزمن (CHF),3. متلازمة كون.,0.4900752902030945,0.48074817657470703,0.48536691069602966,Incorrect
933,ما هو التشخيص المحتمل لمريض ربو مع تفاقم متكرر لحالته تطور لديه بشكل تدريجي شعرانية مع بدانة جذعية وكدمات؟,تشخيص المرحلة الرابعة من الربو.,1. متلازمة كوشينغ.,تشخيص المرحلة الرابعة من الربو.,1. متلازمة كوشينغ.,0.5150104761123657,0.5025457143783569,0.508701741695404,Incorrect
934,ما هو التشخيص المحتمل لسيدة حامل تبلغ من العمر 30 سنة تبين أثناء إجراء ايكو بطن لها وجود كتلة متكلسة في الشرسوف يبلغ قطرها 1 سم مع سماع لغط في منطقة الشرسوف دون وجود أي أعراض؟,تكيس مسراقي متكلس,3. أم دم شريان طحالي.,تكيس مسراقي متكلس,3. أم دم شريان طحالي.,0.5526109933853149,0.5312259793281555,0.541707456111908,Incorrect
935,ما هي نسبة الاستفادة من استئصال الطحال في حالة سيدة عمرها 40 سنة تعاني من فرفرية مناعية مزمنة معندة على العلاج بالستيروئيدات؟,تتراوح نسبة الاستفادة من استئصال الطحال في حالات فرفرية مناعية مزمنة معندة على العلاج بالستيروئيدات بشكل عام بين **60% إلى 80%**.,1. أقل من 20%,تتراوح نسبة الاستفادة من استئصال الطحال في حالات فرفرية مناعية مزمنة معندة على العلاج بالستيروئيدات بشكل عام بين **60% إلى 80%**.,1. أقل من 20%,0.37723445892333984,0.4859943091869354,0.42476293444633484,Incorrect
936,ما هي الخطوة التالية في تدبير مريض بعمر 70 سنة دون سوابق جراحية يعاني من ألم بطني متقطع منذ أسبوع وتوسع بطني وإقياء مستمر منذ يوم، مع عدم وجود فتوق بالفحص وتعداد 3000 كرية بيضاء / مم؟,تصوير الصدر بالأشعة السينية.,4. إجراء (CT) التصوير الطبقي المحوسب للبطن.,تصوير الصدر بالأشعة السينية.,4. إجراء (CT) التصوير الطبقي المحوسب للبطن.,0.6139148473739624,0.5744695663452148,0.5935375690460205,Incorrect
937,ما هي الخطوة التالية في تدبير مريض بعمر 70 سنة دون سوابق جراحية يعاني من ألم بطني متقطع منذ أسبوع وتوسع بطني وإقياء مستمر منذ يوم، مع عدم وجود فتوق بالفحص وتعداد 3000 كرية بيضاء / مم؟,تصوير الصدر بالأشعة السينية.,4. إجراء (CT) التصوير الطبقي المحوسب للبطن.,تصوير الصدر بالأشعة السينية.,4. إجراء (CT) التصوير الطبقي المحوسب للبطن.,0.6139148473739624,0.5744695663452148,0.5935375690460205,Incorrect
938,ما هي الخطوة التالية في تدبير شاب عمره 20 سنة راجع الإسعاف بعد 20 يوماً من استئصال زائدة ملتهبة ويعاني من إقياء مع تمدد بطن وإيلام خفيف وتعداد WBC 14000 كرية/مم2 والكهارل طبيعية؟,الخطوة التالية في تدبير شاب عمره 20 سنة راجع الإسعاف بعد 20 يوماً من استئصال زائدة ملتهبة ويعاني من إقياء مع تمدد بطن وإيلام خفيف وتعداد WBC 14000 كرية/مم2 والكهارل طبيعية هي إجراء **أشعة صوتية للبطن والحوض (Transabdominal Ultrasound)**.,1. مراقبة 24 ساعة أخرى مع وضع NG.,الخطوة التالية في تدبير شاب عمره 20 سنة راجع الإسعاف بعد 20 يوماً من استئصال زائدة ملتهبة ويعاني من إقياء مع تمدد بطن وإيلام خفيف وتعداد WBC 14000 كرية/مم2 والكهارل طبيعية هي إجراء **أشعة صوتية للبطن والحوض (Transabdominal Ultrasound)**.,1. مراقبة 24 ساعة أخرى مع وضع NG.,0.42448100447654724,0.4967978000640869,0.45780110359191895,Incorrect
939,ما هي الخطوة الأولى الأهم في تدبير مريض يبلغ من العمر 32 سنة يعاني من إقياء كميات كبيرة من الدم الأحمر القاني؟,تقييم استقرار الدورة الدموية.,3. الإنعاش بالسوائل.,تقييم استقرار الدورة الدموية.,3. الإنعاش بالسوائل.,0.5552428960800171,0.5531607866287231,0.5541998744010925,Incorrect
940,ما هو التشخيص المحتمل لمريض عمره 70 سنة تطور لديه بعد 3 أيام من احتشاء قلبي ألم بطني مع تطبل البطن وخفوت في أصوات الأمعاء وتحليل غازات الدم يشير إلى حماض استقلابي؟,متلازمة الأمعاء الحوطية (ileus).,2. احتشاء مساريقي.,متلازمة الأمعاء الحوطية (ileus).,2. احتشاء مساريقي.,0.5101534724235535,0.6552790999412537,0.5736804008483887,Incorrect
