id,input,prediction,ground_truth,prediction_clean,ground_truth_clean,bert_precision_example,bert_recall_example,bert_f1_example,judge_label
1,ما هو العصب الذي ينقل إحساس الذوق من ثلث اللسان الخلفي؟,ANSWER: العصب اللساني البلعومي (Glossopharyngeal nerve),التاسع,العصب اللساني البلعومي (Glossopharyngeal nerve),التاسع,0.340099036693573,0.28450554609298706,0.3098282217979431,Correct
2,ما هي القوس البيضاء عند حدود جسم الظفر مع جذره؟,ANSWER: لونيكولا (lunula),هليل الظفر,لونيكولا (lunula),هليل الظفر,0.37566420435905457,0.49563756585121155,0.42739105224609375,Correct
3,أين يقع الخط الالوي السفلي؟,ANSWER: على السطح السفلي لللسان,السطح الخارجي للحرقفة,على السطح السفلي لللسان,السطح الخارجي للحرقفة,0.6457368731498718,0.7288693189620972,0.6847892999649048,Incorrect
4,ما هي الحافة من الفرع التي تشكل زاوية الفك السفلي؟,ANSWER: الحافة المخروطية (Crest of the Ramus),الخلفية,الحافة المخروطية (Crest of the Ramus),الخلفية,0.39995598793029785,0.44666361808776855,0.42202138900756836,Incorrect
5,ما هي البنية التشريحية التي تتعصب بالعصب الشظوي السطحي؟,ANSWER: عضلة ظهرانية صغيرة,العضله الشظويه الطويله,عضلة ظهرانية صغيرة,العضله الشظويه الطويله,0.6404755115509033,0.6139218807220459,0.6269176006317139,Incorrect
6,أين تشاهد الجسور بين الخلوية؟,ANSWER: في النسيج الضام (الكونكتيف),الطبقة الشائكة من النسيج الظهاري المطبق,في النسيج الضام (الكونكتيف),الطبقة الشائكة من النسيج الظهاري المطبق,0.5313822031021118,0.5756425857543945,0.5526276230812073,Incorrect
7,ما الذي يحول الثلمتين الاسكيتين إلى ثقبتين؟,ANSWER: عضلة اللسان الرافعة (Elevators of the tongue),الرباط العجزي الشوكي العجزي الحدبي,عضلة اللسان الرافعة (Elevators of the tongue),الرباط العجزي الشوكي العجزي الحدبي,0.5313652753829956,0.4908161759376526,0.5102864503860474,Incorrect
8,ما هو الهرمون الذي يفرز PTH؟,ANSWER: جارة الدرقية (Parathyroid),الغدد جارات الدرق,جارة الدرقية (Parathyroid),الغدد جارات الدرق,0.5457495450973511,0.5954650640487671,0.5695244073867798,Correct
9,ما الذي يقع بين جسم الفقرة والقوس الفقرية؟,ANSWER: القرص الفقري (الديسك),الثقبة الفقرية,القرص الفقري (الديسك),الثقبة الفقرية,0.5928400754928589,0.6841294169425964,0.6352216601371765,Incorrect
10,أين تقع المنطقة الشمية؟,ANSWER: قاعدة الدماغ الأمامية,سقف الأنف,قاعدة الدماغ الأمامية,سقف الأنف,0.4613768458366394,0.5130552053451538,0.4858456552028656,Incorrect
11,ما الذي يتصل به المدورين بالأمام في الفخذ؟,ANSWER: عضلة رفيعة فخذية,الخط بين المدورين,عضلة رفيعة فخذية,الخط بين المدورين,0.49158230423927307,0.41893431544303894,0.4523600935935974,Incorrect
12,أين يوجد التلم الكعبري في جسم العضد؟,ANSWER: في منتصف السطح الخلفي للعضد بين الرأس والجسم الرئيسي.,على الوجه الخلفي.,في منتصف السطح الخلفي للعضد بين الرأس والجسم الرئيسي.,على الوجه الخلفي.,0.5448776483535767,0.7005692720413208,0.6129920482635498,Correct
13,ما الذي تتشكل منه ضفيرة راشكوف في لب السن؟,ANSWER: ألياف عصبية sympathetique,ألياف حسية.,ألياف عصبية sympathetique,ألياف حسية.,0.6095465421676636,0.5785382390022278,0.5936377048492432,Incorrect
14,أين يقع المستقيم؟,ANSWER: بين المثانة والبروستاتا,القولون السيني والقناة الشرجية,بين المثانة والبروستاتا,القولون السيني والقناة الشرجية,0.6329636573791504,0.5670865774154663,0.5982169508934021,Incorrect
15,إلى أي صنف من أصناف الغدد تنتمي حديثات المونتغمري؟,ANSWER: غدد مصلية مختلطة (mixed salivary glands),دهنية,غدد مصلية مختلطة (mixed salivary glands),دهنية,0.43345561623573303,0.33951714634895325,0.3807782530784607,Incorrect
16,ما هو العصب المحرك لعضلات اللسان؟,ANSWER: العصب تحت اللساني (Hypoglossal nerve),12,العصب تحت اللساني (Hypoglossal nerve),12,0.2981036901473999,0.23514428734779358,0.2629072666168213,Correct
17,ما هي الضفيرة التي يتفرع منها العصب الحجابي؟,ANSWER: الضفيرة القحفية السفلى,الرقبية,الضفيرة القحفية السفلى,الرقبية,0.4401184320449829,0.5539892911911011,0.49053213000297546,Incorrect
18,من أين يفرز الأدرينالين؟,ANSWER: القشرة الكظرية,لب الكظر,القشرة الكظرية,لب الكظر,0.7342944145202637,0.6998369097709656,0.7166516780853271,Incorrect
19,ما هو الوريد الذي يتشكل منه الوريد الأجوف السفلي؟,ANSWER: الوريد الحرقفي الأيمن والوريد الحرقفي الأيسر,الوريدين الحرقفيين المشتركين الأيمن والأيسر,الوريد الحرقفي الأيمن والوريد الحرقفي الأيسر,الوريدين الحرقفيين المشتركين الأيمن والأيسر,0.6794740557670593,0.6494421362876892,0.664118766784668,Correct
20,ما هي الطبقة الأكثر تمايزاً وكثافة في الشرايين؟,ANSWER: Tunica intima (الطبقة الداخلية),المتوسطة,Tunica intima (الطبقة الداخلية),المتوسطة,0.4584750533103943,0.47073423862457275,0.4645237922668457,Incorrect
21,مما ينتج هرمون T4؟,ANSWER: الغدة الدرقية,الدرق,الغدة الدرقية,الدرق,0.5530028343200684,0.5664021968841553,0.5596223473548889,Correct
22,ما هي العضلة التي ترتكز بشكل أساسي على العظم الزورقي؟,"ANSWER: عضلة مasticatory: عضلة المضغ (specifically, Masseter muscle)",الظنبوبي الخلفي,"عضلة مasticatory: عضلة المضغ (specifically, Masseter muscle)",الظنبوبي الخلفي,0.47516748309135437,0.41003143787384033,0.4402029812335968,Incorrect
23,أين تقع المنطقة الشمية؟,ANSWER: قاعدة الدماغ الأمامية,سقف الأنف,قاعدة الدماغ الأمامية,سقف الأنف,0.4613768458366394,0.5130552053451538,0.4858456552028656,Incorrect
24,ما هو اسم الوسادة من النسيج الدهني فوق الارتفاق العاني؟,ANSWER: غشاء بوت,جبل العانة,غشاء بوت,جبل العانة,0.5620618462562561,0.49847862124443054,0.5283641815185547,Incorrect
25,أين يتوضع الكولون السيني؟,ANSWER: في الربع الأيمن من البطن,الناحية المغبنية اليسرى,في الربع الأيمن من البطن,الناحية المغبنية اليسرى,0.5639549493789673,0.6063308715820312,0.5843756794929504,Incorrect
26,ما هو القسم من العظم الجبهي الذي يفصل بين القسمين الحجاجيين من الخلف؟,ANSWER: سپتوم بين الحجاجي (Septum interorbitale),الثلمة الغربالية,سپتوم بين الحجاجي (Septum interorbitale),الثلمة الغربالية,0.5857253074645996,0.4447198212146759,0.5055750012397766,Incorrect
27,ما هي الفروع الانتهائية للسبات الظاهر؟,ANSWER: فرع سباتي ظهري، فرع سباتي جانبي، فرع سباتي أمامي,الفكي والصدغي والسطحي,فرع سباتي ظهري، فرع سباتي جانبي، فرع سباتي أمامي,الفكي والصدغي والسطحي,0.49462050199508667,0.5748375654220581,0.5317206382751465,Incorrect
28,أين يمر عصب الفك العلوي؟,ANSWER: قناة الفك العلوي,الثقبة المدورة,قناة الفك العلوي,الثقبة المدورة,0.5645729303359985,0.5702710747718811,0.5674076676368713,Incorrect
29,ما هي النقطة التشريحية على الوجه السفلي لجسم العظم الوتدي؟,ANSWER: نقطة لانجير (Langer's point),المنقار الوتدي,نقطة لانجير (Langer's point),المنقار الوتدي,0.4388187527656555,0.6170219779014587,0.5128819346427917,Incorrect
30,ما اسم العظم الذي يتوضع كيس الدمع عليه؟,ANSWER: عظم الجفون,الدمعي أنسي الحجاج,عظم الجفون,الدمعي أنسي الحجاج,0.5382969975471497,0.5120623111724854,0.5248520374298096,Incorrect
31,من أين ينشأ الشريان السباتي المشترك الأيسر؟,ANSWER: من الشريان الأورطي البطني الأيسر,قوس الأبهر مباشرة,من الشريان الأورطي البطني الأيسر,قوس الأبهر مباشرة,0.5846812129020691,0.5031019449234009,0.5408325791358948,Incorrect
32,ما طول الأسهر؟,ANSWER: 25-30 سم (سنتيمتر),45 سم,25-30 سم (سنتيمتر),45 سم,0.6018325090408325,0.6923558712005615,0.6439282894134521,Incorrect
33,ما هو المكان الذي يعبر من خلاله الشريان السحائي الأوسط؟,ANSWER: الثقبة السحائية الكبيرة,الثقبة الشوكية,الثقبة السحائية الكبيرة,الثقبة الشوكية,0.7267940044403076,0.7440129518508911,0.7353026270866394,Incorrect
34,ما هي الطية الجلدية التي تغطي رأس القضيب؟,ANSWER: القلفة (prepuce),القلفة,القلفة (prepuce),القلفة,0.5719338655471802,0.6689680814743042,0.6166570782661438,Correct
35,ما هي البنية التشريحية التي ترتكز على الحفرة المدورية؟,ANSWER: العصب المبعدي,العضلة السدادية الظاهرة,العصب المبعدي,العضلة السدادية الظاهرة,0.5235574841499329,0.49961012601852417,0.5113035440444946,Incorrect
36,أين يتوضع الدرز الأكليلي؟,ANSWER: في قاعدة الدماغ,يتوضع بين العظم الجبهي والجداريين.,في قاعدة الدماغ,يتوضع بين العظم الجبهي والجداريين.,0.5006872415542603,0.5205988883972168,0.5104489326477051,Incorrect
37,ماذا يفعل الرباط المتصالب الأمامي؟,ANSWER: يثبت عظمة الفخذ مع عظمة الفم (ثبيت الركبة),يمنع انزياح الساق للأمام,يثبت عظمة الفخذ مع عظمة الفم (ثبيت الركبة),يمنع انزياح الساق للأمام,0.5020692348480225,0.5521742105484009,0.5259310603141785,Incorrect
38,ما العصب القحفي الذي يعبر الثقبة البيضية؟,ANSWER: العصب القحفي السابع (عصب الوجه),الفكي السفلي,العصب القحفي السابع (عصب الوجه),الفكي السفلي,0.5452680587768555,0.6049062609672546,0.573540985584259,Incorrect
39,إلى أي قصبات تتفرع القصبات الفصية؟,ANSWER: قصبات تحت كلية,قطعية شدفية,قصبات تحت كلية,قطعية شدفية,0.6201887726783752,0.6583463549613953,0.638698160648346,Incorrect
40,أين توجد نوى الأعصاب القحفية من الثالث حتى الثاني عشر؟,ANSWER: جسر المخ والبصلة والدماغ المتوسط والدماغ الخلفي,جذع الدماغ,جسر المخ والبصلة والدماغ المتوسط والدماغ الخلفي,جذع الدماغ,0.5642974376678467,0.6773691177368164,0.6156848669052124,Correct
41,على ماذا يحتوي البلعوم الفموي من اللوزتين؟,ANSWER: جسيمات لانجرهانس,الحنكيتين,جسيمات لانجرهانس,الحنكيتين,0.5035325288772583,0.567023754119873,0.5333954095840454,Incorrect
42,على أي من وجوه الكبد يوجد مسكن المرارة؟,ANSWER: الوجه السفلي الأيمن,السفلي,الوجه السفلي الأيمن,السفلي,0.6255925297737122,0.6732879281044006,0.6485645771026611,Correct
43,ما هو العصب القحفي الثاني؟,ANSWER: عصب البصر,البصري - حاسي,عصب البصر,البصري - حاسي,0.5719873309135437,0.498468816280365,0.5327034592628479,Correct
44,ما وظيفة العضلة تحت الكتفية؟,ANSWER: مد العضد من الأمام والخلف,دوران أنسي للكتف.,مد العضد من الأمام والخلف,دوران أنسي للكتف.,0.5085680484771729,0.537105917930603,0.5224475860595703,Incorrect
45,أين تتوضع المشيمة في ارتكاز المشيمة المعيب؟,ANSWER: في الجزء السفلي من الرحم,بين الجنين والمهبل.,في الجزء السفلي من الرحم,بين الجنين والمهبل.,0.6442203521728516,0.5747230052947998,0.6074904799461365,Incorrect
46,ما اسم الطبقة من السحايا التي تغطي الجيوب الوريدية؟,ANSWER: طبقة ليبوماتية (Lipomatous layer),الام الجافية,طبقة ليبوماتية (Lipomatous layer),الام الجافية,0.4709777235984802,0.4961514472961426,0.48323696851730347,Incorrect
47,ما هي الألياف التي تربط المراكز القشرية بالمحيط؟,ANSWER: ألياف قشرية-محيطية (Cortico-Cingulate fibers),إسقاطية,ألياف قشرية-محيطية (Cortico-Cingulate fibers),إسقاطية,0.34554558992385864,0.36022740602493286,0.3527337908744812,Incorrect
48,ما الذي تشكله البصلة عندما تتمادى في الأمام في جسم القضيب؟,ANSWER: غدة القضيب (Corpora Cavernosa),الجسم الاسفنجي,غدة القضيب (Corpora Cavernosa),الجسم الاسفنجي,0.5209648609161377,0.6579684019088745,0.581506073474884,Incorrect
49,ما هي أكبر غدد الجسم؟,ANSWER: كبد,الكبد,كبد,الكبد,0.6322730183601379,0.6322730183601379,0.6322730183601379,Correct
50,ما هي الشرايين الخمسة التي يتفرع إليها الشريان الكلوي؟,ANSWER: شرايين بينية، شرايين قمرية، شرايين أمامية علوية، شرايين أمامية سفلية، شرايين خلفية سفلية,قطعية,شرايين بينية، شرايين قمرية، شرايين أمامية علوية، شرايين أمامية سفلية، شرايين خلفية سفلية,قطعية,0.3927624225616455,0.4051389694213867,0.39885470271110535,Incorrect
51,بماذا ينتهي الشريان الوجهي؟,ANSWER: العين والجبهة,الشريان الزاوي,العين والجبهة,الشريان الزاوي,0.5920425653457642,0.6237207055091858,0.6074689030647278,Incorrect
52,ما هي طبقة لب السن الأكثر عمقا والأقرب لجوهر اللب؟,ANSWER: предентين,المنطقة الغنية بالخلايا.,предентين,المنطقة الغنية بالخلايا.,0.3556968867778778,0.27595415711402893,0.3107919692993164,Incorrect
53,أين تقع فوهة مصب الجيب الأكليلي؟,ANSWER: في الجزء الخلفي من الفم، خلف اللوزة الثالثة (اللوزة الجيوبية),أمام وأسفل مصب الأجوف السفلي,في الجزء الخلفي من الفم، خلف اللوزة الثالثة (اللوزة الجيوبية),أمام وأسفل مصب الأجوف السفلي,0.5469793677330017,0.5253061056137085,0.5359237790107727,Incorrect
54,ما هي الزاوية الأمامية السفلية للعظم الجداري؟,ANSWER: زاوية غيبوس,وتدية,زاوية غيبوس,وتدية,0.5819151401519775,0.6455384492874146,0.6120778918266296,Incorrect
55,أي عصب هو المحرك لعضلات اللسان؟,ANSWER: العصب تحت اللساني (Hypoglossal nerve),12,العصب تحت اللساني (Hypoglossal nerve),12,0.2981036901473999,0.23514428734779358,0.2629072666168213,Correct
56,ما هو البروز العظمي الذي يحتوي عليه الوجه الداخلي لفرع الفك السفلي؟,ANSWER: الناتئ الفكي السفلي (Mandibular Lingula),اللسين,الناتئ الفكي السفلي (Mandibular Lingula),اللسين,0.3305814862251282,0.4002050757408142,0.36207669973373413,Correct
57,ما هي المواد التي تفرزها الغدد استجابة للتنبيه وترحل عبر الدم؟,ANSWER: هرمونات,الهرمونات,هرمونات,الهرمونات,0.4486749470233917,0.4486749470233917,0.4486749470233917,Correct
58,ما هي الزاوية بين قبضة وجسم القص؟,ANSWER: زاوية القص (angle of Valsalva),لويس,زاوية القص (angle of Valsalva),لويس,0.3155045509338379,0.379956990480423,0.3447442054748535,Incorrect
59,من أين يخرج العصب الفكي العلوي من الجمجمة؟,ANSWER: من الثقبة الفكية العلوية,الثقبة المدورة,من الثقبة الفكية العلوية,الثقبة المدورة,0.5797359943389893,0.6177006959915161,0.5981165170669556,Incorrect
60,ما الذي يحدد المنصف العلوي جانبياً؟,ANSWER: خطوط لامية علوية جانبية,الجنية المنصفية.,خطوط لامية علوية جانبية,الجنية المنصفية.,0.4967079162597656,0.4367988109588623,0.46483099460601807,Incorrect
61,ما هما الممران اللذان يمر عبرهما الهواء إلى جوف الأنف؟,ANSWER: فتحات الأنف (nostrils),المنخرين,فتحات الأنف (nostrils),المنخرين,0.5519309639930725,0.5391885042190552,0.5454853177070618,Correct
62,أين ترتكز العضلة العريضة الظهرية؟,ANSWER: على الناتئ اللامي,قاع أخدود ذات الرأسين.,على الناتئ اللامي,قاع أخدود ذات الرأسين.,0.4857900142669678,0.43478670716285706,0.45887547731399536,Incorrect
63,ما هو القولون الذي يمتد بشكل أفقي؟,ANSWER: القولون المستعرض,الكولون المعترض,القولون المستعرض,الكولون المعترض,0.7420852184295654,0.7259314060211182,0.7339194416999817,Correct
64,كم عدد القطع العصعصية في النخاع الشوكي؟,ANSWER: 31 قطعة عصعصية,1,31 قطعة عصعصية,1,0.37548816204071045,0.5980742573738098,0.4613361954689026,Incorrect
65,ما الطبقة التي تمثلها العضلة الدافعة في المثانة؟,ANSWER: طبقة عضلية ملساء,العضلية,طبقة عضلية ملساء,العضلية,0.5904473066329956,0.6896094083786011,0.6361874341964722,Correct
66,ما هي الخلايا التي توجد في الجلد وتعمل كمستقبلات آلية حسية؟,ANSWER: خلايا ميكل (Merkel cells),خلايا ميركل.,خلايا ميكل (Merkel cells),خلايا ميركل.,0.4919759929180145,0.5719892978668213,0.5289739966392517,Correct
67,ما اسم الكرة الصغيرة فوق قمة الغضروف؟,ANSWER: بروز غضروفي,القريني,بروز غضروفي,القريني,0.48505139350891113,0.49510258436203003,0.49002546072006226,Incorrect
68,أين لا توجد الغدد الزهمية؟,ANSWER: على ظهر اليد,راحة اليد وأخمص القدم,على ظهر اليد,راحة اليد وأخمص القدم,0.6684802770614624,0.5971146821975708,0.6307854056358337,Incorrect
69,ما هو العصب المسؤول عن حركات عضلات الوجه التعبيرية؟,ANSWER: العصب الفكي السفلي (Facial Nerve) - الفرع الوجهي (Zygomatic branch) والفرع البوكي (Buccal branch) والفرع المضغي (Mand,السابع,العصب الفكي السفلي (Facial Nerve) - الفرع الوجهي (Zygomatic branch) والفرع البوكي (Buccal branch) والفرع المضغي (Mand,السابع,0.19672676920890808,0.27422747015953064,0.2291003316640854,Incorrect
70,ما هي الزاوية الخلفية السفلية في العظم الجداري؟,ANSWER: زاوية ماستويدية,خشانية,زاوية ماستويدية,خشانية,0.5614326596260071,0.676387369632721,0.6135721802711487,Correct
71,ما هو الاسم الآخر لفرع الفك السفلي؟,ANSWER: عضد الفك السفلي (Mandibular Ramus),الرأد.,عضد الفك السفلي (Mandibular Ramus),الرأد.,0.3419618606567383,0.3956468105316162,0.36685067415237427,Correct
72,ماذا يفعل الرباط المتصالب الأمامي؟,ANSWER: يثبت عظم الفخذ مع عظم الفخذ الأعلي,يمنع ازياح الساق للأمام,يثبت عظم الفخذ مع عظم الفخذ الأعلي,يمنع ازياح الساق للأمام,0.5730479955673218,0.5940686464309692,0.5833690166473389,Incorrect
73,ما هي الثقبة التي يعبر من خلالها العصب الوجهي؟,ANSWER: الثقبة الستيرية,الثقبة الإبرية الخشانية,الثقبة الستيرية,الثقبة الإبرية الخشانية,0.7514727711677551,0.7106970548629761,0.7305163145065308,Incorrect
74,ماذا تفرز خلايا بيتا في البنكرياس؟,ANSWER: إنسولين,الأنسولين,إنسولين,الأنسولين,0.8572341203689575,0.8572341203689575,0.8572341203689575,Correct
75,ما هو التامور الخارجي الذي لا يرتبط بالقلب؟,ANSWER: تامور بريتوني (Pericardial cyst),التامور الليفي,تامور بريتوني (Pericardial cyst),التامور الليفي,0.5092055201530457,0.6015901565551758,0.5515559911727905,Incorrect
76,ما هو القسم من الضلع الواقع بين الرأس والحديبة؟,ANSWER: جسم الضلع,العنق,جسم الضلع,العنق,0.6108600497245789,0.6674436926841736,0.6378995776176453,Incorrect
77,مع أي عظم يتمفصل الظنبوب في الأسفل؟,ANSWER: عظم العقب,القعب,عظم العقب,القعب,0.5883034467697144,0.591262936592102,0.5897794961929321,Incorrect
78,أي من العضلات العميقة التالية للمثلث الخلفي للعنق ترتبط بحدبة الأطلس الخلفية؟,ANSWER: العضلة الرافعة للفك,المستقيمه الرأسيه الخلفيه الصغيرة,العضلة الرافعة للفك,المستقيمه الرأسيه الخلفيه الصغيرة,0.5367227792739868,0.7194702625274658,0.6148037314414978,Incorrect
79,ما هو التركيب الذي يتصل بالخلف مع البلعوم الفموي عبر برزخ الحلق؟,ANSWER: عضلة حلقية بلعومية,جوف الفم المخصوص,عضلة حلقية بلعومية,جوف الفم المخصوص,0.5635777711868286,0.5193440914154053,0.5405575037002563,Incorrect
80,ما هي البنية التي تغطي السطوح الأمامي والإنسي والوحشي للخصية؟,ANSWER:_TUNICA ALBUGINEA,الغلالة الغمدية,_TUNICA ALBUGINEA,الغلالة الغمدية,0.5711443424224854,0.45300397276878357,0.5052601099014282,Incorrect
81,أين يقع موقع الغدة الدرقية؟,ANSWER: أمام القصبة الهوائية,تحت الحنجرة وعلى جانبي الرغامي وأمامها,أمام القصبة الهوائية,تحت الحنجرة وعلى جانبي الرغامي وأمامها,0.6430345773696899,0.5712975263595581,0.6050471067428589,Incorrect
82,أين تتوضع مستقبلات الشم؟,ANSWER: في بطانة الأنف,سقف الأنف.,في بطانة الأنف,سقف الأنف.,0.5850286483764648,0.6373997330665588,0.6100924015045166,Incorrect
83,ما هي طبيعة هرمونات الغدة النخامية؟,ANSWER: هرمونات ببتيدية وستيرويدية,بيتيدية,هرمونات ببتيدية وستيرويدية,بيتيدية,0.4579871594905853,0.4473564624786377,0.4526093900203705,Incorrect
84,ما هو مفصل المرفق؟,ANSWER: مفصل عجلي متهدي,نموذج رزى,مفصل عجلي متهدي,نموذج رزى,0.6187795400619507,0.6508421301841736,0.6344059705734253,Incorrect
85,ما هو المكان الذي تنشأ منه العضلة المدورة الكبيرة بشكل أساسي؟,ANSWER: الناتئ اللامي,أسفل الحافة الوحشية لعظم لوح الكتف.,الناتئ اللامي,أسفل الحافة الوحشية لعظم لوح الكتف.,0.47262540459632874,0.41719478368759155,0.4431836009025574,Incorrect
86,أين يتوضع الأبهر النازل البطني؟,ANSWER: في الرباط البطني الأيمن,أيسر الأجوف السفلي,في الرباط البطني الأيمن,أيسر الأجوف السفلي,0.6322832107543945,0.5505635738372803,0.5886005163192749,Incorrect
87,ما الذي يجاور السطح العلوي لمثانة الرجل؟,ANSWER: المعدة والكبد,عرى اللفائفي والكولون السيني,المعدة والكبد,عرى اللفائفي والكولون السيني,0.5213859677314758,0.4614262580871582,0.4895770847797394,Incorrect
88,ما هي عضلة الشهيق الرئيسية؟,ANSWER: عضلة حنكية مائلة كبيرة,الحجاب الحاجز.,عضلة حنكية مائلة كبيرة,الحجاب الحاجز.,0.40275102853775024,0.43349340558052063,0.41755712032318115,Incorrect
89,ما هو ترتيب دخول التراكيب إلى سرة الكلية من الخلف للأمام؟,ANSWER: العصب، الشريان، الوريد,حويضة – شريان – وريد,العصب، الشريان، الوريد,حويضة – شريان – وريد,0.5722689628601074,0.5523037910461426,0.5621091723442078,Incorrect
90,أين تشاهد التلمة الكعبرية للزند؟,ANSWER: في الجزء الخلفي من الفم، خلف اللسان,الوجه الوحشي للناتئ المنقاري.,في الجزء الخلفي من الفم، خلف اللسان,الوجه الوحشي للناتئ المنقاري.,0.5217736959457397,0.4709055423736572,0.4950363039970398,Incorrect
91,أين تتوضع الثقبة العوراء في اللسان؟,ANSWER: خلف الكلم الإنتهائي,خلف الكلم الإنتهائي,خلف الكلم الإنتهائي,خلف الكلم الإنتهائي,0.9999997615814209,0.9999997615814209,0.9999997615814209,Correct
92,ما هو أطول أجزاء الأنبوب الهضمي؟,ANSWER: الأمعاء الدقيقة (الjejune),المعي الدقيق,الأمعاء الدقيقة (الjejune),المعي الدقيق,0.37688973546028137,0.5060109496116638,0.4320085644721985,Correct
93,ما هو ترتيب العضلات من الأعلى للأسفل على الناحية الخلفية للألية؟,ANSWER: ترابيزي - رomboid - لاتيسيموس - ترايسEPS - إرектор سبinae - ليفاتور أني - غلوتيوس ماكسيموس - غلوتي,كمثرية - توأمية علوية - سادة باطنة - توأمية سفلية,ترابيزي - رomboid - لاتيسيموس - ترايسEPS - إرектор سبinae - ليفاتور أني - غلوتيوس ماكسيموس - غلوتي,كمثرية - توأمية علوية - سادة باطنة - توأمية سفلية,0.5762039422988892,0.6296051144599915,0.6017220616340637,Incorrect
94,ما هي الطبقة المبطنة للتامور الليفي؟,ANSWER: الغشاء البوابي (Tunica intima),التامور المصلي الجداري,الغشاء البوابي (Tunica intima),التامور المصلي الجداري,0.5408779382705688,0.6041749715805054,0.5707769393920898,Incorrect
95,ما هو أطول أجزاء أنبوب الهضم؟,ANSWER: الأمعاء الدقيقة (الjejune),المعي الدقيق,الأمعاء الدقيقة (الjejune),المعي الدقيق,0.37688973546028137,0.5060109496116638,0.4320085644721985,Correct
96,ما هو الهرمون الذي يسرع عملية تصنيع الأحماض الدهنية من الغلوكوز في الخلايا الشحمية؟,ANSWER: الإنسولين,الانسولين,الإنسولين,الانسولين,1.0,1.0,1.0,Correct
97,ما هو الرباط الذي يربط الرحم بجدران الحوض الجانبية؟,ANSWER: الرباط الرحمي الحوضي (Ligamentum latum uteri),العريض,الرباط الرحمي الحوضي (Ligamentum latum uteri),العريض,0.025657113641500473,0.10488905757665634,0.04122909903526306,Correct
98,ما هو لون لب الكظر؟,ANSWER: رمادي داكن,بني غامق,رمادي داكن,بني غامق,0.6898195743560791,0.7093526124954224,0.6994497179985046,Incorrect
99,ما الذي يشكل معظم الكتلة العضلية للسان؟,ANSWER: عضلة لامية مائلة,ذقنية لسانية,عضلة لامية مائلة,ذقنية لسانية,0.6044280529022217,0.6048567295074463,0.6046422719955444,Incorrect
100,ما هي أصغر الحليمات الذوقية وأكثرها عدداً؟,ANSWER: حليمات فالترون,الخيطية,حليمات فالترون,الخيطية,0.5785298943519592,0.6123642921447754,0.594966471195221,Incorrect
101,ما هي العضلات الطويلة التي تربط الفقرات مع بعضها؟,"ANSWER: عضلات طويلة: Longissimus thoracis, Longissimus cervicis, Longissimus capitis",عضلات العمود الفقري,"عضلات طويلة: Longissimus thoracis, Longissimus cervicis, Longissimus capitis",عضلات العمود الفقري,0.4617832601070404,0.5621603727340698,0.5070518255233765,Incorrect
102,ما هو أضيق قسم في جذع الدماغ؟,ANSWER: المِدْبَر (Midbrain) - الجزء الضيق: التِسْعير (Tectum),مستوى الدماغ المتوسط,المِدْبَر (Midbrain) - الجزء الضيق: التِسْعير (Tectum),مستوى الدماغ المتوسط,0.37942153215408325,0.49379169940948486,0.42911672592163086,Incorrect
103,أين يقع التلفيف خلف المركزي؟,ANSWER: خلف الفص الجداري الأيمن,الفص الجداري.,خلف الفص الجداري الأيمن,الفص الجداري.,0.7272098064422607,0.6712931394577026,0.6981335878372192,Incorrect
104,ما هي الباحة التي يحويها التلفيف خلف المركزي؟,ANSWER: الباحة المخية الجانبية (Lateral Ventricular Cistern) - في سياق اللغة العربية الطبية: الباحة الجانبية للبطين (الventricle) أو الباحة المخية,الحس الجسدي الأولية,الباحة المخية الجانبية (Lateral Ventricular Cistern) - في سياق اللغة العربية الطبية: الباحة الجانبية للبطين (الventricle) أو الباحة المخية,الحس الجسدي الأولية,0.41091006994247437,0.42029038071632385,0.41554728150367737,Incorrect
105,ما هي أصغر الحليمات الذوقية وأكثرها عدداً؟,ANSWER: حليمات فالترون,الخيطية,حليمات فالترون,الخيطية,0.5785298943519592,0.6123642921447754,0.594966471195221,Incorrect
106,ما هي المجموعة العضلية التي تنتمي إليها العضلة الحرقفية؟,ANSWER: مجموعة عضلات الورك (مجموعة فخذية),عضلات الزنار الحوضي الأمامية,مجموعة عضلات الورك (مجموعة فخذية),عضلات الزنار الحوضي الأمامية,0.6285496354103088,0.6736819744110107,0.6503337621688843,Incorrect
107,ما هو القسم المسؤول عن تنظيم الفعالية الحياتية الذاتية؟,ANSWER: القشرة الأمامية البطنية (Ventral Medial Prefrontal Cortex),جذع الدماغ,القشرة الأمامية البطنية (Ventral Medial Prefrontal Cortex),جذع الدماغ,0.5127437114715576,0.5233705043792725,0.5180025696754456,Incorrect
108,ما هي المادة شبيهة بالهلام التي تشغل أربعة أخماس المقلة؟,ANSWER: Vitreous humor,الخلط الزجاجي,Vitreous humor,الخلط الزجاجي,0.5031082630157471,0.5303992033004761,0.5163934230804443,Correct
109,أين تقع أجسام العصبونات التي تفرز الهرمون المضاد للإدرار ADH؟,ANSWER: النواة فوق البصرية (PVN) والنواة البارافنتريقULAR (PV) في النخاع الدماغي (هيبوثالاموس),الأنوية فوق البصرية,النواة فوق البصرية (PVN) والنواة البارافنتريقULAR (PV) في النخاع الدماغي (هيبوثالاموس),الأنوية فوق البصرية,0.44349807500839233,0.7204925417900085,0.5490371584892273,Incorrect
110,ما هي العضلات التي لها منشأ عظمي وترتكز على باطن جلد الوجه؟,ANSWER: عضلات دقيقة للوجه (mimetic muscles),عضلات الوجه التعبيرية,عضلات دقيقة للوجه (mimetic muscles),عضلات الوجه التعبيرية,0.6006574034690857,0.6561568975448608,0.6271817684173584,Correct
111,ما هو مصدر التروية الرئيسية للمعدة؟,ANSWER: شريان معدي صغيري,فروع الجذع الزلاقي,شريان معدي صغيري,فروع الجذع الزلاقي,0.6606595516204834,0.6258335113525391,0.6427751183509827,Incorrect
112,ما هي أطول أجزاء أنبوب الهضم؟,ANSWER: الأمعاء الدقيقة (الjejune),المعي الدقيق,الأمعاء الدقيقة (الjejune),المعي الدقيق,0.37688973546028137,0.5060109496116638,0.4320085644721985,Correct
113,من أين ينشأ الجذع الرئوي؟,ANSWER: من القلب الأيمن (الventricle right) - لكن في سياق التشريح الدقيق، الجذع الرئوي (pulmonary trunk) ينشأ من البطين الرئوي (,البطين الأيمن,من القلب الأيمن (الventricle right) - لكن في سياق التشريح الدقيق، الجذع الرئوي (pulmonary trunk) ينشأ من البطين الرئوي (,البطين الأيمن,0.3494121730327606,0.6010907888412476,0.4419311583042145,Incorrect
114,ما هو اسم المنعكس الذي يحدث عند رفع الخصية والصفن للأعلى؟,ANSWER: منعكس كريماستي (Cremasteric reflex),المشمري,منعكس كريماستي (Cremasteric reflex),المشمري,0.4805690348148346,0.4596646726131439,0.4698844850063324,Incorrect
115,ما هو العظم الذي يحتوي على تلم في وجهه السفلي لمرور وتر الشظية الطويلة؟,ANSWER: عظم الفك السفلي (الmandible) - النفق الشظوي (mandibular canal),النردي,عظم الفك السفلي (الmandible) - النفق الشظوي (mandibular canal),النردي,0.36465880274772644,0.3962169289588928,0.37978342175483704,Incorrect
116,ما هي المنطقة المتوسطة من نواحي البطن؟,ANSWER: المنطقة الإпigastric (المنطقة تحت القلب),السرية,المنطقة الإпigastric (المنطقة تحت القلب),السرية,0.38198941946029663,0.44756394624710083,0.4121848940849304,Incorrect
117,ما الذي يصل بين الأذينة اليسرى والبطين الأيسر؟,ANSWER: القناة البطينية الأذينية (Vena Coronaria Sinistra),فوهة التاجي,القناة البطينية الأذينية (Vena Coronaria Sinistra),فوهة التاجي,0.42598873376846313,0.5099367499351501,0.46419787406921387,Incorrect
118,ما الذي يعطي الرباط الحرقفي القطني منشأ له؟,ANSWER: عضلة القطنية الكبيرة,العضلة المربعة القطنية.,عضلة القطنية الكبيرة,العضلة المربعة القطنية.,0.7576215267181396,0.6944113969802856,0.7246406078338623,Incorrect
119,ماذا يحفز ACTH إفرازه؟,ANSWER: التهيج القشري (Cortical Stimulation),الكورتيزول,التهيج القشري (Cortical Stimulation),الكورتيزول,0.4747392535209656,0.6269651651382446,0.540335476398468,Incorrect
120,ما هو أكثر أقسام الإحليل قابلية للتمدد وأعرضها؟,ANSWER: القسم المستعرضي (ampulla),الموثي,القسم المستعرضي (ampulla),الموثي,0.4752982258796692,0.5529388785362244,0.5111872553825378,Incorrect
121,مما يتكون الزنار الحوضي؟,ANSWER: ألياف عضلية ملساء,من العظمين الوركيين و العجز.,ألياف عضلية ملساء,من العظمين الوركيين و العجز.,0.5753035545349121,0.46150362491607666,0.5121582746505737,Incorrect
122,أين تقع الباحة الحركية الأولية؟,ANSWER: القشرة أمامية trung,في التلفيف أمام المركزي .,القشرة أمامية trung,في التلفيف أمام المركزي .,0.6236110925674438,0.4818289279937744,0.5436276197433472,Incorrect
123,ما هي العضلة المسؤولة عن قبض الفخذ وقبض الساق؟,ANSWER: عضلة البطنية الكبيرة (Rectus femoris) - في الفخذ، وعضلة الشظية الأمامية (Tibialis anterior) - في الساق.,الخياطية,عضلة البطنية الكبيرة (Rectus femoris) - في الفخذ، وعضلة الشظية الأمامية (Tibialis anterior) - في الساق.,الخياطية,0.3150753974914551,0.37701714038848877,0.34327438473701477,Incorrect
124,أين تتوضع الغدة تحت الطية اللسانية؟,ANSWER: أسفل اللسان قرب المزمار,تحت اللسان,أسفل اللسان قرب المزمار,تحت اللسان,0.48568281531333923,0.587742805480957,0.531860888004303,Incorrect
125,أين يتوضع السرج التركي؟,ANSWER: في قاعدة الدماغ,على الوجه العلوي لجسم العظم الوتدي.,في قاعدة الدماغ,على الوجه العلوي لجسم العظم الوتدي.,0.5598136782646179,0.5356122851371765,0.5474455952644348,Incorrect
126,ما هو القسم مع الضلع الواقع بين الرأس والحدبية؟,ANSWER: جسم الفك العلوي,العنق,جسم الفك العلوي,العنق,0.6236246228218079,0.6512739062309265,0.6371493935585022,Incorrect
127,كم عدد شدف النخاع الشوكي؟,ANSWER: 31 زوجاً,31,31 زوجاً,31,0.7084071636199951,0.8047977685928345,0.7535324692726135,Incorrect
128,ما هي العضلة الموسعة المسؤولة عن فتح الحنجرة؟,ANSWER: عضلة حنجرية علوية,الحلقية الطرجهالية الخلفية,عضلة حنجرية علوية,الحلقية الطرجهالية الخلفية,0.5527063608169556,0.5582767128944397,0.5554775595664978,Incorrect
129,ما يُدعى القسم العلوي المتسع من الحالب؟,ANSWER: الفصام الأيمن,الحويضة,الفصام الأيمن,الحويضة,0.7127501964569092,0.713917076587677,0.7133331894874573,Incorrect
130,أين توجد نقطة التعظم البدئية في لوح الكتف؟,ANSWER: عند زاوية لوح الكتف العليا الأمامية,الحفرة تحت الشوك,عند زاوية لوح الكتف العليا الأمامية,الحفرة تحت الشوك,0.540137767791748,0.5498980283737183,0.5449742078781128,Incorrect
131,ما هو الشريان الذي يستمر به الشريان تحت الترقوة؟,ANSWER: شريان أسفل الرقبة (Subclavian artery) → شريان أكتافي (Axillary artery),الابطي,شريان أسفل الرقبة (Subclavian artery) → شريان أكتافي (Axillary artery),الابطي,0.33319854736328125,0.34123122692108154,0.33716705441474915,Correct
132,ما هو الشريان الذي يمكن الشعور بنبضه عند الحافة السفلية للفك السفلي أمام العضلة الماضغة؟,ANSWER: شريان الفك السفلي (ش. م: الشريان الفخذي السفلي، بالإنجليزية: Inferior Alveolar Artery),الوجهي.,شريان الفك السفلي (ش. م: الشريان الفخذي السفلي، بالإنجليزية: Inferior Alveolar Artery),الوجهي.,0.3850904107093811,0.3992505967617035,0.39204269647598267,Incorrect
133,ما هو الشريان الذي يعتبر الشريان المخي الخلفي فرعاً منه؟,ANSWER: شريان قاعدي باسلي (Basilar artery),القاعدي,شريان قاعدي باسلي (Basilar artery),القاعدي,0.3949688673019409,0.5181725025177002,0.4482592046260834,Correct
134,ما هو أكبر أعضاء الجسم وزناً ومساحة؟,ANSWER: الجلد,الجلد,الجلد,الجلد,1.0000001192092896,1.0000001192092896,1.0000001192092896,Correct
135,ما الذي يشكله نصفا الكرة المخية مع الدماغ البيني؟,ANSWER: الفص الجداري (Corpus Callosum),المخ,الفص الجداري (Corpus Callosum),المخ,0.4858236312866211,0.4935840964317322,0.4896731376647949,Incorrect
136,ما هو اسم الحافة اليسرى للمعدة التي تمتد من الفؤاد إلى البواب؟,ANSWER: الحافة الصغيرة (Lesser Curvature),الانحناء الكبير,الحافة الصغيرة (Lesser Curvature),الانحناء الكبير,0.44688981771469116,0.5624016523361206,0.4980356693267822,Incorrect
137,ما هو مصدر نشأة الشريان الشوكي الأمامي؟,ANSWER: الشريان البصري Interior (Internal Carotid Artery) - لكن في سياق السؤال، الذي يركز على الجهاز العصبي المركزي، الجواب الأكثر دقة هو: الش,الفقري,الشريان البصري Interior (Internal Carotid Artery) - لكن في سياق السؤال، الذي يركز على الجهاز العصبي المركزي، الجواب الأكثر دقة هو: الش,الفقري,0.2524765431880951,0.4233211874961853,0.31630373001098633,Incorrect
138,أين يقع الثرب الصغير؟,ANSWER: خلف المريء,المعدة والكبد,خلف المريء,المعدة والكبد,0.4981306195259094,0.5095900297164917,0.5037950873374939,Incorrect
139,أين تقع صفيحة الأكيمات؟,ANSWER: في القشرة الأمامية للدماغ,الدماغ المتوسط .,في القشرة الأمامية للدماغ,الدماغ المتوسط .,0.5823531150817871,0.5343843102455139,0.557338535785675,Incorrect
140,ما هي الباحة التي يحويها التلفيف خلف المركزي؟,ANSWER: الباحة المخية الجانبية (Lateral Ventricular Cistern) - في سياق اللغة العربية الطبية: الباحة الجانبية للبطين (الventricle) أو الباحة المخية,الحس الجسدي الأولية,الباحة المخية الجانبية (Lateral Ventricular Cistern) - في سياق اللغة العربية الطبية: الباحة الجانبية للبطين (الventricle) أو الباحة المخية,الحس الجسدي الأولية,0.41091006994247437,0.42029038071632385,0.41554728150367737,Incorrect
141,ما هي الألياف التي تربط المراكز القشرية بالمحيط؟,ANSWER: ألياف قشرية-محيطية (Cortico-Cingulate fibers),إسقاطية,ألياف قشرية-محيطية (Cortico-Cingulate fibers),إسقاطية,0.34554558992385864,0.36022740602493286,0.3527337908744812,Incorrect
142,ما نوع المفصل الحلقي الطرجهالي؟,ANSWER: مفصل محوري,الزليلي,مفصل محوري,الزليلي,0.5539813041687012,0.5539813041687012,0.5539813041687012,Incorrect
143,ما هو رقم العصب الحركي للعضلات الماضغة؟,ANSWER: V3 (العصب الفكي السفلي),الخامس,V3 (العصب الفكي السفلي),الخامس,0.43009325861930847,0.5733455419540405,0.49149394035339355,Correct
144,كم عدد فصيصات الخصية؟,ANSWER: 200-300 فصيصة,250,200-300 فصيصة,250,0.4466177523136139,0.6918929815292358,0.5428349375724792,Correct
145,أين ترتكز العضلة الأخمعية الخلفية بوتر رقيق؟,ANSWER: على السطح الخلفي للعظم اللامي (Os Laminae),الضلع الثاني.,على السطح الخلفي للعظم اللامي (Os Laminae),الضلع الثاني.,0.46339845657348633,0.5160342454910278,0.48830199241638184,Incorrect
146,أين يتوضع الثلم المهمازي؟,ANSWER: على السطح اللساني القفوي,الأنسي,على السطح اللساني القفوي,الأنسي,0.6064426302909851,0.6463837623596191,0.625776469707489,Incorrect
147,ما هي المنطقة التي يقع بينها القسيم العضلي (sarcomere)؟,ANSWER: M-خط (M-line),الخطين -Z-,M-خط (M-line),الخطين -Z-,0.5187878608703613,0.5685330629348755,0.5425224900245667,Incorrect
148,ما الذي تنتجه الخلايا المجاورة للجريبات في الدرق؟,ANSWER: هرمونات درقية (Hormones Thyroid),كاليستونين,هرمونات درقية (Hormones Thyroid),كاليستونين,0.47858110070228577,0.46904653310775757,0.4737658202648163,Incorrect
149,ما الذي تتحول إليه الوحيدات Monocytes بعد مغادرتها الدوران؟,ANSWER: ماكрофاج Macrophages,بالعات,ماكрофاج Macrophages,بالعات,0.5574294328689575,0.44971799850463867,0.49781399965286255,Correct
150,ما هو الشريان الذي ينتهي به الشريان الوجهي؟,ANSWER: شريان أنغويني داخلي,الزاوي,شريان أنغويني داخلي,الزاوي,0.4737209379673004,0.5272566080093384,0.4990571439266205,Incorrect
151,أين يتوضع الثلم المهمازي؟,ANSWER: على السطح اللساني القفوي,الانسي,على السطح اللساني القفوي,الانسي,0.6064426302909851,0.6463837623596191,0.625776469707489,Incorrect
152,ما هو العصب القحفي الذي يحمل التعصيب نظير الودي للقلب؟,ANSWER: العصب المبهم (Vagus nerve),10,العصب المبهم (Vagus nerve),10,0.2681700885295868,0.3478742241859436,0.3028661012649536,Correct
153,ما هي العضلة التي يمر العصب تحت اللساني في الناحية تحت الفك عميقاً منها؟,ANSWER: عضلة ديغاستريك (Digastric) - الجزء الخلفي (Posterior belly),لامية لسانية.,عضلة ديغاستريك (Digastric) - الجزء الخلفي (Posterior belly),لامية لسانية.,0.3780577778816223,0.40760552883148193,0.39227601885795593,Incorrect
154,تحت أي قسم من أقسام التشريح يندرج التنبيب الرغامي؟,ANSWER: أنسجة رخوة,التشريح التقني .,أنسجة رخوة,التشريح التقني .,0.5653767585754395,0.46820196509361267,0.5122212767601013,Incorrect
155,ما هي العظام التي يتشكل منها مفصل الركبة؟,ANSWER: الفخذ والشظية والرصﾞ,المفصل بين عظمي الفخذ والظنبوب والمفصل بين عظمي الفخذ والرضفة.,الفخذ والشظية والرصﾞ,المفصل بين عظمي الفخذ والظنبوب والمفصل بين عظمي الفخذ والرضفة.,0.5879673957824707,0.5014926791191101,0.5412980914115906,Incorrect
156,ما هي الحركة الخاصة بالساعد؟,ANSWER: الدوران (Rotation),الكب,الدوران (Rotation),الكب,0.4329338073730469,0.5388800501823425,0.4801318347454071,Incorrect
157,ما الذي يحويه القسم الأمامي للثلم الأمامي الخلفي الأيسر للكبد؟,ANSWER: القناة الصفراوية المشتركة,تلم الرباط الوريدي,القناة الصفراوية المشتركة,تلم الرباط الوريدي,0.6648293733596802,0.5798414349555969,0.6194338202476501,Incorrect
158,ماذا تشكل الصفيحتان السفليتان للشفرين الصغيرين عند اتحادهما؟,ANSWER: فصيص لساني صغير,لجيم البظر,فصيص لساني صغير,لجيم البظر,0.6034145355224609,0.6333740949630737,0.6180314421653748,Incorrect
159,ما هي الانطباعات التي توجد على العظم الجداري؟,ANSWER: انطباعات عضدية,السحائي الأوسط,انطباعات عضدية,السحائي الأوسط,0.5242295265197754,0.5166949033737183,0.5204349160194397,Incorrect
160,ما هو العصب الحركي للعضلات الماضغة؟,ANSWER: العصب الفكي السفلي,الخامس,العصب الفكي السفلي,الخامس,0.3792184889316559,0.4185589849948883,0.3979187607765198,Correct
161,أين يقع الشق الحجاجي السفلي؟,ANSWER: بين العظم اللامي والفكي السفلي,الجناح البير والفكي العلوي,بين العظم اللامي والفكي السفلي,الجناح البير والفكي العلوي,0.6908349990844727,0.6615009307861328,0.6758498549461365,Incorrect
162,ما هو العضو المتخصص بتشكيل الصوت والتدخل بالدور في الكلام؟,ANSWER: المزمار (Larynx),الحنجرة,المزمار (Larynx),الحنجرة,0.48450779914855957,0.547616720199585,0.5141328573226929,Correct
163,ما هي حركة الركبة للخلف بمستوى سهمي؟,ANSWER: إنتروزيون (Introversion),عطف,إنتروزيون (Introversion),عطف,0.42849162220954895,0.42768827080726624,0.42808958888053894,Incorrect
164,ما هو العصب القحفي المتواسط بإفراز الغدد الدمعية واللعابية؟,ANSWER: العصب القحفي السابع (عصب فاق),السابع,العصب القحفي السابع (عصب فاق),السابع,0.24999496340751648,0.4261646568775177,0.3151297867298126,Correct
165,أين تتوضع الصفيحة الأفقية للعظم الغربالي؟,ANSWER: على السطح الإنسي للعظم الغربالي,الثلمة الغربالية في العظم الدمعي.,على السطح الإنسي للعظم الغربالي,الثلمة الغربالية في العظم الدمعي.,0.754567563533783,0.556243360042572,0.6404023170471191,Incorrect
166,ما هو لون لب الكظر؟,ANSWER: رمادي داكن,بني غامق,رمادي داكن,بني غامق,0.6898195743560791,0.7093526124954224,0.6994497179985046,Incorrect
167,ما هو وجه العظم الجبهي الذي ينتمي للقحف العصبي؟,ANSWER: السطح الداخلي (النحو القحفي),الداخلى,السطح الداخلي (النحو القحفي),الداخلى,0.42021244764328003,0.5105507373809814,0.4609975516796112,Correct
168,ما هو لون لب الكظر؟,ANSWER: رمادي داكن,بني غامق,رمادي داكن,بني غامق,0.6898195743560791,0.7093526124954224,0.6994497179985046,Incorrect
169,ما هي اللفافة التي تحيط بجسم القضيب؟,ANSWER: اللفافة الباتونية,بوك,اللفافة الباتونية,بوك,0.41885825991630554,0.4766143560409546,0.4458737373352051,Incorrect
170,ما هي العضلة التي تعد من العضلات الوحشية للساق وقد تعد من العضلات الأمامية للساق؟,ANSWER: عضلة تيبialis anterior,العضلة الشظويةالثالثة,عضلة تيبialis anterior,العضلة الشظويةالثالثة,0.5175968408584595,0.5269638299942017,0.5222383737564087,Incorrect
171,ما هو أول ما يتأثر من الخلايا الكبدية في حالة الإصابة بنقص الأكسجة؟,ANSWER: الخلايا النجمية (الخلايا الكبدية الزوية),الخلايا الكبدية المركزية,الخلايا النجمية (الخلايا الكبدية الزوية),الخلايا الكبدية المركزية,0.685348629951477,0.7808197140693665,0.7299758195877075,Incorrect
172,ما هي العضلات الطويلة التي تربط الفقرات مع بعضها؟,"ANSWER: عضلات طويلة: Longissimus thoracis, Longissimus cervicis, Longissimus capitis",عضلات العمود الفقري,"عضلات طويلة: Longissimus thoracis, Longissimus cervicis, Longissimus capitis",عضلات العمود الفقري,0.4617832601070404,0.5621603727340698,0.5070518255233765,Incorrect
173,ما هي الطية الجلدية التي تغطي رأس القضيب؟,ANSWER: القلفة (prepuce),القلفة,القلفة (prepuce),القلفة,0.5719338655471802,0.6689680814743042,0.6166570782661438,Correct
174,من أين يتفرع الشريان الأكليلي الأيمن والأيسر؟,ANSWER: من الأبهر الصدري,الأبهر الصاعد,من الأبهر الصدري,الأبهر الصاعد,0.7553959488868713,0.7867973446846008,0.7707769870758057,Incorrect
175,متى ينشأ برزخ الأبهر؟,ANSWER: في الأسبوع 3-4 من التطور الجنيني,بعد منشأ الشريان تحت الترقوة الأيسر,في الأسبوع 3-4 من التطور الجنيني,بعد منشأ الشريان تحت الترقوة الأيسر,0.5161316394805908,0.5123285055160522,0.514223039150238,Incorrect
176,ما هو أصغر الفروع الأمامية للأبهر البطني؟,ANSWER: فرع ليفيي صغير (Ramus inferior phrenicus),المساريقي السفلي,فرع ليفيي صغير (Ramus inferior phrenicus),المساريقي السفلي,0.5040764808654785,0.6428996920585632,0.565086841583252,Incorrect
177,ما هي الألياف التي تربط التلافيف والفصوص في نصف كرة مخية واحد؟,ANSWER: ألياف عديدة بين الفصوص (Inter-hemispheric association fibers) - لكن في سياق أكثر دقة، الألياف المهمة هنا هي ألياف الفص الجداري (Cing,ترابطية,ألياف عديدة بين الفصوص (Inter-hemispheric association fibers) - لكن في سياق أكثر دقة، الألياف المهمة هنا هي ألياف الفص الجداري (Cing,ترابطية,0.3651803135871887,0.34745222330093384,0.3560957610607147,Incorrect
178,ما هي ميزابة النبض بين أوتار العضلات؟,ANSWER: تيارات رياضية,العضدية الكعبرية قابضة الرسغ الكعبرية,تيارات رياضية,العضدية الكعبرية قابضة الرسغ الكعبرية,0.4631362557411194,0.396417498588562,0.4271875023841858,Incorrect
179,ما هو الوريد السطحي الذي يشكل الابطي؟,ANSWER: الوريد الصافن الكبير,القاعدي,الوريد الصافن الكبير,القاعدي,0.552236795425415,0.5872736573219299,0.5692166090011597,Incorrect
180,ماذا تفرز الخلايا ألفا في البنكرياس؟,ANSWER: غلوكاجون,الفلوكاغون,غلوكاجون,الفلوكاغون,0.6865590810775757,0.6865590810775757,0.6865590810775757,Correct
181,ما هو اسم أعمق الانخفاضات في الصيوان؟,ANSWER: فovea centralis,المحار,فovea centralis,المحار,0.5565725564956665,0.5796231031417847,0.5678640007972717,Incorrect
182,ما هي وظيفة هرمون الغدة جار الدرقية PTH؟,ANSWER: تنظيم مستويات الكالسيوم في الدم,يرفع كالسيوم الدم,تنظيم مستويات الكالسيوم في الدم,يرفع كالسيوم الدم,0.649201512336731,0.7704501152038574,0.7046480774879456,Correct
183,ما الذي يمتد من المنخر حتى المنعر؟,ANSWER: الجيوب الأنفية,جوف الأنف,الجيوب الأنفية,جوف الأنف,0.6990820169448853,0.7228859066963196,0.7107847332954407,Incorrect
184,ما الذي يقع بين جسم الفقرة والقوس الفقرية؟,ANSWER: القرص الفقري (الديسك),الثقبة الفقرية,القرص الفقري (الديسك),الثقبة الفقرية,0.5928400754928589,0.6841294169425964,0.6352216601371765,Incorrect
185,أين تتوضع الطية المخملة؟,ANSWER: على السطح الإنسي لللسان,الوجه السفلي للسان,على السطح الإنسي لللسان,الوجه السفلي للسان,0.7270069122314453,0.7154793739318848,0.7211971282958984,Incorrect
186,ما هو الهرمون الذي يفرز PTH؟,ANSWER: جارة الدرقية (Parathyroid),الغدد جارات الدرق.,جارة الدرقية (Parathyroid),الغدد جارات الدرق.,0.5336712598800659,0.5496206283569336,0.5415285229682922,Correct
187,ما هو الهرمون الذي يسرع عملية تصنيع الأحماض الدهنية من الغلوكوز في الخلايا الشحمية؟,ANSWER: الإنسولين,الأنسولين,الإنسولين,الأنسولين,1.0,1.0,1.0,Correct
188,ما هي العضلات التي تعمل على توازن الرأس على الجذع؟,"ANSWER: عضلات الرقبة (مثل: Sternocleidomastoid, Scalene, Suboccipital)",عضلات العنق.,"عضلات الرقبة (مثل: Sternocleidomastoid, Scalene, Suboccipital)",عضلات العنق.,0.5230783224105835,0.6732526421546936,0.588739812374115,Correct
189,من أين يخرج العصب الوجهي من الجمجمة؟,ANSWER: من الثقبة الستيرية-مستديرة (Foramen stylomastoid),الثقبة الأبرية الخشائية,من الثقبة الستيرية-مستديرة (Foramen stylomastoid),الثقبة الأبرية الخشائية,0.5640794038772583,0.6640470027923584,0.6099945902824402,Correct
190,ما الذي يتصل به المدورين بالخلف في الفخذ؟,ANSWER: عضلة رأسية فخذية,العرف بين المدورين,عضلة رأسية فخذية,العرف بين المدورين,0.5113691091537476,0.4193573296070099,0.46081507205963135,Incorrect
191,أين يدخل الحالبان المثانة؟,ANSWER: في قاعدة المثانة,الخلفي,في قاعدة المثانة,الخلفي,0.45284128189086914,0.63919997215271,0.5301194190979004,Correct
192,ما هي الباحة المسؤولة عن حركات العين؟,ANSWER: نواة_abducens (النواة المبعدة),8,نواة_abducens (النواة المبعدة),8,0.255418598651886,0.27601200342178345,0.26531630754470825,Incorrect
193,ما هو الشريان الذي ينشأ منه الجذع المشترك للشريان بين العظمين؟,ANSWER: شريان بازيلي,الزندي,شريان بازيلي,الزندي,0.6026647090911865,0.6245068907737732,0.6133913993835449,Incorrect
194,ما هو وجه عظم الترقوة الذي عليه ميزابة طولانية؟,ANSWER: السطح القصبي,الوجه السفلي,السطح القصبي,الوجه السفلي,0.6584923267364502,0.673092246055603,0.6657122373580933,Incorrect
195,من أين يفرز الغلوكاغون؟,ANSWER: خلايا أ (ألفا) في البنكرياس,خلايا الفا في المعثكلة,خلايا أ (ألفا) في البنكرياس,خلايا الفا في المعثكلة,0.6811102628707886,0.7229253053665161,0.7013951539993286,Correct
196,ما هي الطبقة المبطنة للتامور الليفي؟,ANSWER: الغشاء البوابي (Tunica intima),التامور المصلي الجداري,الغشاء البوابي (Tunica intima),التامور المصلي الجداري,0.5408779382705688,0.6041749715805054,0.5707769393920898,Incorrect
197,ما هو معنى التوسع في نهاية الأسهر؟,ANSWER: توسع بطيني,مجل الأسهر,توسع بطيني,مجل الأسهر,0.6375206112861633,0.6375206112861633,0.6375206112861633,Incorrect
198,كم عدد فقرات الجزء الصدري من العمود الفقري؟,ANSWER: 12 فقرة صدريّة,12,12 فقرة صدريّة,12,0.31534698605537415,0.5352687835693359,0.39687812328338623,Correct
199,من أين ينتج هرمون الأستروجين؟,ANSWER: المبيضات (الجريبات),المبيض,المبيضات (الجريبات),المبيض,0.4321303367614746,0.6032021641731262,0.503532886505127,Correct
200,ما هي الفروع الانتهائية للسباني الخارجي؟,ANSWER: فرع سفلي، فرع علوي، فرع أمامي، فرع خلفي,حنكي وصدغي سطحي,فرع سفلي، فرع علوي، فرع أمامي، فرع خلفي,حنكي وصدغي سطحي,0.46560198068618774,0.45077717304229736,0.45806968212127686,Incorrect
201,ما هو مصدر التعصيب الحركي لعضلات الظهر العميقة؟,ANSWER: العصب بين الفقري (Spinal Accessory Nerve) لا يزود، لكن الجواب الصحيح هو: الأعصاب الفقرية (Spinal Nerves) - بالتحديد، الفروع,الشعب الاوليه الظهريه,العصب بين الفقري (Spinal Accessory Nerve) لا يزود، لكن الجواب الصحيح هو: الأعصاب الفقرية (Spinal Nerves) - بالتحديد، الفروع,الشعب الاوليه الظهريه,0.3500073552131653,0.4543275535106659,0.3954024314880371,Incorrect
202,ما هو الجيب الوريدي الذي يصب في الوريد الوداجي الباطن؟,ANSWER: جيب أزيغوس,الجيب السيني,جيب أزيغوس,الجيب السيني,0.7018859386444092,0.7429714202880859,0.7218445539474487,Incorrect
203,أين يتوضع العظم الكتفي؟,ANSWER: في الجزء العلوي من الصدر,الاضلاع الثانية حتى السابعة,في الجزء العلوي من الصدر,الاضلاع الثانية حتى السابعة,0.5216891765594482,0.5639679431915283,0.5420053601264954,Incorrect
204,ما هي المنطقة الأعمق في الغدة الكظرية؟,ANSWER: المنطقة الزوائدية (Zona reticularis),اللب,المنطقة الزوائدية (Zona reticularis),اللب,0.3977958559989929,0.42985770106315613,0.4132057726383209,Incorrect
205,ما الذي يقع بين النواة العدسية من جهة والنواة والمهاد من الجهة الأخرى؟,ANSWER: جسر فارول,المحفظة الداخلية.,جسر فارول,المحفظة الداخلية.,0.4436646103858948,0.43040555715560913,0.43693453073501587,Incorrect
206,ما الذي ينفتح على القرين الأنفي العلوي؟,ANSWER: جيب عيني علوي,الجيب الوتدي,جيب عيني علوي,الجيب الوتدي,0.7387229204177856,0.6411110162734985,0.6864643692970276,Incorrect
207,أين يمكن إجراء الحقن العضلي في القسم العلوي؟,ANSWER: عضلة دلتا,الدالية,عضلة دلتا,الدالية,0.5652874708175659,0.5672600269317627,0.5662720203399658,Correct
208,أين تتوضع الاحدوبة الدالية في العضد؟,ANSWER: على السطح الأنسي للعضد بين الرأس والجسم.,الوحشي,على السطح الأنسي للعضد بين الرأس والجسم.,الوحشي,0.31909969449043274,0.38727450370788574,0.34989720582962036,Incorrect
209,ما هو أكبر الجيوب جانب الأنف؟,ANSWER: الجيب الميكسيلي (Maxillary sinus),الفكي,الجيب الميكسيلي (Maxillary sinus),الفكي,0.33464741706848145,0.45274847745895386,0.3848409652709961,Correct
210,ما هو العصب المحرك لعضلات اللسان؟,ANSWER: العصب تحت اللساني (Hypoglossal nerve),12,العصب تحت اللساني (Hypoglossal nerve),12,0.2981036901473999,0.23514428734779358,0.2629072666168213,Correct
211,ما الذي يتوضع تحت الخط الضرسي اللامي؟,ANSWER: العضلة اللامية-اللسانية (Mylohyoid),حفرة الغدة تحت الفك السفلي,العضلة اللامية-اللسانية (Mylohyoid),حفرة الغدة تحت الفك السفلي,0.5397595167160034,0.5415664911270142,0.5406614542007446,Incorrect
212,ما هي الطبقة المحيطة بالقلب والمرتبطة به؟,ANSWER: التامور (Pericardium),التامور المصلي الحشوي,التامور (Pericardium),التامور المصلي الحشوي,0.6699469685554504,0.7243129014968872,0.6960699558258057,Incorrect
213,ما هو الشريان الذي ينشأ منه الشريان الزاوي؟,ANSWER: شريان وجهي,الشريان الوجهي,شريان وجهي,الشريان الوجهي,0.750764012336731,0.7190155982971191,0.7345468997955322,Correct
214,ما هو تشكل الوريد المأبضي؟,ANSWER: تمدد الوريد الأجوف السفلي,الوريد الظنبوبي الامامي والوريد الظنبوبي الخلفي,تمدد الوريد الأجوف السفلي,الوريد الظنبوبي الامامي والوريد الظنبوبي الخلفي,0.6300467252731323,0.7050608396530151,0.6654464602470398,Incorrect
215,ما هي المنطقة الأعمق في قشر الكظر؟,ANSWER: الطبقة الجرانулярية البعيدة (Stratum granulosum profundum),الشبكية,الطبقة الجرانулярية البعيدة (Stratum granulosum profundum),الشبكية,0.5060905814170837,0.47721466422080994,0.4912286400794983,Incorrect
216,أين يقع التلم الوحشي؟,ANSWER: على السطح الوحشي لللسان,فص الجزيرة,على السطح الوحشي لللسان,فص الجزيرة,0.5071074962615967,0.5638467073440552,0.5339741110801697,Incorrect
217,أين يصب الوريد الكلوي؟,ANSWER: في الوريد الأجوف السفلي,الأجوف السفلي,في الوريد الأجوف السفلي,الأجوف السفلي,0.7401906251907349,0.8180556297302246,0.777177631855011,Correct
218,أين ترتكز العضلة المدورة الصغيرة؟,ANSWER: على السطح الإنسي للعظم اللامي,حديبة العضد الكبرى.,على السطح الإنسي للعظم اللامي,حديبة العضد الكبرى.,0.5856404900550842,0.4431851804256439,0.5045503377914429,Incorrect
219,ما هو الجزء من البلعوم الذي يتبعه الردب الكمثري؟,ANSWER: الفوقان (Epiglottis),الحنجري,الفوقان (Epiglottis),الحنجري,0.46272432804107666,0.5737956762313843,0.5123088955879211,Incorrect
220,كم عدد الأعصاب القحفية؟,ANSWER: 12 عصب قحفي,12 شفعًا,12 عصب قحفي,12 شفعًا,0.5187007188796997,0.49001428484916687,0.5039496421813965,Correct
221,أين تتوضع نواة العصب العاشر؟,ANSWER: جسر المخ,البصلة,جسر المخ,البصلة,0.5818564295768738,0.5818564295768738,0.5818564295768738,Incorrect
222,ما هو العنصر الذي يجاور الرغامي من الخلف؟,ANSWER: العضلة القصية اللامية,المري,العضلة القصية اللامية,المري,0.37923139333724976,0.48596686124801636,0.4260154068470001,Incorrect
223,ما هو العصب القحفي الذي يجتاز النفق الصدري؟,ANSWER: العصب المبهم (Vagus nerve),2,العصب المبهم (Vagus nerve),2,0.2661306858062744,0.36032265424728394,0.30614542961120605,Incorrect
224,ما هو العظم الأضخم في هيكل القدم؟,ANSWER: عظم العقدة (calcaneus),العقب,عظم العقدة (calcaneus),العقب,0.5068765878677368,0.5567927360534668,0.5306634306907654,Correct
225,أين يوجد النفير البلعومي السمعي؟,ANSWER: في قاعدة الدماغ (الجسر),البلعوم الانفي,في قاعدة الدماغ (الجسر),البلعوم الانفي,0.501140832901001,0.5446122288703918,0.5219730138778687,Incorrect
226,ما الذي يحد فتحة وينسلو من الأسفل؟,ANSWER: عضلة اللسان-مصرة (Glossopharyngeus muscle),الإثني عشر.,عضلة اللسان-مصرة (Glossopharyngeus muscle),الإثني عشر.,0.4555450975894928,0.3645154535770416,0.404977947473526,Incorrect
227,ما يُسمى الوجه الأمامي للوح الكتف؟,ANSWER: السطح القصبي,الحفرة تحت الكتفية,السطح القصبي,الحفرة تحت الكتفية,0.5602693557739258,0.6128463745117188,0.5853796601295471,Incorrect
228,ما هو الشريان الذي يروي القولون الصاعد؟,ANSWER: شريان قولوني أيمن صاعد,المساريقي العلوي,شريان قولوني أيمن صاعد,المساريقي العلوي,0.6065810918807983,0.6400819420814514,0.6228814125061035,Incorrect
229,ما هي الطية الجلدية التي تغطي رأس القضيب؟,ANSWER: القلفة (prepuce),القلفة,القلفة (prepuce),القلفة,0.5719338655471802,0.6689680814743042,0.6166570782661438,Correct
230,ما يُدعى القسم العلوي المتسع من الحالب؟,ANSWER: الفصام الأيمن,الحويضة,الفصام الأيمن,الحويضة,0.7127501964569092,0.713917076587677,0.7133331894874573,Incorrect
231,ما هي المنطقة الفاصلة بين الطيتين الصوتيين؟,ANSWER: المخروط الصوتي (Commissura vocalis),مشق المزمار,المخروط الصوتي (Commissura vocalis),مشق المزمار,0.5569325685501099,0.5455087423324585,0.5511614680290222,Incorrect
232,ما هي الطبقة من الكظر التي تتألف من حبال مقوسة من خلايا عمودية متقاربة؟,ANSWER: الطبقة الحبليّة (Stratum fibrosum),الطبقة الكبيبة,الطبقة الحبليّة (Stratum fibrosum),الطبقة الكبيبة,0.5303516387939453,0.6439672708511353,0.5816633105278015,Incorrect
233,ما هي الخلايا التي تتوضع في اللحمة بين النبيبات؟,ANSWER: خلايا لانجرهانس,لايديغ,خلايا لانجرهانس,لايديغ,0.5554785132408142,0.6241958141326904,0.5878357291221619,Incorrect
234,ما هو السطح الخلفي للفخذ تحت المدور الكبير؟,ANSWER: السطح المدوري الأصلي (Facies Poplitea),الأحدوبة الأولوية,السطح المدوري الأصلي (Facies Poplitea),الأحدوبة الأولوية,0.4524366557598114,0.46272405982017517,0.45752254128456116,Incorrect
235,ما الذي يحويه القسم الأمامي للثلم الأمامي الخلفي الأيسر للكبد؟,ANSWER: القناة الصفراوية المشتركة,ثلم الرباط المدور,القناة الصفراوية المشتركة,ثلم الرباط المدور,0.6406116485595703,0.5371593236923218,0.5843420028686523,Incorrect
236,ما هو الشريان الذي يروي معظم الوجه الوحشي للمخ؟,ANSWER: الشريان المخية الأوسطي (Middle Cerebral Artery) - في سياق هذا السؤال، نستخدم الترجمة العربية المقبولة في مجال الطب: الشريان المخية الوسط,المخى الأوسط.,الشريان المخية الأوسطي (Middle Cerebral Artery) - في سياق هذا السؤال، نستخدم الترجمة العربية المقبولة في مجال الطب: الشريان المخية الوسط,المخى الأوسط.,0.41106629371643066,0.5172780752182007,0.45809632539749146,Correct
237,ما هي المنطقة الفاصلة بين الطيتين الصوتيين؟,ANSWER: المخروط الصوتي (Commissura vocalis),مشق المزمار,المخروط الصوتي (Commissura vocalis),مشق المزمار,0.5569325685501099,0.5455087423324585,0.5511614680290222,Incorrect
238,ما هو العصب القحفي الذي يعبر الثقبة البيضية؟,ANSWER: العصب المبهم (Vagus),الفكي السفلي,العصب المبهم (Vagus),الفكي السفلي,0.4700477719306946,0.5535731315612793,0.5084027051925659,Incorrect
239,ما هو الهرمون الذي يسبب دفقه الشديد حدوث عملية الإباضة؟,ANSWER: لوتينيزينج هورمون (LH),LH,لوتينيزينج هورمون (LH),LH,0.3832412660121918,0.5641282796859741,0.4564158320426941,Correct
240,ما هو الهرمون الذي يستهدف الدرق ويحفز إفراز الهرمون الدرقي؟,ANSWER: ثيروتروپين (TSH),TSH,ثيروتروپين (TSH),TSH,0.670138955116272,0.8020713329315186,0.730193555355072,Correct
241,ما هي أكبر عقدة مفردة من النسيج اللمفاوي؟,ANSWER: العقدة المحيطية,الطحال,العقدة المحيطية,الطحال,0.5535718202590942,0.43555429577827454,0.4875224232673645,Incorrect
242,ما هي العضلة الرئيسية المسؤولة عن قبض المرفق؟,ANSWER: العضلة ثلاثية الرؤوس (Triceps brachii),العضدية,العضلة ثلاثية الرؤوس (Triceps brachii),العضدية,0.49162644147872925,0.43964719772338867,0.4641862213611603,Incorrect
243,ما هي التراكيب التي توجد على حافتي اللسان وتحوي براعم ذوقية كثيرة؟,ANSWER: الفصيصات اللسانية (Papillae linguales),الورقية,الفصيصات اللسانية (Papillae linguales),الورقية,0.52442467212677,0.43534454703330994,0.4757506251335144,Incorrect
244,ما هي الشعيرات الدموية التي تغلفها محفظة بومان؟,ANSWER: الشعيرات الكبيبية (Capillaries),الكبيبة الكلوية,الشعيرات الكبيبية (Capillaries),الكبيبة الكلوية,0.5359113216400146,0.552165150642395,0.5439168214797974,Correct
245,ما هي الحافة من الفرع التي تشكل زاوية الفك السفلي؟,ANSWER: الحافة المخروطية (Crest of the Ramus),الخلفية,الحافة المخروطية (Crest of the Ramus),الخلفية,0.39995598793029785,0.44666361808776855,0.42202138900756836,Incorrect
246,ما الذي تغلفه العضلة البصلية الإسفنجية؟,ANSWER: الأوعية الدموية والليمفاوية,بصلة القضيب,الأوعية الدموية والليمفاوية,بصلة القضيب,0.5502810478210449,0.5389347076416016,0.5445488095283508,Incorrect
247,من أين يخرج العصب الشوكي؟,ANSWER: من النخاع الشوكي,الثقبة بين الفقرية,من النخاع الشوكي,الثقبة بين الفقرية,0.5373586416244507,0.5265612602233887,0.5319051742553711,Incorrect
248,ما هي الألياف التي تعصب العضلة مصرة الحدقة؟,ANSWER: الألياف الجعرانية الثالثة (CN III),نظيرة ودية,الألياف الجعرانية الثالثة (CN III),نظيرة ودية,0.41961878538131714,0.43910861015319824,0.4291425347328186,Incorrect
249,ما هو البطين الذي يحويه الدماغ البيني داخله؟,ANSWER: البطين الثالث,الثالث,البطين الثالث,الثالث,0.7935960292816162,0.9194494485855103,0.8518996238708496,Correct
250,ما الذي يشغل الجزء العلوي من قبة القحف؟,ANSWER: المخ,العظم الجداري,المخ,العظم الجداري,0.5626794099807739,0.46327847242355347,0.5081636905670166,Incorrect
251,ما هو العصب الذي يعصب الغدة النكفية؟,ANSWER: العصب المبهم (Vagus nerve) - الفرع النكفي (Nodose ganglion branch),تحت اللساني,العصب المبهم (Vagus nerve) - الفرع النكفي (Nodose ganglion branch),تحت اللساني,0.41618263721466064,0.44400495290756226,0.429643839597702,Incorrect
252,من أين يخرج العصب تحت اللساني؟,ANSWER: من الثقبة تحت اللسانية,النفق تحت اللساني,من الثقبة تحت اللسانية,النفق تحت اللساني,0.6696842908859253,0.7473300695419312,0.7063798904418945,Correct
253,ما هي الخلايا البالعة الكبدية؟,ANSWER: خلايا كوبر (Kupffer cells),خلايا كوبفر.,خلايا كوبر (Kupffer cells),خلايا كوبفر.,0.6419326663017273,0.6472060680389404,0.6445585489273071,Correct
254,أين يصب الوريد الصافن الكبير (الأنسي)؟,ANSWER: الفيrome الjugular الأيمن,الوريد الفخذي,الفيrome الjugular الأيمن,الوريد الفخذي,0.45050886273384094,0.5540796518325806,0.49695533514022827,Incorrect
255,ما هو الشريان الذي يستمر به الريان تحت الترقوة؟,ANSWER: شريان تحت الترقوة الأيمن (Subclavian artery right),الإبطي,شريان تحت الترقوة الأيمن (Subclavian artery right),الإبطي,0.3644331693649292,0.35419318079948425,0.35924020409584045,Incorrect
256,ما تُدعى الردب بين عنق الرحم والمهبل؟,ANSWER: الفجوة البوابية,قبو المهبل,الفجوة البوابية,قبو المهبل,0.6053282022476196,0.6340975761413574,0.6193789839744568,Incorrect
257,في أي مستوى من الفقرات الصدرية يتم التمفصل بين قبضة وجسم القص؟,ANSWER: T12-L1,الرابعة.,T12-L1,الرابعة.,0.43078213930130005,0.4379270672798157,0.4343252182006836,Incorrect
258,ما هو الرباط الذي يربط الرحم بجدران الحوض الجانبية؟,ANSWER: الرباط الرحمي الحوضي (Ligamentum latum uteri),العريض,الرباط الرحمي الحوضي (Ligamentum latum uteri),العريض,0.025657113641500473,0.10488905757665634,0.04122909903526306,Correct
259,ما هي العضلة التي تنشأ من الشوكة الحرقفية الأمامية العلوية وترتكز انسي الظنبوب؟,ANSWER: عضلة تيبialis أنterior,الخياطية,عضلة تيبialis أنterior,الخياطية,0.3616335988044739,0.49214571714401245,0.4169143736362457,Incorrect
260,ما هي الطبقة البطانية الرحمية التي تتعرض إلى تغيرات ملحوظة أثناء الدورة الشهرية؟,ANSWER: الطبقة Functionalis (الطبقة الوظيفية),الطبقة الوظيفية.,الطبقة Functionalis (الطبقة الوظيفية),الطبقة الوظيفية.,0.606020987033844,0.6801442503929138,0.6409466862678528,Correct
261,ما هو موقع مستقبلات الضغط المسؤولة عن المنعكس القلبي التثبيطي؟,ANSWER: جذر الرأب الأيمن,الجيب السباتي.,جذر الرأب الأيمن,الجيب السباتي.,0.5589618682861328,0.5215452909469604,0.5396057367324829,Incorrect
262,ما هو أكبر أعضاء الجسم وزناً ومساحة؟,ANSWER: الجلد,الجلد,الجلد,الجلد,1.0000001192092896,1.0000001192092896,1.0000001192092896,Correct
263,ما هي البنية الأكثر علواً في جذر الرئة اليسرى؟,ANSWER: الشريان الرئوي الأيسر العلوي,الشريان الرئوي,الشريان الرئوي الأيسر العلوي,الشريان الرئوي,0.6424458026885986,0.6799342632293701,0.6606586575508118,Correct
264,ما هو المكان الذي يعبر من خلاله الشريان السحاني الأوسط؟,ANSWER: الثقبة السحانية الكبيرة,الثقبة الشوكية,الثقبة السحانية الكبيرة,الثقبة الشوكية,0.724328875541687,0.7938603162765503,0.7575023770332336,Incorrect
265,ما هو الجوف الهوائي الذي يحوي عظيمات السمع؟,ANSWER: الجوف الصخري الأوسط,الأذن الوسطى,الجوف الصخري الأوسط,الأذن الوسطى,0.7194486856460571,0.7436274290084839,0.7313382625579834,Incorrect
266,ما هي وظيفة النهايات العصبية الحرة الواردة ضمن ألياف العضلة القلبية؟,ANSWER: إطلاق النورأدينالين,الإحساس بالألم.,إطلاق النورأدينالين,الإحساس بالألم.,0.3644625246524811,0.3686888515949249,0.36656349897384644,Incorrect
267,ما هي الخلايا التي تخزن فيتامين A في الكبد؟,ANSWER: خلايا إيبينغ (Ito cells) أو خلايا نجمية (Stellate cells),خلايا إيتو,خلايا إيبينغ (Ito cells) أو خلايا نجمية (Stellate cells),خلايا إيتو,0.44389623403549194,0.6093603372573853,0.513631284236908,Correct
268,من أين يحمل الشريان الرئوي الدم غير المؤكسج؟,ANSWER: القلب الأيمن,البطين الأيمن,القلب الأيمن,البطين الأيمن,0.871929407119751,0.871929407119751,0.871929407119751,Incorrect
269,ما هو العصب القحفي الثاني؟,ANSWER: عصب البصر,البصري - حاسي,عصب البصر,البصري - حاسي,0.5719873309135437,0.498468816280365,0.5327034592628479,Correct
270,ما هو العظم الذي تنتمي إليه الثلمة الاسكية الصغيرة؟,ANSWER: عظم الفك السفلي,الاسك,عظم الفك السفلي,الاسك,0.4791410565376282,0.44158148765563965,0.4595951735973358,Incorrect
271,ما هو الغضروف المرتبط مع الحلقة الرغامية الأولى؟,ANSWER: غضروف كريكويد (Cricoid cartilage),الحلقي,غضروف كريكويد (Cricoid cartilage),الحلقي,0.40974247455596924,0.4705358147621155,0.4380398988723755,Correct
272,ما هو المفصل الذي يتألف من سطحين كل منهما محدب في اتجاه ومقعر في اتجاه آخر؟,ANSWER: مفصل ساندويشي (Saddle Joint),سرجي saddle,مفصل ساندويشي (Saddle Joint),سرجي saddle,0.48054972290992737,0.5313073396682739,0.5046554803848267,Correct
273,ما هو أكبر أعصاب الجسم؟,ANSWER: العصب سیاتيک (Sciatic nerve),الوركي,العصب سیاتيک (Sciatic nerve),الوركي,0.4641592800617218,0.4650782644748688,0.4646183252334595,Correct
274,كم عدد العضلات بين العظمية الأخمصية؟,ANSWER: أربعة عضلات,3,أربعة عضلات,3,0.5237512588500977,0.6031720638275146,0.5606630444526672,Incorrect
275,أين ينتهي الأبهر النازل؟,ANSWER: في الشبكة الوريدية البوابية,L4,في الشبكة الوريدية البوابية,L4,0.3140672445297241,0.39191168546676636,0.3486977219581604,Incorrect
276,ما هي المراكز المسؤولة عن تنسيق الفعالية الحركية وضمان الثباتية؟,ANSWER: النواة الزيتية والقشرة المخيخية,النوى القاعدية,النواة الزيتية والقشرة المخيخية,النوى القاعدية,0.603405773639679,0.5073056221008301,0.5511983633041382,Incorrect
277,ما هو وجه العظم الجبهي الذي ينتمي للقحف العصبي؟,ANSWER: السطح الداخلي (النحو القحفي),الداخلي,السطح الداخلي (النحو القحفي),الداخلي,0.42021244764328003,0.5105507373809814,0.4609975516796112,Correct
278,أين ينفتح الجيب الفكي؟,ANSWER: بين الناب الثاني والثالث العلويين,الصماخ المتوسط,بين الناب الثاني والثالث العلويين,الصماخ المتوسط,0.45565447211265564,0.5074392557144165,0.4801546335220337,Incorrect
279,ما هو أكبر أقسام المعثكلة؟,ANSWER: القسم البطني,الرأس,القسم البطني,الرأس,0.4321610629558563,0.4380895793437958,0.4351051151752472,Incorrect
280,ما هي الحدود التشريحية للحجرة الخلفية للعين؟,ANSWER: العضلة المائلة العلوية، العضلة المائلة السفلية، والعضلة المستقيمة البعيدة,القزحية في الأمام والعدسة في الخلف,العضلة المائلة العلوية، العضلة المائلة السفلية، والعضلة المستقيمة البعيدة,القزحية في الأمام والعدسة في الخلف,0.5116183161735535,0.6158809065818787,0.558928906917572,Incorrect
281,أين ترتكز العضلة الشظوية القصيرة؟,ANSWER: على السطح الإنسي للعظم الشظوي,قاعدة المشط الخامس,على السطح الإنسي للعظم الشظوي,قاعدة المشط الخامس,0.6431230306625366,0.5016598105430603,0.5636509656906128,Incorrect
282,ما هي المنطقة في الحنجرة التي تشمل الطيتين الصوتيتين والمسافة بينهما؟,ANSWER: المزمار (Rima Glottidis),المزمار,المزمار (Rima Glottidis),المزمار,0.43540462851524353,0.7791376709938049,0.5586304068565369,Correct
283,أين تقع الوهدة في البلعوم؟,ANSWER: في الجزء الخشبي من البلعوم,الفموي,في الجزء الخشبي من البلعوم,الفموي,0.5714081525802612,0.5054936408996582,0.5364336371421814,Incorrect
284,ما هي الغدة التي تتوضع تحت الطية اللسانية؟,ANSWER: غدة تحت اللسان (sublingual gland),اللسان,غدة تحت اللسان (sublingual gland),اللسان,0.3260887861251831,0.5267531871795654,0.4028139114379883,Incorrect
285,ما هو العصب الذي ينتقل عبره الحس غير العام (حس الذوق) من الثلث الأمامي للسان؟,ANSWER: العصب اللساني (Nervus lingualis),العصب الوجهي.,العصب اللساني (Nervus lingualis),العصب الوجهي.,0.5225197076797485,0.6216043829917908,0.5677715539932251,Incorrect
286,ماذا يروي المساريقي العلوي؟,ANSWER: الشريان المخي العلوي الأيمن,الأمعاء الدقيقة,الشريان المخي العلوي الأيمن,الأمعاء الدقيقة,0.6183842420578003,0.6511273384094238,0.6343335509300232,Incorrect
287,ما هي المنطقة الأعمق من قشر الكظر؟,ANSWER: الطبقة الجرانулярية البعيدة (Stratum granulare profundum),المنطقة الشبكية,الطبقة الجرانулярية البعيدة (Stratum granulare profundum),المنطقة الشبكية,0.5383030772209167,0.6022772789001465,0.56849604845047,Incorrect
288,ما هي الفقرة التي تحتوي على ثقبة فقرية كبيرة ومثلثية الشكل؟,ANSWER: فقرة ليشمان,الفقرة الرقبية,فقرة ليشمان,الفقرة الرقبية,0.540851354598999,0.5301926136016846,0.5354689359664917,Incorrect
289,ما هو لون قشر الكظر؟,ANSWER: رمادي شاحب,مائل للصفرة,رمادي شاحب,مائل للصفرة,0.6956875324249268,0.66222083568573,0.6785417795181274,Incorrect
290,ما هو النسيج الضام الليفي الذي يرتكز حول السطوح المفصلية؟,ANSWER: الغمد المفصلية (Synovial Capsule),المحفظة المفصلية,الغمد المفصلية (Synovial Capsule),المحفظة المفصلية,0.5282818675041199,0.6524952054023743,0.583855152130127,Incorrect
291,كم عدد شدف النخاع الشوكي؟,ANSWER: 31 زوجاً,31,31 زوجاً,31,0.7084071636199951,0.8047977685928345,0.7535324692726135,Incorrect
292,ما هو التصريف اللمفاوي للثلث الخلفي للسان؟,ANSWER: تصريف ليمفاوي جبلي posterior (Dorsal Posterior Lymphatic Drainage),العقد الرقبيه العميقه,تصريف ليمفاوي جبلي posterior (Dorsal Posterior Lymphatic Drainage),العقد الرقبيه العميقه,0.48932236433029175,0.49286043643951416,0.491085022687912,Incorrect
293,ما هي الغدة التي تقوم بإفراز الميلاتونين؟,ANSWER: الغدة الصنوبرية,الخاليا الصنوبرية.,الغدة الصنوبرية,الخاليا الصنوبرية.,0.672347903251648,0.607133686542511,0.6380788087844849,Correct
294,ما هو الشريان الذي له انطباعات على الوجه الداخلي للعظم الصدغي وهو فرع من أي شريان؟,ANSWER: شريان صدغي سطحي (Superficial Temporal Artery) - فرع من شريان فكي خارجي (External Carotid Artery),الفكي,شريان صدغي سطحي (Superficial Temporal Artery) - فرع من شريان فكي خارجي (External Carotid Artery),الفكي,0.31442490220069885,0.3739420473575592,0.34161049127578735,Incorrect
295,ما هو التصنيف الذي يمكننا من معرفة العضلات التي تشارك في كل مرحلة مفصلية وتطبيق ذلك أثناء الفحص؟,ANSWER: تصنيف هامسترينج-بريستلي (Hammertree-Prisley),وظيفي.,تصنيف هامسترينج-بريستلي (Hammertree-Prisley),وظيفي.,0.3747820556163788,0.4373328685760498,0.4036485552787781,Incorrect
296,ما هي الشرايين التي تسير بين الفصوص بإتجاه القشرة على كل جانب من جانبي الهرم الكلوي؟,ANSWER: شرايين بين الفصوص (interlobular arteries),الشرايين بين الفصوص,شرايين بين الفصوص (interlobular arteries),الشرايين بين الفصوص,0.6132497787475586,0.7923068404197693,0.6913730502128601,Correct
297,ما هو الدواء الأمثل لبدء التخدير لمريض مصاب بنزف حاد؟,ANSWER: إتوميدات,كيتامين,إتوميدات,كيتامين,0.7532910108566284,0.6432065963745117,0.6939098834991455,Incorrect
298,ما هو المخدر الذي يتميز بالمباشرة والصحو السريعين؟,ANSWER: بروبيوفول,الديسفلوران,بروبيوفول,الديسفلوران,0.7709686756134033,0.7199032306671143,0.7445613741874695,Incorrect
299,ما هو الدواء الأمثل لبدء التخدير لمريض مصاب بنزف رضي حاد؟,ANSWER: إتوميدات,كيتامين,إتوميدات,كيتامين,0.7532910108566284,0.6432065963745117,0.6939098834991455,Incorrect
300,ما هو المرخي العضلي الأمثل لتسهيل تنبيب مريض ذي خطورة عالية للاستنشاق؟,ANSWER: روكورونيوم,السوكسنيل كولين,روكورونيوم,السوكسنيل كولين,0.7144179940223694,0.6681374311447144,0.6905030608177185,Incorrect
301,ما هو الترياق المناسب للتسمم بالمورفين؟,ANSWER: نالوكسون,A. النالوكسون,نالوكسون,A. النالوكسون,0.6521278619766235,0.6104087829589844,0.6305790543556213,Correct
302,ما الذي يشير إليه بقاء عيني المريض مفتوحتين مع رأرأة خفيفة وحركات غير هادفة بعد إعطائه جرعة من الكيتامين؟,ANSWER: نوم قهري (Coma),أن الجرعة السابقة مركنة ومخدرة,نوم قهري (Coma),أن الجرعة السابقة مركنة ومخدرة,0.5281928181648254,0.47726961970329285,0.5014417171478271,Incorrect
303,ما هو الدواء المنتخب للإرخاء العضلي والتنبيب لمريض يعاني من قصور كلوي ويحتاج لعملية إسعافية؟,ANSWER: أتراكوريوم,اتراكوريوم,أتراكوريوم,اتراكوريوم,0.9999998211860657,0.9999998211860657,0.9999998211860657,Correct
304,ما هو المرخي العضلي المفضل استعماله لمريض سيخضع لجراحة إسعافية ويعاني من قصور كلوي؟,ANSWER: روكورونيوم,B. أتراكوريوم,روكورونيوم,B. أتراكوريوم,0.6688812375068665,0.6098386645317078,0.6379968523979187,Incorrect
305,ماذا يفكك الببسين؟,ANSWER: بروتينات,البروتين,بروتينات,البروتين,0.7386649250984192,0.7415914535522461,0.7401253581047058,Correct
306,ما التعبير الصحيح لوصف جزيئات الإيثين في تفاعل تشكيل البولي إيثين؟,ANSWER: مونومرات الإيثين,مونوميرات (موحودات),مونومرات الإيثين,مونوميرات (موحودات),0.7154344320297241,0.7091673612594604,0.7122870683670044,Correct
307,ماذا يسبب عوز إنزيم البيروفات كيناز؟,ANSWER: نقص فيتامين B6,فقر دم انحلالي,نقص فيتامين B6,فقر دم انحلالي,0.5828464031219482,0.5834486484527588,0.5831473469734192,Incorrect
308,ماذا ندعو آلية تفاعل الكلور مع البروبان في ضوء الشمس لإنتاج 1-كلورو بروبان؟,"ANSWER: φωτοχλωρίωση (photochlorination) - (Note: Since the answer must be in Arabic, the closest term would be ""تفاعل光ي كلور"" which translates to ""photochlorination""",استبدال الجذور الحرة,"φωτοχλωρίωση (photochlorination) - (Note: Since the answer must be in Arabic, the closest term would be ""تفاعل光ي كلور"" which translates to ""photochlorination""",استبدال الجذور الحرة,0.3651049733161926,0.35612666606903076,0.36055994033813477,Incorrect
309,ما هي الاسطوانات المنحنية التي تكون سهلة التمييز لمحتواها الكاسر للضوء؟,ANSWER: الاسطوانات البيريفيرية (Periferial prisms),شمعية,الاسطوانات البيريفيرية (Periferial prisms),شمعية,0.3440279960632324,0.4322039484977722,0.3831077814102173,Incorrect
310,ما هي الحموض الأمينية المشحونة سلبياً؟,ANSWER: حموض أمينية أساسية سالبة الشحنة: أسبارتات، غلوتامات.,اسباريتك,حموض أمينية أساسية سالبة الشحنة: أسبارتات، غلوتامات.,اسباريتك,0.38749581575393677,0.46575844287872314,0.42303791642189026,Correct
311,ما هي أعراض عوز فيتامين البيوتين؟,ANSWER: خلايا دم حمراء كبيرة، ألم عضلي، ردود فعل جلدية، اضطراب في النوم,من أعراضه التخلف العقلي.,خلايا دم حمراء كبيرة، ألم عضلي، ردود فعل جلدية، اضطراب في النوم,من أعراضه التخلف العقلي.,0.5079390406608582,0.46333789825439453,0.48461443185806274,Incorrect
312,ما هي مفرزات الصفراء؟,ANSWER: مكونات العصارة الصفراوية,الأملاح الصفراوية.,مكونات العصارة الصفراوية,الأملاح الصفراوية.,0.7358042001724243,0.5800862312316895,0.6487316489219666,Incorrect
313,ما هي خصائص الشجرة الوراثية لخلة متنحية جسدية فيها الأبوين مصابين؟,ANSWER: أوتوزوم دومينانت,كل الأبناء مصابين,أوتوزوم دومينانت,كل الأبناء مصابين,0.5453969240188599,0.4863804876804352,0.5142008662223816,Incorrect
314,ما هي النواتج المتشكلة عند تفاعل معدن الصوديوم مع الإيثانول؟,ANSWER: صوديوم إيثوكسيد + هيدروجين,اوكسيد الصوديوم وهيدروجين,صوديوم إيثوكسيد + هيدروجين,اوكسيد الصوديوم وهيدروجين,0.7796061038970947,0.7721878290176392,0.7758792042732239,Incorrect
315,ما هي خصائص أنزيم RNA Polymerase؟,ANSWER: يرتبط بالDNA، يضيف نيوكليوتيدات، ينتج RNA,يشكل الروابط التكافؤية الإستيرية.,يرتبط بالDNA، يضيف نيوكليوتيدات، ينتج RNA,يشكل الروابط التكافؤية الإستيرية.,0.5954352617263794,0.532259464263916,0.5620777606964111,Incorrect
316,ما هو النكليوتيد في جزيء DNA؟,ANSWER: وحد نيوكليوزومي,يمكن أنيرتبط به أكثر من مجموعة فوسفات واحدة.,وحد نيوكليوزومي,يمكن أنيرتبط به أكثر من مجموعة فوسفات واحدة.,0.5696613788604736,0.3768095076084137,0.4535878002643585,Incorrect
317,ما هو فيتامين البيوتين؟,ANSWER: B7 (فيتامين من المجموعة B),يصنع من قبل الجراثيم المعوية,B7 (فيتامين من المجموعة B),يصنع من قبل الجراثيم المعوية,0.5106418132781982,0.4785001277923584,0.4940487742424011,Incorrect
318,ما هي حالة عدم تحمل اللاكتوز؟,ANSWER: لاكتازيا (Lactase Deficiency),من أسبابها الإسهالات الشديدة,لاكتازيا (Lactase Deficiency),من أسبابها الإسهالات الشديدة,0.6332372426986694,0.5187691450119019,0.5703161954879761,Incorrect
319,ما هو اسم الاستر المتشكل عندما يتفاعل الميتانول مع حمض البوتانوئيك بوجود بضع قطرات من حمض الكبريت المركز؟,ANSWER: ميتيل سلفات البوتيل (Methyl Sulfobutyl Ether),بوتانوات الميتيل,ميتيل سلفات البوتيل (Methyl Sulfobutyl Ether),بوتانوات الميتيل,0.4582882523536682,0.5774041414260864,0.5109963417053223,Incorrect
320,ما هو سبب الوفاة لدى مرض التلاسيميا؟,ANSWER: فقر الدم الشديد والعدوى المزمنة,تراكم الحديد,فقر الدم الشديد والعدوى المزمنة,تراكم الحديد,0.47321972250938416,0.5498834848403931,0.5086792707443237,Incorrect
321,ما هي الصبغيات التي يوجد فيها الكروماتين المغاير؟,ANSWER: صبغيات X والي (X and Y chromosomes),1,صبغيات X والي (X and Y chromosomes),1,0.3864564895629883,0.30366161465644836,0.3400925397872925,Incorrect
322,ما المركب الذي ينقص منه نتيجة التأخر في فصل البلازما أو المصل من الكريات في الدم؟,ANSWER: فبرينوجين,الغلوكوز.,فبرينوجين,الغلوكوز.,0.511390209197998,0.4899545907974243,0.5004429817199707,Incorrect
323,ما هو المركب الذي يستخدم كزمرة ملحقة لجميع الإنزيمات الناقلة الزمرة الأمين؟,ANSWER: تيامين بيريدين ديفوسفات (TPP),البيرودوكسال فوسفات,تيامين بيريدين ديفوسفات (TPP),البيرودوكسال فوسفات,0.5700170993804932,0.580787718296051,0.5753520131111145,Incorrect
324,ما هو العلاج الثاني لمرض الثلاسيميا بيتا؟,ANSWER: نقيض الحديد (Chelation Therapy),زرع نقي عظام,نقيض الحديد (Chelation Therapy),زرع نقي عظام,0.5281696319580078,0.5775511264801025,0.5517576932907104,Incorrect
325,ما هو الاضطراب الذي يتميز بفرط شديد في بيليروبين المصل غير المرتبط وعوز جزئي في UDPGT؟,ANSWER: داء كريغلر-نجار (Crigler-Najjar Syndrome),كريجلر نجار,داء كريغلر-نجار (Crigler-Najjar Syndrome),كريجلر نجار,0.42357200384140015,0.5675795078277588,0.48511409759521484,Correct
326,ما هو سبب الوفاة لدى مرضى التلاسيميا؟,ANSWER: فقر الدم الشديد والعدوى المزمنة,تراكم الحديد,فقر الدم الشديد والعدوى المزمنة,تراكم الحديد,0.47321972250938416,0.5498834848403931,0.5086792707443237,Incorrect
327,ماذا يسبب عوز الثيامين الشديد؟,ANSWER: نقص فيتامين B1 (ثيامين),البري بري,نقص فيتامين B1 (ثيامين),البري بري,0.3503772020339966,0.4270247220993042,0.38492244482040405,Incorrect
328,كم يبلغ عدد الجينات التي تشفر لجزيئات الرنا الأصغري miRNAs في مجين الإنسان؟,ANSWER: حوالي 2000 جين,125,حوالي 2000 جين,125,0.5065203905105591,0.5510356426239014,0.5278411507606506,Incorrect
329,أين يتم اصطناع الدقائق الكيلوسية؟,ANSWER: في الكبد والكليتين,الأمعاء,في الكبد والكليتين,الأمعاء,0.5370489954948425,0.5681345462799072,0.552154541015625,Incorrect
330,ما هو الإنزيم الذي يتم بوساطته ربط شدف أوكازاكي؟,ANSWER: لايجاز DNA,أنزيم الليغاز,لايجاز DNA,أنزيم الليغاز,0.6011431217193604,0.5945440530776978,0.5978254079818726,Correct
331,ما هو أكثر الأنزيمات فعالية تحفيزية في جسم الإنسان؟,ANSWER: ATPase,كاربونيك انهيدراز.,ATPase,كاربونيك انهيدراز.,0.42784929275512695,0.39911431074142456,0.4129825830459595,Incorrect
332,ما هو الشكل الفعال لفيتامين B6؟,ANSWER: بيريدوكسال 5-فوسفات (PLP),البيريدوكسال فوسفات,بيريدوكسال 5-فوسفات (PLP),البيريدوكسال فوسفات,0.674352765083313,0.8104783296585083,0.7361757159233093,Correct
333,ما هو الموقع الطبيعي للجين الورمي ABL؟,ANSWER: 9q34 (قسيم 34 من الكروموسوم 9),9q34,9q34 (قسيم 34 من الكروموسوم 9),9q34,0.4148818850517273,0.6330339908599854,0.5012508034706116,Correct
334,كم عدد طبقات الفوسفولبيد في المذيلة؟,ANSWER: ثلاث طبقات,3,ثلاث طبقات,3,0.6255682706832886,0.714500367641449,0.6670834422111511,Correct
335,ما هو التركيب الذي يدخل فيه الكولاجين 4؟,ANSWER: غشاء باسمنتي,الغشاء القاعدي .,غشاء باسمنتي,الغشاء القاعدي .,0.5525295734405518,0.5203385353088379,0.5359511375427246,Correct
336,ما الذي تؤدي إليه استلة الهيستونات؟,ANSWER: تcondensation من الكروماتين (تكثيف الكروماتين),تفعيل الانتساخ.,تcondensation من الكروماتين (تكثيف الكروماتين),تفعيل الانتساخ.,0.41818395256996155,0.4703458547592163,0.4427338242530823,Incorrect
337,ما هي الخصائص التي تتميز بها شجرة النسب الحاوية على حالة وراثة متعلقة بالمتقدرات والأم فقط فيها مصابة؟,ANSWER:.mitochondrial inheritance pattern,كل الأولاد مصابون.,.mitochondrial inheritance pattern,كل الأولاد مصابون.,0.4554428160190582,0.31469422578811646,0.37220704555511475,Incorrect
338,ما هو الحمض الأميني الذي تتم أستلة الهستونات له؟,ANSWER: ليزين (Lysine),اللوسين,ليزين (Lysine),اللوسين,0.35045015811920166,0.47995978593826294,0.4051058888435364,Incorrect
339,ما هي المكونات التي تتألف منها الفوسفولبيدات بالإضافة إلى حمضين دسمين والفوسفات؟,ANSWER: جليسرول,الغليسرول .,جليسرول,الغليسرول .,0.7499662637710571,0.5584897994995117,0.6402179002761841,Correct
340,ما هي الوظيفة الوحيدة لسيغما في إنزيم بوليمراز RNA البكتيري؟,ANSWER: ربط模板 RNA,التعرف على المحضض.,ربط模板 RNA,التعرف على المحضض.,0.40631556510925293,0.4539101719856262,0.4287962019443512,Incorrect
341,ما هي الأجزاء التي تتبادل بينها الإشارات الجزيئية التي يعتمد عليها ضبط النظام الخلوي الجذعي؟,"ANSWER: مستقبلات STK, STATs, PI3K/AKT, SMADs",الخلايا الجذعية وذريتها والنسج المحيطة .,"مستقبلات STK, STATs, PI3K/AKT, SMADs",الخلايا الجذعية وذريتها والنسج المحيطة .,0.5133271217346191,0.41329294443130493,0.4579103887081146,Incorrect
342,ما تدعى البروتينات المشكلة لمعقدات الثقوب النووية؟,ANSWER: بروتينات نيوكليوبوسمين (Nucleoposmins),النكليوبورين .,بروتينات نيوكليوبوسمين (Nucleoposmins),النكليوبورين .,0.5629923343658447,0.4916655123233795,0.5249170064926147,Incorrect
343,كيف تتم إزالة المتقدرات الحاوية على طفرات بالية؟,ANSWER: نكفاس/apoptosis,الجيني الاختناق.,نكفاس/apoptosis,الجيني الاختناق.,0.500052809715271,0.4194062352180481,0.4561927318572998,Incorrect
344,ما هو عامل الإطلاق في حقيقيات النوى؟,ANSWER: ميتوكوندريا,RF2,ميتوكوندريا,RF2,0.5718622803688049,0.5433273911476135,0.55722975730896,Incorrect
345,ما هي الروابط التي تربط سلسلتي عديدي النكليوتيد مع بعضهما البعض؟,ANSWER: روابط هيدروجينية,هيدروجينية.,روابط هيدروجينية,هيدروجينية.,0.7434247732162476,0.5972402095794678,0.6623625755310059,Correct
346,ما هي خصائص الشجرة الوراثية لخلة متنحية فيها الأبوين مصابين؟,ANSWER: أوتوزوم دومينانت (Autosomal Dominant),كل الأبناء مصابين.,أوتوزوم دومينانت (Autosomal Dominant),كل الأبناء مصابين.,0.41957342624664307,0.3791641592979431,0.3983466327190399,Incorrect
347,ما هو أكبر مستوى من المستويات التراتبية للحياة؟,ANSWER: البيئة (النظام البيئي),المنظومة البيئية .,البيئة (النظام البيئي),المنظومة البيئية .,0.5462060570716858,0.5837323665618896,0.5643460750579834,Correct
348,ما هو الحمض الأميني الذي تبدأ به جميع عديدات الببتيد في بدائيات النوى؟,ANSWER: ميثيونين,المعدل الميثيونين.,ميثيونين,المعدل الميثيونين.,0.6453670263290405,0.6722660064697266,0.6585419178009033,Incorrect
349,ما الذي يدل عليه تقدير نسبة تنوع النمط الظاهري لخلة ما بسبب الاختلافات الجينية؟,ANSWER: تنوع جيني,قابلية الانتقال بالوراثة.,تنوع جيني,قابلية الانتقال بالوراثة.,0.5130467414855957,0.4152701795101166,0.45900923013687134,Incorrect
350,ما هي الآلية التي تضمن للخلية الجذعية استمرارها إلى ما لا نهاية؟,ANSWER: تلوميراز,التجديد الذاتي,تلوميراز,التجديد الذاتي,0.530880331993103,0.5518999099731445,0.5411860942840576,Incorrect
351,ما هو الحمض الأميني الذي نتج عن ترجمة أول جزيء رنا مرسال صنعي؟,ANSWER: ميثيونين,الهستيدين,ميثيونين,الهستيدين,0.5321463346481323,0.5318453311920166,0.5319957733154297,Incorrect
352,ما هي الإنزيمات التي تقوم القلنسوة بحماية سلسلة الرنا من التدرك بها؟,ANSWER: إنزيمات 5' إكسونوكلياز (5' Exonucleases),الليغاز,إنزيمات 5' إكسونوكلياز (5' Exonucleases),الليغاز,0.36958634853363037,0.41153526306152344,0.38943442702293396,Incorrect
353,ما هو مقدار المادة الوراثية التي يتشاركها أقرباء من الدرجة الثانية مع المستلفت؟,ANSWER: 12.5% من المادة الوراثية,سدس مادتهم الوراثية,12.5% من المادة الوراثية,سدس مادتهم الوراثية,0.696255624294281,0.6357461810112,0.6646264791488647,Incorrect
354,أين يلتحم الغشاءان النوويان؟,ANSWER: في منطقة التماس النووي (region of nuclear apposition) أو منطقة الالتحام النووي (nuclear fusion zone) في عملية الانقسام (mitosis) أو الانقسام الر reduci (meiosis,معدات الثقوب النووية .,في منطقة التماس النووي (region of nuclear apposition) أو منطقة الالتحام النووي (nuclear fusion zone) في عملية الانقسام (mitosis) أو الانقسام الر reduci (meiosis,معدات الثقوب النووية .,0.3990781605243683,0.52211594581604,0.45238038897514343,Incorrect
355,ما هي النتائج المتوقعة في حال إصابة أب بصفة تخضع لوراثة متنحية مرتبطة بالصبغي X؟,ANSWER: عدم وجود ذكور ناجين,ينقل الصفة فقط لبناته,عدم وجود ذكور ناجين,ينقل الصفة فقط لبناته,0.493947833776474,0.5042583346366882,0.4990498423576355,Incorrect
356,ما هي النظرية التي تفسر ظهور المتقدرات والصانعات بإدخال جراثيم داخل الخلايا تقوم بالفسفرة والتركيب الضوئي؟,ANSWER: نظرية اندوسيبتري (Endosymbiotic Theory),فرضية التعايش الداخلي,نظرية اندوسيبتري (Endosymbiotic Theory),فرضية التعايش الداخلي,0.5781051516532898,0.5744892358779907,0.5762915015220642,Correct
357,ماذا يسبب وجود الألائل السائد في الأنماط الجينية المختلفة التالية RRYY و RrYy و RRYy و RrYY؟,ANSWER: تعدد الألائل (polymorphism),نمط ظاهري جديد,تعدد الألائل (polymorphism),نمط ظاهري جديد,0.5359194278717041,0.6030956506729126,0.567526638507843,Incorrect
358,ما هو المكان الذي توجد فيه أكبر نسبة للبروتينات في أغشية خلايا الجسم؟,ANSWER: غشاء البلازما,الغشاء الخلوي للصانعات الخضراء .,غشاء البلازما,الغشاء الخلوي للصانعات الخضراء .,0.6648284196853638,0.5220399498939514,0.5848449468612671,Incorrect
359,ما هو المسؤول عن إزالة مشراع الرنا قرب انتهاء تنسخ الدنا واستبدالها بنكليوتيدات الدنا؟,ANSWER: RNase H,بوليميراز الدنا من النمط الأول,RNase H,بوليميراز الدنا من النمط الأول,0.49833106994628906,0.43149179220199585,0.4625090956687927,Incorrect
360,ما الذي ترتبط به الصبيغيات الشقيقة على أنيبيبات مغزل الانقسام؟,ANSWER: جسيمات كينيتوكور,الجسيم الحركي .,جسيمات كينيتوكور,الجسيم الحركي .,0.5157427191734314,0.523600161075592,0.5196417570114136,Correct
361,ما المميز بشجرة النسب الحاوية على حالة وراثة متعلقة بالمتقدرات والتي تكون فيها الأم فقط مصابة؟,ANSWER: وراثة متناحية من الأم (Mitochondrial inheritance),الاولاد كلهم مصابون.,وراثة متناحية من الأم (Mitochondrial inheritance),الاولاد كلهم مصابون.,0.39452552795410156,0.3635493218898773,0.37840452790260315,Incorrect
362,ما هو الاختلاف بين الانترونات والاكسونات؟,ANSWER: الانترونات: عصبونات واردة، الأكسونات: عصبونات مُرسلة.,لا تترجم إلى بروتين.,الانترونات: عصبونات واردة، الأكسونات: عصبونات مُرسلة.,لا تترجم إلى بروتين.,0.4869306683540344,0.4474647045135498,0.4663642346858978,Incorrect
363,ما الذي تمثله الخطوط الأفقية التي ترسم أعلى الدوائر والمربعات في شجرة النسب؟,ANSWER: جيلات (أجيال),التواءم,جيلات (أجيال),التواءم,0.4415140748023987,0.5073899626731873,0.47216537594795227,Incorrect
364,علام تحتوي الخلايا التي يعبر عنها مصطلح الهيولي المتغايرة؟,ANSWER: ليزوزومات,متقدرات سليمة وطافرة,ليزوزومات,متقدرات سليمة وطافرة,0.5649382472038269,0.5677244663238525,0.5663278698921204,Incorrect
365,ما هي الطرق التي يمكن من خلالها تمييز الصبغيات بعضها عن بعض؟,ANSWER: بالشكل واللون والهيولAND,النمط الجيني,بالشكل واللون والهيولAND,النمط الجيني,0.48295220732688904,0.5557960271835327,0.5168200135231018,Incorrect
366,ما هو التعبير الذي يُستخدم للطاقة الكامنة المختزنة في مدروج للشحنات الكهربائية؟,ANSWER: طاقة محتجزة كهربائية (Energy Stored Electrostatically),بالكمون الكهربائي.,طاقة محتجزة كهربائية (Energy Stored Electrostatically),بالكمون الكهربائي.,0.5160680413246155,0.524153470993042,0.5200793147087097,Incorrect
367,ما الذي تتشكل منه الأرجل الصفائحية؟,ANSWER: عضلات بين العظام (Interosseous muscles),الأكتين.,عضلات بين العظام (Interosseous muscles),الأكتين.,0.5032204389572144,0.41904217004776,0.4572896659374237,Incorrect
368,ما هي الرابطة في البنية الثانوية للحمض النووي؟,ANSWER: رابطة هيدروجينية,هيدروجينية,رابطة هيدروجينية,هيدروجينية,0.6696226596832275,0.7755641341209412,0.7187103033065796,Correct
369,ما نوع الجينات التي تعد جينات الرنا الريباسي منها؟,ANSWER: جينات rRNA (الرنا الريباسي),الخدمية.,جينات rRNA (الرنا الريباسي),الخدمية.,0.3763445019721985,0.4247778058052063,0.3990970849990845,Incorrect
370,ما هو عدد الصبغيات المأشوبة إذا حدث تأشيب في 80 انقسام؟,ANSWER: 1600 صبغي مأشوب,320,1600 صبغي مأشوب,320,0.4322090148925781,0.5430307388305664,0.4813232421875,Incorrect
371,ما هي العملية التي يتم بها تكوين متعضية تشبه الأبوين من بيضة مخصبة؟,ANSWER: partenogenesis (توليد بلا جنس),التنامي الجنيني,partenogenesis (توليد بلا جنس),التنامي الجنيني,0.5872111320495605,0.5410659313201904,0.5631948709487915,Incorrect
372,على من يظهر الاحلال الوراثي في الوراثة الجنسية المناحية؟,ANSWER: الذكر (الذكر يظهر الاحلال الوراثي في الوراثة الجنسية المناحية),على الذكور والإناث من الأبناء,الذكر (الذكر يظهر الاحلال الوراثي في الوراثة الجنسية المناحية),على الذكور والإناث من الأبناء,0.46729880571365356,0.5808141231536865,0.5179094076156616,Incorrect
373,ما هو المجهر الذي يدرس السطح الطبوغرافي؟,ANSWER: مجهر إلكتروني ماسح (SEM),مجهر القوة الذرية .,مجهر إلكتروني ماسح (SEM),مجهر القوة الذرية .,0.5504060983657837,0.5360737442970276,0.5431453585624695,Incorrect
374,ما هي البنى السيتوبلازمية المغلفة بغشاء واحد على الأقل؟,ANSWER: ليزوسومات,العضبيات,ليزوسومات,العضبيات,0.6020859479904175,0.6655255556106567,0.6322183012962341,Incorrect
375,ما هي خصائص شجرة النسب الحاوية على حالة وراثة متعلقة بالمتقدرات والوالدين فيها مصابين؟,ANSWER: شجرة النسب الأوتوزومية (Autosomal Pedigree),الأولاد كلهم مصابون.,شجرة النسب الأوتوزومية (Autosomal Pedigree),الأولاد كلهم مصابون.,0.4557885527610779,0.3289731740951538,0.382134348154068,Incorrect
376,ما الذي تختلف به الأحماض الأمينية عن بعضها؟,ANSWER: راديكال (مجموعة جانبية),المجموعة الكربوكسيلية,راديكال (مجموعة جانبية),المجموعة الكربوكسيلية,0.544603705406189,0.5641734600067139,0.5542158484458923,Incorrect
377,ما الذي يشير إليه المربع الصغير المملوء في شجرة الوراثة؟,ANSWER: جين متمم (allele),طفل مصاب,جين متمم (allele),طفل مصاب,0.5745449066162109,0.627629280090332,0.599915087223053,Incorrect
378,ما هو سبب حدوث التلاسيميا بيتا؟,ANSWER: نقص إنزيم 4-بيتا-غالاكتوسيداز,خلة جسدية متنحية.,نقص إنزيم 4-بيتا-غالاكتوسيداز,خلة جسدية متنحية.,0.39515578746795654,0.4364004135131836,0.414755254983902,Incorrect
379,ماذا يؤدي وجود التربتوفان في مشغل التيربتوفان؟,ANSWER: تثبيت التryptophanase,تثبيط انتساخ الجينات,تثبيت التryptophanase,تثبيط انتساخ الجينات,0.7152270078659058,0.5730479955673218,0.6362917423248291,Incorrect
380,ما الذي تساعد عليه حلقة الأكتين المتقلصة؟,ANSWER: تقلص العضلات,انقسام النواة,تقلص العضلات,انقسام النواة,0.6078003644943237,0.5555312633514404,0.5804916024208069,Incorrect
381,ما الذي يدل عليه المعين في شجرة النسب؟,ANSWER: العلاقة الأبوية-الأمومية (النسب الأبوي-الأمومي),الفرد مات في مرحلة مبكرة,العلاقة الأبوية-الأمومية (النسب الأبوي-الأمومي),الفرد مات في مرحلة مبكرة,0.46108439564704895,0.570234477519989,0.509883463382721,Incorrect
382,كم عدد الجينات المسؤولة عن الاصطناع الحيوي للحمض الأميني التربتوفان في جينوم بكتيريا E.Coli؟,ANSWER: جينين: trpE و trpG,6,جينين: trpE و trpG,6,0.28033381700515747,0.30301713943481445,0.29123446345329285,Incorrect
383,ما هي وظيفة حويصلات كوب ٢؟,ANSWER: إفراز إنزيمات البانكرياس,النقل التقدمى من الشبكة البلازمية الى مدخل غولجي فقط .,إفراز إنزيمات البانكرياس,النقل التقدمى من الشبكة البلازمية الى مدخل غولجي فقط .,0.5101374983787537,0.4721389412879944,0.49040326476097107,Incorrect
384,ما هو معدل الحاملين في مجتمع إذا كان انتشار مرض التالاسيميا معروفاً في ذلك المجتمع؟,ANSWER: 4-8% (نسبة الحاملين لطفرة التالاسيميا),50M,4-8% (نسبة الحاملين لطفرة التالاسيميا),50M,0.30958616733551025,0.38168710470199585,0.3418765068054199,Incorrect
385,أين تجري عملية التمثيل الضوئي؟,ANSWER: في الثylakoids,الصائعات الخضراء,في الثylakoids,الصائعات الخضراء,0.6491799354553223,0.5087257623672485,0.5704342722892761,Correct
386,ماذا يحدث عند انخفاض نسبة الكوليسترول في الغشاء الخلوي؟,ANSWER: زيادة نفاذية الغشاء,تزداد مرونة الغشاء.,زيادة نفاذية الغشاء,تزداد مرونة الغشاء.,0.7395403981208801,0.6390352249145508,0.6856241822242737,Incorrect
387,أين يتحد الغشاءان النوويان الداخلي والخارجي؟,ANSWER: في الثقبة النووية (Nuclear Pore) - في سياق هذا السؤال، باللغة العربية: في النقيرة النووية,معقدات الثقوب النووية,في الثقبة النووية (Nuclear Pore) - في سياق هذا السؤال، باللغة العربية: في النقيرة النووية,معقدات الثقوب النووية,0.4822792112827301,0.6482905149459839,0.5530964136123657,Correct
388,كم عدد القواعد الآزوتية اللازمة لإنتاج بروتين الأنسولين المكوّن من 51 حمض أميني إنتاجاً كاملاً؟,ANSWER: 153 قاعدة آزوتية,153,153 قاعدة آزوتية,153,0.31629592180252075,0.4675308167934418,0.3773234486579895,Correct
389,ما هي الترسبات الصباغية التي تحوي بروتين الفيرتين؟,ANSWER: حبيبات هيموسيدرين,حبيبات هيمرسيدرين,حبيبات هيموسيدرين,حبيبات هيمرسيدرين,0.8728601932525635,0.811559796333313,0.8410945534706116,Correct
390,ما هو أول عنصر من عناصر الدراسة العلمية المنهجية؟,ANSWER: ملاحظة,الاختبار والنتائج .,ملاحظة,الاختبار والنتائج .,0.3647325038909912,0.3035297989845276,0.33132854104042053,Incorrect
391,ماذا تشير النجمة بعد رمز الجين؟,ANSWER: stop codon (كودون التوقف),لترميز الجينات,stop codon (كودون التوقف),لترميز الجينات,0.41867929697036743,0.4633808732032776,0.4398973882198334,Incorrect
392,ما يُعرف بامتصاص بعض المواد الضوء بطول موجة ومن ثم إصداره بطول موجة أطول؟,ANSWER: فلوريسنس (fluorescence),التألق,فلوريسنس (fluorescence),التألق,0.4025222063064575,0.5410615801811218,0.46162155270576477,Correct
393,ما يُدعى نوع وترتيب الأحماض الأمينية في البروتين؟,ANSWER: ترتيب أولي (Primary Structure),البنية الأولية,ترتيب أولي (Primary Structure),البنية الأولية,0.5812984704971313,0.5494682788848877,0.5649353861808777,Correct
394,ماذا ينتج عند حدوث خلل في تنظيم السبيل الإشاري WNT؟,ANSWER: تكوين أورام عضلية ليفية (Leiomyoma) أو سرطانات عضلية ليفية (Leiomyosarcoma),سرطان أمعاء,تكوين أورام عضلية ليفية (Leiomyoma) أو سرطانات عضلية ليفية (Leiomyosarcoma),سرطان أمعاء,0.4922131597995758,0.4949163794517517,0.4935610592365265,Incorrect
395,ما هي الشعبة التي ينتمي إليها الإنسان؟,ANSWER: Primates,الثدييات .,Primates,الثدييات .,0.41586536169052124,0.4187186360359192,0.41728711128234863,Incorrect
396,ما هي نتيجة التطور التي تؤدي إلى التكيف؟,ANSWER: تكامل الأعضاء,الاصطفاء الطبيعي .,تكامل الأعضاء,الاصطفاء الطبيعي .,0.5326375961303711,0.4984539747238159,0.5149791240692139,Incorrect
397,أين تكثر جزر CpG؟,ANSWER: مناطق الترويص (promoter regions),المحضضات.,مناطق الترويص (promoter regions),المحضضات.,0.49208831787109375,0.46448391675949097,0.4778878092765808,Incorrect
398,ما هو الأساس الأزوتي المتمم للتايمين في الرنا؟,ANSWER: 1-ميثيل-أدينين (1-methyladenine),اليوراسيل,1-ميثيل-أدينين (1-methyladenine),اليوراسيل,0.39338386058807373,0.4654206335544586,0.42638102173805237,Incorrect
399,ما هو الموقع الذي يبدأ فيه انتساخ الجينات المرمزة للبروتينات بارتباط انزيم الرنا بوليميراز؟,ANSWER: نهاية 5' لجينوم الدنا (5' terminus of DNA genome),المطلق القريب .,نهاية 5' لجينوم الدنا (5' terminus of DNA genome),المطلق القريب .,0.4321482479572296,0.38358038663864136,0.40641844272613525,Incorrect
400,أين تقع الجينات المسؤولة عن الزمر الدموية عند البشر؟,ANSWER: على الكروموسوم 9q34,الصيغي 9,على الكروموسوم 9q34,الصيغي 9,0.5551514625549316,0.5465880632400513,0.5508365035057068,Correct
401,ما هو الدور الرئيسي في تعرف جسيم التضفير مواقع التضفير؟,ANSWER: بروتين كوتران 1 (Cot-1),snRNPs.,بروتين كوتران 1 (Cot-1),snRNPs.,0.44866514205932617,0.525521993637085,0.4840618073940277,Incorrect
402,ما هي الصبغيات التي يحدث بينها إزفاء متبادل في حالة ابيضاض الدم النقوي المزمن CML؟,ANSWER: 9;22 (BCR-ABL),9 و 11,9;22 (BCR-ABL),9 و 11,0.4369814395904541,0.5585976839065552,0.49036145210266113,Incorrect
403,ما هو عدد الأنماط الظاهرية المختلفة في الجيل الثاني في حال التفارز المستقل بين المورثتين A و B؟,ANSWER: 3 أنماط ظاهرية مختلفة,8,3 أنماط ظاهرية مختلفة,8,0.19794459640979767,0.3419997990131378,0.2507554888725281,Incorrect
404,ما هو عدد الأنماط الجينية في أعراس فرد متغاير الأليلات AB/ab إذا كان الارتباط بين المورثتين A و B كاملاً؟,"ANSWER: 4 أنماط جينية (AB, Ab, aB, ab)",2,"4 أنماط جينية (AB, Ab, aB, ab)",2,0.22882162034511566,0.3585968613624573,0.2793739438056946,Incorrect
405,ما نوع الوراثة التي يكون فيها والدا الطفل المصاب حاملين متغايري الألائل عديمين الأمراض؟,ANSWER: وراثة متنحية,الجسدية المتنحية,وراثة متنحية,الجسدية المتنحية,0.6669787168502808,0.6669787168502808,0.6669787168502808,Correct
406,ما هو نمط هذا المرض إذا عانى فرد متخالف الألائل من أعراض مرض وكان موضع الجين على الصبغي 5؟,ANSWER: نمط جسدي متنحٍ (Autosomal Recessive),صبغي جسدي سائد,نمط جسدي متنحٍ (Autosomal Recessive),صبغي جسدي سائد,0.4558638334274292,0.4966757595539093,0.4753955006599426,Incorrect
407,ما هو خطر إصابة الطفل بالورم التليفي العصبي في الحمل التالي لأم مصابة أنجبت ذكرًا مصابًا بالمرض علمًا أن زوجها سليم؟,ANSWER: خطر انتقال جيني (autosomal dominant),0.5,خطر انتقال جيني (autosomal dominant),0.5,0.36326149106025696,0.34304875135421753,0.35286587476730347,Incorrect
408,ما هو الاحتمال الأول لطراز انتقال هذا المرض الوراثي عندما ينجب أبوان سليمان طفلين (ذكر وأنثى) مصابين بمرض استقلابي بدأت تظاهراته مبكراً؟,ANSWER: وراثة جسمية متنحية,صبغي جسدي سائد,وراثة جسمية متنحية,صبغي جسدي سائد,0.5299847722053528,0.46405914425849915,0.49483582377433777,Incorrect
409,ما هو القانون الذي ينص على أن زاوية الورود تساوي زاوية الانعكاس؟,ANSWER: قانون انعكاس الضوء (قانون سنيل),للانعكاس,قانون انعكاس الضوء (قانون سنيل),للانعكاس,0.41292423009872437,0.5675547122955322,0.47804614901542664,Correct
410,ما هي الصيغة التي تعطينا التفاصيل الأقل والنسبة الأبسط للذرات الموجودة في الجزيء؟,ANSWER: الصيغة البسيطة (Empirical Formula),الصيغة التجريبية,الصيغة البسيطة (Empirical Formula),الصيغة التجريبية,0.5332001447677612,0.7544087171554565,0.624802827835083,Correct
411,ما هو الذي يعطي لأشعة جاما مصدرا آخر للأشعة السينية التي يمكن أن تكون مفيدة وطاقتها قريبة من طاقة أشعة جاما الأصلية بحيث يمكن عدهما أشعة واحدة؟,ANSWER: إشعاع بيكسيل (Bremsstrahlung),التحول الداخلي,إشعاع بيكسيل (Bremsstrahlung),التحول الداخلي,0.39906132221221924,0.5049001574516296,0.4457847476005554,Incorrect
412,ما هو التواتر المناسب للأمواج التي يمكن استخدامها للكشف عن المواد غير المرئية بالنسبة للتواتر 500GHz؟,ANSWER: THz (تيرا-هرتز),الأعلى,THz (تيرا-هرتز),الأعلى,0.39230525493621826,0.48167794942855835,0.432422012090683,Incorrect
413,ما هو المجال الذي تكون فيه الأمواج تحت الصوتية أصغر منه؟,ANSWER: مجال المخ,20 Hz,مجال المخ,20 Hz,0.46561893820762634,0.4642393887042999,0.46492815017700195,Incorrect
414,ما هو المقدار الذي يتزايد لدى انتثار فوتون عن الكترون بمفعول كومتون؟,ANSWER: طاقة,طوله الموجي,طاقة,طوله الموجي,0.526858925819397,0.6391152143478394,0.5775832533836365,Incorrect
415,ما الذي يعبر عن شدة الموجة الصوتية؟,ANSWER: شدة الصوت (Intensity of Sound),بالواط على المتر المربع .,شدة الصوت (Intensity of Sound),بالواط على المتر المربع .,0.5068390369415283,0.4087212085723877,0.4525226354598999,Incorrect
416,ما هي خصائص الأشعة السينية؟,ANSWER: إشعاع غير مرئي، ذو طاقة عالية، يمر عبر الأجسام، ويُكشف عن التركيب الداخلي.,اشعاعات كهرطيسية وبأطوال موجية أقصر بكثير منها في حالة الضوء المرئي.,إشعاع غير مرئي، ذو طاقة عالية، يمر عبر الأجسام، ويُكشف عن التركيب الداخلي.,اشعاعات كهرطيسية وبأطوال موجية أقصر بكثير منها في حالة الضوء المرئي.,0.5691697597503662,0.6181191802024841,0.5926353931427002,Incorrect
417,ما هي القوة التي تحدث تشوهاً في الجسم وتكون مطبقة على وحدة السطح؟,ANSWER: ضغط,الاجهاد,ضغط,الاجهاد,0.4889160692691803,0.47246992588043213,0.4805523455142975,Incorrect
418,ماذا تعتبر درجة حرارة النواة والغلاف في جسم الإنسان؟,ANSWER: 37 درجة مئوية (نواة) و35.5-36.5 درجة مئوية (غلاف),ثابتة - متغيرة,37 درجة مئوية (نواة) و35.5-36.5 درجة مئوية (غلاف),ثابتة - متغيرة,0.4582276940345764,0.5537903308868408,0.5014971494674683,Incorrect
419,ما هو ثابت التناسب بين تدرج السرعة؟,ANSWER: معامل التربيع (K),معامل لزوجه المائع,معامل التربيع (K),معامل لزوجه المائع,0.5275156497955322,0.565220832824707,0.5457177758216858,Incorrect
420,ما هو الناتج عندما تتفاعل الألدهيدات مع NaBH5؟,ANSWER: تكوين الكحول,أغوال أولية,تكوين الكحول,أغوال أولية,0.5331279635429382,0.5009043216705322,0.516514003276825,Correct
421,ما هي الطريقة التي يجري بها التبادل الحراري بين الجسم والوسط المحيط؟,ANSWER: التبادل الحراري بالتوصيل والاتجاه والتبخير,الأوعية الدموية,التبادل الحراري بالتوصيل والاتجاه والتبخير,الأوعية الدموية,0.5385008454322815,0.5215769410133362,0.5299038290977478,Incorrect
422,ما هو المعيار الذي يستخدمه العلماء لحساب الكتل الذرية النسبية؟,ANSWER: وحدة الكتلة الذرية (u),نظير الكربون 12,وحدة الكتلة الذرية (u),نظير الكربون 12,0.5075769424438477,0.5557230114936829,0.5305599570274353,Incorrect
423,ما هي الوحدة التي يقاس بها الضغط في إطار السيارة في الولايات المتحدة؟,ANSWER: رطل/بوصة مربعة (PSI),الباوند لكل موجه مربعه,رطل/بوصة مربعة (PSI),الباوند لكل موجه مربعه,0.55699622631073,0.6969728469848633,0.6191719770431519,Correct
424,ما هو القانون الذي ينص على أن تغير الحقل المغنطيسي يولد حقلا كهربائيا؟,ANSWER: قانون فاراداي,فارادي,قانون فاراداي,فارادي,0.6246712803840637,0.711527943611145,0.6652765870094299,Correct
425,ما هو وصف جريان المائع المستقر من ناحية سرعته في أي نقطة منه مع الزمن؟,ANSWER: لاميناري (Laminar),ثابتة .,لاميناري (Laminar),ثابتة .,0.3536815643310547,0.4284853935241699,0.38750648498535156,Incorrect
426,ما هي المادة التي تتخذ شكل أسفل الوعاء الذي يحتويها ولها حجم خاص بها؟,ANSWER: المخاط,سائلة,المخاط,سائلة,0.6504952311515808,0.645837664604187,0.648158073425293,Incorrect
427,ما تسمى القوى عندما يكون عمر الحالة المثارة طويلا؟,ANSWER: قوى ممتدة,شبه مستقرة,قوى ممتدة,شبه مستقرة,0.6486580967903137,0.548585057258606,0.5944392085075378,Incorrect
428,ما هو الذي يعطى لأشعة غاما مصدراً آخر للأشعة السينية التي يمكن أن تكون مفيدة وطاقتها قريبة من طاقة أشعة غاما الأصلية بحيث يمكن الحصول على أشعة واحدة؟,ANSWER: مصفاة الموليبدينوم (Molybdenum filter),التحول الداخلي,مصفاة الموليبدينوم (Molybdenum filter),التحول الداخلي,0.45757290720939636,0.44666987657546997,0.4520556628704071,Incorrect
429,ما نوع الكثافة التي تعتبر منها العظام ومستحضرات التباين العائمة مثل اليود والباريوم؟,ANSWER: كثافة عالية,الكلسية.,كثافة عالية,الكلسية.,0.4552638828754425,0.4531189203262329,0.45418888330459595,Incorrect
430,ما هي طبيعة الأشعة السينية؟,ANSWER: إشعاع إكس,اشعاعات كهر طيسية,إشعاع إكس,اشعاعات كهر طيسية,0.7603651285171509,0.6433273553848267,0.6969670653343201,Incorrect
431,ما هو مجموع الكتل الذرية النسبية في مركب أيوني؟,ANSWER: كتلة مولرية,الكتلة الصيغية النسبية,كتلة مولرية,الكتلة الصيغية النسبية,0.7030605673789978,0.6697087287902832,0.6859794855117798,Incorrect
432,أين يقع مجال التيراهرتز؟,ANSWER: بين الميكروويف والمرئي,الأشعة تحت الحمراء والأمواج المكروية .,بين الميكروويف والمرئي,الأشعة تحت الحمراء والأمواج المكروية .,0.44311338663101196,0.4188353419303894,0.43063244223594666,Incorrect
433,لماذا يُستخدم الماء في درجة معينة كمادة مرجعية للوزن النوعي؟,ANSWER: لتوحيد القياسات,قيمتها العظمى,لتوحيد القياسات,قيمتها العظمى,0.5921131372451782,0.5921131372451782,0.5921131372451782,Incorrect
434,ما هي مكونات صمام الأشعة السينية؟,ANSWER: أنود، كاثود، نافذة، جهد عاليVoltage,المسدد,أنود، كاثود، نافذة، جهد عاليVoltage,المسدد,0.35835570096969604,0.442025363445282,0.39581722021102905,Incorrect
435,ما الذي تتعلق به الطاقة التي يصدرها الجسم الأسود وفقاً لدراسة تغير تابع إشعاع الجسم الأسود؟,ANSWER: ثابت ستيفان-بولتزمان,درجة حرارته المطلقة,ثابت ستيفان-بولتزمان,درجة حرارته المطلقة,0.37673479318618774,0.409723699092865,0.392537385225296,Incorrect
436,ما هي قوة اللزوجة بالنسبة لاتجاه جريان المائع؟,ANSWER: معاكس لاتجاه الجريان,تعاكسه .,معاكس لاتجاه الجريان,تعاكسه .,0.44318291544914246,0.459817111492157,0.45134684443473816,Correct
437,ما هي الطاقة التي يمكن بها تفكيك رابطة في خلايا النسج؟,ANSWER: ATP (أدينوسين ثلاثي الفوسفات),فوتون أشعة سينينة.,ATP (أدينوسين ثلاثي الفوسفات),فوتون أشعة سينينة.,0.48848411440849304,0.4975746273994446,0.4929874837398529,Incorrect
438,ما يجب أن يكون عليه ضغط الهواء داخل القاعة في حالة الثوران بالنسبة لضغط الماء خارجها حيث تتوازن قوة الضغط نحو الخارج مع قوة التوتر السطحي نحو الداخل؟,ANSWER: مساواة الضغط الهوائي مع ضغط ماء التوتر السطحي (equilibrium of air pressure with surface tension water pressure),اکبر,مساواة الضغط الهوائي مع ضغط ماء التوتر السطحي (equilibrium of air pressure with surface tension water pressure),اکبر,0.14671912789344788,0.2793979048728943,0.19240261614322662,Incorrect
439,ما هو المجال الموجي لأشعة UVC؟,ANSWER: 100-280 نانومتر,100-280nm,100-280 نانومتر,100-280nm,0.8319159746170044,0.8319159746170044,0.8319159746170044,Correct
440,ما هي طبيعة الارتباط بين قرينة الانكسار لوسط مادي معين وسرعة الأمواج في ذلك الوسط؟,ANSWER: علاقة عكسيّة,عكسيا - سرعة,علاقة عكسيّة,عكسيا - سرعة,0.5890192985534668,0.559843897819519,0.5740611553192139,Correct
441,ما هي الخاصية التي يميزها التواتر والطول الموجي؟,ANSWER: تعدد الأطوار والطول الموجي: تعدد الترددات (Polyfrequency),الموجة,تعدد الأطوار والطول الموجي: تعدد الترددات (Polyfrequency),الموجة,0.04186448082327843,0.09352557361125946,0.0578388087451458,Incorrect
442,ما هي الطاقة التي تحملها الموجة في وحدة الزمن؟,ANSWER: طاقة الموجة:瓦特/هرتز (Watt/Hertz),استطاعة الموجة الضوئية,طاقة الموجة:瓦特/هرتز (Watt/Hertz),استطاعة الموجة الضوئية,0.4466772675514221,0.5099258422851562,0.4762106239795685,Incorrect
443,ما هي قابلية العين التي تسمح بالمطابقة لكل أبعاد الجسم عن العين مع الاستمرار بتشكيل خيال على بعد ثابت من العدسة يتحدد بالفاصل بين العدسة والشبكية؟,ANSWER: القدرة على التكيف (Accommodation),تعديل شكل العدسة,القدرة على التكيف (Accommodation),تعديل شكل العدسة,0.503216564655304,0.39358288049697876,0.4416983723640442,Correct
444,كيف يؤثر الضغط على توازن التفاعلات التي تكون متفاعلاتها ومنتجاتها؟,ANSWER: يغير كينيتيكا التفاعل (kinetics) وثباتية المنتج (product stability),غازات,يغير كينيتيكا التفاعل (kinetics) وثباتية المنتج (product stability),غازات,0.33211275935173035,0.37286683917045593,0.3513118326663971,Incorrect
445,ما هو التواتر في حالة الأمواج الصوتية؟,ANSWER: تكرار الموجة الصوتية في الثانية (Hz),عدد الإنضغاطات الاي تمر في نقطة معينة في الثانية,تكرار الموجة الصوتية في الثانية (Hz),عدد الإنضغاطات الاي تمر في نقطة معينة في الثانية,0.6145355701446533,0.6191486120223999,0.6168334484100342,Correct
446,ما هو شكل الطاقة التي تصدرها أجسامنا حتى في درجات الحرارة العادية؟,ANSWER: إشعاع حراري (thermal radiation),إشعاع كهرطيسي,إشعاع حراري (thermal radiation),إشعاع كهرطيسي,0.6059870719909668,0.6759604811668396,0.6390640735626221,Correct
447,ما هي التحولات التي تحافظ على العدد الكتلي؟,ANSWER: التفاعلات الإيزوتوبية,الايزوبارية,التفاعلات الإيزوتوبية,الايزوبارية,0.7156057357788086,0.6159610748291016,0.6620550751686096,Incorrect
448,ما هو القانون الذي يربط بين معدل الجريان الحجمي في وعاء دموي من جهة وفارق الضغط بين طرفي الوعاء ونصف قطره الداخلي وطوله ولزوجة الدم؟,ANSWER: قانون هاغن-بوزي,قانون بورواري,قانون هاغن-بوزي,قانون بورواري,0.5250881910324097,0.6213089227676392,0.5691604614257812,Correct
449,ما نوع الجريان عندما تكون سرعة المائع في أي نقطة منه ثابتة مع مرور الزمن؟,ANSWER: جريان مستقر (Steady Flow),مستقر,جريان مستقر (Steady Flow),مستقر,0.45145270228385925,0.6935884356498718,0.5469189882278442,Correct
450,ما هي آلية انتقال الحرارة في الموائع؟,ANSWER: التوصيل والخلالة والاشعاع,الحمل,التوصيل والخلالة والاشعاع,الحمل,0.5169932842254639,0.5884841680526733,0.5504270792007446,Incorrect
451,ما هي صفات الخيال في المصورات ذات الثقب؟,ANSWER: مزدوجة، متقاربة، متشابكة,خیال حقيقي مقلوب.,مزدوجة، متقاربة، متشابكة,خیال حقيقي مقلوب.,0.4716135263442993,0.4280546009540558,0.4487795829772949,Incorrect
452,ما هي العلاقة التناسبية لقرينة الانكسار لأي وسط معين؟,ANSWER: معكوس كثافة المادة,عكسيا مع سرعة الأمواج في ذلك الوسط,معكوس كثافة المادة,عكسيا مع سرعة الأمواج في ذلك الوسط,0.6140490770339966,0.5994277000427246,0.6066502928733826,Incorrect
453,ما هي الأشعة التي حققت حلم الإنسان القديم في رؤية داخل الجسم من دون بضع؟,ANSWER: أشعة إكس (أشعة سينية),الاشعة السينية,أشعة إكس (أشعة سينية),الاشعة السينية,0.6976931095123291,0.7529172897338867,0.7242540121078491,Correct
454,ما هو المركب الذي يتشكل من تفاعل حمض الآزوت المركز بوجود حمض الكبريت المركز مع نترو البنزين؟,ANSWER: نترامين,ميتا ثنائي نترو البنزن,نترامين,ميتا ثنائي نترو البنزن,0.6728226542472839,0.47126197814941406,0.5542871356010437,Incorrect
455,ما هي التبادلات التي تجري بين الجسم الصلب والمانع المتحرك الذي يختلف عنه في درجة الحرارة؟,ANSWER: تبادل حراري (heat exchange),الحمل,تبادل حراري (heat exchange),الحمل,0.4417950212955475,0.4047049283981323,0.4224374294281006,Incorrect
456,ما هي وظيفة الحقل الكهربائي في الأفران الكروية؟,ANSWER: تنظيم حركة الأيونات والجزيئات,يجعل جزيئات الماء تقوم بحركة دورانية,تنظيم حركة الأيونات والجزيئات,يجعل جزيئات الماء تقوم بحركة دورانية,0.6806690096855164,0.6574873924255371,0.668877363204956,Incorrect
457,ما هي طبيعة الإشعاعات الكهرومغناطيسية؟,ANSWER: غير مؤينة (غير متموضعة),مثنوية .,غير مؤينة (غير متموضعة),مثنوية .,0.4456329643726349,0.4975276589393616,0.4701526165008545,Incorrect
458,ما هو التفاعل الذي تخضع له هالوجينات الألكانات بالقلويات؟,ANSWER: نزع هالوجين (dehalogenation),استبدال نكليوفيلي,نزع هالوجين (dehalogenation),استبدال نكليوفيلي,0.4985428750514984,0.5137218236923218,0.5060185790061951,Incorrect
459,ما هي استخدامات الليزر الصباغي؟,ANSWER: علاج الأوعية الدموية والشعيرات والكلف والبقع الجلدية والشعر الزائد.,معالجة الوحمات الوعائية .,علاج الأوعية الدموية والشعيرات والكلف والبقع الجلدية والشعر الزائد.,معالجة الوحمات الوعائية .,0.6250340938568115,0.6982153654098511,0.659601092338562,Incorrect
460,ماذا تصدر النظائر المشعة في التصوير بالأصدر البوزتروني؟,ANSWER: فلور-18-ديوكسي-جلوكوز (FDG),بوزترونات,فلور-18-ديوكسي-جلوكوز (FDG),بوزترونات,0.39715200662612915,0.42015498876571655,0.4083297848701477,Incorrect
461,ما هي الأشعة التي ساهمت في تقدم علم البلورات؟,ANSWER: أشعة إكس (X-rays),X-RAY,أشعة إكس (X-rays),X-RAY,0.5482050180435181,0.5782780647277832,0.5628401041030884,Correct
462,ما الذي يتم التحكم في ارتفاع النهاية المدببة للحفاظ عليه عندما نمسح سطح المعدن في مجهر STM؟,ANSWER: قوة فان دير فالس,ثبات التيار النفقي,قوة فان دير فالس,ثبات التيار النفقي,0.48541930317878723,0.6256074905395508,0.5466690063476562,Incorrect
463,ما هو معدل الإشعاع من سطح إلى معدل الإشعاع من مساحة مساوية من سطح مشع مثالي في درجة الحرارة نفسها؟,ANSWER: إمتصاصية,الإصدارية,إمتصاصية,الإصدارية,0.7147279977798462,0.7147279977798462,0.7147279977798462,Incorrect
464,ما هي الجزئيات التي يمكن الاستفادة من تفاعلها في التصوير؟,ANSWER: جزيئات التباين المغناطيسي (SPIO) وجزيئات الدايود (Lipiodol) وجزيئات الغادولينيوم (Gadolinium-based),فوتونات الفلورة السينية .,جزيئات التباين المغناطيسي (SPIO) وجزيئات الدايود (Lipiodol) وجزيئات الغادولينيوم (Gadolinium-based),فوتونات الفلورة السينية .,0.4704829752445221,0.5517765283584595,0.5078974366188049,Incorrect
465,ما هو الوسط الذي تكون فيه كثافة الأيونات الموجبة والسالبة أكبر من كثافة الأيونات المعتدلة؟,ANSWER: نسيج عضلي,بلازما,نسيج عضلي,بلازما,0.5344030857086182,0.5344030857086182,0.5344030857086182,Incorrect
466,ما هو الإجراء المستخدم للاطمئنان على صحة الجنين عند المرأة الحامل؟,ANSWER: فحص الموجات فوق الصوتية (Ultrasound),الإيكو غرافي .,فحص الموجات فوق الصوتية (Ultrasound),الإيكو غرافي .,0.42353251576423645,0.42328304052352905,0.4234077036380768,Correct
467,ما يُدعى الضغط الذي يسببه عمود من الزئبق ارتفاعه 1 مم؟,ANSWER: 0.1333 ملم زئبقي (mmHg),التور .,0.1333 ملم زئبقي (mmHg),التور .,0.36682724952697754,0.49815839529037476,0.42252281308174133,Incorrect
468,ما هي الظاهرة التي تنقسم فيها نواة ذات عدد كتلي كبير إلى نواتين أو أكثر لكل منهما عدد كتلي متوسط؟,ANSWER: انشطار نووي,ظاهرة الإنشطار النووي,انشطار نووي,ظاهرة الإنشطار النووي,0.8048632144927979,0.7058089971542358,0.7520886659622192,Correct
469,ما هو مجال الأشعة الذي يشع فيه جسم الإنسان بشكل قريب جداً من إشعاع الجسم الأسود؟,ANSWER: الأشعة تحت الحمراء القريبة (NIR),تحت الحمراء,الأشعة تحت الحمراء القريبة (NIR),تحت الحمراء,0.3374027907848358,0.4816861152648926,0.39683660864830017,Correct
470,ما هي الأشعة التي اشتهرت بانتزاع جزيئات الماء لدى تفاعلها مع النسج؟,ANSWER: الأشعة المؤينة (Ionizing Radiation),الأشعة تحت الحمراء.,الأشعة المؤينة (Ionizing Radiation),الأشعة تحت الحمراء.,0.4644695520401001,0.5971890687942505,0.5225335955619812,Incorrect
471,ما هي الظاهرة التي تنقسم فيها نواة ذات عدد كتلي كبير إلى نواتين أو أكثر لكل منهما عدد كتلي متوسط؟,ANSWER: انشطار نووي,ظاهرة الانشطار النووي.,انشطار نووي,ظاهرة الانشطار النووي.,0.7472013235092163,0.5744026899337769,0.6495053768157959,Correct
472,ما هي طريقة العلاج الفيزيائي التي تستعمل فيها تيارات كهربائية عالية التردد لإحداث الحرارة في الأنسجة العميقة؟,ANSWER: دياثيرمي الكهربائي (Diathermy),تسخين موضعي في الانسجة الحية,دياثيرمي الكهربائي (Diathermy),تسخين موضعي في الانسجة الحية,0.47692954540252686,0.5849382877349854,0.5254408121109009,Correct
473,كيف تتولد الأشعة السينية؟,ANSWER: عن طريق تCELERATION إلكترونات في أنبوب الأشعة السينية,تسرع الالكترونات بكمون مرتفع في أنبوب الفراغ ويسمح لها بالسقوط على سطح داخل الانبوب .,عن طريق تCELERATION إلكترونات في أنبوب الأشعة السينية,تسرع الالكترونات بكمون مرتفع في أنبوب الفراغ ويسمح لها بالسقوط على سطح داخل الانبوب .,0.5833727121353149,0.5619757175445557,0.5724743604660034,Incorrect
474,ما هو الأساس الذي تترتب وفقه العناصر في الجدول الدوري حالياً؟,ANSWER: الرقم الذري (النووي),إعدادها الذرية,الرقم الذري (النووي),إعدادها الذرية,0.5410729050636292,0.5929794311523438,0.5658382773399353,Correct
475,ما هو الشرط الذي يجب أن تحققه النقطتان لتطبيق معادلة برنولي على جريان أي مائع مثالي؟,ANSWER: مستويان من الضغط ثابتان,خط الانحناء نفسه,مستويان من الضغط ثابتان,خط الانحناء نفسه,0.46183982491493225,0.5026254653930664,0.4813702702522278,Incorrect
476,ما هي الأمواج التي تستخدم في تفتيت الحصى؟,ANSWER: أمواج شوكية (Shock Waves),الأمواج فوق الصوتية,أمواج شوكية (Shock Waves),الأمواج فوق الصوتية,0.5689418315887451,0.6184799671173096,0.5926775336265564,Incorrect
477,ما هو المجهر الذي يمسح العينة نقطة فنقطة ولكنه يكشف عن الالكترونات النافذة؟,ANSWER: مجهر مسح إلكتروني نافذ (STEM),STEM,مجهر مسح إلكتروني نافذ (STEM),STEM,0.4554995596408844,0.7194324135780334,0.5578214526176453,Correct
478,من أين تشتق قوة المقاومة من اللزوجة عندما تكون السرعة النسبية بين الجسم والمائع كافية لأن يكون الجريان حول الجسم رقائقياً؟,ANSWER: من طبقة الحد,منخفضة,من طبقة الحد,منخفضة,0.4954385757446289,0.5016099810600281,0.498505175113678,Incorrect
479,ما هي الرابطة التي تبقى صلبة دائماً؟,ANSWER: رابطة ليفي,الأيونية,رابطة ليفي,الأيونية,0.5878994464874268,0.5785971879959106,0.5832112431526184,Incorrect
480,كم عدد العدسات في مجهر SEM؟,ANSWER: لا عدسات (uses electromagnetic lenses),اثنتان,لا عدسات (uses electromagnetic lenses),اثنتان,0.29913097620010376,0.381676584482193,0.3353995680809021,Incorrect
481,ما هي الحالة التي تتولد فيها الأمواج الصادمة بالنسبة لسرعة منبع الأمواج الصوتية؟,ANSWER: سرعة فوق الصوتية,تتجاوز سرعة الموجة الصوتية .,سرعة فوق الصوتية,تتجاوز سرعة الموجة الصوتية .,0.6700334548950195,0.6338400840759277,0.6514344215393066,Correct
482,ما هو العدد النيوكلوني في نواة ذرة ما؟,ANSWER: عدد البروتونات + عدد النيوترونات,مجموع البروتونات والنترونات,عدد البروتونات + عدد النيوترونات,مجموع البروتونات والنترونات,0.7482547760009766,0.8194930553436279,0.7822553515434265,Correct
483,ما هو سبب تخامد الأشعة السينية في الجسم المدروس؟,ANSWER: امتصاص الأشعة السينية من قبل الأنسجة الكثيفة (مثل العظام),امتصاص الجسم لها,امتصاص الأشعة السينية من قبل الأنسجة الكثيفة (مثل العظام),امتصاص الجسم لها,0.5456426739692688,0.5852073431015015,0.5647328495979309,Correct
484,ما يُستخدم لقياس درجة التشوه؟,ANSWER: مقياس غلاسكو,انفعال,مقياس غلاسكو,انفعال,0.48877108097076416,0.5840933918952942,0.5321975946426392,Incorrect
485,ما هي الوحدة التي يقيسها الروتنجن؟,ANSWER: راد (Rad),التعرض للإشعاع .,راد (Rad),التعرض للإشعاع .,0.3861590623855591,0.42902329564094543,0.40646421909332275,Incorrect
486,ما تتألف منه الحلقة البنزنية؟,ANSWER: ستة ذرات كربون,ستة كربونات,ستة ذرات كربون,ستة كربونات,0.7040684819221497,0.7319959402084351,0.7177606225013733,Correct
487,ماذا يشير انزياح الضوء من المجرات البعيدة نحو الترددات الأخفض؟,ANSWER: انزياح أحمر,ابتعاد المجرات عنا,انزياح أحمر,ابتعاد المجرات عنا,0.5323151350021362,0.48937636613845825,0.509943425655365,Incorrect
488,ما هي الوحدة التي يقيسها الرونتجن؟,ANSWER: جراي (Gray) - في السياق الحديث، لكن التاريخيًا: رونتجن (Röntgen),التعرض للإشعاع.,جراي (Gray) - في السياق الحديث، لكن التاريخيًا: رونتجن (Röntgen),التعرض للإشعاع.,0.3651779890060425,0.41385117173194885,0.38799405097961426,Incorrect
489,ما هي النظائر؟,ANSWER: مركبات كيميائية متشابهة بالبنية ولكنها تختلف في عدد النيوترونات في نواة الذرة.,لها نفس عدد البروتونات وتختلف بعدد النترونات,مركبات كيميائية متشابهة بالبنية ولكنها تختلف في عدد النيوترونات في نواة الذرة.,لها نفس عدد البروتونات وتختلف بعدد النترونات,0.6509640216827393,0.6941487193107605,0.6718631386756897,Incorrect
490,ما هي زاوية الورود التي يكون الضوء المنعكس عندها مستقطبا كليا؟,ANSWER: 90 درجة (زاوية مستقيمة),زاوية بروستو,90 درجة (زاوية مستقيمة),زاوية بروستو,0.508639931678772,0.49615639448165894,0.5023206472396851,Incorrect
491,كيف يمكن توليد الأمواج فوق الصوتية؟,ANSWER: بواسطة الموجات الترansducerية,بلورات كهر ضغطية,بواسطة الموجات الترansducerية,بلورات كهر ضغطية,0.6997642517089844,0.5823236703872681,0.6356651186943054,Incorrect
492,أين تشكل العين مديدة البصر (العين الطامسة) خيال الجسم القريب؟,ANSWER: أمام نقطة远 (Focal Point: In front of the near point) - في هذا السياق، العين مديدة البصر (العين الطامسة) تشكل خيال الجسم القريب أم,وراء الشبكية.,أمام نقطة远 (Focal Point: In front of the near point) - في هذا السياق، العين مديدة البصر (العين الطامسة) تشكل خيال الجسم القريب أم,وراء الشبكية.,0.39792388677597046,0.4742363691329956,0.43274152278900146,Incorrect
493,ما هو الاضطراب الذي يمثل هذه الحالة؟,ANSWER: متلازمة توريت (Tourette Syndrome),الحدية للجريان المستقر,متلازمة توريت (Tourette Syndrome),الحدية للجريان المستقر,0.40756654739379883,0.45758742094039917,0.43113094568252563,Incorrect
494,متى يأخذ احتمال وجود الالكترون قيمة عظمى في الحالة الأساسية في ذرة هيدروجين؟,ANSWER: عند مستوى 1s (orbit 1s),بعده عن النواة أصغر من نصف قطر بور,عند مستوى 1s (orbit 1s),بعده عن النواة أصغر من نصف قطر بور,0.48381608724594116,0.472648024559021,0.4781668782234192,Incorrect
495,ما ينص عليه قانون الانعكاس الأول؟,ANSWER: قوة معاكسة مساوية وقدرتها متساوية مع القوة المؤثرة,زاوية الورود تساوي زاوية الانعكاس.,قوة معاكسة مساوية وقدرتها متساوية مع القوة المؤثرة,زاوية الورود تساوي زاوية الانعكاس.,0.5282846689224243,0.5242065191268921,0.5262377262115479,Incorrect
496,ما هو الانفعال في حالة التشوه التحددي أو الانضغاطي؟,ANSWER: انفعال مفرط (Hypertonia),التغير النسبي في الطول زيادة أو نقصانا,انفعال مفرط (Hypertonia),التغير النسبي في الطول زيادة أو نقصانا,0.5338917970657349,0.4767283797264099,0.5036934614181519,Incorrect
497,ما هو وزن الحجم المنغمس من الجسم عندما يكون الجسم مغموساً وليس مغموراً كلياً نتيجة كون كثافة المائع أكبر من كثافة الجسم؟,ANSWER: وزن عومدي جزئي,وزن الجسم,وزن عومدي جزئي,وزن الجسم,0.514363169670105,0.6953127384185791,0.5913043022155762,Incorrect
498,ما اسم الجهاز الذي يصور مقاطع في الجسم البشري بالأشعة السينية والاستعانة بالحاسب؟,ANSWER: الماسح المقطعي المحوسب (CT Scanner),الماسح .,الماسح المقطعي المحوسب (CT Scanner),الماسح .,0.533515214920044,0.5937982797622681,0.5620449185371399,Correct
499,ما هو العنصر الأكثر استخداماً في التصوير بالتجاوب المغناطيسي؟,ANSWER: الهيدروجين-1 (Proton),الهيدروجين,الهيدروجين-1 (Proton),الهيدروجين,0.5428458452224731,0.7763896584510803,0.6389456391334534,Correct
500,ما هو سبب تخامد الأشعة السينية في الجسم المدروس؟,ANSWER: امتصاص الأشعة السينية من قبل الأنسجة الكثيفة (مثل العظام),امتصاص الجسم لها,امتصاص الأشعة السينية من قبل الأنسجة الكثيفة (مثل العظام),امتصاص الجسم لها,0.5456426739692688,0.5852073431015015,0.5647328495979309,Correct
501,ما هي الخطوة الأولى في التفاعلات؟,ANSWER: ربط المستقبلات بالليганدين (binding of receptors to ligands),المبادرة,ربط المستقبلات بالليганدين (binding of receptors to ligands),المبادرة,0.4403644800186157,0.435596764087677,0.4379676282405853,Incorrect
502,ماذا يزداد عندما ترتد الفوتونات التي تعبر الثقب في الحجرة عن الجدران مرات عديدة قبل أن تغادر؟,ANSWER: تزداد إشعاعية,احتمال امتصاتصها,تزداد إشعاعية,احتمال امتصاتصها,0.5648747682571411,0.555889368057251,0.5603460669517517,Incorrect
503,كيف تعمل الحزم الإلكترونية على معالجة الأورام؟,ANSWER: تدمير الخلايا السرطانية بالتأين,القريبة من الجلد,تدمير الخلايا السرطانية بالتأين,القريبة من الجلد,0.5806648135185242,0.49309343099594116,0.5333081483840942,Incorrect
504,ما هو السبب وراء تكرار الطراز (الدورية في الجدول الدوري) الناجم عن ترتيب العناصر؟,ANSWER: قاعدة أوفباخ,ازدياد أعدادها البروتونية,قاعدة أوفباخ,ازدياد أعدادها البروتونية,0.5555415153503418,0.49465370178222656,0.5233325362205505,Incorrect
505,ما هو المركب الذي يتشكل عند أكسدة الكيلات البنزن (مثل ميتيل البنزن) ببرمنغنات البوتاسيوم (VII) القلوية أو بأي مؤكسد قوي آخر؟,ANSWER: بنزوquinone,حمض البنزويك,بنزوquinone,حمض البنزويك,0.6131571531295776,0.5848602652549744,0.5986745357513428,Incorrect
506,ما هي النوى التي لها عدد N ثابت حيث تحوي العدد نفسه من النترونات؟,ANSWER: النوى الإستable (النوى المستقرة),ايزوتونات,النوى الإستable (النوى المستقرة),ايزوتونات,0.4139195382595062,0.4510194659233093,0.4316738545894623,Incorrect
507,ماذا يحدث إذا كانت الحقول الكهربائية لمنبع الأمواج الكهرطيسية لها اتجاهات عشوائية عند انتشاره؟,ANSWER: توزيع عشوائي لشدة المجال الكهربي,غير مستقطب,توزيع عشوائي لشدة المجال الكهربي,غير مستقطب,0.4078160524368286,0.4547395408153534,0.430001437664032,Incorrect
508,ما هو التفاعل الذي تخضع له الألكانات مع الهالوجينات في ضوء الشمس؟,ANSWER: تفاعل فOTO-هالوجينasyon (تفاعل光-هالوجين),استبدال,تفاعل فOTO-هالوجينasyon (تفاعل光-هالوجين),استبدال,0.2793205976486206,0.4416005313396454,0.34219586849212646,Correct
509,ما هو الشيء الذي تهتز حوله الذرتان في الجزيء ثنائي الذرة؟,ANSWER: رابطة كيميائية (bond),مركز كتلتيهما,رابطة كيميائية (bond),مركز كتلتيهما,0.5009008049964905,0.4863663911819458,0.4935266077518463,Incorrect
510,ما هي البنية لأكسيد المغنزيوم؟,ANSWER: MgO (أكسيد المغنزيوم) - بنية بلورية مكعبة مركزية الوجه.,ايونية عملاقة,MgO (أكسيد المغنزيوم) - بنية بلورية مكعبة مركزية الوجه.,ايونية عملاقة,0.43004369735717773,0.5553184151649475,0.48471760749816895,Incorrect
511,ماذا يزداد عندما ترتد الفوتونات التي تعبر الثقب في الحجرة عن الجدران مرات عديدة قبل أن تغادر؟,ANSWER: تزداد إشعاعية,احتمال امتصاتصها,تزداد إشعاعية,احتمال امتصاتصها,0.5648747682571411,0.555889368057251,0.5603460669517517,Incorrect
512,ما هي وحدة قياس الجرعة المكافئة للإشعاع؟,ANSWER: سيفرت (Sv),بالسفرت .,سيفرت (Sv),بالسفرت .,0.43696051836013794,0.5134192109107971,0.47211429476737976,Correct
513,ما هي طريقة التصوير التي يمكن اعتبارها الأقل ضرراً على الجسم؟,ANSWER: التصوير بالرنين المغناطيسي (MRI),التصوير الحراري.,التصوير بالرنين المغناطيسي (MRI),التصوير الحراري.,0.5395277738571167,0.5909073948860168,0.5640498995780945,Incorrect
514,ما هي أعمار النصف للنظائر المشعة المستخدمة في تقنية الـ PET؟,ANSWER: 2 دقائق (فلور-18)، 1.2 ساعات (نيترون-13)، 20 دقيقة (أوكسجين-15),قصيرة نسبيا,2 دقائق (فلور-18)، 1.2 ساعات (نيترون-13)، 20 دقيقة (أوكسجين-15),قصيرة نسبيا,0.315979540348053,0.4581770896911621,0.3740188479423523,Incorrect
515,ما هي المماكبات (الإيزوميرات)؟,ANSWER: أشكال بروتينية متعددة من نفس الجين,تختلف في طاقتها الداخلية فقط .,أشكال بروتينية متعددة من نفس الجين,تختلف في طاقتها الداخلية فقط .,0.5921592116355896,0.47860583662986755,0.5293614268302917,Incorrect
516,ما هو القانون الذي تمثل معادلة برنولي المطبقة على جريان المائع أحد أشكال انحفاظه؟,ANSWER: قانون حفظ الطاقة (conservation of energy),الطاقة .,قانون حفظ الطاقة (conservation of energy),الطاقة .,0.4873350262641907,0.5631784200668335,0.5225188732147217,Correct
517,ماذا يستخدم قانون ستوكس لقياسه؟,ANSWER: قياس ضغط الدم,مقاومة اللزوجة .,قياس ضغط الدم,مقاومة اللزوجة .,0.4621889591217041,0.446408748626709,0.45416179299354553,Incorrect
518,ما هو العلم الذي يقوم بحساب البعد بين الذرات عند معرفة الطول الموجي للأشعة السينية وقياس الزاوية؟,ANSWER: علم البلورة بالأشعة (X-ray Crystallography),علم البلورات,علم البلورة بالأشعة (X-ray Crystallography),علم البلورات,0.5744901299476624,0.7813129425048828,0.6621265411376953,Correct
519,ما هي الأوساط التي تنتشر فيها الأمواج العرضانية؟,ANSWER: الألياف العضلية المخططة (Striated muscle fibers),الجسم الصلب,الألياف العضلية المخططة (Striated muscle fibers),الجسم الصلب,0.5359863638877869,0.5257250070571899,0.5308061242103577,Incorrect
520,ما هي الخصائص التي تتمتع بها حزمة الفوتونات من أشعة X عالية الطاقة والتي تجعلها تستخدم في الطب النووي عند المعالجة عن بعد؟,ANSWER: عمق الاختراق العالي والقصور في التبديد داخل الأنسجة البيولوجية,قدرة اختراق عالية تسمح بتدمير الأورام السطحية والعميقة .,عمق الاختراق العالي والقصور في التبديد داخل الأنسجة البيولوجية,قدرة اختراق عالية تسمح بتدمير الأورام السطحية والعميقة .,0.601608157157898,0.6170969009399414,0.6092541217803955,Correct
521,ما هو القانون الذي ينص على أن تشوه مادة يتناسب طرديا مع القوى التي تحدث التشوه؟,ANSWER: قانون هوك (Hooke's Law),قانون هوك,قانون هوك (Hooke's Law),قانون هوك,0.3940677344799042,0.7342252731323242,0.5128711462020874,Correct
522,علام نعتمد لتفسير لثنائية الإصدار في طيف بخار الصوديوم؟,ANSWER: مبدأ زايمن-بوش-فينكل (Zeeman-Böhm-Finkelstein),النظرية الذرية,مبدأ زايمن-بوش-فينكل (Zeeman-Böhm-Finkelstein),النظرية الذرية,0.4250991642475128,0.49082762002944946,0.4556049704551697,Incorrect
523,ما هي المعادلة التي تعبر عن انخفاض الطاقة في الموائع؟,ANSWER: معادلة برنولي,معادلة بيرنولي,معادلة برنولي,معادلة بيرنولي,0.9199733138084412,0.9199733138084412,0.9199733138084412,Correct
524,متى يحدث تفاعل اشعاع الليزر مع النسج؟,ANSWER: عند امتصاص الطاقة الضوئية,تمتصه النسج .,عند امتصاص الطاقة الضوئية,تمتصه النسج .,0.5789655447006226,0.5319437384605408,0.5544595718383789,Correct
525,ما هي البنية التي تأخذها الشبكات الأيونية لكلوريد الصوديوم وأكسيد المغنزيوم؟,ANSWER: بنية مكعبة (cubic structure),مكعبية,بنية مكعبة (cubic structure),مكعبية,0.5509703159332275,0.47221505641937256,0.5085617899894714,Correct
526,ما هو العمل الذي يقوم به المائع على المائع الذي يتقدمه في وحدة الجريان؟,ANSWER: ضغط ديناميكي,الضغط,ضغط ديناميكي,الضغط,0.517835259437561,0.7913168668746948,0.6260109543800354,Incorrect
527,ما هي الكمية الوسطية للأوزون في الغلاف الجوي؟,ANSWER: 0.5 جزء في المليون (ppm),300 DU,0.5 جزء في المليون (ppm),300 DU,0.6128295660018921,0.6423417329788208,0.6272386908531189,Incorrect
528,ما هو النكليد الإشعاعي المماكب الذي يشيع استخدامه في التشخيص الطبي؟,ANSWER: تكنيتيوم-99m,التكنسيوم - 99,تكنيتيوم-99m,التكنسيوم - 99,0.722415566444397,0.7727348804473877,0.7467284798622131,Correct
529,كيف يتغير نصف القطر الذري عبر الدور الثالث من اليسار إلى اليمين؟,ANSWER: يقل نصف القطر الذري مع زيادة الرقم الذري.,يتناقص,يقل نصف القطر الذري مع زيادة الرقم الذري.,يتناقص,0.34065109491348267,0.5514899492263794,0.4211568534374237,Correct
530,إذا كان الإشعاع وحيد الطول الموجي فمن أي نوع من الفوتونات يكون مؤلفاً؟,ANSWER: فوتونات أحادية اللون (monochromatic photons),المتساوية الطاقات,فوتونات أحادية اللون (monochromatic photons),المتساوية الطاقات,0.5158427357673645,0.48505014181137085,0.49997279047966003,Incorrect
531,ما هي الأمواج الميكانيكية التي تنشأ عن الوحدات المحركة في الألياف ولا تدركها الأذن؟,ANSWER: أمواج إنفrazy (ميكانيكية غير مسموعة),الأمواج تحت الصوتية,أمواج إنفrazy (ميكانيكية غير مسموعة),الأمواج تحت الصوتية,0.5307514667510986,0.6445693969726562,0.5821493864059448,Correct
532,ما هو مصدر العنصر المشع الذي يعطى للمريض عند استخدام تقنية التصوير SPECT؟,ANSWER: Technetium-99m,لأشعة غاما .,Technetium-99m,لأشعة غاما .,0.5264390707015991,0.39672350883483887,0.45246797800064087,Incorrect
533,ما نوع الصورة التي نحصل عليها في التصوير الومضاني للجزء المصور من جسم المريض؟,ANSWER: صورة مقطعية,ثنائية البعد .,صورة مقطعية,ثنائية البعد .,0.5997446775436401,0.3657587766647339,0.4543989598751068,Incorrect
534,إذا تضيق قطر الشريان إلى ثلث قيمته الأصلية عند مريض مصاب بمرض وعائي وقلبي وبقي هبوط الضغط فيه على حاله، إلى كم ينخفض معدل جريان الدم؟,ANSWER: 1/3 معدل الجريان الأصلي,81/1 من قيمته الأصلية .,1/3 معدل الجريان الأصلي,81/1 من قيمته الأصلية .,0.6096190810203552,0.5645241737365723,0.5862056016921997,Incorrect
535,ما هي السكريات التي لا تحتاج أثناء امتصاصها من الأمعاء الدقيقة لوجود الصوديوم؟,ANSWER: فركتوز,الفركتوز.,فركتوز,الفركتوز.,0.6217609643936157,0.5871793031692505,0.6039755344390869,Correct
536,ما هو الأنزيم المعوي الذي يحول مولد التربسين إلى تربسين؟,ANSWER: إنتربيسينase (Enteropeptidase),الإنتيروكيناز.,إنتربيسينase (Enteropeptidase),الإنتيروكيناز.,0.5089490413665771,0.5470342040061951,0.5273047685623169,Correct
537,ما هو العامل الهرموني الذي يحرض إفراز عصارة بنكرياسية غنية بالإنزيمات الهاضمة؟,ANSWER: سيكريتين (Cholecystokinin),الكوليسيستوكينين CCK,سيكريتين (Cholecystokinin),الكوليسيستوكينين CCK,0.6768183708190918,0.6235790252685547,0.6491088271141052,Incorrect
538,ما هو الإنزيم الذي يفكك سكر اللبن (اللاكتوز) إلى غلوكوز وغالاكتوز؟,ANSWER: لاكتاز (Lactase),اللاكتاز.,لاكتاز (Lactase),اللاكتاز.,0.5292524695396423,0.5904414653778076,0.5581750273704529,Correct
539,ما هو مستودع الصفراء خارج أوقات الهضم والذي يعمل على تكثيفها؟,ANSWER: المرارة,المرارة.,المرارة,المرارة.,0.7547049522399902,0.6720702648162842,0.7109946608543396,Correct
540,ما هي الشوارد التي يكون تركيزها أقل في اللعاب منه في البلازما؟,ANSWER: كالسيوم، ماغنيسيوم,صوديوم وكلور.,كالسيوم، ماغنيسيوم,صوديوم وكلور.,0.5881279110908508,0.581253707408905,0.5846706032752991,Incorrect
541,ما هو الهرمون الذي يحفز إفراز عصارة بنكرياسية غنية بالأنزيمات الهاضمة؟,ANSWER: سيكريتين (Cholecystokinin),الكوليسيستوكينين CCK,سيكريتين (Cholecystokinin),الكوليسيستوكينين CCK,0.6768183708190918,0.6235790252685547,0.6491088271141052,Incorrect
542,ما هو السكر الذي لا يحتاج للصوديوم من أجل عملية امتصاصه؟,ANSWER: فركتوز,الفركتوز.,فركتوز,الفركتوز.,0.6217609643936157,0.5871793031692505,0.6039755344390869,Correct
543,ما هو الناقل العصبي الذي يتحرر من العصبونات بعد العقدة في القسم الودي؟,ANSWER: نورإيبينفرين (نور-أدرينالين),النورابينفرين أو الأستيل كولين.,نورإيبينفرين (نور-أدرينالين),النورابينفرين أو الأستيل كولين.,0.5076619386672974,0.5355914235115051,0.5212527513504028,Correct
544,ما الذي يحدد نمط استجابة العضو المعصب بواسطة الجهاز العصبي المستقل (استثارة أو تثبيط)؟,ANSWER: نوع المستقبلات (مستقبلات ألفا أو بيتا),نمط المستقبلات الموجودة في العضو.,نوع المستقبلات (مستقبلات ألفا أو بيتا),نمط المستقبلات الموجودة في العضو.,0.5858442783355713,0.6707206964492798,0.6254159212112427,Correct
545,ما هو الناقل الكيميائي الذي تحرره جميع العصبونات قبل العقدة؟,ANSWER: أسيتيل كولين,الأستيل كولين.,أسيتيل كولين,الأستيل كولين.,0.6970455646514893,0.6073944568634033,0.6491392850875854,Correct
546,ما هو الناقل العصبي الذي يتحرر من طرفيات جميع الألياف اللاودية بعد العقدية؟,ANSWER: نورإيبينفرين (Noradrenaline),أستيل كولين.,نورإيبينفرين (Noradrenaline),أستيل كولين.,0.5271021723747253,0.474238783121109,0.4992750883102417,Incorrect
547,ما هي الميزة التي تتمتع بها قنوات IF في النسيج العقدي القلبي التي تمكنها من توليد التنبيه عفوياً؟,ANSWER: قنوات IF: قنوات أيونية فولتاج-معتمدة (Voltage-Dependent Ion Channels),عندما تنفتح يتجاوز التيار الداخل من الصوديوم التيار الخارج من البوتاسيوم,قنوات IF: قنوات أيونية فولتاج-معتمدة (Voltage-Dependent Ion Channels),عندما تنفتح يتجاوز التيار الداخل من الصوديوم التيار الخارج من البوتاسيوم,0.45664626359939575,0.5026472210884094,0.47854378819465637,Incorrect
548,ما هي الفائدة الوظيفية من التأخير الزمني في كمون الفعل لمدة 0.1 ثانية عند مروره في العقدة الأذينية البطينية؟,ANSWER: منع الارتجاع الصوتي,إنهاء تقلص الأذينات قبل بدء تقلص البطينات.,منع الارتجاع الصوتي,إنهاء تقلص الأذينات قبل بدء تقلص البطينات.,0.561224102973938,0.48238104581832886,0.5188243985176086,Incorrect
549,ماذا يحدث للبطينات في حال توقف العقدة الجيبية الأذينية عن العمل؟,ANSWER: يحدث فرط البطينات (Hyperparathyroidism),تتباطأ انقباضاتها,يحدث فرط البطينات (Hyperparathyroidism),تتباطأ انقباضاتها,0.4802120327949524,0.5839073657989502,0.5270073413848877,Incorrect
550,ما هو سبب ظهور طور الهضبة في كامن فعل العضلة القلبية؟,ANSWER: إعادة cựcarization (إعادة极化) خلايا عضلة القلب.,دخول شوارد الكالسيوم.,إعادة cựcarization (إعادة极化) خلايا عضلة القلب.,دخول شوارد الكالسيوم.,0.4721069633960724,0.6186895966529846,0.5355492830276489,Incorrect
551,ما هو سبب طور الهضبة في كمون عمل الليف العضلي القلبي؟,ANSWER: نقص كالسيوم القناة,الكالسيوم.,نقص كالسيوم القناة,الكالسيوم.,0.5761538743972778,0.52239590883255,0.5479595065116882,Incorrect
552,ما هي المناطق التي تطبق عليها المعالجة الإشعاعية في علاج أورام الخصية من النمط المنوي؟,ANSWER: الحوض والمنطقة الليمفاوية Retroperitoneal,سلسلة العقد اللمفاوية الحرقفية والأبهرية,الحوض والمنطقة الليمفاوية Retroperitoneal,سلسلة العقد اللمفاوية الحرقفية والأبهرية,0.6812300682067871,0.681318998336792,0.6812745332717896,Correct
553,ما هي الأورام التي لا تعتبر المعالجة الشعاعية معالجة شافية لها إذا استخدمت لوحدها في المراحل المبكرة؟,ANSWER: أورام غير جيدة التمايز (poorly differentiated tumors),الثدي,أورام غير جيدة التمايز (poorly differentiated tumors),الثدي,0.3397983908653259,0.44606226682662964,0.3857458531856537,Incorrect
554,ما هي الجرعة الكلية الموصى بها في حال تقرر إجراء تشعيع وقائي للقحف بجرعة ٢ غري في كل جلسة؟,ANSWER: 10-15 غري إجمالي,٣٠ غري,10-15 غري إجمالي,٣٠ غري,0.4252016842365265,0.44965416193008423,0.43708616495132446,Incorrect
555,ما هو الزمن الأقل الفاصل بين كل جلستين عند إجراء المعالجة الشعاعية بطريق التجزئة المفرطة؟,ANSWER: 6 ساعات,٦ ساعات,6 ساعات,٦ ساعات,0.9548450708389282,0.9548450708389282,0.9548450708389282,Correct
556,ما الذي يحول مولد الببسين إلى ببسين؟,ANSWER: الببسينوجين,حمض كلور الماء الموجود في المعدة.,الببسينوجين,حمض كلور الماء الموجود في المعدة.,0.4608030915260315,0.5134993195533752,0.48572614789009094,Incorrect
557,ما هو سبب حدوث عمى ربعي علوي أيمن مماثل؟,ANSWER: إصابة في الشريان المخية الأوسط الأيمن (Middle Cerebral Artery - MCA) أو فرعها العلوي (superior division),الفصل الصدغي,إصابة في الشريان المخية الأوسط الأيمن (Middle Cerebral Artery - MCA) أو فرعها العلوي (superior division),الفصل الصدغي,0.3719369173049927,0.42473897337913513,0.39658811688423157,Incorrect
558,ما هي المدة الزمنية التي يتطور خلالها الصداع المزمن؟,ANSWER: 3 أشهر أو أكثر,4أسابيع,3 أشهر أو أكثر,4أسابيع,0.5682490468025208,0.693773627281189,0.6247687935829163,Incorrect
559,ما هو نوع الصداع غير النابض ثنائي الجانب الذي قد يرتبط بتشنج عضلات الرقبة؟,ANSWER: صداع紧ي ثنائي الجانب (Tension-type headache),صداع التوتر,صداع紧ي ثنائي الجانب (Tension-type headache),صداع التوتر,0.39243847131729126,0.4151124656200409,0.4034571647644043,Correct
560,أين يحدث التكيس للجيارديا اللمبلية؟,ANSWER: الأمعاء الدقيقة,أثناء التغوط,الأمعاء الدقيقة,أثناء التغوط,0.5487942695617676,0.5710711479187012,0.5597110986709595,Incorrect
561,ما هي الذبابة ذهبية العيون Chrysop ثوي ناقل له؟,ANSWER: فيروس بوليو (Poliovirus),اللوا لوا,فيروس بوليو (Poliovirus),اللوا لوا,0.5226078033447266,0.4366793930530548,0.47579509019851685,Incorrect
562,ما هي الفترة الزمنية الذي تظهر فيها إيجابية اختبار سابين فيلدمان بعد العدوى به؟,ANSWER: 3-4 أسابيع,1-2 أسبوع,3-4 أسابيع,1-2 أسبوع,0.8064343929290771,0.8064343929290771,0.8064343929290771,Incorrect
563,ما الذي تنتهي به المرحلة الخارج خلوية للمتصورات؟,ANSWER: تكوين الأرومة الخارجية (ectoderm),الأقاسيم المتحركة,تكوين الأرومة الخارجية (ectoderm),الأقاسيم المتحركة,0.5698087215423584,0.6097873449325562,0.5891205668449402,Incorrect
564,أين تتكاثر خبيطيات الفخرية البنكروفتية؟,ANSWER: في نقي العظم,الأوعية اللمفاوية للانسان,في نقي العظم,الأوعية اللمفاوية للانسان,0.5344356298446655,0.5718320608139038,0.5525017976760864,Incorrect
565,ما هو المرض الذي يستخدم عقار melarsporol في علاجه؟,ANSWER: داء ليشماني,المثقبية الغامبية,داء ليشماني,المثقبية الغامبية,0.6336071491241455,0.5983011722564697,0.6154482364654541,Incorrect
566,ما هو الخمج الطفيلي الذي يمكن أن ينتقل من شخص لآخر؟,ANSWER: Giardia lamblia,المرمية الدودية,Giardia lamblia,المرمية الدودية,0.7011539936065674,0.52474445104599,0.6002563238143921,Incorrect
567,ما هي أفضل أماكن الخزع التشخيصية القندية في جسم الإنسان؟,ANSWER: عضلات الفخذ والصفيحة الأمامية,الطحال,عضلات الفخذ والصفيحة الأمامية,الطحال,0.5479860901832581,0.4846372902393341,0.5143685340881348,Incorrect
568,ما هو المسبب لداء هجرة اليرقات الجلدي؟,ANSWER: داء ساركوبتيس سكابيي (Sarcoptes scabiei),الديدان القوسية,داء ساركوبتيس سكابيي (Sarcoptes scabiei),الديدان القوسية,0.4738292098045349,0.5168566703796387,0.49440857768058777,Incorrect
569,ما هو العلاج المناسب للمتحولة العصبية naegleria fowleri؟,ANSWER: ميلتيفور (Miltefosine) مع أمفوتيريسين B (Amphotericin B),الأمفوتريسين,ميلتيفور (Miltefosine) مع أمفوتيريسين B (Amphotericin B),الأمفوتريسين,0.47116395831108093,0.5783363580703735,0.5192780494689941,Incorrect
570,أين تتوضع يرقات الأسطوانية الوعائية عند الإنسان؟,ANSWER: في الشريان الأبهر البطني,الجهاز العصبي المركزي,في الشريان الأبهر البطني,الجهاز العصبي المركزي,0.6421810388565063,0.5991992950439453,0.6199460625648499,Incorrect
571,ما هو الشكل المعدي للإنسان من متفرعة الخصية الصينية؟,ANSWER: داء شستوسoma جابونيكوم,خليفة المذنبة,داء شستوسoma جابونيكوم,خليفة المذنبة,0.42364954948425293,0.4319666922092438,0.42776772379875183,Incorrect
572,أين تتوضع الأسطوانية البرازية عند الإنسان؟,ANSWER: في القناة الصفراوية المشتركة,الجزء الأمامي من الصائم,في القناة الصفراوية المشتركة,الجزء الأمامي من الصائم,0.5578047633171082,0.6636756658554077,0.6061521172523499,Incorrect
573,ما هو العصب الذي يصاب في متلازمة قاع الحجاج؟,ANSWER: العصب الفكي السفلي,العصب الفكي العلوي,العصب الفكي السفلي,العصب الفكي العلوي,0.9650005102157593,0.9650005102157593,0.9650004506111145,Incorrect
574,ما هو تعريف الحول المتقارب؟,ANSWER: تقارب بين محور العينين القريبين,يتلاقي فيها محورا الرؤية في نقطة تقع أمام الجسم المنظور,تقارب بين محور العينين القريبين,يتلاقي فيها محورا الرؤية في نقطة تقع أمام الجسم المنظور,0.5337803363800049,0.5153099894523621,0.5243825912475586,Incorrect
575,ما هي أسباب حدوث فيض الدمع Epiphora؟,ANSWER: انسداد قناة الدمع أو ضعف وظيفة المثانة الدمعية,نقص في التصريف,انسداد قناة الدمع أو ضعف وظيفة المثانة الدمعية,نقص في التصريف,0.5039085149765015,0.5050106644630432,0.5044589638710022,Correct
576,أين تقع حفيرة البكرة في الجدار العلوي للحجاج؟,ANSWER: قرب النقرة الأمامية,الأمامي الأنسي,قرب النقرة الأمامية,الأمامي الأنسي,0.6122885942459106,0.5541787147521973,0.5817862153053284,Incorrect
577,ما هي النسبة التي تشكلها القرنية من سطح غلاف كرة العين الليفي؟,ANSWER: 1/6th,السدس الأمامي,1/6th,السدس الأمامي,0.41833412647247314,0.3863580822944641,0.40171077847480774,Correct
578,ما هو أكثر تنكسات القرنية شيوعاً؟,ANSWER: تنكس قرني فuchs,القوس الشيخية,تنكس قرني فuchs,القوس الشيخية,0.4706695079803467,0.5427181124687195,0.5041325688362122,Incorrect
579,ما هي الحالات التي تشاهد فيها الرؤية المزدوجة الأحادية الجانب؟,ANSWER: شلل عضلي عيني أحادي الجانب (unilateral oculomotor palsy) أو شلل عضلي مزدوج أحادي الجانب (unilateral internuclear ophthalmoplegia) أو,تحت خلع العدسة,شلل عضلي عيني أحادي الجانب (unilateral oculomotor palsy) أو شلل عضلي مزدوج أحادي الجانب (unilateral internuclear ophthalmoplegia) أو,تحت خلع العدسة,0.2898171842098236,0.34644049406051636,0.31560927629470825,Incorrect
580,ما هو المرض الذي يشاهد فيه حلقة كاي زر- فليشر عند المرضى؟,ANSWER: داء لايم,داء ويلسون,داء لايم,داء ويلسون,0.8366687893867493,0.8366687893867493,0.8366687893867493,Incorrect
581,ما الذي يجب فعله في الحالات المعندة وغير المستجيبة للعلاج في الورم الكاذب للحجاج؟,ANSWER: إجراء استئصال الكليتين (نفrectomy),يجب اخذ خزعة من الورم,إجراء استئصال الكليتين (نفrectomy),يجب اخذ خزعة من الورم,0.47083768248558044,0.5844987630844116,0.5215474963188171,Incorrect
582,ما هي النتائج التي تؤدي إليها إصابة الشعبة العينية من العصب الخامس في متلازمة الشق الحجاجي العلوي؟,ANSWER: خدر في الجلد فوق الحاجب,فقد حس الملتحمة والقرنية,خدر في الجلد فوق الحاجب,فقد حس الملتحمة والقرنية,0.5549731254577637,0.49813833832740784,0.5250220894813538,Incorrect
583,ما هو التشخيص الأقرب لمريض عمره 65 سنة لديه فقد رؤية في النصف العلوي من الساحة البصرية مع بدء مفاجئ؟,ANSWER: amaurosis fugax,التهاب العصب البصري الاقفاري,amaurosis fugax,التهاب العصب البصري الاقفاري,0.7021527290344238,0.47542518377304077,0.5669621825218201,Incorrect
584,ما الذي يدل عليه ظهور تقبب على شكل حويصل أسود في قعر القرحة القرنية الجرثومية؟,ANSWER: داء الفيروس الهربي 8 (HHV-8) - ساركوما كابوزي (Kaposi's sarcoma),تقبب غشاء ديسميه وخطر انثقابه,داء الفيروس الهربي 8 (HHV-8) - ساركوما كابوزي (Kaposi's sarcoma),تقبب غشاء ديسميه وخطر انثقابه,0.46494919061660767,0.5852261185646057,0.5181999802589417,Incorrect
585,ما هي الطريقة التالية لتقدير حدة البصر لدى المريض إذا لم يتمكن من قراءة أكبر أحرف اللوحة؟,ANSWER: اختبار كونتور (Contour test) أو اختبار فowler (Fowler's test) أو اختبار COUNT FINGERS (Count Fingers test),بعد أصابع الفاحص,اختبار كونتور (Contour test) أو اختبار فowler (Fowler's test) أو اختبار COUNT FINGERS (Count Fingers test),بعد أصابع الفاحص,0.29857999086380005,0.4137517213821411,0.3468552231788635,Correct
586,ما الذي يشكو منه المريض في الحول الشللي عند البالغين؟,ANSWER: ضعف عضلي generalize (ضعف عضلي منتشر),رؤية مزدوجة,ضعف عضلي generalize (ضعف عضلي منتشر),رؤية مزدوجة,0.47221386432647705,0.429911345243454,0.4500707685947418,Incorrect
587,متى ينعدم يوروبيلينوجين البول؟,ANSWER: بعد 24-48 ساعة من الولادة,اليرقان الانسدادي,بعد 24-48 ساعة من الولادة,اليرقان الانسدادي,0.4501217007637024,0.5280693769454956,0.48598989844322205,Incorrect
588,في الاحتباس الصفراوي ما هو الانزيم الأفضل للوصول للتشخيص؟,ANSWER: Gamma-Glutamyl Transferase (γ-GT),ALT,Gamma-Glutamyl Transferase (γ-GT),ALT,0.42743274569511414,0.4838731288909912,0.4539051353931427,Incorrect
589,ما هي نتيجة رحلان البروتينات في الالتهابات الحادة؟,ANSWER: تدمير الأنسجة,ترتفع الموجة a_2غلوبيولين وترتفع الموجة a_1غلوبيولين,تدمير الأنسجة,ترتفع الموجة a_2غلوبيولين وترتفع الموجة a_1غلوبيولين,0.4373426139354706,0.4434276819229126,0.44036412239074707,Incorrect
590,ما هو المركب الذي يتم اصطناعه بدءا من الحموض الأمينية؟,ANSWER: بروتين,أمونيا,بروتين,أمونيا,0.6830064654350281,0.6170206665992737,0.6483389139175415,Incorrect
591,ما هي أعراض فقر الدم بعوز الحديد عند المريض؟,ANSWER: فقر الدم النقصي الشكل (ميكروسيتيك),الشحوب,فقر الدم النقصي الشكل (ميكروسيتيك),الشحوب,0.4905734956264496,0.449984610080719,0.46940329670906067,Incorrect
592,ما هي الحالة التي تعاني منها مريضة عمرها 44 سنة تشكو من تعب عام وكانت قيمة البولة الدموية 140 ملغ/دل وقيمة الكرياتنين 6 ملغ/دل وحمض البول 4 ملغ/دل؟,ANSWER: فشل كلوي حاد,اليوريميا,فشل كلوي حاد,اليوريميا,0.4917641878128052,0.5951526165008545,0.5385411977767944,Incorrect
593,ما هو سبب تشمع الكبد عند مريض عمره 12 سنة؟,ANSWER: التهاب كبدي بيلياري,داء ويلسون,التهاب كبدي بيلياري,داء ويلسون,0.6068218946456909,0.6127158999443054,0.6097546815872192,Incorrect
594,ما هو الاحتمال الأكثر ترجيحاً لسبب تشمع الكبد عند مريض عمره 12 سنة؟,ANSWER: التهاب الكبد الوبائي B المزمن,داء ويلسون,التهاب الكبد الوبائي B المزمن,داء ويلسون,0.5347614884376526,0.5386097431182861,0.5366787314414978,Incorrect
595,ما هو تصنيف مريض عنده الغلوكوز 210 ملغ / دل؟,ANSWER: مرض السكري من النوع 2 (ديابيتس تايب 2),مريض سكري,مرض السكري من النوع 2 (ديابيتس تايب 2),مريض سكري,0.475216805934906,0.6474196910858154,0.5481110215187073,Incorrect
596,ما هو تصنيف مريض تم تحليل الغلوكوز الصيامي له فكانت النتيجة 128 ملغ/دل؟,ANSWER: فرط سكر الدم الصيامي Borderline (IFG - Impaired Fasting Glucose),مريض سكري,فرط سكر الدم الصيامي Borderline (IFG - Impaired Fasting Glucose),مريض سكري,0.5710824728012085,0.5226156711578369,0.5457751750946045,Incorrect
597,ما هو المركب الذي يعتبر ايتلين ديامين تترا استات مركباً لاقطاً له؟,ANSWER: كو-فاكتور II (Co-Factor II) أو فيتامين K (Vitamin K),الكالسيوم,كو-فاكتور II (Co-Factor II) أو فيتامين K (Vitamin K),الكالسيوم,0.3226202428340912,0.4220321774482727,0.3656904399394989,Incorrect
598,ما هو المركب الذي يستخدم في تدبير حمى البحر الأبيض المتوسط؟,ANSWER: ڤالاسيكلوڤير,الكولشيمين,ڤالاسيكلوڤير,الكولشيمين,0.44173482060432434,0.391276478767395,0.41497746109962463,Incorrect
599,ما هو النمط التحسسي الذي يعود إليه داء الفقاع المحرض دوائياً؟,ANSWER: النمط 4 (Type 4) - تحسسي خلايا T (T-cell mediated),الثاني.,النمط 4 (Type 4) - تحسسي خلايا T (T-cell mediated),الثاني.,0.368114173412323,0.41554132103919983,0.39039257168769836,Incorrect
600,ما هي آلية تأثير المركب دابيريدامول؟,ANSWER: محصلة دوبامين هيدروكسيلاز,تثبيط PDE,محصلة دوبامين هيدروكسيلاز,تثبيط PDE,0.6556863784790039,0.5829944014549255,0.617207407951355,Incorrect
601,"ما هي جرعة الدواء عند طفل وزنه 17,5 كغ إذا كانت جرعة البالغ 100 ملغ؟",ANSWER: 29 ملغ (حساب: 100 ملغ * 17.5 كغ / 70 كغ - وزن البالغ التقريبي),25 ملغ.,29 ملغ (حساب: 100 ملغ * 17.5 كغ / 70 كغ - وزن البالغ التقريبي),25 ملغ.,0.41558608412742615,0.5263487100601196,0.4644550681114197,Incorrect
602,ما هو معدل التصفية الكلوية للكرياتينين عند رجل عمره 40 سنة ومستوى كرياتينين الدم 1 ملغ/دل ووزنه 72 كغ؟,ANSWER: 88 مل/دقيقة/1.73 م² (معدل التصفية الكلوية المعدل),100,88 مل/دقيقة/1.73 م² (معدل التصفية الكلوية المعدل),100,0.3688156008720398,0.43509382009506226,0.39922255277633667,Incorrect
603,ما هي الخلايا التي تقوم بإفراز بروتين برفورين الذي يفتح ثقوب في غشاء الخلية الهدف؟,ANSWER: الخلايا القاتلة المعتمدة على الخلايا البائية (CTLs),الخلايا القاتلة.,الخلايا القاتلة المعتمدة على الخلايا البائية (CTLs),الخلايا القاتلة.,0.6325721740722656,0.6707462072372437,0.6511001586914062,Correct
604,كيف يتأثر الغاز كلما زاد وزنه الجزيئي؟,ANSWER: يقل ضغط البخار,انخفض معدل الانتشار.,يقل ضغط البخار,انخفض معدل الانتشار.,0.6132445931434631,0.5681056380271912,0.5898127555847168,Incorrect
605,ما هو المبدأ الأساسي للتشتت؟,ANSWER: انتشار الموجات الصوتية في الأنسجة المختلفة,الانتشار,انتشار الموجات الصوتية في الأنسجة المختلفة,الانتشار,0.4461488425731659,0.5283421277999878,0.4837791919708252,Incorrect
606,ما هو العامل الذي يسرع العامل السابع تشكله؟,ANSWER: الثرومبوبلاستين,الثالث,الثرومبوبلاستين,الثالث,0.34898802638053894,0.5050195455551147,0.41274991631507874,Incorrect
607,ما هو السائل الموجود داخل الخلايا؟,ANSWER: سيتوبلازم,السيتوبلازما.,سيتوبلازم,السيتوبلازما.,0.657369077205658,0.5588254928588867,0.6041049361228943,Correct
608,ما هي مقدرة شخص على إدراك منبهين لمسيين مطبقين على منطقة من سطح الجسم على أنهما منفصلان؟,ANSWER: التباعد الحدسي (Sensory Threshold for Two-Point Discrimination),تمييز حس النقطتين,التباعد الحدسي (Sensory Threshold for Two-Point Discrimination),تمييز حس النقطتين,0.4129698574542999,0.5054148435592651,0.45453959703445435,Correct
609,ما هو سبب عدم قدرة ألياف الجهاز العصبي المركزي على التجدد؟,ANSWER: نقص الخلايا الجذعية العصبية البالغة,غياب غمد شوان,نقص الخلايا الجذعية العصبية البالغة,غياب غمد شوان,0.5097850561141968,0.471574068069458,0.48993566632270813,Incorrect
610,ما هو المجال الذي تكون فيه النسخ السيتولوجية شفافة نسبياً؟,ANSWER: مجال بيني (Perinuclear region),تحت الأحمر القريب,مجال بيني (Perinuclear region),تحت الأحمر القريب,0.4712103605270386,0.4488775134086609,0.45977291464805603,Incorrect
611,ما هو العامل الرئيسي الذي يحدد ارتباط الأكسجين بخضاب الدم؟,ANSWER: pH الدم,الضغط الجزئي للأوكسجين في الدم PO2.,pH الدم,الضغط الجزئي للأوكسجين في الدم PO2.,0.5036353468894958,0.562056303024292,0.5312445163726807,Incorrect
612,ما الذي يؤدي إليه العامل ٣ مع الكالسيوم؟,ANSWER: تكوين هيدروكسي أباتيت (hydroxyapatite),تلقيم راجع إيجابي للثرومبين.,تكوين هيدروكسي أباتيت (hydroxyapatite),تلقيم راجع إيجابي للثرومبين.,0.48577290773391724,0.4579245448112488,0.47143781185150146,Incorrect
613,متى يزداد الانحلال في التلاسيميا؟,ANSWER: مع النمو والمرحلة البالغة,التعرض للشدة والحمى.,مع النمو والمرحلة البالغة,التعرض للشدة والحمى.,0.5708979368209839,0.567806601524353,0.5693480968475342,Incorrect
614,ما هو الفيتامين الأساسي في عملية تشكيل عوامل التخثر؟,ANSWER: فيتامين كي (Vitamin K),K,فيتامين كي (Vitamin K),K,0.348689466714859,0.374013751745224,0.3609079122543335,Correct
615,ما هو المستوى من الفيزيولوجيا الذي تنتمي إليه دراسة آلية وتوليد ونقل كوامن الفعل في القلب؟,ANSWER: مستوى الخلايا العضلية القلبية (Cardiac Myocyte Level),النسيجي,مستوى الخلايا العضلية القلبية (Cardiac Myocyte Level),النسيجي,0.3752340078353882,0.41019880771636963,0.39193814992904663,Incorrect
616,أين توجد المستقبلات النيكوتينية؟,ANSWER: في الأعصاب والدماغ والغدد الصماء,العقدة الجيبية الأذينية في القلب,في الأعصاب والدماغ والغدد الصماء,العقدة الجيبية الأذينية في القلب,0.5173213481903076,0.5753540992736816,0.5447966456413269,Incorrect
617,ما الذي تعتمد عليه سرعة انتشار الأوكسجين عبر غشاء الخلية؟,ANSWER: فرق التركيز (Gradient),مقدار ذوبانه في الشحوم,فرق التركيز (Gradient),مقدار ذوبانه في الشحوم,0.44598227739334106,0.6527597308158875,0.5299137830734253,Incorrect
618,ماذا يحدث عندما يصل التيروكسين إلى المستوى الدوراني المطلوب؟,ANSWER: يثبط إفراز TSH من الغدة النخامية,تتوقف الغدة النخامية عن افراز THS,يثبط إفراز TSH من الغدة النخامية,تتوقف الغدة النخامية عن افراز THS,0.8276839852333069,0.832480788230896,0.8300754427909851,Correct
619,ما هي الوظيفة الرئيسية للعقدة الأذينية البطينية في الحالات السوية؟,ANSWER: تنظيم ضربات القلب,توليد إشارات تجعلها ناظمة للقلب,تنظيم ضربات القلب,توليد إشارات تجعلها ناظمة للقلب,0.6928334832191467,0.5603640079498291,0.6195973753929138,Correct
620,ما هي العوامل التي تحرض إفراز عصارة بنكرياسية غنية بالإنزيمات؟,ANSWER: هرمون سيكريتين (Cholecystokinin),الأستيل كولين والكوليسيستوكينين,هرمون سيكريتين (Cholecystokinin),الأستيل كولين والكوليسيستوكينين,0.6598684787750244,0.6609857082366943,0.6604266166687012,Incorrect
621,أين يتم إعادة امتصاص القسم الأعظم من الماء المرتشح؟,ANSWER: في النبيبات البولية,النبيبات الدانية,في النبيبات البولية,النبيبات الدانية,0.6899836659431458,0.7073829174041748,0.698574960231781,Incorrect
622,ما هو سبب الصوت الأول للقلب؟,ANSWER: إغلاق صمامات أورطية,انغلاق الصمامات الأذينية البطينية,إغلاق صمامات أورطية,انغلاق الصمامات الأذينية البطينية,0.7154992818832397,0.6425825953483582,0.6770834922790527,Incorrect
623,ما هي الخلايا التي تمتلك أسرع معدل لزوال الاستقطاب؟,ANSWER: خلايا عضلة القلب (Cardiac Muscle Cells),العقدة الجيبية الأذينية.,خلايا عضلة القلب (Cardiac Muscle Cells),العقدة الجيبية الأذينية.,0.6314540505409241,0.512891411781311,0.5660306811332703,Incorrect
624,ما هو الذي وظيفته تسريع عملية تشكل الترومبوبلاستين الصفيحي؟,ANSWER: فاكتور 8 (Factor VIII),العامل السابع,فاكتور 8 (Factor VIII),العامل السابع,0.3694666028022766,0.4981357157230377,0.42426005005836487,Incorrect
625,ما الذي يعمل على تسهيل الانتقال بين الشهيق والزفير؟,ANSWER: عضلة رافعة الحنجرة (Elevators of the larynx) - في سياق هذا السؤال، العضلة الرئيسية هي عضلة الطرجهية (Cricothyroid muscle),مركز التنفس الجسري,عضلة رافعة الحنجرة (Elevators of the larynx) - في سياق هذا السؤال، العضلة الرئيسية هي عضلة الطرجهية (Cricothyroid muscle),مركز التنفس الجسري,0.461455762386322,0.49797528982162476,0.47902047634124756,Incorrect
626,ما الذي يزداد في الأسناخ الرئوية؟,ANSWER: الألياف الرئوية,بتضيق فوهة القصيبات,الألياف الرئوية,بتضيق فوهة القصيبات,0.5292664170265198,0.5148706436157227,0.5219693183898926,Incorrect
627,ما يعرف بالموجهة الجسدية؟,ANSWER: سوماتوتايب (Somatotype),هرمون النمو,سوماتوتايب (Somatotype),هرمون النمو,0.43846595287323,0.5456222295761108,0.48621001839637756,Incorrect
628,ما هي العقدة الرأسية للجهاز العصبي المستقل؟,ANSWER: النواة السنجابية (Ciliary ganglion),الوطاء,النواة السنجابية (Ciliary ganglion),الوطاء,0.38950231671333313,0.42753976583480835,0.4076356291770935,Incorrect
629,ما هي المحطة الرئيسية الدماغية التي تتكامل فيها وظائف الجهاز العصبي المستقل مع وظائف البنى العصبية الأخرى؟,ANSWER: النواة الرشاحية (Hypothalamus),الوطاء,النواة الرشاحية (Hypothalamus),الوطاء,0.395618736743927,0.454121857881546,0.4228563606739044,Incorrect
630,ما هو الناقل العصبي المحرر من طرفيات الألياف بعد العقدية في القسم الودي؟,ANSWER: نورإيبينفرين (Noradrenaline),الاستيل كولين أو النور أدرينالين,نورإيبينفرين (Noradrenaline),الاستيل كولين أو النور أدرينالين,0.6211210489273071,0.5691911578178406,0.5940233469009399,Correct
631,ما هو الدور المهم الذي تؤديه خلايا سيرتولي في الخصية؟,ANSWER: إنتاج هرمون التستوستيرون,تغذية النطاف,إنتاج هرمون التستوستيرون,تغذية النطاف,0.6199061870574951,0.5916808843612671,0.6054647564888,Incorrect
632,ما هو الذي يروي النسيج الضام للرئة؟,ANSWER: أوعية دموية رئوية,الفروع القصبية للأبهر.,أوعية دموية رئوية,الفروع القصبية للأبهر.,0.536138117313385,0.4300832748413086,0.4772902727127075,Incorrect
633,ما هي البوابات التي تتحكم بنفوذية القنوات للشوارد التي تسهم في تشكيل كامن الفعل؟,ANSWER: بوابات كالmod (calcium-modulated) وبوابات الجهد (voltage-gated),القنوات المبوبة بالفولطاج,بوابات كالmod (calcium-modulated) وبوابات الجهد (voltage-gated),القنوات المبوبة بالفولطاج,0.4578655958175659,0.5891581773757935,0.5152801275253296,Incorrect
634,ما هي أجهزة التحكم والضبط والمراقبة في الجسم؟,ANSWER: الجهاز العصبي والجهاز الهرموني,العصبى الصماوى,الجهاز العصبي والجهاز الهرموني,العصبى الصماوى,0.629771888256073,0.5578543543815613,0.5916355848312378,Correct
635,ما هي المواد التي تحررها نهايات المحاوير العصبية في المشابك والموصلات المشبكية؟,ANSWER: ناقلات عصبية (نوروترانسميترز),النواقل عصبية,ناقلات عصبية (نوروترانسميترز),النواقل عصبية,0.6490403413772583,0.6031461954116821,0.6252521872520447,Correct
636,ماذا ينقل الترانسفيرين؟,ANSWER: أمينو أسيدات,الحديدي,أمينو أسيدات,الحديدي,0.4532155990600586,0.5041807889938354,0.4773416817188263,Incorrect
637,ما هو الإحساس الذي يمكن أن يُدرك كلياً في المهاد؟,ANSWER: الإحساس باللمس والضغط,حس الألم,الإحساس باللمس والضغط,حس الألم,0.67496258020401,0.7151904106140137,0.6944944858551025,Incorrect
638,أين توجد المستقبلات المسكارينية؟,ANSWER: في جدار المريء السفلي,الخلايا المستجيبة للتنبيه بالعصبونات الكولينية الفعل بعد العقدية,في جدار المريء السفلي,الخلايا المستجيبة للتنبيه بالعصبونات الكولينية الفعل بعد العقدية,0.5080541372299194,0.6202658414840698,0.558580219745636,Incorrect
639,ما هي الزمرة الدموية إذا كانت الكرية الحمراء لا تحوي مولد ارتصاص؟,ANSWER: Rh- (سالب لمركب Rh),O,Rh- (سالب لمركب Rh),O,0.370736300945282,0.4639008939266205,0.41211894154548645,Incorrect
640,ما هو ناظم القلب؟,ANSWER: sinoatrial node (عقدة sinoatrial),العقدة الجيبية.,sinoatrial node (عقدة sinoatrial),العقدة الجيبية.,0.47559088468551636,0.3931233584880829,0.43044278025627136,Correct
641,ما الذي يشكله الجهاز الانزيمي في الخلايا البطانية السليمة اعتباراً من حمض الاراشيدونيك؟,ANSWER: إيكوزانويدات (eicosanoids),الترومبوكسان A2,إيكوزانويدات (eicosanoids),الترومبوكسان A2,0.5861347317695618,0.5477454662322998,0.5662902593612671,Incorrect
642,ما الذي تتناسب معه سرعة النقل في الألياف العصبية اللانخاعينية؟,ANSWER: قطر الألياف D,الجذر التربيعي ل قطر الليف,قطر الألياف D,الجذر التربيعي ل قطر الليف,0.594057559967041,0.5136799812316895,0.550952672958374,Incorrect
643,أين تقع أجسام عصبونات المرتبة الثانية للإحساسات المنقولة بمسلك العمود الظهري؟,ANSWER: النواة البطنية البعيدة (Nucleus Gracilis) والنواة البطنية القريبة (Nucleus Cuneatus) في النخاع الشوكي.,المهاد,النواة البطنية البعيدة (Nucleus Gracilis) والنواة البطنية القريبة (Nucleus Cuneatus) في النخاع الشوكي.,المهاد,0.26057860255241394,0.41819891333580017,0.32108810544013977,Incorrect
644,ما هي العوامل التي تتناسب معها سرعة الانتشار البسيط؟,ANSWER: مساحة السطح، لزوجة، كثافة المادة,طردا مع مدروج تركيز المادة المنتشرة,مساحة السطح، لزوجة، كثافة المادة,طردا مع مدروج تركيز المادة المنتشرة,0.5253021121025085,0.531960666179657,0.5286104679107666,Incorrect
645,ما هي آلية تحرر شوارد الكالسيوم من الشبكة الهيولية في العضلات الهيكلية؟,ANSWER: إطلاق ريانودين,الانتشار,إطلاق ريانودين,الانتشار,0.40125882625579834,0.47502800822257996,0.43503832817077637,Incorrect
646,ما الذي يؤكد الدور الأهم للمراكز الشوكية والبصلية في وظيفة الجهاز العصبي المستقل؟,ANSWER: توزيع الأعصاب الشوكية والبصلية في الأعضاء الداخلية.,عدم حدوث تبدلت مهمة في وظائف الجهاز العصبي المستقبل عند قطع جذع الدماغ فوق مستوى البصلة,توزيع الأعصاب الشوكية والبصلية في الأعضاء الداخلية.,عدم حدوث تبدلت مهمة في وظائف الجهاز العصبي المستقبل عند قطع جذع الدماغ فوق مستوى البصلة,0.5527575612068176,0.5082298517227173,0.529559314250946,Incorrect
647,ما هو الهدف الأساسي للنقل الفاعل عبر الغشاء؟,ANSWER: نقل الأيونات والجزيئات ضد تدرج التركيز,الحفاظ على مدروج تركيز مرتفع للمادة عبر الغشاء,نقل الأيونات والجزيئات ضد تدرج التركيز,الحفاظ على مدروج تركيز مرتفع للمادة عبر الغشاء,0.5735801458358765,0.523857831954956,0.5475926399230957,Correct
648,ما الذي يتأثر بتغير كمية الأوكسجين في الأسناخ؟,ANSWER: ضغط الأكسجين الجزئي (pO2),الأوعية الدموية للسنخ,ضغط الأكسجين الجزئي (pO2),الأوعية الدموية للسنخ,0.5219978094100952,0.5035238265991211,0.5125944018363953,Incorrect
649,ما هي أقصى مدة لحفظ الدم؟,ANSWER: 35 يوماً,20 يوم,35 يوماً,20 يوم,0.8644548654556274,0.8644548654556274,0.8644548654556274,Incorrect
650,ماذا يحدث عندما تكون تهوية السنخ أعلى من ترويته الدموية؟,ANSWER: ارتفاع ضغط الدم الشرياني,حيز ميت فيزيولوجي,ارتفاع ضغط الدم الشرياني,حيز ميت فيزيولوجي,0.5348367691040039,0.6199052333831787,0.574237585067749,Incorrect
651,ما هي الحالات التي تزداد فيها كمية الماء الموجودة في الأحياز الخاصة؟,ANSWER: فرط تنسج الأحياز (Hyperplasia of Endometrium) أو حامل (Pregnancy) أو متلازمة بول-بسي (Polycystic Ovary Syndrome) أو استخدام هرم,الجنب وانصباب الجنب,فرط تنسج الأحياز (Hyperplasia of Endometrium) أو حامل (Pregnancy) أو متلازمة بول-بسي (Polycystic Ovary Syndrome) أو استخدام هرم,الجنب وانصباب الجنب,0.3894782066345215,0.5100888013839722,0.44169798493385315,Incorrect
652,ما هو الهرمون المطلق للموجهة القشرية؟,ANSWER: ACTH (أدينوكورتيكوتروبين),CRH,ACTH (أدينوكورتيكوتروبين),CRH,0.4835532307624817,0.5608758330345154,0.5193523168563843,Incorrect
653,ما هي الشاردة الإيجابية الأساسية في السائل داخل الخلوي؟,ANSWER: بوتاسيوم (K+),بوتاسيوم,بوتاسيوم (K+),بوتاسيوم,0.5704877972602844,0.8437135815620422,0.6807068586349487,Correct
654,ما هو نوع المصل الذي يحمله شخص من الزمرة الدموية B؟,ANSWER: مصل B Rh-سالب (B Negative),يحوي الراصة Anti A,مصل B Rh-سالب (B Negative),يحوي الراصة Anti A,0.4811069965362549,0.4705184996128082,0.4757538437843323,Incorrect
655,ما هي الحالة التي يكون فيها انقلاب الصيغة أكثر شيوعاً؟,ANSWER: متلازمة تيرنر,الأطفال.,متلازمة تيرنر,الأطفال.,0.36652326583862305,0.41206276416778564,0.387961208820343,Incorrect
656,ما هو حجم الضربة (Stroke Volume)؟,ANSWER: حجم الدم الناتج من البطين الأيسر في نبضة واحدة.,كمّية الدم التي يضخها البطين الأيمن في ضربة واحدة,حجم الدم الناتج من البطين الأيسر في نبضة واحدة.,كمّية الدم التي يضخها البطين الأيمن في ضربة واحدة,0.7405601143836975,0.7731793522834778,0.7565182447433472,Incorrect
657,ما هي أقصى كمية هواء يمكن استنشاقها زيادة على كمية الحجم الجاري السوية؟,ANSWER: الحجم الإضافي,حجم الشهيق المخر,الحجم الإضافي,حجم الشهيق المخر,0.6496613025665283,0.517516016960144,0.5761080384254456,Correct
658,ما هي الآلية التي يتم من خلالها التنظيم المديد للجريان الموضعي؟,ANSWER: التأثيرات المحلية لNO وprostacyclins,إفراز الأنجيوجنين وعامل النمو البطاني.,التأثيرات المحلية لNO وprostacyclins,إفراز الأنجيوجنين وعامل النمو البطاني.,0.6246638298034668,0.49204447865486145,0.5504792928695679,Incorrect
659,ما هي الشوارد التي تسبب قوى الجذب بين خيوط الاكتين والميوزين مما يؤدي إلى انزلاق بعضها على بعض؟,ANSWER: رأس الميوزين (Myosin head),الكالسيوم,رأس الميوزين (Myosin head),الكالسيوم,0.3611467778682709,0.4861433506011963,0.41442498564720154,Incorrect
660,ما هو الهدف من آلية المزلاج في العضلات الملساء؟,ANSWER: تقليل المقاومة والسماح بالانقباض والاسترخاء العضليين الفعالين,تحافظ على تقلّص مقوٍمديد فى العضلات الملمس باستخدام كمية قليلة جداً من الطاقه,تقليل المقاومة والسماح بالانقباض والاسترخاء العضليين الفعالين,تحافظ على تقلّص مقوٍمديد فى العضلات الملمس باستخدام كمية قليلة جداً من الطاقه,0.6632712483406067,0.5509675741195679,0.6019259691238403,Incorrect
661,ما هي الخلايا الدبقية التي تشكل جزء من الحاجز الوعائي الدموي؟,ANSWER: الخلايا الم星ية (Astrocytes),الخلايا النجمية,الخلايا الم星ية (Astrocytes),الخلايا النجمية,0.5798190832138062,0.6726088523864746,0.6227766871452332,Correct
662,ما هي الآلية التي يتم من خلالها التنظيم المديد للضغط الشرياني؟,ANSWER: مركزي-محيطي (central-peripheral),افراز الانجيوجينين وعامل النمو البطاني,مركزي-محيطي (central-peripheral),افراز الانجيوجينين وعامل النمو البطاني,0.5155329704284668,0.5592016577720642,0.5364801287651062,Incorrect
663,ما هي المستقبلة الأسرع تلاؤماً؟,ANSWER: مستقبلة V1 (OPN1MW),باشيني.,مستقبلة V1 (OPN1MW),باشيني.,0.4405319094657898,0.41593968868255615,0.42788273096084595,Incorrect
664,لماذا لا تتمكن الألياف العصبية المركزية من التجديد؟,ANSWER: عدم وجود خلايا سلفية عصبية مركزية فعالة,عدم وجود غمد شوان,عدم وجود خلايا سلفية عصبية مركزية فعالة,عدم وجود غمد شوان,0.5455963611602783,0.5886383056640625,0.566300630569458,Incorrect
665,ما هي كمية الهواء الموجودة في الرئتين في نهاية شهيق سوي؟,ANSWER: 2.2 لتر (حجم الراحة),السعة الوظيفية المدخرة + الحجم الجاري,2.2 لتر (حجم الراحة),السعة الوظيفية المدخرة + الحجم الجاري,0.5030916929244995,0.5616838335990906,0.5307756662368774,Incorrect
666,ما هي الفائدة الوظيفية من التأخير الزمني لكامن الفعل لمدة 0.1 ثانية عند مروره في العقدة الأذينية البطينية؟,ANSWER: منع المثيلات المبكرة,إنهاء تقلص الأذينات قبل تقلص البطينات,منع المثيلات المبكرة,إنهاء تقلص الأذينات قبل تقلص البطينات,0.6104155778884888,0.5629510879516602,0.585723340511322,Incorrect
667,ما هي المواد التي يقتصر عليها الامتصاص المعدي؟,ANSWER: ديمر ليبيدي (Lipid bilayer),الماء والشوارد,ديمر ليبيدي (Lipid bilayer),الماء والشوارد,0.3929874897003174,0.48410704731941223,0.4338141679763794,Incorrect
668,ما هو المركب الذي يتشكل من تفاعل الهيموغلوبين مع حمض أو قلوي؟,ANSWER: هيماتين (Hematin),هيماتين.,هيماتين (Hematin),هيماتين.,0.5719952583312988,0.700278639793396,0.6296695470809937,Correct
669,ما الذي يتناسب إفراغه عكسياً مع إفراغ الهيدروجين؟,ANSWER: إفراغ الأكسجين (O2),البوتاسيوم,إفراغ الأكسجين (O2),البوتاسيوم,0.4154146909713745,0.5707463026046753,0.48084723949432373,Incorrect
670,ما هو الغشاء الكبيبي نفوذ له؟,ANSWER: غشاء بومان,الالبومين.,غشاء بومان,الالبومين.,0.5369652509689331,0.5150750279426575,0.5257923603057861,Incorrect
671,ما هو المسؤول عن إرسال السيالات في العصبونات؟,ANSWER: ناقل نيوروترانسميتر (neurotransmitter carrier),المحوار,ناقل نيوروترانسميتر (neurotransmitter carrier),المحوار,0.44666337966918945,0.42980995774269104,0.43807464838027954,Incorrect
672,ما هو المستوى الذي يعتبر ضخ الدم مثالاً على دراسته؟,ANSWER: مستوى капيلاري (مستوى الشعيرات الدموية),الأعضاء,مستوى капيلاري (مستوى الشعيرات الدموية),الأعضاء,0.33716529607772827,0.40654048323631287,0.36861714720726013,Incorrect
673,ما هي العملية التي يتم بها تحويل النورادرينالين إلى أدرينالين؟,ANSWER: فاعلية الفينيل N-ميثيل ترانسفيراز (PNMT),ميتلة,فاعلية الفينيل N-ميثيل ترانسفيراز (PNMT),ميتلة,0.29001009464263916,0.37618929147720337,0.32752564549446106,Correct
674,ما الذي يشكل جسراً بين ألياف الكولاجين والصفيحات الدموية؟,ANSWER: فيبرونيكتين,الترومبوكسان A2,فيبرونيكتين,الترومبوكسان A2,0.6456630229949951,0.6311888694763184,0.6383439302444458,Incorrect
675,ما هي الفائدة الوظيفية من وجود الكليونات المجاورة للّب؟,ANSWER: تسهيل امتصاص الدهون والفيتامينات القابلة للذوبان في الدهون,زيادة القدرة على تكثيف البول,تسهيل امتصاص الدهون والفيتامينات القابلة للذوبان في الدهون,زيادة القدرة على تكثيف البول,0.6876929998397827,0.6017699837684631,0.6418687105178833,Incorrect
676,ما هو السبب الذي يحمي العضلة القلبية من التكزز؟,ANSWER: ميتوكوندريا القلبية,طول فترة كامن فعل الليف العضلي القلبي,ميتوكوندريا القلبية,طول فترة كامن فعل الليف العضلي القلبي,0.6087838411331177,0.5226552486419678,0.562441349029541,Incorrect
677,ما هو الهرمون الذي يخضع لتأثير مزدوج منبه ومثبط من الوطاء؟,ANSWER: ثيروكسين (T4) - تيرونين (T3) (ثيرويد),GH,ثيروكسين (T4) - تيرونين (T3) (ثيرويد),GH,0.3131009340286255,0.43029510974884033,0.36246034502983093,Incorrect
678,أين تقع المساحة الصغرى في ساحة الحس الأولية عند الإنسان؟,ANSWER: قشرة رؤية أولية (V1),الجذع,قشرة رؤية أولية (V1),الجذع,0.4998703598976135,0.595224142074585,0.5433958768844604,Incorrect
679,ما هو مصدر الATP الذي تحتاجه الليفات العضلية بشدة؟,ANSWER: الفسفرة التأكسدية (Oxidative Phosphorylation),المتقدرات الغزيرة الموازية للبيفات,الفسفرة التأكسدية (Oxidative Phosphorylation),المتقدرات الغزيرة الموازية للبيفات,0.49455738067626953,0.4840846061706543,0.48926496505737305,Incorrect
680,ما هو الذي يفعل السبيل الخارجي للتخثر؟,ANSWER: عامل تيروسبين 3 (Tissue Factor),رض الأنسجة,عامل تيروسبين 3 (Tissue Factor),رض الأنسجة,0.47970306873321533,0.524658203125,0.5011745095252991,Correct
681,ما الذي تتناسب معه سرعة انتشار الغاز عبر الغشاء التنفسي عكسياً؟,ANSWER: سمك الغشاء التنفسي,ثخانة الغشاء,سمك الغشاء التنفسي,ثخانة الغشاء,0.7278048992156982,0.6819812655448914,0.7041483521461487,Correct
682,ما هي القيمة العظمى لضغط الأوكسجين في الأسناخ عند زيادة التهوية السنخية في الحالات السوية؟,ANSWER: 100 mmHg,149 ملم زئبقي,100 mmHg,149 ملم زئبقي,0.6501960754394531,0.569103479385376,0.6069531440734863,Incorrect
683,أين يحدث الامتصاص بشكل أساسي؟,ANSWER: في اللفائفيات (الملفائف) الدقيقة في الأمعاء الدقيقة (الjejunal and ileal villi),الامعاء الدقيقة,في اللفائفيات (الملفائف) الدقيقة في الأمعاء الدقيقة (الjejunal and ileal villi),الامعاء الدقيقة,0.5247907638549805,0.6706427335739136,0.5888192057609558,Correct
684,ما هو الهرمون الذي يتم إفرازه نتيجة الشدة (الكروب)؟,ANSWER: أدرينالين (أديرينالين: بالإنجليزية Adrenaline، والمعروف أيضاً باسم الإيبينفرين Epinephrine),الكورتيزول,أدرينالين (أديرينالين: بالإنجليزية Adrenaline، والمعروف أيضاً باسم الإيبينفرين Epinephrine),الكورتيزول,0.4250325560569763,0.6089402437210083,0.5006310343742371,Incorrect
685,ما هي آلية تحرر شوارد الكالسيوم من الشبكة الهيولية في العضلات الهيكلية؟,ANSWER: إطلاق ريانودين,الانتشار,إطلاق ريانودين,الانتشار,0.40125882625579834,0.47502800822257996,0.43503832817077637,Incorrect
686,ماذا يسبب التنبيه اللاودي على القلب؟,ANSWER: فرط نشاط المبadele Noradrenergic (فرط نشاط النورأدرينال),تباطؤ ضربات القلب.,فرط نشاط المبadele Noradrenergic (فرط نشاط النورأدرينال),تباطؤ ضربات القلب.,0.3974292278289795,0.4385182857513428,0.41696393489837646,Incorrect
687,ما هو المسؤول عن زوال الاستقطاب؟,ANSWER: أدينوزين ثلاثي الفوسفات (ATP)ase,دخول شوارد الصوديوم,أدينوزين ثلاثي الفوسفات (ATP)ase,دخول شوارد الصوديوم,0.4815335273742676,0.5192939043045044,0.4997013807296753,Incorrect
688,ما هو الرقم الهيدروجيني الطبيعي للبول؟,ANSWER: 5.5-7.0,بين 4.7 و 8,5.5-7.0,بين 4.7 و 8,0.7326442003250122,0.6802478432655334,0.7054744362831116,Incorrect
689,ماذا يحدث عند وصول كمية كبيرة من NaCl إلى اللطخة الكثيفة؟,ANSWER: تمدد اللطخة الكثيفة (swelling of dense granules),تقبيض الشرين الوارد,تمدد اللطخة الكثيفة (swelling of dense granules),تقبيض الشرين الوارد,0.5076771378517151,0.4532800316810608,0.4789389669895172,Incorrect
690,ما هي كمية الدم التي تمر في نقطة معينة من الدوران خلال فترة محددة من الزمن؟,ANSWER: إنتاج القلب (cardiac output),تدفق الدم,إنتاج القلب (cardiac output),تدفق الدم,0.56898033618927,0.6464415788650513,0.6052425503730774,Incorrect
691,ما هو الانزيم المعوي الذي يقوم بهضم الدسم في الأمعاء؟,ANSWER: ليباز,الليباز,ليباز,الليباز,0.8125885128974915,0.8125885128974915,0.8125885128974915,Correct
692,ماذا يسبب نقص فيتامين B12 وحمض الفوليك؟,ANSWER: نقص امتصاص في المعدة والامعاء,فقر دم زائد الصباغ زائد الحجم,نقص امتصاص في المعدة والامعاء,فقر دم زائد الصباغ زائد الحجم,0.5722190141677856,0.48620039224624634,0.5257142782211304,Incorrect
693,ما هي وظيفة الصمامات القلبية؟,ANSWER: منع رجوع الدم,توجيه مجرى الدم باتجاه واحد,منع رجوع الدم,توجيه مجرى الدم باتجاه واحد,0.665523886680603,0.5846896171569824,0.6224935054779053,Correct
694,ما هو المستوى الذي يعد عليه تنظيم الضغط الشرياني؟,ANSWER: مركز التنظيم: النواة المخروطية البطنية (Ventral Medulla),الأجهزه,مركز التنظيم: النواة المخروطية البطنية (Ventral Medulla),الأجهزه,0.3987646698951721,0.4374585747718811,0.41721639037132263,Incorrect
695,ما هو نوع العضلات الذي يمتاز بخاصية الارتخاء بعد الكرب؟,ANSWER: عضلات مخططة (Striated muscles),العضلات وحيدة الوحدة الحشوية,عضلات مخططة (Striated muscles),العضلات وحيدة الوحدة الحشوية,0.6076105237007141,0.6080381274223328,0.6078242659568787,Incorrect
696,ما هو أسرع أجزاء الجهاز الناقل في القلب في توصيل السيالة؟,ANSWER: العقد الأذينية البطينية,ألياف بوركنج.,العقد الأذينية البطينية,ألياف بوركنج.,0.4974680542945862,0.4826989769935608,0.4899722635746002,Incorrect
697,ما هو اسم الأسناخ التي يصلها دم ولا يصلها هواء؟,ANSWER: أسناخ دموية (Pulmonary capillaries),التحويلة الفيزيولوجية,أسناخ دموية (Pulmonary capillaries),التحويلة الفيزيولوجية,0.609633207321167,0.5877332091331482,0.5984829068183899,Incorrect
698,ما هي الطريقة التي يمكن بها تحرير النص الفعال حيوياً بتقنية الأسر الصوتي؟,ANSWER: PCR (Polymerase Chain Reaction),تفعيله بالامتصاص مستدعي الفوتونه,PCR (Polymerase Chain Reaction),تفعيله بالامتصاص مستدعي الفوتونه,0.5721126794815063,0.4114331305027008,0.47864797711372375,Incorrect
699,ما هي الشاردة ذات التركيز الأكبر داخل العصبون؟,ANSWER: جسيم نيسل (Nissl body),البوتاسيوم,جسيم نيسل (Nissl body),البوتاسيوم,0.3825068473815918,0.4704115390777588,0.4219292998313904,Incorrect
700,ما هو العظم الذي يتمفصل معه الغضروف الطرجهالي؟,ANSWER: عظم القصيبة (Sternum),الغضروف الحلقي,عظم القصيبة (Sternum),الغضروف الحلقي,0.5109552145004272,0.6076945066452026,0.5551419258117676,Incorrect
701,ماذا يحدث في طور الانقباض الأذيني؟,ANSWER: تقلص العضلات الأذينية,الصمامات الأذينية البطينية مفتوحة و السينية مغلقة,تقلص العضلات الأذينية,الصمامات الأذينية البطينية مفتوحة و السينية مغلقة,0.6707559823989868,0.6133574843406677,0.6407739520072937,Incorrect
702,ما هو الحجم الرئوي الذي يزداد مع التقدم بالعمر؟,ANSWER: حجم الرئة الوظيفي (FVC),الحجم المتبقي.,حجم الرئة الوظيفي (FVC),الحجم المتبقي.,0.4472416341304779,0.5877882838249207,0.5079725384712219,Incorrect
703,ما الذي يحرض إفراز عصارة غنية بالإنزيمات الهاضمة من البنكرياس؟,ANSWER: هرمون سيكريتين (Secretin),CCK,هرمون سيكريتين (Secretin),CCK,0.42008399963378906,0.36667400598526,0.39156609773635864,Incorrect
704,ما الذي يتمثل به زوال استقطاب البطينات على مخطط القلب؟,ANSWER: فشل القلب الأيمن,الموجة QRS.,فشل القلب الأيمن,الموجة QRS.,0.49111253023147583,0.4608802795410156,0.47551634907722473,Incorrect
705,ما هو العامل المحرض على زيادة إفراز الألدوستيرون؟,ANSWER: الأنجيوتنسين II,زيادة تركيز البوتاسيوم في السائل خارج الخلوي,الأنجيوتنسين II,زيادة تركيز البوتاسيوم في السائل خارج الخلوي,0.626322865486145,0.5555914640426636,0.5888407230377197,Incorrect
706,ما هي الطريقة المستخدمة لحل الخثرة إذا تشكلت في أوعية القلب والرئتين؟,ANSWER: فبرة,البلازمين,فبرة,البلازمين,0.6240852475166321,0.6248819828033447,0.6244834065437317,Incorrect
707,ما الذي تسمح به خاصية الارتخاء بعد الكرب للأعضاء الجوفاء التي تحوي عضلات ملساء؟,ANSWER: إرخاء العضلات الملساء,المحافظة على مقدار الضغط نفسه على الرغم من تغير الحجم ضمن حدود معينة,إرخاء العضلات الملساء,المحافظة على مقدار الضغط نفسه على الرغم من تغير الحجم ضمن حدود معينة,0.48321250081062317,0.503037691116333,0.49292585253715515,Incorrect
708,ما هو معدل التهوية السنخية؟,ANSWER: 12-20 نفس/دقيقة,كمية الهواء الذي يصل للمناطق التنفسية مضروب,12-20 نفس/دقيقة,كمية الهواء الذي يصل للمناطق التنفسية مضروب,0.405001699924469,0.44945308566093445,0.4260711669921875,Incorrect
709,متى يتوقف التقلص العضلي؟,ANSWER: عند وصول طول العضلة إلى الحد الأقصى لاستطالةها,ارتباط الكالسيوم بالتربونين,عند وصول طول العضلة إلى الحد الأقصى لاستطالةها,ارتباط الكالسيوم بالتربونين,0.46232324838638306,0.5777336955070496,0.5136251449584961,Incorrect
710,ما هي عصبونات المرتبة الثانية في المسلك الظهري؟,ANSWER: عصبونات ثنائية القطبية (Bipolar neurons),النواتين الناحلة واإلسفينية,عصبونات ثنائية القطبية (Bipolar neurons),النواتين الناحلة واإلسفينية,0.5335605144500732,0.4607928395271301,0.4945140779018402,Incorrect
711,ما هو القشراني المعدني الرئيسي؟,ANSWER: الزنك,الالدوسترون (معدني),الزنك,الالدوسترون (معدني),0.51921147108078,0.4357149600982666,0.47381284832954407,Incorrect
712,ما هي أقل أنسجة الجسم البشري احتواءً على الماء؟,ANSWER: العظام,الدهنى,العظام,الدهنى,0.5205433368682861,0.5142817497253418,0.5173935890197754,Incorrect
713,ما هو طليعة الانزيم الذي يتحول إلى شكله الفعال تحت تأثير الخنثرين؟,ANSWER: برو-انزيم (proenzyme),العامل الحادي عشر,برو-انزيم (proenzyme),العامل الحادي عشر,0.4091298282146454,0.4468410313129425,0.4271547198295593,Incorrect
714,ما هي الآلية التي يستطيع من خلالها الجهاز التنفسي تأمين كميات كبيرة من الأكسجين أثناء التمارين المجهدة؟,ANSWER: زيادة معدل التنفس والهوام,يحصل كامل التبادل الغازي للأكسجين خلال قطع الدم ثلث المسافة عبر الوعاء الشعري.,زيادة معدل التنفس والهوام,يحصل كامل التبادل الغازي للأكسجين خلال قطع الدم ثلث المسافة عبر الوعاء الشعري.,0.4766411781311035,0.45554518699645996,0.4658544957637787,Incorrect
715,ما الذي يحول الببسين إلى مولد ببسين؟,ANSWER: الببسينوجين,حمض كلور الماء,الببسينوجين,حمض كلور الماء,0.6709351539611816,0.6818138360977173,0.6763307452201843,Incorrect
716,ما هي الوظائف التي يتآزر فيها الجهازان الودي واللاودي؟,ANSWER: تنظيم ضغط الدم وقلب النبضات (Heart Rate) والاستجابة للstress.,تنظيم افراز اللعاب,تنظيم ضغط الدم وقلب النبضات (Heart Rate) والاستجابة للstress.,تنظيم افراز اللعاب,0.4574068784713745,0.5624397397041321,0.5045146942138672,Incorrect
717,من أين يتم إفراز الإريثروبويتين؟,ANSWER: الكليتين,الكلية,الكليتين,الكلية,0.7819963693618774,0.7819963693618774,0.7819963693618774,Correct
718,ما الجزء من الأجسام الضدية من IgG التي يتم قطعها وأخذها في المراكز الحديثة؟,ANSWER: Fc fragment,الجزء المفرط التغير,Fc fragment,الجزء المفرط التغير,0.49446815252304077,0.4170476198196411,0.45247000455856323,Incorrect
719,ما الذي يؤدي إلى نقصان حجم الدفقة بزيادته؟,ANSWER: فرط التقلص,معدل دقات القلب.,فرط التقلص,معدل دقات القلب.,0.5122803449630737,0.4929150640964508,0.5024111866950989,Incorrect
720,ما تدعى الترنجات العشوائية لشدة الإشعاع المترابط المنتشرة انتشاراً متعدداً؟,ANSWER: متلازمة لوي-هيرا (LH Syndrome),البقع,متلازمة لوي-هيرا (LH Syndrome),البقع,0.2641843557357788,0.3262484073638916,0.2919543981552124,Incorrect
721,ما هو المسؤول عن إعادة الاستقطاب؟,ANSWER: ناقل الصوديوم والبوتاسيوم (Na+/K+-ATPase),دخول شوارد الصوديوم,ناقل الصوديوم والبوتاسيوم (Na+/K+-ATPase),دخول شوارد الصوديوم,0.5062330961227417,0.5731377005577087,0.5376119017601013,Incorrect
722,ما هي المادة التي تشتق منها الهرمونات الأمينية؟,ANSWER: أمينو حمضات,التيروزين,أمينو حمضات,التيروزين,0.6846057176589966,0.5916929244995117,0.6347673535346985,Incorrect
723,كيف يؤدي التأثير الحاصر غير المباشر تأثيره على الجهاز العصبي المستقل؟,ANSWER: من خلال إطلاق النواقل العصبية,إنقاص فعالية العصبون قبل المشبكي,من خلال إطلاق النواقل العصبية,إنقاص فعالية العصبون قبل المشبكي,0.5603212118148804,0.495495080947876,0.5259180068969727,Incorrect
724,ما هو الطريق الهندسي الذي يمكن للضوء أن يقطعه في الخلاء مضروبا بقرينة انكسار الوسط؟,ANSWER: مسار متكئر (Refraction path),المسار الضوئي,مسار متكئر (Refraction path),المسار الضوئي,0.4654170870780945,0.5620312690734863,0.5091816782951355,Incorrect
725,ما هي الألياف العصبية التي تتميز بالنقل القفزي؟,ANSWER: ألياف A-β (ألفا-بيتا),الألياف المغمدة بالنخاعين,ألياف A-β (ألفا-بيتا),الألياف المغمدة بالنخاعين,0.5318890810012817,0.6017737984657288,0.564677357673645,Correct
726,ما هو الكمون تقريباً عندما يتكون الليف نفوذ لشوارد البوتاسيوم فقط؟,ANSWER: قناة K+ selektif (قناة بوتاسيوم انتقائية),سالب 94 ميلي فولط,قناة K+ selektif (قناة بوتاسيوم انتقائية),سالب 94 ميلي فولط,0.510021984577179,0.5828941464424133,0.544028639793396,Incorrect
727,ماذا ينقص في حال نقص المتناول من الماء؟,ANSWER: التروية (Dehydration),حجم البول,التروية (Dehydration),حجم البول,0.39484912157058716,0.502955436706543,0.44239363074302673,Incorrect
728,ما هو الجزء الذي يملك فعالية ATPase؟,ANSWER: رأس الميوزين,رأس الميوزين,رأس الميوزين,رأس الميوزين,1.000000238418579,1.000000238418579,1.000000238418579,Correct
729,أين يوجد مركز العطش؟,ANSWER: النواة الظهرانية الجانبية,الوطاء,النواة الظهرانية الجانبية,الوطاء,0.5164638757705688,0.6767865419387817,0.5858548879623413,Incorrect
730,أين يحدث الامتصاص بشكل رئيسي؟,ANSWER: في اللفائفيات الدقيقة (ميكروفيل) في الأمعاء الدقيقة (الإيليوم),أمعاء دقيقة,في اللفائفيات الدقيقة (ميكروفيل) في الأمعاء الدقيقة (الإيليوم),أمعاء دقيقة,0.5394761562347412,0.6128678321838379,0.5738348960876465,Correct
731,ما هو الناقل العصبي الذي تحرره الألياف قبل العقدية في القسمين الودي ونظير الودي؟,ANSWER: الأسيتيل كولين,الأستيل كولين,الأسيتيل كولين,الأستيل كولين,0.8852384090423584,0.8533124923706055,0.8689823150634766,Correct
732,ما هو الصوت الذي يسمع عند بدء الانبساط البطيني؟,ANSWER: S1 (النقرة الأولى),الثاني,S1 (النقرة الأولى),الثاني,0.4320727586746216,0.5975543856620789,0.5015155076980591,Incorrect
733,ما الذي يُنقص الإفراز المعدي؟,ANSWER: سوماتوستاتين,السكرتين,سوماتوستاتين,السكرتين,0.6381833553314209,0.7162845730781555,0.6749822497367859,Incorrect
734,كيف يتم إلغاء التأثير التثبيطي للتروبونين؟,ANSWER: تروبيستاتين (Tropiostatin),الكالسيوم,تروبيستاتين (Tropiostatin),الكالسيوم,0.33407169580459595,0.4655487537384033,0.3890012204647064,Incorrect
735,ما هي الوظائف التي يتآزر فيها القسمين الودّي ونظير الودّي للجهاز العصبي المستقل؟,ANSWER: تنظيم ضربات القلب وتحكم التوتر الوعائي والاستجابة للstress.,تنظيم إفراز اللعاب,تنظيم ضربات القلب وتحكم التوتر الوعائي والاستجابة للstress.,تنظيم إفراز اللعاب,0.5227760076522827,0.5692414045333862,0.5450201630592346,Incorrect
736,ماذا يؤدي نقص تركيز الأوكسجين في الأسناخ؟,ANSWER: نقص تروية الأنسجة (هيبوكسيا),تقبض الأوعية الدموية لهذه الأسناخ.,نقص تروية الأنسجة (هيبوكسيا),تقبض الأوعية الدموية لهذه الأسناخ.,0.5558441281318665,0.5137661099433899,0.5339774489402771,Incorrect
737,ما هي الظاهرة التي تحدث عندما تتجمع المراكز المثارة ويستطيع الإشعاع أن ينتشر مرات كثيرة؟,ANSWER: تعدد الانبثاقات (Multiple Scattering),الانتثار المتعدد,تعدد الانبثاقات (Multiple Scattering),الانتثار المتعدد,0.4860258102416992,0.5098689794540405,0.4976619780063629,Correct
738,ما هو المسؤول عن تحفيز تحرر الكالسيوم من الشبكة الهيولية؟,ANSWER: إنزيم الفوسفوليباز C (Phospholipase C),كامن الفعل,إنزيم الفوسفوليباز C (Phospholipase C),كامن الفعل,0.3637688159942627,0.4514501094818115,0.40289416909217834,Incorrect
739,ما هي آلية عمل الحاصرات الغير مباشرة في الجهاز العصبي المستقل؟,ANSWER: منع إطلاق الناقل العصبي,تنقص فعالية العصبون قبل المشبكي,منع إطلاق الناقل العصبي,تنقص فعالية العصبون قبل المشبكي,0.6102215647697449,0.5443709492683411,0.5754183530807495,Correct
740,ما هو نمط المستقبلات الموجودة في العضو؟,ANSWER: مستقبلات ميكانيكية (mechanoreceptors),إرخاء مصرة المثانة,مستقبلات ميكانيكية (mechanoreceptors),إرخاء مصرة المثانة,0.5262759327888489,0.4782353937625885,0.501106858253479,Incorrect
741,ما الذي يؤدي إلى انخفاض ضغط الدم عند زيادته؟,ANSWER: باروريسيب (Baroreceptor),قطر الاوعية الدموية,باروريسيب (Baroreceptor),قطر الاوعية الدموية,0.45780378580093384,0.45095378160476685,0.4543529748916626,Incorrect
742,ما هي الحالات التي تنقص فيها سرعة موجة النبض؟,ANSWER: فشل القلب، داء شرياني، فرط بوتاسيوم الدم,بازدياد المرونة.,فشل القلب، داء شرياني، فرط بوتاسيوم الدم,بازدياد المرونة.,0.45456451177597046,0.420993834733963,0.43713557720184326,Incorrect
743,ما هي الخلايا التي تستجيب للعصبونات بعد العقد اللاودية؟,ANSWER: خلايا عضدية,الأستيل كولين,خلايا عضدية,الأستيل كولين,0.49303656816482544,0.5254833102226257,0.5087431073188782,Incorrect
744,ما هو الجزء من النفرون الكتيم تماماً للماء؟,ANSWER: الأنبوب الملتوِي Collecting Duct (in Arabic: القناة الملتوية الجمعية),الجزء الصاعد من عروة هانله,الأنبوب الملتوِي Collecting Duct (in Arabic: القناة الملتوية الجمعية),الجزء الصاعد من عروة هانله,0.5245581865310669,0.5409939289093018,0.5326492786407471,Incorrect
745,أين يتم تخرب الكريات الحمر بشكل رئيسي؟,ANSWER: الطحال,الطحال,الطحال,الطحال,0.9999995231628418,0.9999995231628418,0.9999995231628418,Correct
746,ما هو العامل الأساسي الذي يحدد ارتباط الخضاب بالأوكسجين؟,ANSWER: pH الدم,ضغط الأوكسجين في الدم.,pH الدم,ضغط الأوكسجين في الدم.,0.5725893378257751,0.5120120048522949,0.5406090021133423,Incorrect
747,ما هو العامل الذي تفرزه الكلية ويؤثر في تشكيل الكريات الحمر؟,ANSWER: إريثروبويتين (Erythropoietin),التروميو موديولين,إريثروبويتين (Erythropoietin),التروميو موديولين,0.572429358959198,0.7044362425804138,0.6316091418266296,Incorrect
748,إلام يؤدي زيحان منحنى تفارق الأكسجين الخضاب نحو اليمين؟,ANSWER: شريان رئوي أيسر,نقص النسبة المئوية لإشباع الخضاب بالأكسجين,شريان رئوي أيسر,نقص النسبة المئوية لإشباع الخضاب بالأكسجين,0.5118274688720703,0.5469074249267578,0.528786301612854,Incorrect
749,ما الذي يشكل غمد النخاعين في الجهاز العصبي المركزي؟,ANSWER: البطينات,الخلايا الدبقية قليلة التغصنات,البطينات,الخلايا الدبقية قليلة التغصنات,0.47525495290756226,0.46943867206573486,0.47232893109321594,Incorrect
750,ما الذي يثبط إفراز الـ FSH؟,ANSWER: إنهيبين B,البروجسترون,إنهيبين B,البروجسترون,0.4842694401741028,0.6134622097015381,0.5412634611129761,Incorrect
751,ماذا تمثل الموجة QRS؟,ANSWER: مركب القلب الكهربائي (complex ventricular depolarization),زوال استقطاب البطينين,مركب القلب الكهربائي (complex ventricular depolarization),زوال استقطاب البطينين,0.49820488691329956,0.5358644723892212,0.5163489580154419,Correct
752,ما الذي يعتمد عليه هرمون النمو في تأثيره على الخلية الهدف؟,ANSWER: مستقبلات هرمون النمو على سطح الخلية الهدف,السوماتوميدين,مستقبلات هرمون النمو على سطح الخلية الهدف,السوماتوميدين,0.4024481177330017,0.5539406538009644,0.46619611978530884,Incorrect
753,ما الذي يضمن سرعة توصيل كامن الفعل إلى جميع أنحاء الليف العضلي؟,ANSWER: توزع التغصنات العصبية (Motor Endplates),انابيب المستعرضة,توزع التغصنات العصبية (Motor Endplates),انابيب المستعرضة,0.527123212814331,0.5473370552062988,0.5370399951934814,Incorrect
754,ما الذي يسمع بوضوح في الحالة الطبيعية للإنسان؟,ANSWER: نبضات القلب والتنفس,الصوتان الأول و الثاني,نبضات القلب والتنفس,الصوتان الأول و الثاني,0.5937838554382324,0.5800047516822815,0.5868134498596191,Incorrect
755,ماذا يحدث لمعدل الترشيح الكبيبي عندما يصبح ضغط الدم 100 ممز؟,ANSWER: يقل معدل الترشيح الكبيبي,يبقي ثابتا,يقل معدل الترشيح الكبيبي,يبقي ثابتا,0.46334904432296753,0.5162005424499512,0.48834899067878723,Incorrect
756,ما هو المستوى الذي يعد عليه تنظيم الضغط الشرياني؟,ANSWER: مركز التنظيم: النواة المخية للضغط (Nucleus Tractus Solitarii),الأجهزة,مركز التنظيم: النواة المخية للضغط (Nucleus Tractus Solitarii),الأجهزة,0.37229079008102417,0.43792709708213806,0.4024503529071808,Incorrect
757,ما الذي يثبط فعالية جهاز الهضم؟,ANSWER: قصور البنكرياس (failure of pancreas),التنبيه اللاودي.,قصور البنكرياس (failure of pancreas),التنبيه اللاودي.,0.4365690350532532,0.39963215589523315,0.4172848165035248,Incorrect
758,ما هي الأسباب التي تُعزى إليها ظاهرة الانتشار الخلفي المترابط؟,ANSWER: ضعف عضلات الحجاب الحاجز أو إصابتهما,تموضع ضعيف,ضعف عضلات الحجاب الحاجز أو إصابتهما,تموضع ضعيف,0.4662451148033142,0.4909791946411133,0.4782925844192505,Incorrect
759,ما الذي يحدث مباشرة قبل صوت القلب الثاني؟,ANSWER: إغلاق الصمات التاجية (closure of semilunar valves),الموجة T.,إغلاق الصمات التاجية (closure of semilunar valves),الموجة T.,0.40453392267227173,0.3756592869758606,0.38956230878829956,Incorrect
760,ما هو الأنزيم المعوي الذي يحول مولد التربسين إلى تربسين؟,ANSWER: إنتربيسين 7 (Enteropeptidase 7) أو سابقاً إنتروكيناز (Enterokinase),الإنتيروكيناز,إنتربيسين 7 (Enteropeptidase 7) أو سابقاً إنتروكيناز (Enterokinase),الإنتيروكيناز,0.40884703397750854,0.49996015429496765,0.4498363137245178,Correct
761,ما هي أهمية التأخير الذي يحدث أثناء مرور كامن الفعل في العقدة الأذينية البطينية؟,ANSWER: فترة ركود AV (PR Interval),كل ما سبق صحيح.,فترة ركود AV (PR Interval),كل ما سبق صحيح.,0.3937729001045227,0.3566665053367615,0.37430232763290405,Incorrect
762,ما هو سبب ظهور طور الهضبة في كامن فعل العضلة القلبية؟,ANSWER: إعادة cựcarization (إعادة极化) خلايا عضلة القلب.,دخول شوارد الكالسيوم.,إعادة cựcarization (إعادة极化) خلايا عضلة القلب.,دخول شوارد الكالسيوم.,0.4721069633960724,0.6186895966529846,0.5355492830276489,Incorrect
763,ما الأقنية التي يسبب انتفاحها بطور الهضبة في كمون عمل الليف العضلي القلبي؟,ANSWER: الأقنية الكoronary (شريان القلب),الكالسيوم,الأقنية الكoronary (شريان القلب),الكالسيوم,0.35167551040649414,0.47469693422317505,0.40402916073799133,Incorrect
764,ما هو المخطط الذي عبارة عن صندوق ذو قرنين ممتدين بشكل موازي للمحور الشاقولي الذي تتوزع عليه القياسات؟,ANSWER: مخطط بورج-دافينبورت,المخطط الصندوقي,مخطط بورج-دافينبورت,المخطط الصندوقي,0.6456441879272461,0.6158207654953003,0.6303799152374268,Incorrect
765,ما هو المقياس الذي يسمح بترتيب السمات دون اعتبار لتساوي الفروق بين أي رتبتين؟,ANSWER: مقياس رanks ordinal (ترتيبي),الرتبي,مقياس رanks ordinal (ترتيبي),الرتبي,0.4347437024116516,0.441444993019104,0.4380687475204468,Correct
766,ماذا يعني أن تكون قيمة معامل الارتباط تساوي −0.92؟,ANSWER: علاقة عكسي قوي,وجود علاقة عكسية قوية,علاقة عكسي قوي,وجود علاقة عكسية قوية,0.8231160640716553,0.7591081857681274,0.7898173928260803,Correct
767,ما هي مصادر البيانات السكانية؟,ANSWER: سجلات الميلاد والوفيات والاحصاءات السكانية الرسمية,التعداد ومسوح العينة والسجلات السكانية,سجلات الميلاد والوفيات والاحصاءات السكانية الرسمية,التعداد ومسوح العينة والسجلات السكانية,0.6577633023262024,0.6933540105819702,0.6750898957252502,Incorrect
768,ماذا نحصل عليه بعد تحديد مجتمع الدراسة والعينة وقياس قيم المتغير على أفراد العينة؟,ANSWER: توزيع تكراري,البيانات الخام,توزيع تكراري,البيانات الخام,0.48748779296875,0.518343985080719,0.5024425983428955,Incorrect
769,ما هو نوع المتغير الذي يمثله عدد الكريات الحمر؟,ANSWER: متغير كمي (quantitative variable),عشوائي منفصل,متغير كمي (quantitative variable),عشوائي منفصل,0.5605883002281189,0.4514312148094177,0.5001228451728821,Incorrect
770,ما هو المقياس الذي تكون فيه قيمة الصفر نسبية وليست مطلقة؟,ANSWER: مقياس Celsius (سيلسيوس),المقياس الفتروي,مقياس Celsius (سيلسيوس),المقياس الفتروي,0.5467169880867004,0.546701192855835,0.5467091202735901,Incorrect
771,ما هو مخطط تنظيم البيانات الذي يشبه أسلوب الجداول التكرارية والأعمدة؟,ANSWER: مخطط فين (Venn Diagram),مخطط الساق والورقة,مخطط فين (Venn Diagram),مخطط الساق والورقة,0.49365895986557007,0.5384969711303711,0.5151040554046631,Incorrect
772,ما هو التوقع الرياضي للعدد الثابت؟,ANSWER: 46 XY (للذكور) أو 46 XX (للإناث),العدد الثابت ذاته,46 XY (للذكور) أو 46 XX (للإناث),العدد الثابت ذاته,0.326007604598999,0.4181348383426666,0.3663684129714966,Incorrect
773,ما هو التوزيع المستخدم من أجل اختبار الفروض حول معامل الارتباط الخطي؟,ANSWER: توزيع t (t-distribution) أو توزيع فишر (F-distribution) في حالات معقدة.,ستيودنت بدرجة حرية n-2,توزيع t (t-distribution) أو توزيع فишر (F-distribution) في حالات معقدة.,ستيودنت بدرجة حرية n-2,0.4954094886779785,0.5189158320426941,0.5068902373313904,Incorrect
774,ما هو الإحصاء الذي يسعى لعرض وتوضيح سلوك الظاهرة؟,ANSWER: تحليل النمط,إحصاء وصفي,تحليل النمط,إحصاء وصفي,0.6239709854125977,0.6026357412338257,0.6131178140640259,Incorrect
775,ما هو الغرض الرئيسي من حساب معامل الارتباط الخطي؟,ANSWER: قياس قوة العلاقة بين متغيرين كميين.,قياس قوة العلاقة الخطية بين متغيرين,قياس قوة العلاقة بين متغيرين كميين.,قياس قوة العلاقة الخطية بين متغيرين,0.7953609228134155,0.853440523147583,0.823377788066864,Correct
776,ما هو الخط المنكسر الذي يصل النقاط التي فواصلها مراكز الفئات وترتيبها تكرارات الفئات؟,ANSWER: خط لوجاريتم (Logarithmic Curve),المضلع التكراري,خط لوجاريتم (Logarithmic Curve),المضلع التكراري,0.49673992395401,0.4915999174118042,0.4941565692424774,Incorrect
777,من أين نحصل على المصادر الداخلية لجمع البيانات؟,ANSWER: سجلات المريض والفحوصات السريرية,داخل الشركة أو المؤسسة,سجلات المريض والفحوصات السريرية,داخل الشركة أو المؤسسة,0.5535301566123962,0.5873379707336426,0.5699331164360046,Incorrect
778,ما هو الإحصاء؟,ANSWER: تعداد الخلايا,أي دالة في العينة لا تتبع وسيط مجهول,تعداد الخلايا,أي دالة في العينة لا تتبع وسيط مجهول,0.46527841687202454,0.4696349501609802,0.467446506023407,Incorrect
779,ماذا يحتسب اليوم إذا قُبل المريض في يوم وتخرج في نفس اليوم؟,ANSWER: يوم واحد,مدة استشفاء,يوم واحد,مدة استشفاء,0.537199854850769,0.4951513409614563,0.5153192281723022,Incorrect
780,ما هي طريقة جمع البيانات التي تتناسب مع الأطفال؟,ANSWER: استبيان مرسوم أو مصور,الملاحظة,استبيان مرسوم أو مصور,الملاحظة,0.5063161849975586,0.5761973857879639,0.5390012264251709,Incorrect
781,ما هي الدراسات التي بحكم الميدان تنفيذ العمل وجمع البيانات؟,ANSWER: دراسات ميدانية,الدراسات الكيفية,دراسات ميدانية,الدراسات الكيفية,0.7121456265449524,0.7121456265449524,0.7121455669403076,Incorrect
782,ما هو الغرض من استخدام الجداول التكرارية؟,ANSWER: تتبع النتائج والاستجابة للعلاج,البيانات الوصفية والكمية,تتبع النتائج والاستجابة للعلاج,البيانات الوصفية والكمية,0.5026459097862244,0.603473424911499,0.5484642386436462,Incorrect
783,ما هما نوعا البيانات الموجودان؟,ANSWER: كمي - نوعي,كمية ووصفية,كمي - نوعي,كمية ووصفية,0.6266892552375793,0.6541376113891602,0.6401193737983704,Correct
784,ما الذي تعطينا إياه دالة التوزيع الاحتمالي المتجمع؟,ANSWER: وسيط التكرار (مدي Z),احتمال ان ياخد المتغير العشوائى x قيمه اقل او تساوى قيمه محددة,وسيط التكرار (مدي Z),احتمال ان ياخد المتغير العشوائى x قيمه اقل او تساوى قيمه محددة,0.4518059492111206,0.4336930215358734,0.4425642192363739,Incorrect
785,كل متى يتكرر التعداد السكاني عادة؟,ANSWER: كل 10 سنوات,عشرة أعوام,كل 10 سنوات,عشرة أعوام,0.6100765466690063,0.6394451856613159,0.6244157552719116,Correct
786,ما هو الفارق في عدد السكان بين تعدادين متعاقبين تفصلهما فترة معينة كعشر سنوات؟,ANSWER: معدل النمو السكاني,التغير المطلق,معدل النمو السكاني,التغير المطلق,0.5818901062011719,0.6053879261016846,0.5934064984321594,Incorrect
787,ما هو المسجل الذي يهدف إلى تجميع المعلومات عن المرضى؟,ANSWER: سجل مرضى إلكتروني (EMR),السجلات الطبية,سجل مرضى إلكتروني (EMR),السجلات الطبية,0.4921950399875641,0.6290167570114136,0.5522577166557312,Correct
788,ما هي من أقدم الطرق المستخدمة لجمع البيانات لمراقبة الكثير من الظواهر لا سيما التي يصعب السؤال عنها؟,ANSWER: الملاحظة PARTICIPATORY (مراقبة مُشاركة),الملاحظة أو المشاهدة,الملاحظة PARTICIPATORY (مراقبة مُشاركة),الملاحظة أو المشاهدة,0.5597779154777527,0.6056079864501953,0.5817917585372925,Correct
789,ما هو المقياس المستخدم لوصف حالة التدخين (مدخن - غير مدخن)؟,ANSWER: مؤشر بريغ,الاسمي,مؤشر بريغ,الاسمي,0.6005688905715942,0.6409980058670044,0.6201251745223999,Incorrect
790,ما هي الطريقة التي يتم بها الحصول على بيانات تتعلق بضغط الدم وسرعة نبضات القلب ونسبة الكوليسترول في الدم لعينة من المرضى خلال فترة أسبوع؟,ANSWER: فحوصات سريرية دورية,التسجيل,فحوصات سريرية دورية,التسجيل,0.48609432578086853,0.4561009407043457,0.47062021493911743,Incorrect
791,ما هي وظائف السجلات الطبية؟,ANSWER: توثيق التاريخ الصحي والتشخيص والتداخلات والنتائج.,ترميز الامراض والعمليات .,توثيق التاريخ الصحي والتشخيص والتداخلات والنتائج.,ترميز الامراض والعمليات .,0.5763827562332153,0.6481252908706665,0.6101523637771606,Incorrect
792,ما هو المقياس الذي يمكن استخدام الطرق الإحصائية الوسيطية فيه؟,ANSWER: مقياس رتبة (Ordinal Scale),النسبي,مقياس رتبة (Ordinal Scale),النسبي,0.3886915147304535,0.4328964352607727,0.4096047878265381,Incorrect
793,ما هو التوزيع الذي يتبعه مربع المتغير العشوائي Z² إذا كان للمتغير العشوائي Z توزيع طبيعي معياري؟,ANSWER: توزيع كي-مربع (χ²),توزيع كاي مربع بدرجة حرية واحدة,توزيع كي-مربع (χ²),توزيع كاي مربع بدرجة حرية واحدة,0.5144572257995605,0.5236508846282959,0.5190133452415466,Incorrect
794,ما هي المنظمة التي وضعت التصنيف الدولي للأمراض؟,ANSWER: منظمة الصحة العالمية (WHO) - التصنيف الدولي للأمراض (ICD),منظمة الصحة العالمية .,منظمة الصحة العالمية (WHO) - التصنيف الدولي للأمراض (ICD),منظمة الصحة العالمية .,0.628873884677887,0.7592275142669678,0.6879301071166992,Correct
795,ما هي الجهة المسؤولة عن السجلات الطبية؟,ANSWER: دائرة الصحة,قسم السجلات الطبية في المشفى,دائرة الصحة,قسم السجلات الطبية في المشفى,0.5481460690498352,0.5688974857330322,0.5583290457725525,Incorrect
796,ما هو التوقع الرياضي لمتحول عشوائي يخضع لتوزيع برنولي؟,ANSWER: 0.5 (نصف),P,0.5 (نصف),P,0.4416393041610718,0.5936050415039062,0.5064684748649597,Incorrect
797,ما هو التصنيف الدولي للأمراض؟,ANSWER: ICD (International Classification of Diseases),ثلاثة أجزاء .,ICD (International Classification of Diseases),ثلاثة أجزاء .,0.536416232585907,0.35088279843330383,0.42425206303596497,Incorrect
798,ما هو المستقيم الذي يكون منحنى التوزيع الطبيعي المعياري مناظراً حوله؟,ANSWER: منحنى غاوس (Gaussian curve),x=0,منحنى غاوس (Gaussian curve),x=0,0.3742924928665161,0.573596715927124,0.45299166440963745,Incorrect
799,ما هي أيام الخدمة الإجمالية للمرضى الداخليين؟,ANSWER: أيام التبليغ (LOS),مجموع خدمة جميع المرضى الداخليين خلال مدة معينة,أيام التبليغ (LOS),مجموع خدمة جميع المرضى الداخليين خلال مدة معينة,0.43395572900772095,0.441796213388443,0.43784084916114807,Incorrect
800,ما هي قيمة معامل التجديد؟,ANSWER: 0.5-1.5% من الحجم الكلي كل 24 ساعة,مربع معامل الارتباط الخطي,0.5-1.5% من الحجم الكلي كل 24 ساعة,مربع معامل الارتباط الخطي,0.5414336919784546,0.44637730717658997,0.4893319010734558,Incorrect
801,ما هي وحدة المعاينة؟,ANSWER: دقائق سترومال (Stromal units),عنصر من العينة,دقائق سترومال (Stromal units),عنصر من العينة,0.5037754774093628,0.47375863790512085,0.4883061945438385,Incorrect
802,ما هو الجدول التكراري الذي يضم عدد البيانات في فئة معينة وكل الفئات التي تسبقها؟,ANSWER: جدول كONTINGENCY (جدول تكراري) أو جدول توزع مزدوج.,تكرار المجتمع الصاعد,جدول كONTINGENCY (جدول تكراري) أو جدول توزع مزدوج.,تكرار المجتمع الصاعد,0.33386892080307007,0.42630282044410706,0.37446606159210205,Incorrect
803,ما هو معدل الوفيات في المشفى؟,ANSWER: معدل Case Fatality Rate (CFR),عدد الوفيات خلال فترة زمنية محددة على عدد المتخرجين والوفيات في نفس الفترة مضروب بـ 100,معدل Case Fatality Rate (CFR),عدد الوفيات خلال فترة زمنية محددة على عدد المتخرجين والوفيات في نفس الفترة مضروب بـ 100,0.5258857607841492,0.47447529435157776,0.4988594651222229,Incorrect
804,ما هو متوسط التوزيع الاحتمالي في تجربة رمي قطعة نقود 3 مرات متتالية حيث x تدل على عدد ظهور H؟,ANSWER: توزيع بنومي (Binomial Distribution),1.5,توزيع بنومي (Binomial Distribution),1.5,0.4651694893836975,0.3749896287918091,0.41523978114128113,Incorrect
805,ما هو المجتمع الإحصائي (الجمهرة)؟,ANSWER: مجموعة من الأفراد الذين يشاركون في الدراسة الإحصائية.,التي تشترك فيما بينها ببعض الخواص والمميزات,مجموعة من الأفراد الذين يشاركون في الدراسة الإحصائية.,التي تشترك فيما بينها ببعض الخواص والمميزات,0.4826386570930481,0.4118480384349823,0.44444215297698975,Correct
806,ما هو الرسم البياني الذي يتكون من مجموعة من الأعمدة المتجاورة المقامة على المحور الأفقي الذي تمثل عليه حالات الصفة المدروسة عندما تكون البيانات وصفية وفترات الفئات عندما تكون البيانات كمية ويساوي ارتفاع كل عمود تكرارات الفئة المقام عليها؟,ANSWER: مخطط تكرار (Histogram),المدرج التكراري,مخطط تكرار (Histogram),المدرج التكراري,0.5805239081382751,0.6174488067626953,0.5984172821044922,Correct
807,ما هي طريقة جمع البيانات التي من أمثلتها قياس شدة تأثير نوع من الهرمونات في مجموعة من الفئران؟,ANSWER: دراسة تجريبية معشرة (in vivo study),التجربة,دراسة تجريبية معشرة (in vivo study),التجربة,0.5826566219329834,0.5550414323806763,0.5685138702392578,Correct
808,ما نوع المتغير الذي يمثله طول شخص بالغ وقياس السكر في الدم؟,ANSWER: متغير كمي مستمر,عشوائي مستمر,متغير كمي مستمر,عشوائي مستمر,0.5498260259628296,0.5498260259628296,0.5498260259628296,Correct
809,متى يكون المجتمع غير متجانس في العينة غير العشوائية؟,ANSWER: عند عدم تمثيل جميع الفئات السكانية بالتساوي.,الحصصية,عند عدم تمثيل جميع الفئات السكانية بالتساوي.,الحصصية,0.35810959339141846,0.4271095395088196,0.3895779550075531,Incorrect
810,ما الذي يعتمد عليه توزيع ستيودنت؟,ANSWER: طول النالونات,درجة الحرية,طول النالونات,درجة الحرية,0.6051567792892456,0.6120244264602661,0.6085712313652039,Incorrect
811,ما هي محتويات السجل الطبي؟,ANSWER: التاريخ المرضي، الفحوصات، التشخيص، العلاج، المتابعة.,صفحة الموافقة على العلاج,التاريخ المرضي، الفحوصات، التشخيص، العلاج، المتابعة.,صفحة الموافقة على العلاج,0.4586924910545349,0.48819398880004883,0.4729836583137512,Incorrect
812,ما هو التصنيف الدولي للأمراض وما الغرض من الرموز والأرقام المستخدمة فيه؟,ANSWER: ICD - التصنيف الدولي للأمراض، رموز وأرقام لتصنيف الحالات المرضية.,عن الامراض .,ICD - التصنيف الدولي للأمراض، رموز وأرقام لتصنيف الحالات المرضية.,عن الامراض .,0.4681747257709503,0.6246118545532227,0.5351959466934204,Correct
813,ما نوع العينة التي نسحبها إذا كنا أمام مجتمع غير متجانس؟,ANSWER: عينة متعددة المراحل (Multi-Stage Sample),طبقية,عينة متعددة المراحل (Multi-Stage Sample),طبقية,0.38225647807121277,0.3980598449707031,0.3899981379508972,Incorrect
814,ما هو الغرض من استخدام الجداول التكرارية في عرض البيانات؟,ANSWER: تنظيم البيانات المتكررة,الكمية والاسمية,تنظيم البيانات المتكررة,الكمية والاسمية,0.5786606669425964,0.595511257648468,0.5869650840759277,Incorrect
815,ما هي الطريقة التي يتم بها الحصول على بيانات تتعلق بضغط الدم ونسبة الكوليسترول بالدم لعينة من المرضى خلال فترة زمنية معينة؟,ANSWER: فحوصات مخبرية دورية,الملاحظة أو المشاهدة,فحوصات مخبرية دورية,الملاحظة أو المشاهدة,0.5070226192474365,0.5125545263290405,0.5097735524177551,Incorrect
816,ما هي أعلى مستويات القياس؟,ANSWER: مستويات براد (Braad's levels),المقياس الرتبي,مستويات براد (Braad's levels),المقياس الرتبي,0.42690324783325195,0.5305764079093933,0.4731270968914032,Incorrect
817,ما هو الهدف من تغيير الطرائق في الدراسات بالنسبة للبيانات؟,ANSWER: تقليل التحيزات,أفضل دقة ممكنة,تقليل التحيزات,أفضل دقة ممكنة,0.4995819330215454,0.5678058862686157,0.5315135717391968,Incorrect
818,ما هي طريقة جمع البيانات التي تمتاز بالتكلفة العالية؟,ANSWER: دراسات مراقبة طويلة الأمد (Longitudinal Observational Studies),المقابلة الشخصية,دراسات مراقبة طويلة الأمد (Longitudinal Observational Studies),المقابلة الشخصية,0.45593369007110596,0.5533395409584045,0.49993622303009033,Incorrect
819,ما هو الفارق في عدد السكان بين تعدادين متعاقبين تفصلهما فترة معينة كعشر سنوات؟,ANSWER: معدل النمو السكاني,التغير المطلق,معدل النمو السكاني,التغير المطلق,0.5818901062011719,0.6053879261016846,0.5934064984321594,Incorrect
820,ما هو الجزء من الإحصاء الذي يعنى بوصف طبيعة وسلوك الظاهرة المدروسة وعرضها؟,ANSWER: وصف إحصائي,الإحصاء الوصفي,وصف إحصائي,الإحصاء الوصفي,0.6386653184890747,0.6771255135536194,0.6573333144187927,Correct
821,ما هي الفئة التي تشكل قاعدة الهرم السكاني؟,ANSWER: الأطفال والشباب (0-24 سنة),الأطفال,الأطفال والشباب (0-24 سنة),الأطفال,0.37577658891677856,0.587261974811554,0.4582979381084442,Incorrect
822,ما هي فرضية العدم لاختبار الفرضيات حول معامل الارتباط الخطي لبيرسون؟,ANSWER: عدم وجود علاقة خطية بين المتغيرات,قيمة معامل ارتباط المجتمع تساوي الصفر,عدم وجود علاقة خطية بين المتغيرات,قيمة معامل ارتباط المجتمع تساوي الصفر,0.5420376062393188,0.5558179616928101,0.5488412976264954,Correct
823,ما هو التكرار المتجمع الهابط لفئة معينة؟,ANSWER: متلازمة إهلاس-دانلوس,عدد البيانات في الفئة والفئات التي تليها,متلازمة إهلاس-دانلوس,عدد البيانات في الفئة والفئات التي تليها,0.42694738507270813,0.5260939002037048,0.4713634252548218,Incorrect
824,ما هو التوزيع الذي تتبعه التجربة الثنائية الوحيدة؟,ANSWER: توزيع بيرنولي (Bernoulli Distribution),البرنولي,توزيع بيرنولي (Bernoulli Distribution),البرنولي,0.4729997217655182,0.5154688954353333,0.49332195520401,Correct
825,ما هو نتاج العوامل المؤثرة في النمو السكاني من مواليد ووفيات وهجرة؟,ANSWER: معدل النمو السكاني الصافي,التركيب العمري,معدل النمو السكاني الصافي,التركيب العمري,0.568182110786438,0.6149188280105591,0.5906273722648621,Incorrect
826,ما هو المقياس المستخدم لقياس خضاب الدم؟,ANSWER: غاما-جلوبين,النسبي,غاما-جلوبين,النسبي,0.49689269065856934,0.626756489276886,0.554320216178894,Incorrect
827,ما هو نوع المصدر الذي تمثله البيانات التي نحصل عليها من الشركة أو المؤسسة من واقع مستنداتها وسجلاتها وفواتيرها وتقاريرها الدورية؟,ANSWER: مصدر أولي (Primary Source),داخلي,مصدر أولي (Primary Source),داخلي,0.44359856843948364,0.46439430117607117,0.4537582993507385,Incorrect
828,ما هي الجهة المسؤولة عن السجلات الطبية؟,ANSWER: دائرة الصحة,قسم السجلات الطبيه فى المشفى,دائرة الصحة,قسم السجلات الطبيه فى المشفى,0.5481460690498352,0.5688974857330322,0.5583290457725525,Incorrect
829,ما هو نوع الإحصاء الذي يتضمن جمع البيانات وتنظيمها وتوصيفها وتبويبها وتلخيصها؟,ANSWER: إحصاء وصفي,الوصفي,إحصاء وصفي,الوصفي,0.7081043720245361,0.770084798336029,0.7377951741218567,Correct
830,ما نوع العينة التي تمثلها مجموعة من المرضى الذين يراجعون طبيباً معيناً عندما يجري عليهم دراسة؟,ANSWER: عينة مريضية متوافقة (Convenience Sample),مصادفة,عينة مريضية متوافقة (Convenience Sample),مصادفة,0.48471033573150635,0.47919321060180664,0.481935977935791,Correct
831,ما نوع العلاقة إذا كانت قيمة بيرسون R=0.92؟,ANSWER: علاقة إيجابية قوية,طردية قوية,علاقة إيجابية قوية,طردية قوية,0.5649768114089966,0.5834324955940247,0.5740563273429871,Correct
832,ما هي وحدة المعاينة؟,ANSWER: دقائق سترو-هيس,عنصر من العينة,دقائق سترو-هيس,عنصر من العينة,0.4443120062351227,0.48434096574783325,0.46346375346183777,Incorrect
833,ما هي الطريقة التي يتم بها الحصول على بيانات تتعلق بضغط الدم وسرعة نبضات القلب ونسبة الكولسترول في الدم لعينة من المرضى خلال فترة أسبوع؟,ANSWER: فحوصات سريرية دورية,الملاحظة أو المشاهدة,فحوصات سريرية دورية,الملاحظة أو المشاهدة,0.5822306275367737,0.5128206014633179,0.5453258156776428,Incorrect
834,ما نوع الارتباط بين المتغير العشوائي X والمتغير التابع Y إذا كان تزايد X يؤدي إلى تزايد Y؟,ANSWER: علاقة إيجابية,إيجابي,علاقة إيجابية,إيجابي,0.39733660221099854,0.48071029782295227,0.4350651502609253,Correct
835,"ماذا تعبر عنه العبارة ""احتمال أي حدث لا يزيد عن الواحد""؟",ANSWER: احتمال đơn ( Singleton Event Probability ),المسلمة الاحتمالية,احتمال đơn ( Singleton Event Probability ),المسلمة الاحتمالية,0.5716683864593506,0.42043688893318176,0.4845261871814728,Incorrect
836,ما تسمى الظاهرة التي يحدث فيها انحدار معدل أطوال الأبناء من معامل المجتمع؟,ANSWER: انحدار هرمية السكان,الانحدار نحو المعدل,انحدار هرمية السكان,الانحدار نحو المعدل,0.5938401222229004,0.6346002221107483,0.6135439872741699,Incorrect
837,ما هي التقديرات التي تستخدم لتقدير نسبة النجاح لمجتمع؟,ANSWER: معدل البقاء على قيد الحياة (Survival Rate),التقدير النقطي,معدل البقاء على قيد الحياة (Survival Rate),التقدير النقطي,0.453243613243103,0.5225912928581238,0.48545336723327637,Incorrect
838,ما نوع المتغير العشوائي الذي يدل على عدد القذفات عند قذف قطعة نقود حتى يظهر الوجه H للمرة الأولى؟,ANSWER: متغير جيومتري سالب (Negative Binomial),متقطع قيمة الاعداد الطبيعية,متغير جيومتري سالب (Negative Binomial),متقطع قيمة الاعداد الطبيعية,0.48173919320106506,0.44498494267463684,0.4626332223415375,Incorrect
839,ما هو متوسط عدد الأطفال الذي يمكن أن تنجبهم المرأة أحياء إذا أمضت حياتها منذ ميلادها بما يتماشى مع معدلات الخصوبة العمرية في سنة معينة؟,ANSWER: معدل الإنجاب الكلي (TFR),معدل الخصوبة الكلية,معدل الإنجاب الكلي (TFR),معدل الخصوبة الكلية,0.5864842534065247,0.6873971223831177,0.6329436302185059,Correct
840,ما هي الطريقة التي تمكننا من مراقبة رد الفعل على بعض الأسئلة والحصول على إجابات دقيقة؟,ANSWER: فحوصات مُتكررة ومُتبعة بالتقييم النقدي (Repeated and Critically-Appraised Assessments),المواجهة,فحوصات مُتكررة ومُتبعة بالتقييم النقدي (Repeated and Critically-Appraised Assessments),المواجهة,0.4138758182525635,0.4813138246536255,0.4450546205043793,Incorrect
841,ما هو نوع البيانات المستخدمة لإنشاء الجدول التكراري؟,ANSWER: بيانات متكررة زمنية,كمية و وصفية,بيانات متكررة زمنية,كمية و وصفية,0.5819360017776489,0.5739623308181763,0.5779216885566711,Incorrect
842,ما هي طبيعة الأفراد أو العناصر التي تشكل المجتمع الإحصائي؟,ANSWER: وحدات الدراسة (units of study) أو الأفراد البحثية (research units) أو Cases في سياق البحث الطبي.,التي تشترك فيما بينها ببعض الخواص والمميزات,وحدات الدراسة (units of study) أو الأفراد البحثية (research units) أو Cases في سياق البحث الطبي.,التي تشترك فيما بينها ببعض الخواص والمميزات,0.36512887477874756,0.35961824655532837,0.3623526096343994,Incorrect
843,ما هو عدد الكريات الحمر في الجسم؟,ANSWER: 25 تريليون كرية حمراء تقريباً,عشوائي منفصل,25 تريليون كرية حمراء تقريباً,عشوائي منفصل,0.43319398164749146,0.4777800440788269,0.45439592003822327,Incorrect
844,ما هو معدل وفيات الأمهات الذي يحسب بقسمة عدد الوفيات لدى النساء الحوامل التي حدثت أثناء الحمل أو الولادة أو النفاس على عدد المواليد الأحياء خلال نفس السنة مضروباً في 100000؟,"ANSWER: معدل وفيات الأمهات (MMR) - وفيات/100,000 مولود حي.",معدل وفيات الأمهات,"معدل وفيات الأمهات (MMR) - وفيات/100,000 مولود حي.",معدل وفيات الأمهات,0.3612849712371826,0.7824442982673645,0.4943222105503082,Correct
845,ما هي المعدلات التي يكون تركيزها على معدلات الخصوبة لفئة معينة من العمر لغرض المقارنة على امتداد زمن ما ودراسة الفروق في ظاهرة الخصوبة بمختلف الأعمار؟,ANSWER: معدلات الخصوبة القياسية حسب العمر (ASFR),معدل الخصوبة العمري,معدلات الخصوبة القياسية حسب العمر (ASFR),معدل الخصوبة العمري,0.5286649465560913,0.7284355163574219,0.6126770973205566,Correct
846,ما هي العلاقة بين المتغيرين عندما يؤدي تزايد المتغير العشوائي x إلى تناقص المتغير التابع y؟,ANSWER: علاقة عكسي,سلبي,علاقة عكسي,سلبي,0.49196135997772217,0.5984675884246826,0.5400130152702332,Correct
847,ما هو المقياس المستخدم لوصف حالة التدخين (مدخن / غير مدخن)؟,ANSWER: مؤشر بريغار (pack-year),مقياس اسمي,مؤشر بريغار (pack-year),مقياس اسمي,0.42390716075897217,0.5093780755996704,0.462728887796402,Incorrect
848,ما هي الشروط التي يجب توفرها في مجموعة من المتغيرات العشوائية لتشكل عينة عشوائية؟,ANSWER: استقلال، توزيع متساوي، تمثيل كامل للpopulation,مستقلة ولها قانون التوزيع نفسه,استقلال، توزيع متساوي، تمثيل كامل للpopulation,مستقلة ولها قانون التوزيع نفسه,0.5368458032608032,0.4998347759246826,0.5176796317100525,Correct
849,ما هو المستوى الذي يمكن حساب فيه المتوسطات والانحرافات المعيارية ومقاييس العلاقة الخطية؟,ANSWER: مستوى قياسي (Scale: Interval),العنقودي,مستوى قياسي (Scale: Interval),العنقودي,0.5069947242736816,0.5131570100784302,0.510057270526886,Incorrect
850,كم يتراوح عدد الفئات غالباً؟,ANSWER: 4-6 فئات,بين 5 و15 فئة,4-6 فئات,بين 5 و15 فئة,0.4856094717979431,0.44824832677841187,0.46618154644966125,Incorrect
851,ما هي فرضية العدم لاختبار الفرضيات حول معامل الارتباط الخطي لبيرسون؟,ANSWER: عدم وجود علاقة خطية بين المتغيرات,قيمة معامل ارتباط المجتمع تساوي الصفر,عدم وجود علاقة خطية بين المتغيرات,قيمة معامل ارتباط المجتمع تساوي الصفر,0.5420376062393188,0.5558179616928101,0.5488412976264954,Correct
852,ما هو معدل الوفيات الخام؟,ANSWER: Crude Death Rate (CDR) - في السياق الطبي العربي: معدل الوفيات الخام (CDR) - هو عدد الوفيات لكل 1000 شخص في السنة في مجتمع معين.,عدد الوفيات لكل الف من السكان في سنة معينة,Crude Death Rate (CDR) - في السياق الطبي العربي: معدل الوفيات الخام (CDR) - هو عدد الوفيات لكل 1000 شخص في السنة في مجتمع معين.,عدد الوفيات لكل الف من السكان في سنة معينة,0.5229119658470154,0.7189126014709473,0.605444610118866,Correct
853,ما هي الجهة المسؤولة عن السجلات الطبية؟,ANSWER: دائرة الصحة,قسم السجلات الطبية في المستشفى,دائرة الصحة,قسم السجلات الطبية في المستشفى,0.49106940627098083,0.6561880111694336,0.56174635887146,Incorrect
854,ما هو الغرض من استخدام مخطط الانتشار في الدراسة الإحصائية بين خاصتين؟,ANSWER: تحديد علاقة التبain (correlation) بين المتغيرين.,متغيرين,تحديد علاقة التبain (correlation) بين المتغيرين.,متغيرين,0.36180588603019714,0.5472720861434937,0.43561995029449463,Correct
855,ما هو التوقع الرياضي لمجموع متغيرين عشوائيين؟,ANSWER: قيمة متوقعة مشتركة (Expected Joint Value),مجموع التوقعين الرياضيين للمتغيرين العشوائيين,قيمة متوقعة مشتركة (Expected Joint Value),مجموع التوقعين الرياضيين للمتغيرين العشوائيين,0.5628392696380615,0.5515915155410767,0.5571586489677429,Incorrect
856,ما هو التكرار المتجمع الصاعد لفئة معينة؟,ANSWER: تكرار متزايد لحدث في فترة زمنية محددة (Incidence Rate),عدد البيانات المتضمنة في الفئة والفئات التي تسبقها,تكرار متزايد لحدث في فترة زمنية محددة (Incidence Rate),عدد البيانات المتضمنة في الفئة والفئات التي تسبقها,0.5106803774833679,0.5462875962257385,0.5278841853141785,Incorrect
857,ما هي المنطقة التي تتألف من قيم دالة الاختبار قليلة الاحتمال عندما Ho صحيحة؟,ANSWER: المنطقة IV (منطقة غير محتملة),منطقة الرفض,المنطقة IV (منطقة غير محتملة),منطقة الرفض,0.505239725112915,0.533112645149231,0.5188021063804626,Correct
858,ما هو المجتمع الإحصائي؟,ANSWER: عينة تمثيلية من السكان,التي تشترك فيما بينها ببعض الخواص والميزات,عينة تمثيلية من السكان,التي تشترك فيما بينها ببعض الخواص والميزات,0.40863263607025146,0.3947301506996155,0.40156108140945435,Incorrect
859,ما الذي يقوم عليه الإحصاء الاستنتاجي؟,ANSWER: نظرية الاحتمال,على اتخاذ القرارات والتنبؤ والاستقرار والاستدلال,نظرية الاحتمال,على اتخاذ القرارات والتنبؤ والاستقرار والاستدلال,0.5052623748779297,0.49879831075668335,0.5020095109939575,Incorrect
860,ما هي الجهة التي تصدر التصنيف الدولي للأمراض؟,ANSWER: منظمة الصحة العالمية (WHO),منظمة الصحة العالمية,منظمة الصحة العالمية (WHO),منظمة الصحة العالمية,0.7279164791107178,0.9452962279319763,0.822485625743866,Correct
861,ما الذي تختلف تبعاً له دلالات قيم المتغيرات العشوائية؟,ANSWER: توزيع احتمالي,نوعية المقياس المستخدم,توزيع احتمالي,نوعية المقياس المستخدم,0.4614222049713135,0.4574071168899536,0.4594058692455292,Incorrect
862,ما هي الطريقة التي تستخدم فيها بعض التقنيات الإلكترونية للمراقبة والعد وتسجيل الملاحظات؟,ANSWER: نظام المعلومات الصحية الإلكتروني (EHR),التسجيل,نظام المعلومات الصحية الإلكتروني (EHR),التسجيل,0.2825503349304199,0.40058383345603943,0.3313699960708618,Incorrect
863,ما الذي يحدد زمن حفظ السجلات الطبية؟,ANSWER: مدة التخزين القانونية,حسب الأسس المتبعة محليا في كل بلد,مدة التخزين القانونية,حسب الأسس المتبعة محليا في كل بلد,0.512826681137085,0.6031590700149536,0.5543369650840759,Incorrect
864,ما هو التوزيع الذي يتبعه مجموع متغيرات عينة عشوائية حجمها n من توزيع برنولي بالوسيط P؟,ANSWER: توزيع بنومي (Binomial Distribution),الثنائي,توزيع بنومي (Binomial Distribution),الثنائي,0.5305998921394348,0.4871162176132202,0.5079290270805359,Correct
865,ما هي مجموعة قيم المتغير العشوائي x الذي يدل على عدد أخوات طالب ما؟,ANSWER: توزيع بواسون (Poisson Distribution),صحيح موجب,توزيع بواسون (Poisson Distribution),صحيح موجب,0.42506539821624756,0.4370695650577545,0.43098393082618713,Incorrect
866,ما هو معدل المواليد الخام؟,ANSWER: 0.5-1.5 مل/ديسيلتر (mL/dL),عدد المواليد الاحياء لكل ألف من السكان في سنة معينة,0.5-1.5 مل/ديسيلتر (mL/dL),عدد المواليد الاحياء لكل ألف من السكان في سنة معينة,0.4243960976600647,0.49873435497283936,0.45857203006744385,Incorrect
867,ما هي الفئة العمرية المهمة جداً من الناحية الصحية والتنموية؟,ANSWER: مرحلة الطفولة المبكرة (0-5 سنوات),فئة الأطفال,مرحلة الطفولة المبكرة (0-5 سنوات),فئة الأطفال,0.3948690891265869,0.41012459993362427,0.4023522734642029,Correct
868,ما هي الطريقة التي تمتاز بوصول الإجابات خلال وقت قصير وتتميز ببساطتها وقلة تكاليفها وسرعتها؟,ANSWER: الفحوصات السريعة (Rapid Tests),استخدام الانترنيت والمواقع الاجتماعية,الفحوصات السريعة (Rapid Tests),استخدام الانترنيت والمواقع الاجتماعية,0.5125676393508911,0.5189244151115417,0.5157264471054077,Incorrect
869,ما هو المخطط الذي يساعد بدراسة العلاقة بين متغيرين وطبيعتها؟,ANSWER: مخطط � 散 (Scatter Plot),مخطط الانتشار,مخطط � 散 (Scatter Plot),مخطط الانتشار,0.40943554043769836,0.6078855991363525,0.48930463194847107,Correct
870,ما الذي يحدد زمن حفظ السجلات الطبية في المشفى؟,ANSWER: مدة التخزين القانونية,بناء على الأسس المتبعة محلياً في كل بلد,مدة التخزين القانونية,بناء على الأسس المتبعة محلياً في كل بلد,0.511748194694519,0.5780205130577087,0.5428692698478699,Incorrect
871,ما هو التوزيع الذي يستخدم في اختبار الفرضيات حول ميل خط الانحدار؟,ANSWER: توزيع F (F-distribution),ستيودنت,توزيع F (F-distribution),ستيودنت,0.47399258613586426,0.41908949613571167,0.44485342502593994,Incorrect
872,ما هي أسباب تفضيل أسلوب العينة على أسلوب الحصر الشامل؟,ANSWER: تكلفة أقل وسهولة التنفيذ,صعوبة حصر افراد المجتمع,تكلفة أقل وسهولة التنفيذ,صعوبة حصر افراد المجتمع,0.5202405452728271,0.5182411670684814,0.5192389488220215,Incorrect
873,ما هو السجل الذي يهدف إلى تجميع المعلومات عن المريض؟,ANSWER: ملف المريض السريري,السجلات الطبية .,ملف المريض السريري,السجلات الطبية .,0.5904271006584167,0.5553836822509766,0.5723695158958435,Correct
874,ما هو نوع التوزيع الإحصائي إذا علمت أن احتمال شفاء مريض مصاب بالزكام خلال أسبوع دون اللجوء للطبيب هو 0.6 وكان لدينا 10 مرضى بالزكام ولم يراجعوا الطبيب؟,ANSWER: توزيع بنومي (Binomial Distribution),حداني,توزيع بنومي (Binomial Distribution),حداني,0.5013423562049866,0.46987947821617126,0.4851013123989105,Incorrect
875,ما هو الشريان الذي ينزف غالباً من قرحة اثني عشرية؟,ANSWER: شريان غاسترودوودنال (Gastroduodenal artery),المعدي العفجي.,شريان غاسترودوودنال (Gastroduodenal artery),المعدي العفجي.,0.4417082369327545,0.38042503595352173,0.40878257155418396,Correct
876,ما هي الأورام التي تعالج في القسم البعيد للمعدة؟,ANSWER: سرطان المعدة (adenocarcinoma),4. كل ما سبق صحيح.,سرطان المعدة (adenocarcinoma),4. كل ما سبق صحيح.,0.5999963283538818,0.3512183427810669,0.4430750012397766,Incorrect
877,ما هو التشخيص للآفة التي قد تسبب فقراً دموياً والنزف الحاد منها غير شائع والتي تم اكتشافها بالتنظير الهضمي العلوي لرجل عمره 55 سنة؟,ANSWER: ورم دموي معدي (Angiodysplasia),سرطانة معدية.,ورم دموي معدي (Angiodysplasia),سرطانة معدية.,0.5554360151290894,0.5091836452484131,0.5313051342964172,Incorrect
878,ما هي الخطوة الأولى الأهم في تدبير مريض يبلغ من العمر 32 سنة أتى لقسم الطوارئ بقصة إقياء لكميات كبيرة من الدم الأحمر القاني؟,ANSWER: فحص كامل للدم (CBC) مع DIFFERENTIAL,إنعاش بالسوائل.,فحص كامل للدم (CBC) مع DIFFERENTIAL,إنعاش بالسوائل.,0.45171427726745605,0.472891628742218,0.46206042170524597,Incorrect
879,ما هو التشخيص المحتمل لمريضة تبلغ من العمر 45 سنة تشكو من ألم في ثديها الأيسر لمدة أسبوعين مع وجود خيط يشبه الحبل مؤلم وأودة بارزة فوقه بالفحص السريري؟,ANSWER: سرطان الثدي الغدي (Adenocarcinoma of Breast) مع احتمال وجود ورم دموي (Thrombophlebitis) في الوريد السطحي.,داء,سرطان الثدي الغدي (Adenocarcinoma of Breast) مع احتمال وجود ورم دموي (Thrombophlebitis) في الوريد السطحي.,داء,0.2714097201824188,0.3602144122123718,0.30956920981407166,Incorrect
880,ما هو التشخيص المحتمل لمريضة تبلغ من العمر 40 عاماً من أصول آسيوية وصلت إلى بريطانيا تشكو من كتلة غير مؤلمة في ثديها الأيمن منذ عدة أشهر مع نز الخراج في إبطها الأيمن الذي يشفى ويعاود من جديد؟,ANSWER: سرطان الثدي,سل ثدي.,سرطان الثدي,سل ثدي.,0.5924649834632874,0.557402491569519,0.5743991732597351,Incorrect
881,ما هو التشخيص المحتمل لمريضة تبلغ من العمر 25 سنة راجعت بكتلة شاهدتها صدفة منذ 3 أسابيع في ثديها الأيسر ويمكن تحريك الكتلة من قبل المريضة ضمن نسيج الثدي؟,ANSWER: ورم حميد (فيبroadenoma),غدوم ليفي.,ورم حميد (فيبroadenoma),غدوم ليفي.,0.4555726945400238,0.4586162567138672,0.4570893943309784,Correct
882,ما هو التشخيص المحتمل لمريضة تبلغ من العمر 50 عاماً تعاني من ألم واحمرار في الثدي الأيمن منذ شهر وقد عولجت بالصادات لمدة أسبوعين دون تحسن وازدادت الحالة سوءاً؟,ANSWER: سرطان الثدي,سرطان التهابي.,سرطان الثدي,سرطان التهابي.,0.6368497610092163,0.5291957259178162,0.5780532360076904,Incorrect
883,ما هو التشخيص المحتمل لمريضة مسنة مشخص لديها سابقاً داء هاشيموتو وتراجع بعقدة قاسية غير منتظمة في الفص الدرقي الأيمن؟,ANSWER: سرطان الغدة الدرقية Papillary,لمفوما.,سرطان الغدة الدرقية Papillary,لمفوما.,0.35763245820999146,0.4070613980293274,0.3807494044303894,Incorrect
884,ما هو التشخيص المحتمل لطفل يبلغ من العمر 12 سنة يراجع بعقدة درقية مع ضخامة عقد لمفية ناحية؟,ANSWER: سرطان هودجكين (Hodgkin Lymphoma),سرطان حليمي.,سرطان هودجكين (Hodgkin Lymphoma),سرطان حليمي.,0.49976009130477905,0.5359794497489929,0.5172364711761475,Incorrect
885,ما هو التشخيص المحتمل لمريضة في منتصف العمر تعاني من سلعة درقية لفترة طويلة مع تضخم الفص الأيمن أكبر من الأيسر وهي سريرياً في حالة سواء درقي؟,"ANSWER: تمدد كبدي-dr (Hepatomegaly) مع عدم تناسق (asymmetry) في تضخم الفص (lobar enlargement), الفص الأيمن أكبر: يشير إلى احتمال",سلعة متعددة العقد.,"تمدد كبدي-dr (Hepatomegaly) مع عدم تناسق (asymmetry) في تضخم الفص (lobar enlargement), الفص الأيمن أكبر: يشير إلى احتمال",سلعة متعددة العقد.,0.4040864109992981,0.42958366870880127,0.4164451062679291,Incorrect
886,ما هو التشخيص الأكثر احتمالاً لفتاة في الربيع الخامس تشكو من عسرة تنفس مع وجود كتلة في جوف الفم بقطر 3 سم على الخط الناصف وعلى مؤخرة اللسان؟,ANSWER: ورم ليفي لانجيرهانز (Lymphangioma) أو ورم ليمفاوي (Lymphatic Cyst) في سياق احتمال وجود كيس ليمفاوي نادر في,درق لسانية.,ورم ليفي لانجيرهانز (Lymphangioma) أو ورم ليمفاوي (Lymphatic Cyst) في سياق احتمال وجود كيس ليمفاوي نادر في,درق لسانية.,0.3475187420845032,0.3612591326236725,0.3542557656764984,Incorrect
887,ما هو العلاج غير المرغوب به في حالة شابة في ربيعها الأربعين تشكو من نقص وزن مع خفقان وجحوظ في العينين مع وجود سلعة درقية متوسطة الحجم منتشرة ومتجانسة وفرط نشاط درق بدني؟,ANSWER: علاج بالثيرويد (هormone replacement therapy) غير مرغوب,المعالجة الشعاعية باليود I 131,علاج بالثيرويد (هormone replacement therapy) غير مرغوب,المعالجة الشعاعية باليود I 131,0.5631818771362305,0.6324411630630493,0.5958055257797241,Incorrect
888,ما هو الإجراء الأول الذي يجب إجراؤه قبل عملية sleeve gastrectomy لمريض البدانة الذي لديه BMI يساوي 40؟,ANSWER: فحص شامل لصحة المريض,الحصول على موافقة المريض.,فحص شامل لصحة المريض,الحصول على موافقة المريض.,0.6081096529960632,0.5782692432403564,0.5928141474723816,Incorrect
889,ما هو الإجراء الأول الذي يجب إجراؤه قبل عملية Sleeve gastrectomy لمريض البدانة الذي لديه BMI يساوي 40؟,ANSWER: فحص المريض من قبل متخصص في التغذية,الحصول على موافقة المريض.,فحص المريض من قبل متخصص في التغذية,الحصول على موافقة المريض.,0.5998544692993164,0.5479289293289185,0.5727171897888184,Incorrect
890,ما هو التشخيص المحتمل لمريض عمره 25 سنة يعاني من عدم ارتياح عام ونقصان في الوزن وترفع حروري وبراز ملطخ بالدم على نحو متقطع خلال الست أسابيع الأخيرة بعد عودته من شبه القارة الهندية حيث عمل هناك لمدة ستة أشهر، مع وجود كبدية ومضض في الربع العلوي الأيمن وإيكو يظهر جوفا ناقص الصدى في الفص الكبدي الأيمن ذو حوا,ANSWER: داء أميبي,خراجة كبدية زحارية.,داء أميبي,خراجة كبدية زحارية.,0.4580184817314148,0.4121362566947937,0.4338676929473877,Incorrect
891,ما هو التشخيص المحتمل لمريض عمره 50 سنة يعاني من أصمية حديثة وألم في الربع العلوي الأيمن لمدة 3-4 أشهر مع فحص سريري سلبي ووظائف كبد طبيعية وتنظير هضمي علوي طبيعي بينما أظهر الإيكو وجود آفة كيسية وحيدة تبلغ 6 سم؟,ANSWER: ورم كبدي خبيث (سرطان الكبد),داء كيسي بسيط,ورم كبدي خبيث (سرطان الكبد),داء كيسي بسيط,0.5851041078567505,0.6013824343681335,0.5931316614151001,Incorrect
892,ما هو التشخيص المحتمل لمريضة تبلغ من العمر 30 سنة تعاني من ألم مستمر في الربع العلوي الأيمن من البطن مع إقياء وارتفاع حرارة وإيجابية علامة مورفي؟,ANSWER: التهاب المرارة الحاد (التهاب كيس المرارة),التهاب مرارة حاد.,التهاب المرارة الحاد (التهاب كيس المرارة),التهاب مرارة حاد.,0.688157320022583,0.7667216062545776,0.725318193435669,Correct
893,ما هو التشخيص المحتمل لمريض يبلغ من العمر 60 سنة لديه سابقة حصيات مرارية يراجع بقصة ألم بطني شديد ومستمر لمدة 6 ساعات وبالفحص السريري كان المريض غير مرتاح ومصدوم مع انتفاخ البطن ومضض راجع معممين؟,ANSWER: التهاب البنكرياس الحاد,التهاب بريتوان تالي لانثقاب مرارة.,التهاب البنكرياس الحاد,التهاب بريتوان تالي لانثقاب مرارة.,0.5873947143554688,0.49981969594955444,0.5400800704956055,Incorrect
894,ما هو التشخيص المحتمل لمريض يبلغ من العمر 56 سنة يعاني من ألم شديد في أعلى البطن منذ أسبوع مع حمى متقطعة وعدم راحة شديدة مع وجود علامات لتخريش بريتواني في الربع العلوي الأيمن مع جس كتلة؟,ANSWER: التهاب كبدي حاد (Acute Hepatitis) مع احتمال تكوين كيسة سرطانية (Hepatocellular Carcinoma) أو ورم خبيث آخر في الكبد.,تقيح مرارة.,التهاب كبدي حاد (Acute Hepatitis) مع احتمال تكوين كيسة سرطانية (Hepatocellular Carcinoma) أو ورم خبيث آخر في الكبد.,تقيح مرارة.,0.4630833566188812,0.4614923894405365,0.46228650212287903,Incorrect
895,ما هو التشخيص المحتمل لمريض يبلغ من العمر 60 سنة يراجع بقصة ألم بطني ويرقان وحرارة مع عروءات؟,ANSWER: التهاب الصفيحة (Perforated Appendicitis),التهاب طرق صفراوية صاعد.,التهاب الصفيحة (Perforated Appendicitis),التهاب طرق صفراوية صاعد.,0.4864666163921356,0.5327242612838745,0.5085456967353821,Incorrect
896,ما هو التشخيص المحتمل لمريضة تبلغ من العمر 40 سنة عولجت لالتهاب مرارة حاد حيث لوحظ وجود مرارة مجسوسة غير ممضة، لم يكن هناك ترفع حروري وكانت المريضة بشكل عام بصحة جيدة؟,ANSWER: مرارة جالستونية صامتة,قيلة مخاطية في المرارة.,مرارة جالستونية صامتة,قيلة مخاطية في المرارة.,0.6319401860237122,0.5671128034591675,0.5977739691734314,Incorrect
897,ما هو التشخيص المحتمل لمريض عمره 80 سنة لديه تصبغ جلدي ملحوظ ونسيج ندبي ولديه ندبات بطنية لاستئصال كظر ثنائي الجانب؟,ANSWER: متلازمة وارن (Warren's syndrome) أو متلازمة البور (POEMS syndrome) - لكن في سياق هذا السؤال، الأرجح هو متلازمة وارن، نظر,متلازمة نيلسون.,متلازمة وارن (Warren's syndrome) أو متلازمة البور (POEMS syndrome) - لكن في سياق هذا السؤال، الأرجح هو متلازمة وارن، نظر,متلازمة نيلسون.,0.4400026798248291,0.65980064868927,0.5279381275177002,Incorrect
898,ما هو التشخيص المحتمل لمريض عمره 48 سنة يعاني من اضطراب رئوي وصداع وارتفاع ضغط؟,ANSWER: فرط التنسج الرئوي,متلازمة كون.,فرط التنسج الرئوي,متلازمة كون.,0.524682879447937,0.5324211120605469,0.5285236835479736,Incorrect
899,ما هو التشخيص المحتمل لمريض ربو مع تفاقم متكرر لحالته تطور لديه بشكل تدريجي شعرانية مع بدانة جذعية وكدمات؟,ANSWER: داء كرون (مرض كرون) مع مكون فиброзي (fibrotic component),متلازمة كوشينغ.,داء كرون (مرض كرون) مع مكون فиброзي (fibrotic component),متلازمة كوشينغ.,0.5179571509361267,0.47269490361213684,0.4942920207977295,Incorrect
900,ما هو التشخيص المحتمل لسيدة حامل تبلغ من العمر 30 سنة تبين أثناء إجراء ايكو بطن لها وجود كتلة متكلسة في الشرسوف يبلغ قطرها 1 سم مع سماع لغط في منطقة الشرسوف دون وجود أي أعراض؟,ANSWER: ورم شحمي في الشرسوف (Lipoma of Spleen),أم دم شريان طحالي.,ورم شحمي في الشرسوف (Lipoma of Spleen),أم دم شريان طحالي.,0.45882850885391235,0.5505321621894836,0.500514566898346,Incorrect
901,ما هو التشخيص الأكثر احتمالاً لطفل عمره 7 سنوات يعاني من فقر دم منجلي ويشكو منذ ساعتين من ألم بطني حاد في الربع العلوي الأيسر مع ضغط 60/100 ملم زئبقي ونبض 110 ن/د وحرارة 37 درجة ومضض في الربع العلوي الأيسر للبطن بدون إيلام مرتد مع صعوبة جس الطحال وخضاب 6.1 غ/دل؟,ANSWER: أزمة فقر دم منجلي حادة (Acute Sickle Cell Crisis),نوبة ألمية بسبب انسداد الأوعية الدموية.,أزمة فقر دم منجلي حادة (Acute Sickle Cell Crisis),نوبة ألمية بسبب انسداد الأوعية الدموية.,0.6003466844558716,0.5322387218475342,0.5642448663711548,Correct
902,ما هي نسبة الاستفادة من استئصال الطحال في حالة سيدة عمرها 40 سنة تعاني من فرفرية مناعية مزمنة معندة على العلاج بالستيروئيدات؟,ANSWER: 50-70% ناجح في تحسين الأعراض,أقل من 20%,50-70% ناجح في تحسين الأعراض,أقل من 20%,0.5541595220565796,0.5737735629081726,0.5637960433959961,Incorrect
903,ما هي الخطوة التالية في تدبير مريض بعمر 70 سنة دون سوابق جراحية يعاني من ألم بطني متقطع منذ أسبوع وتوسع بطني وإقياء مستمر منذ يوم، مع عدم وجود فتوق بالفحص وتعداد 3000 كرية بيضاء / مم؟,ANSWER: إجراء فحص التصوير بالرنين المغناطيسي (MRI) أو التصوير المقطعي المحوسب (CT scan) للبطن لاستبعاد التهاب البنكرياس أو,إجراء (CT) التصوير الطبقي المحوسب للبطن.,إجراء فحص التصوير بالرنين المغناطيسي (MRI) أو التصوير المقطعي المحوسب (CT scan) للبطن لاستبعاد التهاب البنكرياس أو,إجراء (CT) التصوير الطبقي المحوسب للبطن.,0.6472480297088623,0.7448971271514893,0.6926478743553162,Incorrect
904,ما هي الخطوة التالية في تدبير مريض بعمر 70 سنة دون سوابق جراحية يعاني من ألم بطني متقطع منذ أسبوع وتوسع بطني وإقياء مستمر منذ يوم، مع عدم وجود فتوق بالفحص وتعداد 3000 كرية بيضاء / مم؟,ANSWER: إجراء فحص التصوير بالرنين المغناطيسي (MRI) أو التصوير المقطعي المحوسب (CT scan) للبطن لاستبعاد التهاب البنكرياس أو,إجراء (CT) التصوير الطبقي المحوسب للبطن.,إجراء فحص التصوير بالرنين المغناطيسي (MRI) أو التصوير المقطعي المحوسب (CT scan) للبطن لاستبعاد التهاب البنكرياس أو,إجراء (CT) التصوير الطبقي المحوسب للبطن.,0.6472480297088623,0.7448971271514893,0.6926478743553162,Incorrect
905,ما هي الخطوة التالية في تدبير شاب عمره 20 سنة راجع الإسعاف بعد 20 يوماً من استئصال زائدة ملتهبة ويعاني من إقياء مع تمدد بطن وإيلام خفيف، وتعداد WBC كان 14000 كرية/مم3 والكهارل طبيعية؟,ANSWER: فحص بالتصوير الطبقي (CT scan) البطن,مراقبة 24 ساعة أخرى مع وضع NG.,فحص بالتصوير الطبقي (CT scan) البطن,مراقبة 24 ساعة أخرى مع وضع NG.,0.43454718589782715,0.43654942512512207,0.43554598093032837,Incorrect
906,ما هي العلامات الأكثر توافقاً مع بالغ عمره 45 سنة لديه ألم بطني حاد وتم تشخيصه بالتهاب مرارة حاد؟,ANSWER: التهيج والقلاع والشعور بالمرارة المُلتهبة والصفرة والغثيان والقيء,ألم بطني مستمر ومضض مراق أيمن وارتفاع الكريات البيضاء.,التهيج والقلاع والشعور بالمرارة المُلتهبة والصفرة والغثيان والقيء,ألم بطني مستمر ومضض مراق أيمن وارتفاع الكريات البيضاء.,0.5388185977935791,0.48863351345062256,0.5125004649162292,Incorrect
907,ما هي الخطوة الأولى الأهم في تدبير مريض يبلغ من العمر 32 سنة أتى لقسم الطوارئ بقصة إقياء لكميات كبيرة من الدم الأحمر القاني؟,ANSWER: فحص كامل للدم (CBC) مع DIFFERENTIAL,الإنعاش بالسوائل.,فحص كامل للدم (CBC) مع DIFFERENTIAL,الإنعاش بالسوائل.,0.47125059366226196,0.4750956892967224,0.4731653332710266,Incorrect
908,ما هو التشخيص المحتمل لمريض عمره 70 سنة تطور لديه بعد 3 أيام من احتشاء قلبي ألم بطني مع تعدد البطن وخفوت في أصوات الأمعاء وتحليل غازات الدم يشير إلى احمضاض استقلابي؟,ANSWER: متلازمة الم mesenteric إقفارية (Mesenteric Ischemic Syndrome) أو احتشاء الأمعاء (Intestinal Infarction) مع قصور كلوي (Renal Failure) ثانوي,احتشاء مساريقي.,متلازمة الم mesenteric إقفارية (Mesenteric Ischemic Syndrome) أو احتشاء الأمعاء (Intestinal Infarction) مع قصور كلوي (Renal Failure) ثانوي,احتشاء مساريقي.,0.37120887637138367,0.4701153635978699,0.4148483872413635,Correct
909,ما هي القاعدة الجراحية الأصح حالياً في مراقبة المريض أثناء تدبير مريض الانسداد المعوي ووضع القرار الجراحي المناسب في المراكز الجراحية المتطورة؟,ANSWER: مراقبة ديناميكية لضغط الوريد الرئوي (SVI),يجب دائماً عدم إجراء الجراحة حتى يتم استقرا المريض بعد الإنعاش.,مراقبة ديناميكية لضغط الوريد الرئوي (SVI),يجب دائماً عدم إجراء الجراحة حتى يتم استقرا المريض بعد الإنعاش.,0.4656435251235962,0.43754029273986816,0.4511547088623047,Incorrect
910,ما هو التشخيص المحتمل للمريضة إذا كانت الصورة البسيطة تدل على سويات معوية دقيقة وغياب لارتسام الكولونات وكانت مقاطع التصوير الطبقي المحوري تشير لتوسع عرى المعي؟,ANSWER: داء كرون (مرض كرون),التصاقات معوية.,داء كرون (مرض كرون),التصاقات معوية.,0.444775253534317,0.48475319147109985,0.4639045000076294,Incorrect
911,ما هو التشخيص الأقوى لمريض عمره 65 سنة تطور لديه ألم بطني حاد مفاجئ مستمر في الربع العلوي الأيمن منذ ساعة، تلاه آلام مغصية سرية مع غثيان، والفحص السريري يبدي سحنة سمية مع فحص بطني سوي تقريباً؟,ANSWER: التهاب المرارة الحاد (التهاب كولسystic Acute),انسداد أمعاء بنقص التروية.,التهاب المرارة الحاد (التهاب كولسystic Acute),انسداد أمعاء بنقص التروية.,0.4935820698738098,0.49363845586776733,0.4936102628707886,Incorrect
912,ما هو التشخيص المحتمل في المريضة التي تظهر صورتها البسيطة سويات معوية دقيقة وغياب الارتسام الكولوني، وتشير مقاطع التصوير الطبقي المحوري لتوسع عرى المعي الدقيق وزيادة في شحم المساريقا مع عدم ارتسام الكولون بالكامل؟,ANSWER: داء كرون (مرض كرون),التصاقات معوية.,داء كرون (مرض كرون),التصاقات معوية.,0.444775253534317,0.48475319147109985,0.4639045000076294,Incorrect
913,ما هو التشخيص لمريض عمره 60 سنة مصاب بداء كرون منذ عشر سنوات راجع المشفى بقصة حمى وعرواءات تلاها خروج هواء ومفرزات معوية عند التبول؟,ANSWER: داء كرون مع قصور كلوي,ناسور معدي مثاني.,داء كرون مع قصور كلوي,ناسور معدي مثاني.,0.43015408515930176,0.43682315945625305,0.4334630072116852,Incorrect
914,ما هي الحالة التي لا تدخل في التشخيص التفريقي لطفلة عمرها 10 سنوات تعاني منذ ساعتين من ألم حفرة حرقفية يمنى دون إيلام مرتد؟,ANSWER: التهاب كبدي فيروسي,نزف رتج ميكل.,التهاب كبدي فيروسي,نزف رتج ميكل.,0.6639525890350342,0.4178241491317749,0.512888491153717,Incorrect
915,ما هو التشخيص المحتمل لمريضة عمرها 50 سنة تعرضت لألم بطني حاد طاعن منذ نصف ساعة في الشرسوف تعمم في أنحاء البطن مع إقياءات بنية اللون وفحص البطن لين؟,ANSWER: التهاب الصفيحة (Perforated Appendicitis),صمة شريان مساريقي علوي.,التهاب الصفيحة (Perforated Appendicitis),صمة شريان مساريقي علوي.,0.46565717458724976,0.5184342265129089,0.49063047766685486,Incorrect
916,ما هو الفحص الذي يجب إجراؤه أولاً لمريض يشتكي من ألم بطني حاد ومفاجئ؟,ANSWER: فحص البطن بالت tapping والpercussion (فحص النقر والقرع),صورة بطن شعاعية.,فحص البطن بالت tapping والpercussion (فحص النقر والقرع),صورة بطن شعاعية.,0.42261171340942383,0.4848550260066986,0.45159873366355896,Incorrect
917,ما هو التشخيص الأقوى لمريض عمره 65 سنة تطور لديه ألم بطني حاد مفاجئ ومستمر في الربع السفلي الأيمن منذ ساعة، تلاه آلام مغصة سرية مع غثيان، والفحص السريري يبدي سحنة سمية مع فحص بطن سوي تقريباً؟,ANSWER: التهاب الزائدة الدودية الحاد (التهاب الزائدة),انسداد أمعاء بنقص التروية.,التهاب الزائدة الدودية الحاد (التهاب الزائدة),انسداد أمعاء بنقص التروية.,0.4951147437095642,0.5067116022109985,0.5008460879325867,Incorrect
918,ما هي الخطوة الأولى الأهم في تدبير شاب عمره 32 سنة يراجع قسم الطوارئ بقصة إقياء كميات كبيرة من الدم الأحمر القاني؟,ANSWER: فحص كامل لدم,الإنعاش بالسوائل.,فحص كامل لدم,الإنعاش بالسوائل.,0.46060675382614136,0.4290321469306946,0.4442591369152069,Incorrect
919,ما هو التشخيص للآفة التي قد تسبب فقراً دموياً والنزف الحاد منها غير شائع والتي تم اكتشافها بالتنظير الهضمي العلوي لرجل عمره 55 سنة؟,ANSWER: ورم غدي مريء,2. سرطانة معدية.,ورم غدي مريء,2. سرطانة معدية.,0.5195760726928711,0.47565898299217224,0.49664855003356934,Incorrect
920,ما هي الخطوة الأولى الأهم في تدبير مريض يبلغ من العمر 32 سنة أتى لقسم الطوارئ بقصة إقياء لكميات كبيرة من الدم الأحمر القاني؟,ANSWER: فحص كامل للدم (CBC) مع DIFFERENTIAL,3. الإنعاش بالسوائل.,فحص كامل للدم (CBC) مع DIFFERENTIAL,3. الإنعاش بالسوائل.,0.48372793197631836,0.4697949290275574,0.4766596257686615,Incorrect
921,ما هو العلاج الأمثل لمريض عمره 40 سنة وجد لديه بالتنظير الهضمي العلوي لمفوما معدية؟,ANSWER: استئصال المفوما بالجراحة اللاپروسكوبية (Laparoscopic gastrectomy),4. علاج كيماوي.,استئصال المفوما بالجراحة اللاپروسكوبية (Laparoscopic gastrectomy),4. علاج كيماوي.,0.4917689263820648,0.5880210399627686,0.5356050133705139,Incorrect
922,ما هو التشخيص المحتمل لطفل يبلغ من العمر 12 سنة يراجع بعقدة درقية مع ضخامة عقد لمفية ناحية؟,ANSWER: سرطان هودجكين (Hodgkin Lymphoma),4. سرطان حليمي.,سرطان هودجكين (Hodgkin Lymphoma),4. سرطان حليمي.,0.5002416372299194,0.474160373210907,0.4868519604206085,Incorrect
923,ما هو التشخيص المحتمل لمريضة في منتصف العمر تعاني من سلعة درقية لفترة طويلة مع تضخم الفص الأيمن أكبر من الأيسر وهي سريرياً في حالة سواء درقي؟,"ANSWER: تمدد كبدي-dr (Hepatomegaly) مع عدم تناسق (asymmetry) في تضخم الفص (lobar enlargement), الفص الأيمن أكبر: يشير إلى احتمال",3. سلعة متعددة العقد.,"تمدد كبدي-dr (Hepatomegaly) مع عدم تناسق (asymmetry) في تضخم الفص (lobar enlargement), الفص الأيمن أكبر: يشير إلى احتمال",3. سلعة متعددة العقد.,0.40724268555641174,0.41534075140953064,0.41125184297561646,Incorrect
924,ما هو التشخيص الأكثر احتمالاً لفتاة في الربيع الخامس تشكو من عسرة تنفس مع وجود كتلة في جوف الفم بقطر 3 سم على الخط الناصف وعلى مؤخرة اللسان؟,ANSWER: ورم ليفي لانجيرهانز (Lymphangioma) أو ورم ليمفاوي (Lymphatic Cyst) في سياق احتمال وجود كيس ليمفاوي نادر في,2. درق لسانية.,ورم ليفي لانجيرهانز (Lymphangioma) أو ورم ليمفاوي (Lymphatic Cyst) في سياق احتمال وجود كيس ليمفاوي نادر في,2. درق لسانية.,0.3881610929965973,0.40037059783935547,0.3941713571548462,Incorrect
925,ما هو العلاج غير المرغوب به في حالة شابة في ربيعها الأربعين تشكو من نقص وزن مع خفقان وجحوظ في العينين مع وجود سلعة درقية متوسطة الحجم منتشرة ومتجانسة وفرط نشاط درق بدني؟,ANSWER: علاج بالثيرويد (هormone replacement therapy) غير مرغوب,3. المعالجة الشعاعية باليود I 131,علاج بالثيرويد (هormone replacement therapy) غير مرغوب,3. المعالجة الشعاعية باليود I 131,0.5684736967086792,0.5865031480789185,0.5773476958274841,Incorrect
926,ما هو الإجراء الأول الذي يجب إجراؤه قبل عملية Sleeve gastrectomy لمريض البدانة الذي لديه BMI يساوي 40؟,ANSWER: فحص شامل لصحة المريض,3. الحصول على موافقة المريض.,فحص شامل لصحة المريض,3. الحصول على موافقة المريض.,0.5879865288734436,0.5349959135055542,0.5602409839630127,Incorrect
927,ما هو التشخيص المحتمل لمريض عمره 50 سنة يعاني من أصمية حديثة وألم في الربع العلوي الأيمن لمدة 3-4 أشهر مع فحص سريري سلبي ووظائف كبد طبيعية وتنظير هضمي علوي طبيعي بينما أظهر الإيكو وجود آفة كيسية وحيدة تبلغ 6 سم؟,ANSWER: ورم كبدي خبيث (سرطان الكبد),4. داء كيسي بسيط,ورم كبدي خبيث (سرطان الكبد),4. داء كيسي بسيط,0.6210822463035583,0.5742734670639038,0.5967614054679871,Incorrect
928,ما هو التشخيص المحتمل لمريض يبلغ من العمر 60 سنة لديه سابقة حصيات مرارية يراجع بقصة ألم بطني شديد ومستمر لمدة 6 ساعات وبالفحص السريري كان المريض غير مرتاح ومصدوم مع انتفاخ البطن ومضض راجع معممين؟,ANSWER: التهاب البنكرياس الحاد,4. التهاب بريتوان تالي لانثقاب مرارة.,التهاب البنكرياس الحاد,4. التهاب بريتوان تالي لانثقاب مرارة.,0.5840283632278442,0.4829753041267395,0.5287165641784668,Incorrect
929,ما هو التشخيص المحتمل لمريض يبلغ من العمر 56 سنة يعاني من ألم شديد في أعلى البطن منذ أسبوع مع حمى متقطعة وعدم راحة شديدة مع وجود علامات لتخريش بريتواني في الربع العلوي الأيمن مع جس كتلة؟,ANSWER: التهاب كبدي حاد (Acute Hepatitis) مع احتمال تكوين كيسة سرطانية (Hepatocellular Carcinoma) أو ورم خبيث آخر في الكبد.,1. تقيح مرارة.,التهاب كبدي حاد (Acute Hepatitis) مع احتمال تكوين كيسة سرطانية (Hepatocellular Carcinoma) أو ورم خبيث آخر في الكبد.,1. تقيح مرارة.,0.49064263701438904,0.521143913269043,0.5054335594177246,Incorrect
930,ما هو التشخيص المحتمل لمريض يبلغ من العمر 60 سنة يعاني من ألم بطني ويرقان وحرارة مع عروءات؟,ANSWER: التهاب الصفيحة (Perforated Appendicitis),4. التهاب طرق صفراوية صاعد.,التهاب الصفيحة (Perforated Appendicitis),4. التهاب طرق صفراوية صاعد.,0.4948241114616394,0.5357602834701538,0.5144791603088379,Incorrect
931,ما هو التشخيص المحتمل لمريضة تبلغ من العمر 40 سنة عولجت لالتهاب مرارة حاد حيث لوحظ وجود مرارة مجسوسة غير ممضة، لم يكن هناك ترفع حروري وكانت المريضة بشكل عام بصحة جيدة؟,ANSWER: مرارة جالستونية صامتة,3. قيلة مخاطية في المرارة.,مرارة جالستونية صامتة,3. قيلة مخاطية في المرارة.,0.5999647378921509,0.5051597952842712,0.5484957695007324,Incorrect
932,ما هو التشخيص المحتمل لمريض عمره 48 سنة يعاني من اضطراب رئوي وصداع وارتفاع ضغط؟,ANSWER: فرط التنسج الرئوي,3. متلازمة كون.,فرط التنسج الرئوي,3. متلازمة كون.,0.5044314861297607,0.48815762996673584,0.4961611330509186,Incorrect
933,ما هو التشخيص المحتمل لمريض ربو مع تفاقم متكرر لحالته تطور لديه بشكل تدريجي شعرانية مع بدانة جذعية وكدمات؟,ANSWER: داء كرون (مرض كرون) مع مكون فиброзي (fibrotic component),1. متلازمة كوشينغ.,داء كرون (مرض كرون) مع مكون فиброзي (fibrotic component),1. متلازمة كوشينغ.,0.5178124904632568,0.4464859962463379,0.4795113503932953,Incorrect
934,ما هو التشخيص المحتمل لسيدة حامل تبلغ من العمر 30 سنة تبين أثناء إجراء ايكو بطن لها وجود كتلة متكلسة في الشرسوف يبلغ قطرها 1 سم مع سماع لغط في منطقة الشرسوف دون وجود أي أعراض؟,ANSWER: ورم شحمي في الشرسوف (Lipoma of Spleen),3. أم دم شريان طحالي.,ورم شحمي في الشرسوف (Lipoma of Spleen),3. أم دم شريان طحالي.,0.46363574266433716,0.5243799686431885,0.4921405613422394,Incorrect
935,ما هي نسبة الاستفادة من استئصال الطحال في حالة سيدة عمرها 40 سنة تعاني من فرفرية مناعية مزمنة معندة على العلاج بالستيروئيدات؟,ANSWER: 50-70% ناجح في تحسين الأعراض,1. أقل من 20%,50-70% ناجح في تحسين الأعراض,1. أقل من 20%,0.5647221803665161,0.5382148027420044,0.5511499643325806,Incorrect
936,ما هي الخطوة التالية في تدبير مريض بعمر 70 سنة دون سوابق جراحية يعاني من ألم بطني متقطع منذ أسبوع وتوسع بطني وإقياء مستمر منذ يوم، مع عدم وجود فتوق بالفحص وتعداد 3000 كرية بيضاء / مم؟,ANSWER: إجراء فحص التصوير بالرنين المغناطيسي (MRI) أو التصوير المقطعي المحوسب (CT scan) للبطن لاستبعاد التهاب البنكرياس أو,4. إجراء (CT) التصوير الطبقي المحوسب للبطن.,إجراء فحص التصوير بالرنين المغناطيسي (MRI) أو التصوير المقطعي المحوسب (CT scan) للبطن لاستبعاد التهاب البنكرياس أو,4. إجراء (CT) التصوير الطبقي المحوسب للبطن.,0.6530158519744873,0.7292734384536743,0.6890411376953125,Incorrect
937,ما هي الخطوة التالية في تدبير مريض بعمر 70 سنة دون سوابق جراحية يعاني من ألم بطني متقطع منذ أسبوع وتوسع بطني وإقياء مستمر منذ يوم، مع عدم وجود فتوق بالفحص وتعداد 3000 كرية بيضاء / مم؟,ANSWER: إجراء فحص التصوير بالرنين المغناطيسي (MRI) أو التصوير المقطعي المحوسب (CT scan) للبطن لاستبعاد التهاب البنكرياس أو,4. إجراء (CT) التصوير الطبقي المحوسب للبطن.,إجراء فحص التصوير بالرنين المغناطيسي (MRI) أو التصوير المقطعي المحوسب (CT scan) للبطن لاستبعاد التهاب البنكرياس أو,4. إجراء (CT) التصوير الطبقي المحوسب للبطن.,0.6530158519744873,0.7292734384536743,0.6890411376953125,Incorrect
938,ما هي الخطوة التالية في تدبير شاب عمره 20 سنة راجع الإسعاف بعد 20 يوماً من استئصال زائدة ملتهبة ويعاني من إقياء مع تمدد بطن وإيلام خفيف وتعداد WBC 14000 كرية/مم2 والكهارل طبيعية؟,ANSWER: فحص بالتصوير الطبقي (CT scan) البطن,1. مراقبة 24 ساعة أخرى مع وضع NG.,فحص بالتصوير الطبقي (CT scan) البطن,1. مراقبة 24 ساعة أخرى مع وضع NG.,0.4545106887817383,0.4385131001472473,0.44636860489845276,Incorrect
939,ما هي الخطوة الأولى الأهم في تدبير مريض يبلغ من العمر 32 سنة يعاني من إقياء كميات كبيرة من الدم الأحمر القاني؟,ANSWER: فحص كريات الدم الحمراء,3. الإنعاش بالسوائل.,فحص كريات الدم الحمراء,3. الإنعاش بالسوائل.,0.44864338636398315,0.42899537086486816,0.43859943747520447,Incorrect
940,ما هو التشخيص المحتمل لمريض عمره 70 سنة تطور لديه بعد 3 أيام من احتشاء قلبي ألم بطني مع تطبل البطن وخفوت في أصوات الأمعاء وتحليل غازات الدم يشير إلى حماض استقلابي؟,ANSWER: متلازمة ميسنتريك,2. احتشاء مساريقي.,متلازمة ميسنتريك,2. احتشاء مساريقي.,0.5085287690162659,0.5569487810134888,0.531638503074646,Correct
