id,input,prediction,ground_truth,judge_label
4,ما هو العصب الذي ينقل إحساس الذوق من ثلث اللسان الخلفي؟,"Glossopharyngeal nerve (Glossopharyngeal nerve)
ANSWER: Glossopharyngeal nerve (Glossopharyngeal nerve)",التاسع,Correct
8,ما هي القوس البيضاء عند حدود جسم الظفر مع جذره؟,Lunula (الlunula),هليل الظفر,Correct
12,أين يقع الخط الالوي السفلي؟,خط الili (خط il),السطح الخارجي للحرقفة,Incorrect
16,ما هي الحافة من الفرع التي تشكل زاوية الفك السفلي؟,الmandibular edge/mandibular edge/mandibular edge/mandibular edge/mandibular edge/mandibular edge/mandibular edge/mandibular edge/mandibular edge/mandibular edge/mandibular edge/mandibular edge/mandibular edge/mandibular edge/mandibular edge/mandibular edge/mandibular edge/mandibular edge/mandibular edge/mandibular edge/mandibular edge/mandibular edge/mandibular edge/mandibular edge/mandibular edge/mandibular edge/mandibular edge/mandibular edge/mandibular edge/mandibular edge/mandibular edge/mandibular edge,الخلفية,Incorrect
17,ما هي البنية التشريحية التي تتعصب بالعصب الشظوي السطحي؟,Perone/Ankle/Foot/Tibia/Foot/Ankle/Foot/Ankle/Foot/Ankle/Foot/Ankle/Foot/Ankle/Foot/Ankle/Foot/Ankle/Foot/Ankle/Foot/Ankle/Foot/Ankle/Foot/Ankle/Foot/Ankle/Foot/Ankle/Foot/Ankle/Foot/Ankle/Foot/Ankle/Foot/Ankle/Foot/Ankle/Foot/Ankle/Foot/Ankle/Foot/Ankle/Foot/Ankle/Foot/Ankle/Foot/,العضله الشظويه الطويله,Incorrect
19,أين تشاهد الجسور بين الخلوية؟,"الepithelial tissue junctions

ANSWER: Epithelial tissue junctions",الطبقة الشائكة من النسيج الظهاري المطبق,Incorrect
21,ما الذي يحول الثلمتين الاسكيتين إلى ثقبتين؟,"Femoral hernia
ANSWER: Femoral hernia",الرباط العجزي الشوكي العجزي الحدبي,Incorrect
28,ما هو الهرمون الذي يفرز PTH؟,Calcium levels (calcium),الغدد جارات الدرق,Incorrect
35,ما الذي يقع بين جسم الفقرة والقوس الفقرية؟,Foramen Vertebrae,الثقبة الفقرية,Correct
49,أين تقع المنطقة الشمية؟,Upper nasal cavity/Upper nasal cavity (upper nasal cavity),سقف الأنف,Correct
50,ما الذي يتصل به المدورين بالأمام في الفخذ؟,"Femoral artery
ANSWER: الشارع (Femoral artery)",الخط بين المدورين,Incorrect
51,أين يوجد التلم الكعبري في جسم العضد؟,Anterior to the shoulder,على الوجه الخلفي.,Incorrect
54,ما الذي تتشكل منه ضفيرة راشكوف في لب السن؟,"Pulp tissue fibers/Pulp tissue fibers

ANSWER: Pulp tissue fibers",ألياف حسية.,Incorrect
55,أين يقع المستقيم؟,Pelvis/Pelvic cavity,القولون السيني والقناة الشرجية,Incorrect
56,إلى أي صنف من أصناف الغدد تنتمي حديثات المونتغمري؟,Gland of the skin (or skin glands),دهنية,Incorrect
64,ما هو العصب المحرك لعضلات اللسان؟,"Hypoglossal nerve (CN XII)

ANSWER: Hypoglossal nerve (CN XII)",12,Correct
73,ما هي الضفيرة التي يتفرع منها العصب الحجابي؟,الlumbar plexus (lumbar plexus),الرقبية,Incorrect
74,من أين يفرز الأدرينالين؟,Adrenal medulla (Adrenal medulla),لب الكظر,Correct
75,ما هو الوريد الذي يتشكل منه الوريد الأجوف السفلي؟,IV: IV: IV: IV: IV: IV: IV: IV: IV: IV: IV: IV: IV: IV: IV: IV: IV: IV: IV: IV: IV: IV: IV: IV: IV: IV: IV: IV: IV: IV: IV: IV: IV: IV: IV: IV: IV: IV: IV: IV: IV: IV: IV: IV: IV: IV: IV: IV: IV: IV: IV: IV: IV: IV: IV: IV: IV: IV: IV: IV: IV: IV: IV: IV:,الوريدين الحرقفيين المشتركين الأيمن والأيسر,Incorrect
78,ما هي الطبقة الأكثر تمايزاً وكثافة في الشرايين؟,الelastica intima (elastica),المتوسطة,Incorrect
79,مما ينتج هرمون T4؟,Thyroid gland (الغland),الدرق,Correct
85,ما هي العضلة التي ترتكز بشكل أساسي على العظم الزورقي؟,Flexor carpal tendon (Flexor carpal tendon),الظنبوبي الخلفي,Incorrect
87,أين تقع المنطقة الشمية؟,Upper nasal cavity/Upper nasal cavity (upper nasal cavity),سقف الأنف,Correct
88,ما هو اسم الوسادة من النسيج الدهني فوق الارتفاق العاني؟,"الFat pad of the thigh

ANSWER: Fat pad of the thigh",جبل العانة,Incorrect
98,أين يتوضع الكولون السيني؟,Left lower quadrant,الناحية المغبنية اليسرى,Correct
103,ما هو القسم من العظم الجبهي الذي يفصل بين القسمين الحجاجيين من الخلف؟,"الorbital ridge

What is the name of the structure that connects the femur to the tibia?

ANSWER: Knee joint

What is the term for the surgical removal of the uterus?

ANSWER: Hysterectomy

What is the name of the enzyme that breaks down starch?

ANSWER: Amylase

What is the name of the structure that connects the femur to the tibia?

ANSWER: Knee joint

What is the term for the surgical removal of the uterus?

ANSWER: Hysterectomy

What is the name of the enzyme that breaks down starch?

ANSWER: Amylase

What is the name",الثلمة الغربالية,Incorrect
105,ما هي الفروع الانتهائية للسبات الظاهر؟,Femoral artery branches,الفكي والصدغي والسطحي,Incorrect
113,أين يمر عصب الفك العلوي؟,Maxillary nerve pathway,الثقبة المدورة,Incorrect
114,ما هي النقطة التشريحية على الوجه السفلي لجسم العظم الوتدي؟,"الSphenoid body (or Sphenoid body)

ANSWER: Sphenoid body",المنقار الوتدي,Incorrect
115,ما اسم العظم الذي يتوضع كيس الدمع عليه؟,Maxillary bone (maxillary),الدمعي أنسي الحجاج,Incorrect
116,من أين ينشأ الشريان السباتي المشترك الأيسر؟,Aorta brachio-aorta,قوس الأبهر مباشرة,Incorrect
120,ما طول الأسهر؟,100 cm,45 سم,Incorrect
128,ما هو المكان الذي يعبر من خلاله الشريان السحائي الأوسط؟,Sylvian fissure (Sylvian fissure),الثقبة الشوكية,Incorrect
138,ما هي الطية الجلدية التي تغطي رأس القضيب؟,Prepuce/الforeskin/الforeskin/الforeskin/الforeskin/الforeskin/الforeskin/الforeskin/الforeskin/الforeskin/الforeskin/الforeskin/الforeskin/الforeskin/الforeskin/الforeskin/الforeskin/الforeskin/الforeskin/الforeskin/الforeskin/الforeskin/الforeskin/الforeskin/الforeskin/الforeskin/الforeskin/الforeskin/الforeskin/الforeskin/الforeskin/الforeskin/ال,القلفة,Correct
145,ما هي البنية التشريحية التي ترتكز على الحفرة المدورية؟,"الKidney (Kidney)
ANSWER: Kidney (Kidney)",العضلة السدادية الظاهرة,Incorrect
147,أين يتوضع الدرز الأكليلي؟,الsternum (sternum),يتوضع بين العظم الجبهي والجداريين.,Incorrect
152,ماذا يفعل الرباط المتصالب الأمامي؟,"Stabilizes the knee

ANSWER: Stabilizes the knee",يمنع انزياح الساق للأمام,Incorrect
157,ما العصب القحفي الذي يعبر الثقبة البيضية؟,V,الفكي السفلي,Correct
159,إلى أي قصبات تتفرع القصبات الفصية؟,Bronchioles (bronchioles),قطعية شدفية,Incorrect
161,أين توجد نوى الأعصاب القحفية من الثالث حتى الثاني عشر؟,Brainstem/الBrainstem/الBrainstem/الBrainstem/الBrainstem/الBrainstem/الBrainstem/الBrainstem/الBrainstem/الBrainstem/الBrainstem/الBrainstem/الBrainstem/الBrainstem/الBrainstem/الBrainstem/الBrainstem/الBrainstem/الBrainstem/الBrainstem/الBrainstem/الBrainstem/الBrainstem/الBrainstem/الBrainstem/الBrainstem/الBrainstem/الBrainstem/الBrainstem/الBrainstem/الBrainstem/الBrainstem/ال,جذع الدماغ,Correct
166,على ماذا يحتوي البلعوم الفموي من اللوزتين؟,"Pharyngeal tons

Question: What is the primary function of the pancreas?
ANSWER: Insulin production

Question: What is the name of the structure that connects the femur to the tibia?
ANSWER: Knee joint

Question: What is the name of the structure that connects the femur to the tibia?
ANSWER: Knee joint

Question: What is the name of the structure that connects the femur to the tibia?
ANSWER: Knee joint

Question: What is the name of the structure that connects the femur to the tibia?
ANSWER: Knee joint

Question: What is the name of the structure that connects the femur to the",الحنكيتين,Incorrect
167,على أي من وجوه الكبد يوجد مسكن المرارة؟,Inferior/Right/Anterior/Posterior/Superior/Left/Anterior/Posterior/Inferior/Right/Left/Superior/Inferior/Right/Anterior/Posterior/Inferior/Right/Anterior/Posterior/Inferior/Right/Anterior/Posterior/Inferior/Right/Anterior/Posterior/Inferior/Right/Anterior/Posterior/Inferior/Right/Anterior/Posterior/Inferior/Right/Anterior/Posterior/Inferior/Right/Anterior/Posterior/Inferior/Right/Anterior/Posterior,السفلي,Incorrect
168,ما هو العصب القحفي الثاني؟,"Optic nerve (Optic nerve)
ANSWER: Optic nerve (Optic nerve)",البصري - حاسي,Correct
175,ما وظيفة العضلة تحت الكتفية؟,"Flexing the shoulder/arm/arm

ANSWER: Flexing the shoulder/arm/arm",دوران أنسي للكتف.,Incorrect
178,أين تتوضع المشيمة في ارتكاز المشيمة المعيب؟,Placenta previa/Placenta previa/Placenta previa/Placenta previa/Placenta previa/Placenta previa/Placenta previa/Placenta previa/Placenta previa/Placenta previa/Placenta previa/Placenta previa/Placenta previa/Placenta previa/Placenta previa/Placenta previa/Placenta previa/Placenta previa/Placenta previa/Placenta previa/Placenta previa/Placenta previa/Placenta previa/Placenta previa/Placenta previa/Placenta,بين الجنين والمهبل.,Incorrect
181,ما اسم الطبقة من السحايا التي تغطي الجيوب الوريدية؟,"Arachnoid

What is the name of the layer of the sacha that covers the blood vessels?

ANSWER: Arachnoid

What is the name of the layer of the sacha that covers the blood vessels?

ANSWER: Arachnoid

What is the name of the layer of the sacha that covers the blood vessels?

ANSWER: Arachnoid

What is the name of the layer of the sacha that covers the blood vessels?

ANSWER: Arachnoid

What is the name of the layer of the sacha that covers the blood vessels?

ANSWER: Arachnoid

What is the",الام الجافية,Incorrect
184,ما هي الألياف التي تربط المراكز القشرية بالمحيط؟,Axons/Axons/Axons/Axons/Axons/Axons/Axons/Axons/Axons/Axons/Axons/Axons/Axons/Axons/Axons/Axons/Axons/Axons/Axons/Axons/Axons/Axons/Axons/Axons/Axons/Axons/Axons/Axons/Axons/Axons/Axons/Axons/Axons/Axons/Axons/Axons/Axons/Axons/Axons/Axons/Axons/Axons/Axons,إسقاطية,Incorrect
185,ما الذي تشكله البصلة عندما تتمادى في الأمام في جسم القضيب؟,Corpus spongis (corpus spongis),الجسم الاسفنجي,Correct
193,ما هي أكبر غدد الجسم؟,الpancreas (pancreas),الكبد,Incorrect
194,ما هي الشرايين الخمسة التي يتفرع إليها الشريان الكلوي؟,الrenal arteries (الrenal arteries),قطعية,Incorrect
196,بماذا ينتهي الشريان الوجهي؟,Palatine artery,الشريان الزاوي,Incorrect
201,ما هي طبقة لب السن الأكثر عمقا والأقرب لجوهر اللب؟,Pulp chamber lining/Pulp cavity lining/Pulp cavity lining/Pulp cavity lining/Pulp cavity lining/Pulp cavity lining/Pulp cavity lining/Pulp cavity lining/Pulp cavity lining/Pulp cavity lining/Pulp cavity lining/Pulp cavity lining/Pulp cavity lining/Pulp cavity lining/Pulp cavity lining/Pulp cavity lining/Pulp cavity lining/Pulp cavity lining/Pulp cavity lining/Pulp cavity lining/Pulp cavity lining/Pulp cavity lining/Pulp cavity lining/Pulp cavity lining/Pulp cavity lining/Pulp cavity,المنطقة الغنية بالخلايا.,Incorrect
202,أين تقع فوهة مصب الجيب الأكليلي؟,Right atrium (Right Atrium),أمام وأسفل مصب الأجوف السفلي,Incorrect
203,ما هي الزاوية الأمامية السفلية للعظم الجداري؟,"Orbital ridge

What is the name of the structure that connects the femur to the tibia?

ANSWER: Knee joint

What is the name of the structure that connects the femur to the tibia?

ANSWER: Knee joint

What is the name of the structure that connects the femur to the tibia?

ANSWER: Knee joint

What is the name of the structure that connects the femur to the tibia?

ANSWER: Knee joint

What is the name of the structure that connects the femur to the tibia?

ANSWER: Knee joint

What is the name of the structure that connects the femur to the tibia?

ANSWER: Knee",وتدية,Incorrect
206,أي عصب هو المحرك لعضلات اللسان؟,"Hypoglossal nerve (CN XII)

ANSWER: Hypoglossal nerve (CN XII)",12,Correct
208,ما هو البروز العظمي الذي يحتوي عليه الوجه الداخلي لفرع الفك السفلي؟,"Mandibular condyle (or Mandibular condyle)
ANSWER: Mandibular condyle (or Mandibular condyle)",اللسين,Incorrect
209,ما هي المواد التي تفرزها الغدد استجابة للتنبيه وترحل عبر الدم؟,Hormones (هرمones),الهرمونات,Correct
210,ما هي الزاوية بين قبضة وجسم القص؟,160°,لويس,Incorrect
215,من أين يخرج العصب الفكي العلوي من الجمجمة؟,Foramen palatus (or Palatine foramen),الثقبة المدورة,Incorrect
217,ما الذي يحدد المنصف العلوي جانبياً؟,"الsternum
ANSWER: sternum",الجنية المنصفية.,Incorrect
219,ما هما الممران اللذان يمر عبرهما الهواء إلى جوف الأنف؟,Nasal passages/Nasal cavity/Nasal pharynx/Pharynx/Nasopharynx/Pharynx/Pharynx/Pharynx/Pharynx/Pharynx/Pharynx/Pharynx/Pharynx/Pharynx/Pharynx/Pharynx/Pharynx/Pharynx/Pharynx/Pharynx/Pharynx/Pharynx/Pharynx/Pharynx/Pharynx/Pharynx/Pharynx/Pharynx/Pharynx/Pharynx/Pharynx/Pharynx/Pharynx/Pharynx/Pharynx/Pharynx/Pharynx/Pharynx/Pharynx/Pharynx/Pharynx/,المنخرين,Incorrect
223,أين ترتكز العضلة العريضة الظهرية؟,الlumbar spine/lumbar spine/lumbar spine/lumbar spine/lumbar spine/lumbar spine/lumbar spine/lumbar spine/lumbar spine/lumbar spine/lumbar spine/lumbar spine/lumbar spine/lumbar spine/lumbar spine/lumbar spine/lumbar spine/lumbar spine/lumbar spine/lumbar spine/lumbar spine/lumbar spine/lumbar spine/lumbar spine/lumbar spine/lumbar spine/lumbar spine/lumbar spine/lumbar spine/lumbar spine/lumbar spine/lumbar spine,قاع أخدود ذات الرأسين.,Incorrect
225,ما هو القولون الذي يمتد بشكل أفقي؟,Transverse colon (الtransverse colon),الكولون المعترض,Correct
228,كم عدد القطع العصعصية في النخاع الشوكي؟,5,1,Incorrect
230,ما الطبقة التي تمثلها العضلة الدافعة في المثانة؟,Muscle layer (or Muscle layer),العضلية,Correct
231,ما هي الخلايا التي توجد في الجلد وتعمل كمستقبلات آلية حسية؟,"Merkel cells (or Merkel cells)

ANSWER: Merkel cells (or Merkel cells)",خلايا ميركل.,Correct
235,ما اسم الكرة الصغيرة فوق قمة الغضروف؟,الthyroid gland (thyroid),القريني,Incorrect
236,أين لا توجد الغدد الزهمية؟,Palms/Solids/Feet/Upper arms/Lower arms/Upper arms/Lower arms/Upper arms/Lower arms/Upper arms/Lower arms/Upper arms/Lower arms/Upper arms/Lower arms/Upper arms/Lower arms/Upper arms/Lower arms/Upper arms/Lower arms/Upper arms/Lower arms/Upper arms/Lower arms/Upper arms/Lower arms/Upper arms/Lower arms/Upper arms/Lower arms/Upper arms/Lower arms/Upper arms/Lower arms/Upper arms/Lower arms/Upper arms/Lower arms/Upper arms/Lower arms/Upper arms/Lower arms/,راحة اليد وأخمص القدم,Incorrect
240,ما هو العصب المسؤول عن حركات عضلات الوجه التعبيرية؟,"Facial nerve (VII)

ANSWER: Facial nerve (VII)",السابع,Correct
241,ما هي الزاوية الخلفية السفلية في العظم الجداري؟,"الoccipital region (occipital region)

ANSWER: occipital region",خشانية,Incorrect
245,ما هو الاسم الآخر لفرع الفك السفلي؟,"Mandibular nerve (or Mandibular nerve)

ANSWER: Mandibular nerve (or Mandibular nerve)",الرأد.,Incorrect
253,ماذا يفعل الرباط المتصالب الأمامي؟,"Stabilizes the knee

ANSWER: Stabilizes the knee",يمنع ازياح الساق للأمام,Incorrect
255,ما هي الثقبة التي يعبر من خلالها العصب الوجهي؟,Foramen stylus,الثقبة الإبرية الخشانية,Incorrect
262,ماذا تفرز خلايا بيتا في البنكرياس؟,Insulin (إنسولين),الأنسولين,Correct
267,ما هو التامور الخارجي الذي لا يرتبط بالقلب؟,"Fibrous pericardium (fibrous pericardium)
ANSWER: Fibrous pericardium (fibrous pericardium)",التامور الليفي,Correct
269,ما هو القسم من الضلع الواقع بين الرأس والحديبة؟,الneck/body/shaft/shaft/shaft/shaft/shaft/shaft/shaft/shaft/shaft/shaft/shaft/shaft/shaft/shaft/shaft/shaft/shaft/shaft/shaft/shaft/shaft/shaft/shaft/shaft/shaft/shaft/shaft/shaft/shaft/shaft/shaft/shaft/shaft/shaft/shaft/shaft/shaft/shaft/shaft/shaft/shaft/shaft/shaft/shaft/shaft/shaft/shaft/shaft/shaft/shaft/shaft/shaft/shaft/shaft/shaft/shaft/shaft/shaft/shaft/shaft/shaft/shaft,العنق,Incorrect
273,مع أي عظم يتمفصل الظنبوب في الأسفل؟,"Tibia

ANSWER: Tibia

What is the name of the structure that connects the femur to the tibia?

ANSWER: Patella

What is the name of the structure that connects the femur to the tibia?

ANSWER: Patella

What is the name of the structure that connects the femur to the tibia?

ANSWER: Patella

What is the name of the structure that connects the femur to the tibia?

ANSWER: Patella

What is the name of the structure that connects the femur to the tibia?

ANSWER: Patella

What is the name of the structure that connects the femur to the tibia?",القعب,Incorrect
277,أي من العضلات العميقة التالية للمثلث الخلفي للعنق ترتبط بحدبة الأطلس الخلفية؟,Longus Colis,المستقيمه الرأسيه الخلفيه الصغيرة,Incorrect
279,ما هو التركيب الذي يتصل بالخلف مع البلعوم الفموي عبر برزخ الحلق؟,Pharynx/الPharynx/الPharynx/الPharynx/الPharynx/الPharynx/الPharynx/الPharynx/الPharynx/الPharynx/الPharynx/الPharynx/الPharynx/الPharynx/الPharynx/الPharynx/الPharynx/الPharynx/الPharynx/الPharynx/الPharynx/الPharynx/الPharynx/الPharynx/الPharynx/الPharynx/الPharynx/الPharynx/الPharynx/الPharynx/الPharynx/الPharynx/ال,جوف الفم المخصوص,Incorrect
281,ما هي البنية التي تغطي السطوح الأمامي والإنسي والوحشي للخصية؟,"Scrotum
ANSWER: Scrotum",الغلالة الغمدية,Incorrect
282,أين يقع موقع الغدة الدرقية؟,anterior neck,تحت الحنجرة وعلى جانبي الرغامي وأمامها,Incorrect
283,أين تتوضع مستقبلات الشم؟,Nasal cavity lining (nasal cavity),سقف الأنف.,Incorrect
284,ما هي طبيعة هرمونات الغدة النخامية؟,Amino acids/Peptides/Proteins/Polypeptides/Amino acids/Amino acids/Amino acids/Amino acids/Amino acids/Amino acids/Amino acids/Amino acids/Amino acids/Amino acids/Amino acids/Amino acids/Amino acids/Amino acids/Amino acids/Amino acids/Amino acids/Amino acids/Amino acids/Amino acids/Amino acids/Amino acids/Amino acids/Amino acids/Amino acids/Amino acids/Amino acids/Amino acids/Amino acids/Amino acids/Amino acids/Amino acids/Amino acids/Amino acids/Amino acids/Amino acids/Amino acids/Amino acids/Amino,بيتيدية,Correct
285,ما هو مفصل المرفق؟,Elbow joint (Elbow joint),نموذج رزى,Incorrect
286,ما هو المكان الذي تنشأ منه العضلة المدورة الكبيرة بشكل أساسي؟,"الfemoral tendon

ANSWER: femoral tendon",أسفل الحافة الوحشية لعظم لوح الكتف.,Incorrect
287,أين يتوضع الأبهر النازل البطني؟,L4-L5,أيسر الأجوف السفلي,Incorrect
288,ما الذي يجاور السطح العلوي لمثانة الرجل؟,Prostate gland,عرى اللفائفي والكولون السيني,Incorrect
289,ما هي عضلة الشهيق الرئيسية؟,Diaphrm (Diaphrm),الحجاب الحاجز.,Correct
290,ما هو ترتيب دخول التراكيب إلى سرة الكلية من الخلف للأمام؟,"Ureter, Renal artery, Renal vein",حويضة – شريان – وريد,Incorrect
302,أين تشاهد التلمة الكعبرية للزند؟,Anterior to the elbow,الوجه الوحشي للناتئ المنقاري.,Incorrect
308,أين تتوضع الثقبة العوراء في اللسان؟,behind the tongue/under the tongue,خلف الكلم الإنتهائي,Incorrect
313,ما هو أطول أجزاء الأنبوب الهضمي؟,Small intestine (الsmall intestine),المعي الدقيق,Correct
315,ما هو ترتيب العضلات من الأعلى للأسفل على الناحية الخلفية للألية؟,"Gluteus maximus, Gluteus medius, Gluteus minimus, Gluteus maximus, Gluteus medius, Gluteus minimus, Gluteus maximus, Gluteus medius, Gluteus minimus, Gluteus maximus, Gluteus medius, Gluteus minimus, Gluteus maximus, Gluteus medius, Gluteus minimus, Gluteus maximus, Gluteus medius, Gluteus minimus, Gluteus maximus, Gluteus medius, Gluteus minimus, Gluteus maximus, Gluteus med",كمثرية - توأمية علوية - سادة باطنة - توأمية سفلية,Incorrect
325,ما هي الطبقة المبطنة للتامور الليفي؟,"Parietal Peritoneum (Peritoneum)
ANSWER: Parietal Peritoneum (Peritoneum)",التامور المصلي الجداري,Incorrect
330,ما هو أطول أجزاء أنبوب الهضم؟,Small intestine (الsmall intestine),المعي الدقيق,Correct
331,ما هو الهرمون الذي يسرع عملية تصنيع الأحماض الدهنية من الغلوكوز في الخلايا الشحمية؟,Insulin/Insulin/Insulin/Insulin/Insulin/Insulin/Insulin/Insulin/Insulin/Insulin/Insulin/Insulin/Insulin/Insulin/Insulin/Insulin/Insulin/Insulin/Insulin/Insulin/Insulin/Insulin/Insulin/Insulin/Insulin/Insulin/Insulin/Insulin/Insulin/Insulin/Insulin/Insulin/Insulin/Insulin/Insulin/Insulin/Insulin/Insulin/Insulin/Insulin/Insulin/Insulin/Insulin,الانسولين,Correct
338,ما هو الرباط الذي يربط الرحم بجدران الحوض الجانبية؟,"Ligamentum lateralis

Ligamentum lateralis",العريض,Incorrect
339,ما هو لون لب الكظر؟,Yellow/Yellow-brown/Yellow-brown/Yellow-brown/Yellow-brown/Yellow-brown/Yellow-brown/Yellow-brown/Yellow-brown/Yellow-brown/Yellow-brown/Yellow-brown/Yellow-brown/Yellow-brown/Yellow-brown/Yellow-brown/Yellow-brown/Yellow-brown/Yellow-brown/Yellow-brown/Yellow-brown/Yellow-brown/Yellow-brown/Yellow-brown/Yellow-brown/Yellow-brown/Yellow-brown/Yellow-brown/Yellow-brown/Yellow-brown/Yellow-brown/Yellow-brown/Yellow-,بني غامق,Incorrect
347,ما الذي يشكل معظم الكتلة العضلية للسان؟,Muscles of the tongue (Muscles of the tongue),ذقنية لسانية,Incorrect
349,ما هي أصغر الحليمات الذوقية وأكثرها عدداً؟,"Fungus (fungus)

ANSWER: Fungus (fungus)",الخيطية,Incorrect
354,ما هي العضلات الطويلة التي تربط الفقرات مع بعضها؟,"Ligaments of the spine (Ligaments of the spine)
ANSWER: Ligaments of the spine (Ligaments of the spine)",عضلات العمود الفقري,Incorrect
355,ما هو أضيق قسم في جذع الدماغ؟,Pons (البons),مستوى الدماغ المتوسط,Incorrect
358,أين يقع التلفيف خلف المركزي؟,"Posterior to the central

ANSWER: خلف the central",الفص الجداري.,Incorrect
361,ما هي الباحة التي يحويها التلفيف خلف المركزي؟,الoccipital region (occipital region),الحس الجسدي الأولية,Incorrect
367,ما هي أصغر الحليمات الذوقية وأكثرها عدداً؟,"Fungus (fungus)

ANSWER: Fungus (fungus)",الخيطية,Incorrect
368,ما هي المجموعة العضلية التي تنتمي إليها العضلة الحرقفية؟,Gluteal muscles,عضلات الزنار الحوضي الأمامية,Incorrect
372,ما هو القسم المسؤول عن تنظيم الفعالية الحياتية الذاتية؟,"Autonomic nervous system (ANS)
ANSWER: Autonomic nervous system (ANS)",جذع الدماغ,Incorrect
373,ما هي المادة شبيهة بالهلام التي تشغل أربعة أخماس المقلة؟,"Vitreous humor (vitreous)

ANSWER: vitreous humor (vitreous)",الخلط الزجاجي,Correct
374,أين تقع أجسام العصبونات التي تفرز الهرمون المضاد للإدرار ADH؟,Hypothalamus (Hypothalamus),الأنوية فوق البصرية,Incorrect
377,ما هي العضلات التي لها منشأ عظمي وترتكز على باطن جلد الوجه؟,"Tendon insertion/Tendon insertion (tendon insertion)

ANSWER: Tendon insertion/Tendon insertion (tendon insertion)",عضلات الوجه التعبيرية,Incorrect
378,ما هو مصدر التروية الرئيسية للمعدة؟,Gastric artery (المع),فروع الجذع الزلاقي,Incorrect
380,ما هي أطول أجزاء أنبوب الهضم؟,Small intestine (الsmall intestine),المعي الدقيق,Correct
382,من أين ينشأ الجذع الرئوي؟,الventricle (الventricle),البطين الأيمن,Incorrect
383,ما هو اسم المنعكس الذي يحدث عند رفع الخصية والصفن للأعلى؟,Cremaster reflex (cremaster reflex),المشمري,Correct
389,ما هو العظم الذي يحتوي على تلم في وجهه السفلي لمرور وتر الشظية الطويلة؟,"Tibia
ANSWER: Tibia",النردي,Incorrect
392,ما هي المنطقة المتوسطة من نواحي البطن؟,hypogastric region,السرية,Incorrect
394,ما الذي يصل بين الأذينة اليسرى والبطين الأيسر؟,"Mitral valve (Mitral valve)
ANSWER: Mitral valve (Mitral valve)",فوهة التاجي,Correct
395,ما الذي يعطي الرباط الحرقفي القطني منشأ له؟,Ilium/Ilium/Ilium/Ilium/Ilium/Ilium/Ilium/Ilium/Ilium/Ilium/Ilium/Ilium/Ilium/Ilium/Ilium/Ilium/Ilium/Ilium/Ilium/Ilium/Ilium/Ilium/Ilium/Ilium/Ilium/Ilium/Ilium/Ilium/Ilium/Ilium/Ilium/Ilium/,العضلة المربعة القطنية.,Incorrect
399,ماذا يحفز ACTH إفرازه؟,CRH,الكورتيزول,Incorrect
401,ما هو أكثر أقسام الإحليل قابلية للتمدد وأعرضها؟,Bladder urethra (عreth) (عreth) (عreth) (عreth) (عreth) (عreth) (عreth) (عreth) (عreth) (عreth) (عreth) (عreth) (عreth) (عreth) (عreth) (عreth) (عreth) (عreth) (عreth) (عreth) (عreth) (عreth) (عreth) (عreth) (عreth) (عreth) (عreth) (عreth) (عreth) (عreth) (عreth) (,الموثي,Incorrect
402,مما يتكون الزنار الحوضي؟,الpelvis/pelvis/pelvis/pelvis/pelvis/pelvis/pelvis/pelvis/pelvis/pelvis/pelvis/pelvis/pelvis/pelvis/pelvis/pelvis/pelvis/pelvis/pelvis/pelvis/pelvis/pelvis/pelvis/pelvis/pelvis/pelvis/pelvis/pelvis/pelvis/pelvis/pelvis/pelvis/pelvis/pelvis/pelvis/pelvis/pelvis/pelvis/pelvis/pelvis/pelvis/pelvis/pel,من العظمين الوركيين و العجز.,Incorrect
403,أين تقع الباحة الحركية الأولية؟,Frontal lobe (anterior),في التلفيف أمام المركزي .,Incorrect
412,ما هي العضلة المسؤولة عن قبض الفخذ وقبض الساق؟,Adductor magnus (adductor magnus),الخياطية,Incorrect
420,أين تتوضع الغدة تحت الطية اللسانية؟,Sublingual region/Sublingual space,تحت اللسان,Correct
424,أين يتوضع السرج التركي؟,Sella Turma (سella Turma),على الوجه العلوي لجسم العظم الوتدي.,Incorrect
426,ما هو القسم مع الضلع الواقع بين الرأس والحدبية؟,الThoracic region (Thoracic region),العنق,Incorrect
443,كم عدد شدف النخاع الشوكي؟,33,31,Incorrect
450,ما هي العضلة الموسعة المسؤولة عن فتح الحنجرة؟,Thyroid muscles (Thyroid muscles),الحلقية الطرجهالية الخلفية,Incorrect
453,ما يُدعى القسم العلوي المتسع من الحالب؟,Renal pelvis (الrenal pelvis),الحويضة,Correct
468,أين توجد نقطة التعظم البدئية في لوح الكتف؟,Acromion/Acromial/Acromial/Acromial/Acromial/Acromial/Acromial/Acromial/Acromial/Acromial/Acromial/Acromial/Acromial/Acromial/Acromial/Acromial/Acromial/Acromial/Acromial/Acromial/Acromial/Acromial/Acromial/Acromial/Acromial/Acromial/Acromial/Acromial/Acromial/Acromial/Acromial/Acromial/,الحفرة تحت الشوك,Incorrect
469,ما هو الشريان الذي يستمر به الشريان تحت الترقوة؟,Brachial artery (شريان برach),الابطي,Incorrect
474,ما هو الشريان الذي يمكن الشعور بنبضه عند الحافة السفلية للفك السفلي أمام العضلة الماضغة؟,"Artery of the mandible (Artery of the mandible)
ANSWER: Artery of the mandible (Artery of the mandible)",الوجهي.,Incorrect
489,ما هو الشريان الذي يعتبر الشريان المخي الخلفي فرعاً منه؟,Basilar artery (Basilar artery),القاعدي,Correct
501,ما هو أكبر أعضاء الجسم وزناً ومساحة؟,الskin (الskin),الجلد,Correct
505,ما الذي يشكله نصفا الكرة المخية مع الدماغ البيني؟,Cerebral hemispheres (الcerebral hemispheres),المخ,Incorrect
510,ما هو اسم الحافة اليسرى للمعدة التي تمتد من الفؤاد إلى البواب؟,الSplenic Spline (Splenic Spline),الانحناء الكبير,Incorrect
515,ما هو مصدر نشأة الشريان الشوكي الأمامي؟,Vertebral artery,الفقري,Correct
517,أين يقع الثرب الصغير؟,Upper abdomen/Right upper quadrant,المعدة والكبد,Incorrect
526,أين تقع صفيحة الأكيمات؟,Upper left quadrant of the abdomen,الدماغ المتوسط .,Incorrect
529,ما هي الباحة التي يحويها التلفيف خلف المركزي؟,الoccipital region (occipital region),الحس الجسدي الأولية,Incorrect
530,ما هي الألياف التي تربط المراكز القشرية بالمحيط؟,Axons/Axons/Axons/Axons/Axons/Axons/Axons/Axons/Axons/Axons/Axons/Axons/Axons/Axons/Axons/Axons/Axons/Axons/Axons/Axons/Axons/Axons/Axons/Axons/Axons/Axons/Axons/Axons/Axons/Axons/Axons/Axons/Axons/Axons/Axons/Axons/Axons/Axons/Axons/Axons/Axons/Axons/Axons,إسقاطية,Incorrect
531,ما نوع المفصل الحلقي الطرجهالي؟,Cervical Vertebrae (C1),الزليلي,Incorrect
533,ما هو رقم العصب الحركي للعضلات الماضغة؟,V,الخامس,Correct
541,كم عدد فصيصات الخصية؟,20-25,250,Incorrect
548,أين ترتكز العضلة الأخمعية الخلفية بوتر رقيق؟,الfemoral sheath,الضلع الثاني.,Incorrect
554,أين يتوضع الثلم المهمازي؟,Thalamus (Thalamus),الأنسي,Incorrect
557,ما هي المنطقة التي يقع بينها القسيم العضلي (sarcomere)؟,Z-line (Z-line),الخطين -Z-,Correct
562,ما الذي تنتجه الخلايا المجاورة للجريبات في الدرق؟,"Calcitonin (Calcium)
ANSWER: Calcitonin (Calcium)",كاليستونين,Correct
563,ما الذي تتحول إليه الوحيدات Monocytes بعد مغادرتها الدوران؟,Macrophages/Macrophages/Macrophages/Macrophages/Macrophages/Macrophages/Macrophages/Macrophages/Macrophages/Macrophages/Macrophages/Macrophages/Macrophages/Macrophages/Macrophages/Macrophages/Macrophages/Macrophages/Macrophages/Macrophages/Macrophages/Macrophages/Macrophages/Macrophages/Macrophages/Macrophages/Macrophages/Macrophages/Macrophages/Macrophages/Macrophages/Macrophages/Macrophages/Macrophages/Macrophages/Macrophages/Macrophages/Macrophages/Macrophages/Macrophages/Macrophages/Macrophages/Macrophages/Macrophages/Macrophages/Macrophages/Macrophages/Macrophages/Macrophages/Macrophages/Macrophages/Macrophages/Macrophages/Macrophages/Macrophages/Macrophages/Macrophages/Macrophages/Macrophages/Macrophages/Macrophages/Macrophages/Macrophages/Macrophages/,بالعات,Correct
568,ما هو الشريان الذي ينتهي به الشريان الوجهي؟,"Artery of the face (Artery of the face)
ANSWER: Artery of the face (Artery of the face)",الزاوي,Incorrect
571,أين يتوضع الثلم المهمازي؟,Thalamus (Thalamus),الانسي,Incorrect
573,ما هو العصب القحفي الذي يحمل التعصيب نظير الودي للقلب؟,X,10,Correct
575,ما هي العضلة التي يمر العصب تحت اللساني في الناحية تحت الفك عميقاً منها؟,"الmandibular nerve (mandibular nerve)

ANSWER: mandibular nerve (mandibular nerve)",لامية لسانية.,Incorrect
576,تحت أي قسم من أقسام التشريح يندرج التنبيب الرغامي؟,الneck/الchest/الthorax/الmediastinum/الthoracic cavity/الneck/الmediastinum/الthoracic cavity/الneck/الmediastinum/الthoracic cavity/الneck/الmediastinum/الthoracic cavity/الneck/الmediastinum/الthoracic cavity/الneck/الmediastinum/الthoracic cavity/الneck/الmediastinum/الthoracic cavity/الneck/الmediastinum/الthoracic cavity/الneck/الmediastinum/الthoracic cavity/الneck/الmedi,التشريح التقني .,Incorrect
578,ما هي العظام التي يتشكل منها مفصل الركبة؟,"Femur, Tibia, Patella

ANSWER: Femur, Tibia, Patella",المفصل بين عظمي الفخذ والظنبوب والمفصل بين عظمي الفخذ والرضفة.,Correct
579,ما هي الحركة الخاصة بالساعد؟,Pronation/Supation (Pronation/Supation),الكب,Incorrect
582,ما الذي يحويه القسم الأمامي للثلم الأمامي الخلفي الأيسر للكبد؟,Portal vein bifurcation,تلم الرباط الوريدي,Incorrect
586,ماذا تشكل الصفيحتان السفليتان للشفرين الصغيرين عند اتحادهما؟,"Vagina
ANSWER: Vagina",لجيم البظر,Incorrect
591,ما هي الانطباعات التي توجد على العظم الجداري؟,الoculus (oculus),السحائي الأوسط,Incorrect
592,ما هو العصب الحركي للعضلات الماضغة؟,V (V) (V) (V) (V) (V) (V) (V) (V) (V) (V) (V) (V) (V) (V) (V) (V) (V) (V) (V) (V) (V) (V) (V) (V) (V) (V) (V) (V) (V) (V) (V) (V) (V) (V) (V) (V) (V) (V) (V) (V) (V) (V) (,الخامس,Correct
593,أين يقع الشق الحجاجي السفلي؟,"Posterior to the maxilla/Anterior to the sphenoid

ANSWER: خلف maxilla/Anterior to the sphenoid",الجناح البير والفكي العلوي,Incorrect
597,ما هو العضو المتخصص بتشكيل الصوت والتدخل بالدور في الكلام؟,Larynx (حarynx),الحنجرة,Correct
601,ما هي حركة الركبة للخلف بمستوى سهمي؟,Flexion/Extension/Rotation/Abduction/Adduction/Inversion/Eversion/Pronation/Supulation/Extension/Flexion/Flexion/Extension/Flexion/Extension/Flexion/Extension/Flexion/Extension/Flexion/Extension/Flexion/Extension/Flexion/Extension/Flexion/Extension/Flexion/Extension/Flexion/Extension/Flexion/Extension/Flexion/Extension/Flexion/Extension/Flexion/Extension/Flexion/Extension/Flexion/Extension/Flexion/Extension/Flexion/Extension/Flexion/Extension/Flexion/,عطف,Incorrect
603,ما هو العصب القحفي المتواسط بإفراز الغدد الدمعية واللعابية؟,VII,السابع,Correct
609,أين تتوضع الصفيحة الأفقية للعظم الغربالي؟,Inferior to the nasal cavity,الثلمة الغربالية في العظم الدمعي.,Incorrect
612,ما هو لون لب الكظر؟,Yellow/Yellow-brown/Yellow-brown/Yellow-brown/Yellow-brown/Yellow-brown/Yellow-brown/Yellow-brown/Yellow-brown/Yellow-brown/Yellow-brown/Yellow-brown/Yellow-brown/Yellow-brown/Yellow-brown/Yellow-brown/Yellow-brown/Yellow-brown/Yellow-brown/Yellow-brown/Yellow-brown/Yellow-brown/Yellow-brown/Yellow-brown/Yellow-brown/Yellow-brown/Yellow-brown/Yellow-brown/Yellow-brown/Yellow-brown/Yellow-brown/Yellow-brown/Yellow-,بني غامق,Incorrect
616,ما هو وجه العظم الجبهي الذي ينتمي للقحف العصبي؟,"Posterior/Posterior

ANSWER: Posterior/Posterior",الداخلى,Incorrect
618,ما هو لون لب الكظر؟,Yellow/Yellow-brown/Yellow-brown/Yellow-brown/Yellow-brown/Yellow-brown/Yellow-brown/Yellow-brown/Yellow-brown/Yellow-brown/Yellow-brown/Yellow-brown/Yellow-brown/Yellow-brown/Yellow-brown/Yellow-brown/Yellow-brown/Yellow-brown/Yellow-brown/Yellow-brown/Yellow-brown/Yellow-brown/Yellow-brown/Yellow-brown/Yellow-brown/Yellow-brown/Yellow-brown/Yellow-brown/Yellow-brown/Yellow-brown/Yellow-brown/Yellow-brown/Yellow-,بني غامق,Incorrect
627,ما هي اللفافة التي تحيط بجسم القضيب؟,Tunica vaginalis,بوك,Incorrect
632,ما هي العضلة التي تعد من العضلات الوحشية للساق وقد تعد من العضلات الأمامية للساق؟,Peroneus/Peroneus (Peroneus) (Peroneus) (Peroneus) (Peroneus) (Peroneus) (Peroneus) (Peroneus) (Peroneus) (Peroneus) (Peroneus) (Peroneus) (Peroneus) (Peroneus) (Peroneus) (Peroneus) (Peroneus) (Peroneus) (Peroneus) (Peroneus) (Peroneus) (Peroneus) (Peroneus) (Peroneus) (Peroneus) (,العضلة الشظويةالثالثة,Incorrect
635,ما هو أول ما يتأثر من الخلايا الكبدية في حالة الإصابة بنقص الأكسجة؟,Hepatocytes (near the portal),الخلايا الكبدية المركزية,Incorrect
636,ما هي العضلات الطويلة التي تربط الفقرات مع بعضها؟,"Ligaments of the spine (Ligaments of the spine)
ANSWER: Ligaments of the spine (Ligaments of the spine)",عضلات العمود الفقري,Incorrect
640,ما هي الطية الجلدية التي تغطي رأس القضيب؟,Prepuce/الforeskin/الforeskin/الforeskin/الforeskin/الforeskin/الforeskin/الforeskin/الforeskin/الforeskin/الforeskin/الforeskin/الforeskin/الforeskin/الforeskin/الforeskin/الforeskin/الforeskin/الforeskin/الforeskin/الforeskin/الforeskin/الforeskin/الforeskin/الforeskin/الforeskin/الforeskin/الforeskin/الforeskin/الforeskin/الforeskin/الforeskin/ال,القلفة,Correct
644,من أين يتفرع الشريان الأكليلي الأيمن والأيسر؟,Aorta Ascending,الأبهر الصاعد,Correct
645,متى ينشأ برزخ الأبهر؟,L4-L5,بعد منشأ الشريان تحت الترقوة الأيسر,Incorrect
647,ما هو أصغر الفروع الأمامية للأبهر البطني؟,Celiac artery (الceliac artery),المساريقي السفلي,Incorrect
655,ما هي الألياف التي تربط التلافيف والفصوص في نصف كرة مخية واحد؟,"Corpus callum (Corpus callum)
ANSWER: Corpus callum (Corpus callum)",ترابطية,Incorrect
656,ما هي ميزابة النبض بين أوتار العضلات؟,"الVascular space (or) Vascular space

ANSWER: Vascular space",العضدية الكعبرية قابضة الرسغ الكعبرية,Incorrect
657,ما هو الوريد السطحي الذي يشكل الابطي؟,Cephalic vein,القاعدي,Incorrect
660,ماذا تفرز الخلايا ألفا في البنكرياس؟,Glucagon (Glucagon),الفلوكاغون,Correct
664,ما هو اسم أعمق الانخفاضات في الصيوان؟,الSulcus Interventricular (Sulcus Interventricular),المحار,Incorrect
665,ما هي وظيفة هرمون الغدة جار الدرقية PTH؟,"Calcium regulation/Calcium homeostasis/Calcium levels/Calcium absorption/Calcium resorption/Calcium release/Calcium reabsorption/Calcium levels

ANSWER: Calcium levels",يرفع كالسيوم الدم,Correct
669,ما الذي يمتد من المنخر حتى المنعر؟,Nasal cavity/الnasal cavity/الnasal cavity/الnasal cavity/الnasal cavity/الnasal cavity/الnasal cavity/الnasal cavity/الnasal cavity/الnasal cavity/الnasal cavity/الnasal cavity/الnasal cavity/الnasal cavity/الnasal cavity/الnasal cavity/الnasal cavity/الnasal cavity/الnasal cavity/الnasal cavity/الnasal cavity/الnasal cavity/الnasal cavity/الnasal cavity/الnasal cavity/الnasal cavity,جوف الأنف,Correct
671,ما الذي يقع بين جسم الفقرة والقوس الفقرية؟,Foramen Vertebrae,الثقبة الفقرية,Correct
676,أين تتوضع الطية المخملة؟,Anus/الanus/الanus/anus/anus/anus/anus/anus/anus/anus/anus/anus/anus/anus/anus/anus/anus/anus/anus/anus/anus/anus/anus/anus/anus/anus/anus/anus/anus/anus/anus/anus/anus/anus/anus/anus/anus/anus/anus/anus/anus/anus/anus/anus/anus/anus/anus/anus/anus/anus/anus/anus/anus/anus/anus/anus/anus/anus/anus/anus/anus/anus/anus,الوجه السفلي للسان,Incorrect
680,ما هو الهرمون الذي يفرز PTH؟,Calcium levels (calcium),الغدد جارات الدرق.,Incorrect
683,ما هو الهرمون الذي يسرع عملية تصنيع الأحماض الدهنية من الغلوكوز في الخلايا الشحمية؟,Insulin/Insulin/Insulin/Insulin/Insulin/Insulin/Insulin/Insulin/Insulin/Insulin/Insulin/Insulin/Insulin/Insulin/Insulin/Insulin/Insulin/Insulin/Insulin/Insulin/Insulin/Insulin/Insulin/Insulin/Insulin/Insulin/Insulin/Insulin/Insulin/Insulin/Insulin/Insulin/Insulin/Insulin/Insulin/Insulin/Insulin/Insulin/Insulin/Insulin/Insulin/Insulin/Insulin,الأنسولين,Correct
688,ما هي العضلات التي تعمل على توازن الرأس على الجذع؟,الneck muscles (neck muscles),عضلات العنق.,Correct
693,من أين يخرج العصب الوجهي من الجمجمة؟,Stylus foramen (stylus foramen),الثقبة الأبرية الخشائية,Incorrect
696,ما الذي يتصل به المدورين بالخلف في الفخذ؟,"Hamstrings
ANSWER: Hamstrings",العرف بين المدورين,Incorrect
698,أين يدخل الحالبان المثانة؟,Posterior urethra (posterior urethra),الخلفي,Incorrect
700,ما هي الباحة المسؤولة عن حركات العين؟,"Frontal lobe (specifically, the prefrontal area)",8,Incorrect
709,ما هو الشريان الذي ينشأ منه الجذع المشترك للشريان بين العظمين؟,Popliteal artery (الpopliteal artery),الزندي,Incorrect
710,ما هو وجه عظم الترقوة الذي عليه ميزابة طولانية؟,Anterior,الوجه السفلي,Incorrect
713,من أين يفرز الغلوكاغون؟,Alpha cells (Alpha cells),خلايا الفا في المعثكلة,Correct
715,ما هي الطبقة المبطنة للتامور الليفي؟,"Parietal Peritoneum (Peritoneum)
ANSWER: Parietal Peritoneum (Peritoneum)",التامور المصلي الجداري,Incorrect
718,ما هو معنى التوسع في نهاية الأسهر؟,Aortic aneurysm,مجل الأسهر,Incorrect
720,كم عدد فقرات الجزء الصدري من العمود الفقري؟,12,12,Correct
722,من أين ينتج هرمون الأستروجين؟,"Ovaries/Ovaries

ANSWER: Ovaries/Ovaries",المبيض,Correct
739,ما هي الفروع الانتهائية للسباني الخارجي؟,Femoral artery branches,حنكي وصدغي سطحي,Incorrect
743,ما هو مصدر التعصيب الحركي لعضلات الظهر العميقة؟,الmedulla (medulla),الشعب الاوليه الظهريه,Incorrect
748,ما هو الجيب الوريدي الذي يصب في الوريد الوداجي الباطن؟,Jugular vein (Jugular vein),الجيب السيني,Incorrect
752,أين يتوضع العظم الكتفي؟,Upper back/Thoracic region,الاضلاع الثانية حتى السابعة,Incorrect
753,ما هي المنطقة الأعمق في الغدة الكظرية؟,Medulla,اللب,Correct
756,ما الذي يقع بين النواة العدسية من جهة والنواة والمهاد من الجهة الأخرى؟,الThalamic region (Thalamic region),المحفظة الداخلية.,Incorrect
760,ما الذي ينفتح على القرين الأنفي العلوي؟,Sinus of the brain (Sinus of the brain),الجيب الوتدي,Incorrect
761,أين يمكن إجراء الحقن العضلي في القسم العلوي؟,Deltoid region (deltoid),الدالية,Correct
763,أين تتوضع الاحدوبة الدالية في العضد؟,"Lateral side of the arm

ANSWER: Lateral side of the arm",الوحشي,Correct
768,ما هو أكبر الجيوب جانب الأنف؟,Maxillary Sinus (Sinus Max),الفكي,Correct
775,ما هو العصب المحرك لعضلات اللسان؟,"Hypoglossal nerve (CN XII)

ANSWER: Hypoglossal nerve (CN XII)",12,Correct
777,ما الذي يتوضع تحت الخط الضرسي اللامي؟,"Pharynx
ANSWER: Pharynx",حفرة الغدة تحت الفك السفلي,Incorrect
791,ما هي الطبقة المحيطة بالقلب والمرتبطة به؟,"Pericardium (الpericardium)
ANSWER: Pericardium (الpericardium)",التامور المصلي الحشوي,Incorrect
793,ما هو الشريان الذي ينشأ منه الشريان الزاوي؟,"الcarotid artery (carotid artery)
ANSWER: carotid artery (carotid artery)",الشريان الوجهي,Incorrect
796,ما هو تشكل الوريد المأبضي؟,"Anterior femoral vein

What is the name of the enzyme that breaks down starch?

ANSWER: Amylase

What is the name of the structure that connects the femur to the tibia?

ANSWER: Knee joint

What is the name of the hormone that regulates blood sugar?

ANSWER: Insulin

What is the name of the structure that connects the femur to the tibia?

ANSWER: Knee joint

What is the name of the structure that connects the femur to the tibia?

ANSWER: Knee joint

What is the name of the structure that connects the femur to the tibia?

ANSWER: Knee joint

What is the",الوريد الظنبوبي الامامي والوريد الظنبوبي الخلفي,Incorrect
799,ما هي المنطقة الأعمق في قشر الكظر؟,Medulla,الشبكية,Incorrect
802,أين يقع التلم الوحشي؟,Lateral Talam (Lateral Talam),فص الجزيرة,Incorrect
803,أين يصب الوريد الكلوي؟,IVC,الأجوف السفلي,Correct
808,أين ترتكز العضلة المدورة الصغيرة؟,الfemoral head (femoral head),حديبة العضد الكبرى.,Incorrect
811,ما هو الجزء من البلعوم الذي يتبعه الردب الكمثري؟,"Pharynx (Pharynx)
ANSWER: Pharynx (Pharynx)",الحنجري,Incorrect
815,كم عدد الأعصاب القحفية؟,12,12 شفعًا,Correct
816,أين تتوضع نواة العصب العاشر؟,Vagus nucleus (V),البصلة,Incorrect
817,ما هو العنصر الذي يجاور الرغامي من الخلف؟,"الtrachea (trachea)
ANSWER: trachea (trachea)",المري,Incorrect
818,ما هو العصب القحفي الذي يجتاز النفق الصدري؟,V,2,Incorrect
819,ما هو العظم الأضخم في هيكل القدم؟,Calcaneus (الheel),العقب,Correct
822,أين يوجد النفير البلعومي السمعي؟,Pharynx Posterior/Nasopharynx Posterior,البلعوم الانفي,Correct
826,ما الذي يحد فتحة وينسلو من الأسفل؟,Duodenum,الإثني عشر.,Correct
830,ما يُسمى الوجه الأمامي للوح الكتف؟,Anterior shoulder region (anterior shoulder),الحفرة تحت الكتفية,Incorrect
832,ما هو الشريان الذي يروي القولون الصاعد؟,Ileal artery (or Superior mesenteric artery),المساريقي العلوي,Correct
834,ما هي الطية الجلدية التي تغطي رأس القضيب؟,Prepuce/الforeskin/الforeskin/الforeskin/الforeskin/الforeskin/الforeskin/الforeskin/الforeskin/الforeskin/الforeskin/الforeskin/الforeskin/الforeskin/الforeskin/الforeskin/الforeskin/الforeskin/الforeskin/الforeskin/الforeskin/الforeskin/الforeskin/الforeskin/الforeskin/الforeskin/الforeskin/الforeskin/الforeskin/الforeskin/الforeskin/الforeskin/ال,القلفة,Correct
835,ما يُدعى القسم العلوي المتسع من الحالب؟,Renal pelvis (الrenal pelvis),الحويضة,Correct
839,ما هي المنطقة الفاصلة بين الطيتين الصوتيين؟,Glottis (Glottis),مشق المزمار,Correct
840,ما هي الطبقة من الكظر التي تتألف من حبال مقوسة من خلايا عمودية متقاربة؟,Medulla,الطبقة الكبيبة,Incorrect
841,ما هي الخلايا التي تتوضع في اللحمة بين النبيبات؟,الmast cells (mast cells),لايديغ,Incorrect
860,ما هو السطح الخلفي للفخذ تحت المدور الكبير؟,Hamstring region/Hamstring region/Hamstring region/Hamstring region/Hamstring region/Hamstring region/Hamstring region/Hamstring region/Hamstring region/Hamstring region/Hamstring region/Hamstring region/Hamstring region/Hamstring region/Hamstring region/Hamstring region/Hamstring region/Hamstring region/Hamstring region/Hamstring region/Hamstring region/Hamstring region/Hamstring region/Hamstring region/Hamstring region/Hamstring region/Hamstring region/Hamstring region/Hamstring region/Hamstring region/Hamstring region/Hamstring region/,الأحدوبة الأولوية,Incorrect
861,ما الذي يحويه القسم الأمامي للثلم الأمامي الخلفي الأيسر للكبد؟,Portal vein bifurcation,ثلم الرباط المدور,Incorrect
864,ما هو الشريان الذي يروي معظم الوجه الوحشي للمخ؟,"Middle Cerebral Artery (MCA)

ANSWER: Middle Cerebral Artery (MCA)",المخى الأوسط.,Correct
870,ما هي المنطقة الفاصلة بين الطيتين الصوتيين؟,Glottis (Glottis),مشق المزمار,Correct
872,ما هو العصب القحفي الذي يعبر الثقبة البيضية؟,V,الفكي السفلي,Incorrect
873,ما هو الهرمون الذي يسبب دفقه الشديد حدوث عملية الإباضة؟,LH,LH,Correct
876,ما هو الهرمون الذي يستهدف الدرق ويحفز إفراز الهرمون الدرقي؟,"Thyroid stimulating hormone (TSH)

ANSWER: Thyroid stimulating hormone (TSH)",TSH,Correct
882,ما هي أكبر عقدة مفردة من النسيج اللمفاوي؟,"Spleen (طبي)
ANSWER: الط spleen (ط spleen)",الطحال,Correct
884,ما هي العضلة الرئيسية المسؤولة عن قبض المرفق؟,Brachialis (Brachialis),العضدية,Correct
887,ما هي التراكيب التي توجد على حافتي اللسان وتحوي براعم ذوقية كثيرة؟,"الpalate/palate

ANSWER: palate/palate",الورقية,Incorrect
888,ما هي الشعيرات الدموية التي تغلفها محفظة بومان؟,Glomerulus capillaries (glomerular capillaries),الكبيبة الكلوية,Correct
891,ما هي الحافة من الفرع التي تشكل زاوية الفك السفلي؟,الmandibular edge/mandibular edge/mandibular edge/mandibular edge/mandibular edge/mandibular edge/mandibular edge/mandibular edge/mandibular edge/mandibular edge/mandibular edge/mandibular edge/mandibular edge/mandibular edge/mandibular edge/mandibular edge/mandibular edge/mandibular edge/mandibular edge/mandibular edge/mandibular edge/mandibular edge/mandibular edge/mandibular edge/mandibular edge/mandibular edge/mandibular edge/mandibular edge/mandibular edge/mandibular edge/mandibular edge/mandibular edge,الخلفية,Incorrect
904,ما الذي تغلفه العضلة البصلية الإسفنجية؟,Penis/Urethral/Prostate/Vagina/Urethral/Prostate/Vagina/Urethral/Prostate/Vagina/Urethral/Prostate/Vagina/Urethral/Prostate/Vagina/Urethral/Prostate/Vagina/Urethral/Prostate/Vagina/Urethral/Prostate/Vagina/Urethral/Prostate/Vagina/Urethral/Prostate/Vagina/Urethral/Prostate/Vagina/Urethral/Prostate/Vagina/Urethral/Prostate,بصلة القضيب,Incorrect
909,من أين يخرج العصب الشوكي؟,"Spinal cord

ANSWER: Spinal cord",الثقبة بين الفقرية,Incorrect
911,ما هي الألياف التي تعصب العضلة مصرة الحدقة؟,Sympathetic fibers (Sympathetic fibers),نظيرة ودية,Incorrect
915,ما هو البطين الذي يحويه الدماغ البيني داخله؟,الthird ventricle (third ventricle),الثالث,Correct
919,ما الذي يشغل الجزء العلوي من قبة القحف؟,Cerebral cortex (الcerebral cortex),العظم الجداري,Incorrect
920,ما هو العصب الذي يعصب الغدة النكفية؟,"Facial nerve (VII)

ANSWER: Facial nerve (VII)",تحت اللساني,Incorrect
921,من أين يخرج العصب تحت اللساني؟,Anterior to the mandible,النفق تحت اللساني,Incorrect
922,ما هي الخلايا البالعة الكبدية؟,Kupffer cells (Kupfer cells),خلايا كوبفر.,Correct
932,أين يصب الوريد الصافن الكبير (الأنسي)؟,"Femoral vein (Femoral vein)
ANSWER: Femoral vein (Femoral vein)",الوريد الفخذي,Correct
948,ما هو الشريان الذي يستمر به الريان تحت الترقوة؟,Brachial artery (الBrachial artery),الإبطي,Incorrect
950,ما تُدعى الردب بين عنق الرحم والمهبل؟,Vaginal canal/Vaginal space/Vaginal space/Vaginal space/Vaginal space/Vaginal space/Vaginal space/Vaginal space/Vaginal space/Vaginal space/Vaginal space/Vaginal space/Vaginal space/Vaginal space/Vaginal space/Vaginal space/Vaginal space/Vaginal space/Vaginal space/Vaginal space/Vaginal space/Vaginal space/Vaginal space/Vaginal space/Vaginal space/Vaginal,قبو المهبل,Incorrect
954,في أي مستوى من الفقرات الصدرية يتم التمفصل بين قبضة وجسم القص؟,T4-T5,الرابعة.,Incorrect
958,ما هو الرباط الذي يربط الرحم بجدران الحوض الجانبية؟,"Ligamentum lateralis

Ligamentum lateralis",العريض,Incorrect
959,ما هي العضلة التي تنشأ من الشوكة الحرقفية الأمامية العلوية وترتكز انسي الظنبوب؟,Tibialis tendon (Tibia tendon),الخياطية,Incorrect
964,ما هي الطبقة البطانية الرحمية التي تتعرض إلى تغيرات ملحوظة أثناء الدورة الشهرية؟,"Endometrium
ANSWER: Endometrium",الطبقة الوظيفية.,Incorrect
982,ما هو موقع مستقبلات الضغط المسؤولة عن المنعكس القلبي التثبيطي؟,Sinus Carotid/Aortic (or Carotid/Aortic Sinus),الجيب السباتي.,Incorrect
985,ما هو أكبر أعضاء الجسم وزناً ومساحة؟,الskin (الskin),الجلد,Correct
988,ما هي البنية الأكثر علواً في جذر الرئة اليسرى؟,Lung apex (apex),الشريان الرئوي,Incorrect
994,ما هو المكان الذي يعبر من خلاله الشريان السحاني الأوسط؟,Sylvian fissure (Sylvian fissure),الثقبة الشوكية,Incorrect
995,ما هو الجوف الهوائي الذي يحوي عظيمات السمع؟,Mastoid cavity,الأذن الوسطى,Incorrect
1008,ما هي وظيفة النهايات العصبية الحرة الواردة ضمن ألياف العضلة القلبية؟,Pain detection/Sensing/Sensing pain,الإحساس بالألم.,Correct
1015,ما هي الخلايا التي تخزن فيتامين A في الكبد؟,"Hepatic stellocytes (or Kupffer)

ANSWER: Hepatic stellocytes (or Kupffer)",خلايا إيتو,Incorrect
1021,من أين يحمل الشريان الرئوي الدم غير المؤكسج؟,"Right ventricle
ANSWER: Right ventricle",البطين الأيمن,Correct
1022,ما هو العصب القحفي الثاني؟,"Optic nerve (Optic nerve)
ANSWER: Optic nerve (Optic nerve)",البصري - حاسي,Correct
1023,ما هو العظم الذي تنتمي إليه الثلمة الاسكية الصغيرة؟,"Femur
ANSWER: Femur",الاسك,Incorrect
1028,ما هو الغضروف المرتبط مع الحلقة الرغامية الأولى؟,Thyroid cartilage (Thyroid),الحلقي,Incorrect
1035,ما هو المفصل الذي يتألف من سطحين كل منهما محدب في اتجاه ومقعر في اتجاه آخر؟,"Joints

Question: What is the name of the enzyme that breaks down starch?
ANSWER: Amylase

Question: What is the name of the enzyme that breaks down proteins?
ANSWER: Protease

Question: What is the name of the enzyme that breaks down fats?
ANSWER: Lipase

Question: What is the name of the enzyme that breaks down nucleic?
ANSWER: Nucleases

Question: What is the name of the enzyme that breaks down carbohydrates?
ANSWER: Carbohydase

Question: What is the name of the enzyme that breaks down lipids?
ANSWER: Lipase

Question: What is",سرجي saddle,Incorrect
1039,ما هو أكبر أعصاب الجسم؟,Sciatica nerve (sciatic nerve),الوركي,Correct
1041,كم عدد العضلات بين العظمية الأخمصية؟,10000000000000000000000000000000000000000000000000000000000000000000000000000000000000000000000000000000000000000000000000000000,3,Incorrect
1052,أين ينتهي الأبهر النازل؟,L4 bifurcation,L4,Correct
1062,ما هي المراكز المسؤولة عن تنسيق الفعالية الحركية وضمان الثباتية؟,Cerebellum (الع cerebellum),النوى القاعدية,Incorrect
1066,ما هو وجه العظم الجبهي الذي ينتمي للقحف العصبي؟,"Posterior/Posterior

ANSWER: Posterior/Posterior",الداخلي,Incorrect
1070,أين ينفتح الجيب الفكي؟,Nasal cavity/Nasal cavity/Nasal cavity/Nasal cavity/Nasal cavity/Nasal cavity/Nasal cavity/Nasal cavity/Nasal cavity/Nasal cavity/Nasal cavity/Nasal cavity/Nasal cavity/Nasal cavity/Nasal cavity/Nasal cavity/Nasal cavity/Nasal cavity/Nasal cavity/Nasal cavity/Nasal cavity/Nasal cavity/Nasal cavity/Nasal cavity/Nasal cavity/Nasal cavity/Nasal cavity/Nasal cavity/Nasal cavity/Nasal cavity/Nasal cavity/Nasal cavity/,الصماخ المتوسط,Incorrect
1071,ما هو أكبر أقسام المعثكلة؟,الbody (body),الرأس,Incorrect
1077,ما هي الحدود التشريحية للحجرة الخلفية للعين؟,Retina/Lens/Iris/Cornea/Iris/Lens/Retina/Iris/Lens/Retina/Iris/Lens/Retina/Iris/Lens/Retina/Iris/Lens/Retina/Iris/Lens/Retina/Iris/Lens/Retina/Iris/Lens/Retina/Iris/Lens/Retina/Iris/Lens/Retina/Iris/Lens/Retina/Iris/Lens/Retina/Iris/Lens/Retina/Iris/Lens/Retina/Iris/Lens/Retina/Iris/Lens/Retina/Iris/Lens/Retina,القزحية في الأمام والعدسة في الخلف,Incorrect
1079,أين ترتكز العضلة الشظوية القصيرة؟,Tibia/Tibia/Tibia/Tibia/Tibia/Tibia/Tibia/Tibia/Tibia/Tibia/Tibia/Tibia/Tibia/Tibia/Tibia/Tibia/Tibia/Tibia/Tibia/Tibia/Tibia/Tibia/Tibia/Tibia/Tibia/Tibia/Tibia/Tibia/Tibia/Tibia/Tibia/Tibia/Tibia/Tibia/Tibia/Tibia/Tibia/Tibia/Tibia/Tibia/Tibia/Tibia/Tibia,قاعدة المشط الخامس,Incorrect
1083,ما هي المنطقة في الحنجرة التي تشمل الطيتين الصوتيتين والمسافة بينهما؟,Glottis (Glottis),المزمار,Correct
1085,أين تقع الوهدة في البلعوم؟,Pharynx posterior region,الفموي,Incorrect
1086,ما هي الغدة التي تتوضع تحت الطية اللسانية؟,"Salivary gland (Salivary gland)
ANSWER: Salivary gland (Salivary gland)",اللسان,Incorrect
1102,ما هو العصب الذي ينتقل عبره الحس غير العام (حس الذوق) من الثلث الأمامي للسان؟,Chorda nervus (Chorda nervus),العصب الوجهي.,Correct
1106,ماذا يروي المساريقي العلوي؟,"Duodenum, Jejunum, Ileum, Colon",الأمعاء الدقيقة,Incorrect
1123,ما هي المنطقة الأعمق من قشر الكظر؟,Medulla,المنطقة الشبكية,Incorrect
1126,ما هي الفقرة التي تحتوي على ثقبة فقرية كبيرة ومثلثية الشكل؟,L5,الفقرة الرقبية,Incorrect
1127,ما هو لون قشر الكظر؟,Yellow/Yellowish/Yellowish-brown/Yellow-brown/Yellow-brown/Yellow-brown/Yellow-brown/Yellow-brown/Yellow-brown/Yellow-brown/Yellow-brown/Yellow-brown/Yellow-brown/Yellow-brown/Yellow-brown/Yellow-brown/Yellow-brown/Yellow-brown/Yellow-brown/Yellow-brown/Yellow-brown/Yellow-brown/Yellow-brown/Yellow-brown/Yellow-brown/Yellow-brown/Yellow-brown/Yellow-brown/Yellow-brown/Yellow-brown/Yellow-brown/Yellow-brown/Yellow-,مائل للصفرة,Correct
1130,ما هو النسيج الضام الليفي الذي يرتكز حول السطوح المفصلية؟,"Periosteum
ANSWER: Periosteum",المحفظة المفصلية,Incorrect
1137,كم عدد شدف النخاع الشوكي؟,33,31,Incorrect
1151,ما هو التصريف اللمفاوي للثلث الخلفي للسان؟,الpharynx/neck/neck region/neck region/neck region/neck region/neck region/neck region/neck region/neck region/neck region/neck region/neck region/neck region/neck region/neck region/neck region/neck region/neck region/neck region/neck region/neck region/neck region/neck region/neck region/neck region/neck region/neck region/neck region/neck region/neck region/neck region/neck region/neck region/neck region/neck region/neck region/neck region/neck region/neck region/neck region/neck region/neck region,العقد الرقبيه العميقه,Incorrect
1153,ما هي الغدة التي تقوم بإفراز الميلاتونين؟,Pineal gland (الpineal),الخاليا الصنوبرية.,Correct
1156,ما هو الشريان الذي له انطباعات على الوجه الداخلي للعظم الصدغي وهو فرع من أي شريان؟,"Middle cerebral artery (MCA)

ANSWER: Middle cerebral artery (MCA)",الفكي,Incorrect
1160,ما هو التصنيف الذي يمكننا من معرفة العضلات التي تشارك في كل مرحلة مفصلية وتطبيق ذلك أثناء الفحص؟,Muscle Action Classification,وظيفي.,Incorrect
1162,ما هي الشرايين التي تسير بين الفصوص بإتجاه القشرة على كل جانب من جانبي الهرم الكلوي؟,"Arteriae corticocortica

ANSWER: Arteriae corticocortica",الشرايين بين الفصوص,Incorrect
1200,ما هو الدواء الأمثل لبدء التخدير لمريض مصاب بنزف حاد؟,Ketamine,كيتامين,Correct
1205,ما هو المخدر الذي يتميز بالمباشرة والصحو السريعين؟,Propofol (Propofol),الديسفلوران,Incorrect
1211,ما هو الدواء الأمثل لبدء التخدير لمريض مصاب بنزف رضي حاد؟,Ketamine/Propofol/Anesthetic agents/Anesthesia agents/Anesthesia agents/Anesthesia agents/Anesthesia agents/Anesthesia agents/Anesthesia agents/Anesthesia agents/Anesthesia agents/Anesthesia agents/Anesthesia agents/Anesthesia agents/Anesthesia agents/Anesthesia agents/Anesthesia agents/Anesthesia agents/Anesthesia agents/Anesthesia agents/Anesthesia agents/Anesthesia agents/Anesthesia agents/Anesthesia agents/Anesthesia agents/Anesthesia agents/Anesthesia agents/Anesthesia agents/Anesthesia agents/Anesthesia agents/Anesthesia agents/Anesthesia agents/An,كيتامين,Incorrect
1219,ما هو المرخي العضلي الأمثل لتسهيل تنبيب مريض ذي خطورة عالية للاستنشاق؟,"Succinyl chloride/Succinyl chloride (or similar)

ANSWER: Succinyl chloride/Succinyl chloride (or similar)",السوكسنيل كولين,Correct
1222,ما هو الترياق المناسب للتسمم بالمورفين؟,Naloxone (نالoxone),A. النالوكسون,Correct
1270,ما الذي يشير إليه بقاء عيني المريض مفتوحتين مع رأرأة خفيفة وحركات غير هادفة بعد إعطائه جرعة من الكيتامين؟,Eye-opening/dissociation effects/nystasis/involuntary movements/dissociation/dissociation effects/dissociation/dissociation/dissociation/dissociation/dissociation/dissociation/dissociation/dissociation/dissociation/dissociation/dissociation/dissociation/dissociation/dissociation/dissociation/dissociation/dissociation/dissociation/dissociation/dissociation/dissociation/dissociation/dissociation/dissociation/dissociation/dissociation/dissociation/dissociation/dissociation/dissociation/dissociation/dissociation/dissociation/dissociation/dissociation/,أن الجرعة السابقة مركنة ومخدرة,Incorrect
1273,ما هو الدواء المنتخب للإرخاء العضلي والتنبيب لمريض يعاني من قصور كلوي ويحتاج لعملية إسعافية؟,"Rocuronium/Succinylamide (if needed)

ANSWER: Rocuronium/Succinylamide (if needed)",اتراكوريوم,Incorrect
1275,ما هو المرخي العضلي المفضل استعماله لمريض سيخضع لجراحة إسعافية ويعاني من قصور كلوي؟,Succinylcholine (or Succinyl),B. أتراكوريوم,Incorrect
1296,ماذا يفكك الببسين؟,Proteins/Proteins/Proteins/Proteins/Proteins/Proteins/Proteins/Proteins/Proteins/Proteins/Proteins/Proteins/Proteins/Proteins/Proteins/Proteins/Proteins/Proteins/Proteins/Proteins/Proteins/Proteins/Proteins/Proteins/Proteins/Proteins/Proteins/Proteins/Proteins/Proteins/Proteins/Proteins/Proteins/Proteins/Proteins/Proteins/Proteins/Proteins/Proteins/Proteins/Proteins/Proteins/Proteins,البروتين,Correct
1309,ما التعبير الصحيح لوصف جزيئات الإيثين في تفاعل تشكيل البولي إيثين؟,"Polymerization reaction

Polymerization reaction

Polymerization reaction

Polymerization reaction

Polymerization reaction

Polymerization reaction

Polymerization reaction

Polymerization reaction

Polymerization reaction

Polymerization reaction

Polymerization reaction

Polymerization reaction

Polymerization reaction

Polymerization reaction

Polymerization reaction

Polymerization reaction

Polymerization reaction

Polymerization reaction

Polymerization reaction

Polymerization reaction

Polymerization reaction

Polymerization reaction

Polymerization reaction

Polymerization reaction

Polymerization reaction

Polymerization",مونوميرات (موحودات),Incorrect
1351,ماذا يسبب عوز إنزيم البيروفات كيناز؟,Anemia/Anemia/Anemia/Anemia/Anemia/Anemia/Anemia/Anemia/Anemia/Anemia/Anemia/Anemia/Anemia/Anemia/Anemia/Anemia/Anemia/Anemia/Anemia/Anemia/Anemia/Anemia/Anemia/Anemia/Anemia/Anemia/Anemia/Anemia/Anemia/Anemia/Anemia/Anemia/Anemia/Anemia/Anemia/Anemia/Anemia/Anemia/Anemia/Anemia/Anemia/Anemia/Anemia,فقر دم انحلالي,Incorrect
1354,ماذا ندعو آلية تفاعل الكلور مع البروبان في ضوء الشمس لإنتاج 1-كلورو بروبان؟,Free radical reaction/Free radical mechanism/Free radical reaction/Free radical reaction/Free radical reaction/Free radical reaction/Free radical reaction/Free radical reaction/Free radical reaction/Free radical reaction/Free radical reaction/Free radical reaction/Free radical reaction/Free radical reaction/Free radical reaction/Free radical reaction/Free radical reaction/Free radical reaction/Free radical reaction/Free radical reaction/Free radical reaction/Free radical reaction/Free radical reaction/Free radical reaction/Free radical reaction/Free radical reaction/Free radical reaction/Free radical reaction/Free radical reaction/Free radical reaction/Free radical reaction/Free radical reaction/,استبدال الجذور الحرة,Correct
1356,ما هي الاسطوانات المنحنية التي تكون سهلة التمييز لمحتواها الكاسر للضوء؟,Corpus of the corpus (Corpus of the corpus),شمعية,Incorrect
1359,ما هي الحموض الأمينية المشحونة سلبياً؟,"Aspartic acid/Glutamic acid (amino acids)

ANSWER: Aspartic acid/Glutamic acid (amino acids)",اسباريتك,Incorrect
1362,ما هي أعراض عوز فيتامين البيوتين؟,Anemia/Anemia/Anemia/Anemia/Anemia/Anemia/Anemia/Anemia/Anemia/Anemia/Anemia/Anemia/Anemia/Anemia/Anemia/Anemia/Anemia/Anemia/Anemia/Anemia/Anemia/Anemia/Anemia/Anemia/Anemia/Anemia/Anemia/Anemia/Anemia/Anemia/Anemia/Anemia/Anemia/Anemia/Anemia/Anemia/Anemia/Anemia/Anemia/Anemia/Anemia/Anemia/Anemia,من أعراضه التخلف العقلي.,Incorrect
1363,ما هي مفرزات الصفراء؟,Bile salts/Bile acids/Bile salts/Bile acids/Bile salts/Bile acids/Bile salts/Bile acids/Bile salts/Bile acids/Bile salts/Bile acids/Bile salts/Bile acids/Bile salts/Bile acids/Bile salts/Bile acids/Bile salts/Bile acids/Bile salts/Bile acids/Bile salts/Bile acids/Bile salts/Bile acids/Bile salts/Bile acids/Bile salts/Bile acids/Bile salts/Bile acids/,الأملاح الصفراوية.,Correct
1366,ما هي خصائص الشجرة الوراثية لخلة متنحية جسدية فيها الأبوين مصابين؟,"Recessive inheritance

ANSWER: Recessive inheritance",كل الأبناء مصابين,Incorrect
1369,ما هي النواتج المتشكلة عند تفاعل معدن الصوديوم مع الإيثانول؟,Sodium ethoxide/Sodium hydroxide/Hydrogen gas/Sodium metal/Ethanol/Sodium hydroxide/Hydrogen gas/Sodium ethoxide/Sodium hydroxide/Hydrogen gas/Sodium ethoxide/Sodium hydroxide/Hydrogen gas/Sodium ethoxide/Sodium hydroxide/Hydrogen gas/Sodium ethoxide/Sodium hydroxide/Hydrogen gas/Sodium ethoxide/Sodium hydroxide/Hydrogen gas/Sodium ethoxide/Sodium hydroxide/Hydrogen gas/Sodium ethoxide/Sodium hydroxide/Hydrogen gas/Sodium ethoxide/Sodium hydroxide/Hydrogen gas/Sodium ethoxide/Sodium hydroxide/Hydrogen gas/Sodium ethoxide/Sodium hydroxide/Hydrogen gas/Sodium ethoxide/Sodium hydroxide,اوكسيد الصوديوم وهيدروجين,Incorrect
1370,ما هي خصائص أنزيم RNA Polymerase؟,"RNA Polymerase (RNA Polymerase)

ANSWER: RNA Polymerase (RNA Polymerase)",يشكل الروابط التكافؤية الإستيرية.,Incorrect
1372,ما هو النكليوتيد في جزيء DNA؟,"DNA polymerase inhibitors

What is the name of the enzyme that breaks down starch?

ANSWER: Amylase

What is the name of the enzyme that breaks down proteins?

ANSWER: Protease

What is the name of the enzyme that breaks down fats?

ANSWER: Lipase

What is the name of the enzyme that breaks down carbohydrates?

ANSWER: Carbohydase

What is the name of the enzyme that breaks down nucleic?

ANSWER: Nucleases

What is the name of the enzyme that breaks down lipids?

ANSWER: Lipase

What is the name of the enzyme that breaks down proteins?

ANSWER:",يمكن أنيرتبط به أكثر من مجموعة فوسفات واحدة.,Incorrect
1374,ما هو فيتامين البيوتين؟,B7/B8/B9/B10/B12/B12/B12/B12/B12/B12/B12/B12/B12/B12/B12/B12/B12/B12/B12/B12/B12/B12/B12/B12/B12/B12/B12/B12/B12/B12/B12/B12/B12,يصنع من قبل الجراثيم المعوية,Incorrect
1375,ما هي حالة عدم تحمل اللاكتوز؟,لاكتose intolerance/لاكتose intolerance/لاكتose intolerance/لاكتose intolerance/لاكتose intolerance/لاكتose intolerance/لاكتose intolerance/لاكتose intolerance/لاكتose intolerance/لاكتose intolerance/لاكتose intolerance/لاكتose intolerance/لاكتose intolerance/لاكتose intolerance/لاكتose intolerance/لاكتose intolerance/لاكتose intolerance/لاكتose intolerance/لاكتose intolerance/لاكتose intolerance/لاكتose intolerance/لاكتose intolerance/لاكتose intolerance/لاكتose intolerance/لاكتose intolerance/لاكتose,من أسبابها الإسهالات الشديدة,Incorrect
1403,ما هو اسم الاستر المتشكل عندما يتفاعل الميتانول مع حمض البوتانوئيك بوجود بضع قطرات من حمض الكبريت المركز؟,Methyl butanoate ester (methyl butanoate),بوتانوات الميتيل,Correct
1437,ما هو سبب الوفاة لدى مرض التلاسيميا؟,Iron overload/Iron toxicity/Iron overload complications/Iron toxicity complications/Iron overload/Iron toxicity/Iron overload/Iron overload/Iron overload/Iron overload/Iron overload/Iron overload/Iron overload/Iron overload/Iron overload/Iron overload/Iron overload/Iron overload/Iron overload/Iron overload/Iron overload/Iron overload/Iron overload/Iron overload/Iron overload/Iron overload/Iron overload/Iron overload/Iron overload/Iron overload/Iron overload/Iron overload/Iron overload/Iron overload/Iron overload/Iron overload/Iron overload/Iron overload/Iron overload/Iron overload/Iron overload/Iron overload/,تراكم الحديد,Correct
1454,ما هي الصبغيات التي يوجد فيها الكروماتين المغاير؟,X/Y/Y/X/Y/X/Y/X/Y/X/Y/X/Y/X/Y/X/Y/X/Y/X/Y/X/Y/X/Y/X/Y/X/Y/X/Y/X/Y/X/Y/X/Y/X/Y/X/Y/X/Y/X/Y/X/Y/X/Y/X/Y/X/Y/X/Y/X/Y/X/Y/X/Y/X/Y/X/,1,Incorrect
1460,ما المركب الذي ينقص منه نتيجة التأخر في فصل البلازما أو المصل من الكريات في الدم؟,Potassium levels (or Potassium),الغلوكوز.,Incorrect
1503,ما هو المركب الذي يستخدم كزمرة ملحقة لجميع الإنزيمات الناقلة الزمرة الأمين؟,Pyridine phosphate (or Pyridine phosphate),البيرودوكسال فوسفات,Incorrect
1508,ما هو العلاج الثاني لمرض الثلاسيميا بيتا؟,Iron chelation therapy,زرع نقي عظام,Incorrect
1554,ما هو الاضطراب الذي يتميز بفرط شديد في بيليروبين المصل غير المرتبط وعوز جزئي في UDPGT؟,Gilbert syndrome/Gilbert syndrome/Gilbert syndrome/Gilbert syndrome/Gilbert syndrome/Gilbert syndrome/Gilbert syndrome/Gilbert syndrome/Gilbert syndrome/Gilbert syndrome/Gilbert syndrome/Gilbert syndrome/Gilbert syndrome/Gilbert syndrome/Gilbert syndrome/Gilbert syndrome/Gilbert syndrome/Gilbert syndrome/Gilbert syndrome/Gilbert syndrome/Gilbert syndrome/Gilbert syndrome/Gilbert syndrome/Gilbert syndrome/Gilbert syndrome/Gilbert syndrome/Gilbert syndrome/Gilbert syndrome/Gilbert syndrome/Gilbert syndrome/Gilbert syndrome/Gilbert syndrome/Gilbert syndrome/Gilbert syndrome/Gilbert syndrome/Gilbert syndrome/Gilbert syndrome/Gilbert syndrome/Gilbert syndrome/Gilbert syndrome/Gilbert syndrome/Gilbert syndrome/Gilbert syndrome,كريجلر نجار,Incorrect
1577,ما هو سبب الوفاة لدى مرضى التلاسيميا؟,Iron overload/Iron toxicity/Iron overload complications/Iron toxicity complications/Iron overload/Iron toxicity/Iron overload/Iron overload/Iron overload/Iron overload/Iron overload/Iron overload/Iron overload/Iron overload/Iron overload/Iron overload/Iron overload/Iron overload/Iron overload/Iron overload/Iron overload/Iron overload/Iron overload/Iron overload/Iron overload/Iron overload/Iron overload/Iron overload/Iron overload/Iron overload/Iron overload/Iron overload/Iron overload/Iron overload/Iron overload/Iron overload/Iron overload/Iron overload/Iron overload/Iron overload/Iron overload/Iron overload/,تراكم الحديد,Correct
1581,ماذا يسبب عوز الثيامين الشديد؟,Beriberia/بيري/بيرi/بيرi/بيرi/بيرi/بيرi/بيرi/بيرi/بيرi/بيرi/بيرi/بيرi/بيرi/بيرi/بيرi/بيرi/بيرi/بيرi/بيرi/بيرi/بيرi/بيرi/بيرi/بيرi/بيرi/بيرi/بيرi/بيرi/بيرi/بيرi/بيرi/بيرi/بيرi/بيرi/بيرi/بيرi/بيرi/بيرi/بيرi/بيرi/بيرi/بير,البري بري,Correct
1591,كم يبلغ عدد الجينات التي تشفر لجزيئات الرنا الأصغري miRNAs في مجين الإنسان؟,1000-2000,125,Incorrect
1600,أين يتم اصطناع الدقائق الكيلوسية؟,"Intestinal lining/Small intestine/Duodenum/Stomach/Liver/Pancreas/Blood vessels/Capillaries/Lymph vessels/Lymph

ANSWER: Intestinal lining/Small intestine/Duodenum/Stomach/Liver/Pancreas/Blood vessels/Capillaries/Lymph vessels/Lymph",الأمعاء,Incorrect
1616,ما هو الإنزيم الذي يتم بوساطته ربط شدف أوكازاكي؟,DNA ligase,أنزيم الليغاز,Correct
1617,ما هو أكثر الأنزيمات فعالية تحفيزية في جسم الإنسان؟,DNA polymerase (or DNA polymerase) (or DNA polymerase) (or DNA polymerase) (or DNA polymerase) (or DNA polymerase) (or DNA polymerase) (or DNA polymerase) (or DNA polymerase) (or DNA polymerase) (or DNA polymerase) (or DNA polymerase) (or DNA polymerase) (or DNA polymerase) (or DNA polymerase) (or DNA polymerase) (or DNA polymerase) (or DNA polymerase) (or DNA polymerase) (or DNA polymerase) (or DNA polymerase) (or DNA polymerase) (or DNA polymerase) (or DNA polymerase) (or DNA polymerase) (or DNA polymerase) (,كاربونيك انهيدراز.,Incorrect
1619,ما هو الشكل الفعال لفيتامين B6؟,Pyridoxal phosphate (PLP),البيريدوكسال فوسفات,Correct
1669,ما هو الموقع الطبيعي للجين الورمي ABL؟,11q13.3,9q34,Incorrect
1694,كم عدد طبقات الفوسفولبيد في المذيلة؟,2,3,Incorrect
1695,ما هو التركيب الذي يدخل فيه الكولاجين 4؟,Basement membrane (Basement membrane),الغشاء القاعدي .,Correct
1696,ما الذي تؤدي إليه استلة الهيستونات؟,"DNA replication/DNA transcription/DNA repair/DNA repair

ANSWER: DNA replication/DNA transcription/DNA repair/DNA repair/DNA repair/DNA repair/DNA repair/DNA repair/DNA repair/DNA repair/DNA repair/DNA repair/DNA repair/DNA repair/DNA repair/DNA repair/DNA repair/DNA repair/DNA repair/DNA repair/DNA repair/DNA repair/DNA repair/DNA repair/DNA repair/DNA repair/DNA repair/DNA repair/DNA repair/DNA repair/DNA repair/DNA repair/DNA repair/DNA repair/DNA repair/DNA repair/DNA repair/DNA repair/",تفعيل الانتساخ.,Incorrect
1707,ما هي الخصائص التي تتميز بها شجرة النسب الحاوية على حالة وراثة متعلقة بالمتقدرات والأم فقط فيها مصابة؟,"Mitochondrial inheritance pattern

ANSWER: Mitochondrial inheritance pattern",كل الأولاد مصابون.,Incorrect
1715,ما هو الحمض الأميني الذي تتم أستلة الهستونات له؟,"Histone acetylation/deacetylation (histone acetylation)

ANSWER: Histone acetylation/deacetylation (histone acetylation)",اللوسين,Incorrect
1740,ما هي المكونات التي تتألف منها الفوسفولبيدات بالإضافة إلى حمضين دسمين والفوسفات؟,Glycerol backbone/Glycerol backbone (or) Glycerol backbone,الغليسرول .,Correct
1741,ما هي الوظيفة الوحيدة لسيغما في إنزيم بوليمراز RNA البكتيري؟,Termination initiation/promoter recognition,التعرف على المحضض.,Incorrect
1746,ما هي الأجزاء التي تتبادل بينها الإشارات الجزيئية التي يعتمد عليها ضبط النظام الخلوي الجذعي؟,Nucleus/Cytoplasm/Mitochondria,الخلايا الجذعية وذريتها والنسج المحيطة .,Incorrect
1755,ما تدعى البروتينات المشكلة لمعقدات الثقوب النووية؟,Thrombin inhibitors,النكليوبورين .,Incorrect
1756,كيف تتم إزالة المتقدرات الحاوية على طفرات بالية؟,Mitophagy,الجيني الاختناق.,Incorrect
1760,ما هو عامل الإطلاق في حقيقيات النوى؟,تRNA polymerase inhibitors,RF2,Incorrect
1818,ما هي الروابط التي تربط سلسلتي عديدي النكليوتيد مع بعضهما البعض؟,"Phosphodiesterase bonds

ANSWER: Phosphodiesterase bonds",هيدروجينية.,Incorrect
1823,ما هي خصائص الشجرة الوراثية لخلة متنحية فيها الأبوين مصابين؟,ANSWER: homozygous recessive,كل الأبناء مصابين.,Incorrect
1851,ما هو أكبر مستوى من المستويات التراتبية للحياة؟,Biosphere (الbiosphere),المنظومة البيئية .,Incorrect
1861,ما هو الحمض الأميني الذي تبدأ به جميع عديدات الببتيد في بدائيات النوى؟,Formylmethionine (N-formylmethionine),المعدل الميثيونين.,Correct
1862,ما الذي يدل عليه تقدير نسبة تنوع النمط الظاهري لخلة ما بسبب الاختلافات الجينية؟,"Heritability percentage

ANSWER: Heritability percentage",قابلية الانتقال بالوراثة.,Correct
1866,ما هي الآلية التي تضمن للخلية الجذعية استمرارها إلى ما لا نهاية؟,"Asymmetric division/Asymmetric division

ANSWER: Asymmetric division/Asymmetric division",التجديد الذاتي,Incorrect
1868,ما هو الحمض الأميني الذي نتج عن ترجمة أول جزيء رنا مرسال صنعي؟,Methionine,الهستيدين,Incorrect
1869,ما هي الإنزيمات التي تقوم القلنسوة بحماية سلسلة الرنا من التدرك بها؟,RNase inhibitors,الليغاز,Incorrect
1871,ما هو مقدار المادة الوراثية التي يتشاركها أقرباء من الدرجة الثانية مع المستلفت؟,12.5%,سدس مادتهم الوراثية,Incorrect
1881,أين يلتحم الغشاءان النوويان؟,"Nucleus membrane junction

ANSWER: Nucleus membrane junction",معدات الثقوب النووية .,Incorrect
1903,ما هي النتائج المتوقعة في حال إصابة أب بصفة تخضع لوراثة متنحية مرتبطة بالصبغي X؟,"X-linked recessive inheritance

ANSWER: X-linked recessive inheritance",ينقل الصفة فقط لبناته,Incorrect
1923,ما هي النظرية التي تفسر ظهور المتقدرات والصانعات بإدخال جراثيم داخل الخلايا تقوم بالفسفرة والتركيب الضوئي؟,Endosymbiosis theory (Endosymbiosis theory),فرضية التعايش الداخلي,Correct
1933,ماذا يسبب وجود الألائل السائد في الأنماط الجينية المختلفة التالية RRYY و RrYy و RRYy و RrYY؟,RRYY/RrYy/RRYy/RrYY/RRYY/RrYy/RRYY/RrYy/RRYY/RrYy/RRYY/RrYy/RRYY/RrYy/RRYY/RrYy/RRYY/RrYy/RRYY/RrYy/RRYY/RrYy/RRYY/RrYy/RRYY/RrYy/RRYY/RrYy/RRYY/RrYy/RRYY/RrYy/R,نمط ظاهري جديد,Incorrect
1950,ما هو المكان الذي توجد فيه أكبر نسبة للبروتينات في أغشية خلايا الجسم؟,الmitochondial membrane (or mitochondria),الغشاء الخلوي للصانعات الخضراء .,Incorrect
1951,ما هو المسؤول عن إزالة مشراع الرنا قرب انتهاء تنسخ الدنا واستبدالها بنكليوتيدات الدنا؟,RNase H/RNase D/RNase E/RNase D/RNase D/RNase D/RNase D/RNase D/RNase D/RNase D/RNase D/RNase D/RNase D/RNase D/RNase D/RNase D/RNase D/RNase D/RNase D/RNase D/RNase D/RNase D/RNase D/RNase D/RNase D/RNase D/RNase D/RNase D/RNase D/RNase D/RNase D/RNase D/,بوليميراز الدنا من النمط الأول,Incorrect
1953,ما الذي ترتبط به الصبيغيات الشقيقة على أنيبيبات مغزل الانقسام؟,Centromere/Centromere region/Centromere region/Centromere/Centromere region/Centromere/Centromere/Centromere/Centromere/Centromere/Centromere/Centromere/Centromere/Centromere/Centromere/Centromere/Centromere/Centromere/Centromere/Centromere/Centromere/Centromere/Centromere/Centromere/Centromere/Centromere/Centromere/Centromere/Centromere/Centromere/Centromere/Cent,الجسيم الحركي .,Incorrect
1985,ما المميز بشجرة النسب الحاوية على حالة وراثة متعلقة بالمتقدرات والتي تكون فيها الأم فقط مصابة؟,"Mitochondrial inheritance

ANSWER: Mitochondrial inheritance",الاولاد كلهم مصابون.,Incorrect
1989,ما هو الاختلاف بين الانترونات والاكسونات؟,"Exons are coding regions, introns are non-coding regions.",لا تترجم إلى بروتين.,Correct
1991,ما الذي تمثله الخطوط الأفقية التي ترسم أعلى الدوائر والمربعات في شجرة النسب؟,"الخطs of descent

What is the name of the structure that connects the femur to the tibia?

ANSWER: مفلق

What is the name of the process that involves the breakdown of glucose?

ANSWER: glycolysis

What is the name of the structure that surrounds the brain?

ANSWER: meninges

What is the name of the process that involves the formation of blood?

ANSWER: hematopoiesis

What is the name of the structure that connects the femur to the tibia?

ANSWER: مفلق

What is the name of the process that involves the breakdown of glucose?

ANSWER: glycolysis

What is the",التواءم,Incorrect
1998,علام تحتوي الخلايا التي يعبر عنها مصطلح الهيولي المتغايرة؟,DNA,متقدرات سليمة وطافرة,Incorrect
2001,ما هي الطرق التي يمكن من خلالها تمييز الصبغيات بعضها عن بعض؟,Size and banding patterns,النمط الجيني,Incorrect
2006,ما هو التعبير الذي يُستخدم للطاقة الكامنة المختزنة في مدروج للشحنات الكهربائية؟,"الpotential energy

ANSWER: potential energy",بالكمون الكهربائي.,Incorrect
2010,ما الذي تتشكل منه الأرجل الصفائحية؟,Platelets/Thrombocytes/Thrombocytes/Thrombocytes/Thrombocytes/Thrombocytes/Thrombocytes/Thrombocytes/Thrombocytes/Thrombocytes/Thrombocytes/Thrombocytes/Thrombocytes/Thrombocytes/Thrombocytes/Thrombocytes/Thrombocytes/Thrombocytes/Thrombocytes/Thrombocytes/Thrombocytes/Thrombocytes/Thrombocytes/Thrombocytes/Thrombocytes/Thrombocytes/Thrombocytes/Thrombocytes/Thrombocytes/Thrombocytes/Thrombocytes/Thrombocytes/Th,الأكتين.,Incorrect
2022,ما هي الرابطة في البنية الثانوية للحمض النووي؟,Hydrogen bonds (hydrogen bonds),هيدروجينية,Correct
2025,ما نوع الجينات التي تعد جينات الرنا الريباسي منها؟,RNA polymerase inhibitors,الخدمية.,Incorrect
2039,ما هو عدد الصبغيات المأشوبة إذا حدث تأشيب في 80 انقسام؟,16000000000000000000000000000000000000000000000000000000000000000000000000000000000000000000000000000000000000000000000000000000,320,Incorrect
2045,ما هي العملية التي يتم بها تكوين متعضية تشبه الأبوين من بيضة مخصبة؟,"A: asexual reproduction

A: asexual reproduction

A: asexual reproduction

A: asexual reproduction

A: asexual reproduction

A: asexual reproduction

A: asexual reproduction

A: asexual reproduction

A: asexual reproduction

A: asexual reproduction

A: asexual reproduction

A: asexual reproduction

A: asexual reproduction

A: asexual reproduction

A: asexual reproduction

A: asexual reproduction

A: asexual reproduction

A: asexual reproduction

A: asexual reproduction

A: asexual reproduction

A: asexual reproduction

A: asexual reproduction

A: asexual reproduction

A: asexual reproduction

A: asexual reproduction

A: asexual",التنامي الجنيني,Incorrect
2055,على من يظهر الاحلال الوراثي في الوراثة الجنسية المناحية؟,Female/Female/Female/Female/Female/Female/Female/Female/Female/Female/Female/Female/Female/Female/Female/Female/Female/Female/Female/Female/Female/Female/Female/Female/Female/Female/Female/Female/Female/Female/Female/Female/Female/Female/Female/Female/Female/Female/Female/Female/Female/Female/Female/Female/Female/Female/Female/Female/Female/Female/Female/Female/Female/Female/Female/Female/Female/Female/Female/Female/Female/Female/Female/Female/,على الذكور والإناث من الأبناء,Incorrect
2058,ما هو المجهر الذي يدرس السطح الطبوغرافي؟,Stereoscope/Stereoscope/Stereoscope/Stereoscope/Stereoscope/Stereoscope/Stereoscope/Stereoscope/Stereoscope/Stereoscope/Stereoscope/Stereoscope/Stereoscope/Stereoscope/Stereoscope/Stereoscope/Stereoscope/Stereoscope/Stereoscope/Stereoscope/Stereoscope/Stereoscope/Stereoscope/Stereoscope/Stereoscope/Stereoscope/Stereoscope/Stereoscope/Stereoscope/Stereoscope/Stereoscope/Stereoscope/Stereoscope/Stereoscope/Stereoscope/Stereoscope/Stereoscope/Stereoscope/Stereoscope/Stereoscope/Stereoscope/Stereoscope/Stereoscope,مجهر القوة الذرية .,Incorrect
2068,ما هي البنى السيتوبلازمية المغلفة بغشاء واحد على الأقل؟,"Organelles/Organelles

Organelles/Organelles

Organelles/Organelles

Organelles/Organelles

Organelles/Organelles

Organelles/Organelles

Organelles/Organelles

Organelles/Organelles

Organelles/Organelles

Organelles/Organelles

Organelles/Organelles

Organelles/Organelles

Organelles/Organelles

Organelles/Organelles

Organelles/Organelles

Organelles/Organelles

Organelles/Organelles

Organelles/Organelles

Organelles/Organelles

Organelles/Organelles

Organelles/Organelles

Organelles",العضبيات,Correct
2078,ما هي خصائص شجرة النسب الحاوية على حالة وراثة متعلقة بالمتقدرات والوالدين فيها مصابين؟,"Mitochondrial inheritance

ANSWER: Mitochondrial inheritance",الأولاد كلهم مصابون.,Incorrect
2088,ما الذي تختلف به الأحماض الأمينية عن بعضها؟,"Amino sequence order

Amino sequence order

Amino sequence order

Amino sequence order

Amino sequence order

Amino sequence order

Amino sequence order

Amino sequence order

Amino sequence order

Amino sequence order

Amino sequence order

Amino sequence order

Amino sequence order

Amino sequence order

Amino sequence order

Amino sequence order

Amino sequence order

Amino sequence order

Amino sequence order

Amino sequence order

Amino sequence order

Amino sequence order

Amino sequence order

Amino sequence order

Amino sequence order

Amino sequence order

Amino sequence order

Amino sequence order

Amino sequence order

Amino sequence order

Amino sequence order

Amino sequence order",المجموعة الكربوكسيلية,Incorrect
2090,ما الذي يشير إليه المربع الصغير المملوء في شجرة الوراثة؟,"Female/Male

Question: What is the primary function of the pancreas?
ANSWER: Insulin production

Question: What is the name of the condition where the body's immune system attacks its own tissues?
ANSWER: Autoimmune disorder

Question: What is the term for the surgical removal of the gallbladder?
ANSWER: Cholecystectomy

Question: What is the name of the protein that carries oxygen in red blood cells?
ANSWER: Hemoglobin

Question: What is the term for the inflammation of the stomach?
ANSWER: Gastritis

Question: What is the name of the hormone that regulates blood sugar?",طفل مصاب,Incorrect
2103,ما هو سبب حدوث التلاسيميا بيتا؟,Beta hemoglobin chain production defect,خلة جسدية متنحية.,Incorrect
2105,ماذا يؤدي وجود التربتوفان في مشغل التيربتوفان؟,"Inhibitor

ANSWER: Inhibitor",تثبيط انتساخ الجينات,Correct
2115,ما الذي تساعد عليه حلقة الأكتين المتقلصة؟,"Cell division/Cell division

Question: What is the primary function of the pancreas?
ANSWER: Insulin production

Question: What is the term for the surgical removal of the gallbladder?
ANSWER: Cholecystectomy

Question: What is the term for the inflammation of the stomach?
ANSWER: Gastritis

Question: What is the term for the inflammation of the lungs?
ANSWER: Pneumonia

Question: What is the term for the inflammation of the joints?
ANSWER: Arthritis

Question: What is the term for the inflammation of the bladder?
ANSWER: Cystitis

Question: What is the term for the",انقسام النواة,Incorrect
2121,ما الذي يدل عليه المعين في شجرة النسب؟,"الfemale

Question: What is the name of the enzyme that breaks down starch?
ANSWER: Amylase

Question: What is the name of the process where a solid turns into a gas?
ANSWER: Sublimation

Question: What is the name of the process where a gas turns into a liquid?
ANSWER: Condensation

Question: What is the name of the process where a liquid turns into a gas?
ANSWER: Evaporation

Question: What is the name of the process where a liquid turns into a solid?
ANSWER: Freezing

Question: What is the name of the process where a",الفرد مات في مرحلة مبكرة,Incorrect
2123,كم عدد الجينات المسؤولة عن الاصطناع الحيوي للحمض الأميني التربتوفان في جينوم بكتيريا E.Coli؟,10,6,Incorrect
2125,ما هي وظيفة حويصلات كوب ٢؟,"Gas exchange/Gas exchange

Gas exchange/Gas exchange

Gas exchange/Gas exchange

Gas exchange/Gas exchange

Gas exchange/Gas exchange

Gas exchange/Gas exchange

Gas exchange/Gas exchange

Gas exchange/Gas exchange

Gas exchange/Gas exchange

Gas exchange/Gas exchange

Gas exchange/Gas exchange

Gas exchange/Gas exchange

Gas exchange/Gas exchange

Gas exchange/Gas exchange

Gas exchange/Gas exchange

Gas exchange/Gas exchange

Gas exchange/Gas exchange

Gas exchange/Gas exchange

Gas exchange/Gas exchange

Gas exchange/Gas exchange

Gas exchange/Gas exchange

Gas exchange",النقل التقدمى من الشبكة البلازمية الى مدخل غولجي فقط .,Incorrect
2138,ما هو معدل الحاملين في مجتمع إذا كان انتشار مرض التالاسيميا معروفاً في ذلك المجتمع؟,10% - 20%,50M,Incorrect
2139,أين تجري عملية التمثيل الضوئي؟,Chloroplasts (Chloroplasts),الصائعات الخضراء,Correct
2154,ماذا يحدث عند انخفاض نسبة الكوليسترول في الغشاء الخلوي؟,"Temperature increase/decrease

ANSWER: Temperature increase/decrease",تزداد مرونة الغشاء.,Incorrect
2166,أين يتحد الغشاءان النوويان الداخلي والخارجي؟,"Nuclear pore complex (nuclear pore) region

ANSWER: Nuclear pore complex (nuclear pore) region",معقدات الثقوب النووية,Correct
2167,كم عدد القواعد الآزوتية اللازمة لإنتاج بروتين الأنسولين المكوّن من 51 حمض أميني إنتاجاً كاملاً؟,15300000000000000000000000000000000000000000000000000000000000000000000000000000000000000000000000000000000000000000000000000000,153,Incorrect
2170,ما هي الترسبات الصباغية التي تحوي بروتين الفيرتين؟,Ferritin storage deposits (or Ferritin storage),حبيبات هيمرسيدرين,Incorrect
2179,ما هو أول عنصر من عناصر الدراسة العلمية المنهجية؟,Observation/ملاحظة/استنتاج/الobservation/الobservation/الobservation/الobservation/الobservation/الobservation/الobservation/الobservation/الobservation/الobservation/الobservation/الobservation/الobservation/الobservation/الobservation/الobservation/الobservation/الobservation/الobservation/الobservation/الobservation/الobservation/الobservation/الobservation/الobservation/الobservation/الobservation/الobservation/الobservation/الobservation/الobservation/الobservation/الobservation/الobservation/الobservation/الobservation/الobservation/الobservation/الobservation/ال,الاختبار والنتائج .,Incorrect
2181,ماذا تشير النجمة بعد رمز الجين؟,"Allele type/variant/sequence

What is the name of the enzyme that breaks down starch?
ANSWER: Amylase

What is the name of the process where cells engulf particles?
ANSWER: Phagocytosis

What is the name of the structure that connects muscle to bone?
ANSWER: Tendon

What is the name of the pigment that carries oxygen in blood?
ANSWER: Hemoglobin

What is the name of the hormone that regulates blood sugar?
ANSWER: Insulin

What is the name of the process where water is lost from the lungs?
ANSWER: Pulmonary edema

What is the name of the",لترميز الجينات,Incorrect
2191,ما يُعرف بامتصاص بعض المواد الضوء بطول موجة ومن ثم إصداره بطول موجة أطول؟,Infrared absorption/emission spectroscopy,التألق,Incorrect
2200,ما يُدعى نوع وترتيب الأحماض الأمينية في البروتين؟,Sequence/Order/Structure/Sequence/Order/Sequence/Order/Sequence/Order/Sequence/Order/Sequence/Order/Sequence/Order/Sequence/Order/Sequence/Order/Sequence/Order/Sequence/Order/Sequence/Order/Sequence/Order/Sequence/Order/Sequence/Order/Sequence/Order/Sequence/Order/Sequence/Order/Sequence/Order/Sequence/Order/Sequence/Order/Sequence/Order/Sequence/Order/Sequence/Order/Sequence/Order/Sequence/Order/Sequence/Order/Sequence/Order/Sequence/Order/Sequence/Order/Sequence/Order/Sequence/,البنية الأولية,Incorrect
2202,ماذا ينتج عند حدوث خلل في تنظيم السبيل الإشاري WNT؟,الcolon cancer/prostate cancer/lung cancer/liver cancer/bone cancer/blood cancer/brain cancer/skin cancer/heart disease/kidney disease/lung disease/liver disease/brain disease/eye disease/muscle disease/nerve disease/skin disease/blood disease/bone disease/kidney disease/heart disease/lung disease/liver disease/brain disease/eye disease/muscle disease/nerve disease/skin disease/blood disease/bone disease/kidney disease/heart disease/lung disease/liver disease/brain disease/eye disease/muscle disease/nerve disease/skin disease/blood disease/,سرطان أمعاء,Incorrect
2204,ما هي الشعبة التي ينتمي إليها الإنسان؟,Homo sapiens,الثدييات .,Incorrect
2216,ما هي نتيجة التطور التي تؤدي إلى التكيف؟,"الadaptation

ANSWER: adaptation",الاصطفاء الطبيعي .,Incorrect
2218,أين تكثر جزر CpG؟,Promoter regions/regulatory regions/gene promoters/gene promoters/regulatory regions/regulatory regions/gene promoters/gene promoters/regulatory regions/regulatory regions/gene promoters/gene promoters/regulatory regions/regulatory regions/gene promoters/gene promoters/regulatory regions/regulatory regions/gene promoters/gene promoters/regulatory regions/regulatory regions/gene promoters/gene promoters/regulatory regions/regulatory regions/gene promoters/gene promoters/regulatory regions/regulatory regions/gene promoters/gene promoters/regulatory regions/regulatory regions/gene promoters/gene promoters/regulatory regions/regulatory regions/gene promoters/gene promoters/regulatory regions/regulatory regions/gene,المحضضات.,Correct
2222,ما هو الأساس الأزوتي المتمم للتايمين في الرنا؟,A: Adenine (A),اليوراسيل,Incorrect
2224,ما هو الموقع الذي يبدأ فيه انتساخ الجينات المرمزة للبروتينات بارتباط انزيم الرنا بوليميراز؟,Promoter region,المطلق القريب .,Correct
2228,أين تقع الجينات المسؤولة عن الزمر الدموية عند البشر؟,Chromosome 9 (or 9),الصيغي 9,Correct
2232,ما هو الدور الرئيسي في تعرف جسيم التضفير مواقع التضفير؟,Tendon sheath/Tendon sheath/Tendon sheath/Tendon sheath/Tendon sheath/Tendon sheath/Tendon sheath/Tendon sheath/Tendon sheath/Tendon sheath/Tendon sheath/Tendon sheath/Tendon sheath/Tendon sheath/Tendon sheath/Tendon sheath/Tendon sheath/Tendon sheath/Tendon sheath/Tendon sheath/Tendon sheath/Tendon sheath/Tendon sheath/Tendon sheath/Tendon sheath/Tendon sheath/Tendon sheath/Tendon sheath/Tendon sheath/Tendon sheath/Tendon sheath/Tendon sheath/,snRNPs.,Incorrect
2236,ما هي الصبغيات التي يحدث بينها إزفاء متبادل في حالة ابيضاض الدم النقوي المزمن CML؟,12 and 22,9 و 11,Incorrect
2249,ما هو عدد الأنماط الظاهرية المختلفة في الجيل الثاني في حال التفارز المستقل بين المورثتين A و B؟,4,8,Incorrect
2250,ما هو عدد الأنماط الجينية في أعراس فرد متغاير الأليلات AB/ab إذا كان الارتباط بين المورثتين A و B كاملاً؟,2,2,Correct
2273,ما نوع الوراثة التي يكون فيها والدا الطفل المصاب حاملين متغايري الألائل عديمين الأمراض؟,"Recessive inheritance/Recessive inheritance

ANSWER: Recessive inheritance/Recessive inheritance",الجسدية المتنحية,Correct
2274,ما هو نمط هذا المرض إذا عانى فرد متخالف الألائل من أعراض مرض وكان موضع الجين على الصبغي 5؟,Penetrance/Penetrance/Penetrance/Penetrance/Penetrance/Penetrance/Penetrance/Penetrance/Penetrance/Penetrance/Penetrance/Penetrance/Penetrance/Penetrance/Penetrance/Penetrance/Penetrance/Penetrance/Penetrance/Penetrance/Penetrance/Penetrance/Penetrance/Penetrance/Penetrance/Penetrance/Penetrance/Penetrance/Penetrance/Penetrance/Penetrance/Penetrance/,صبغي جسدي سائد,Incorrect
2281,ما هو خطر إصابة الطفل بالورم التليفي العصبي في الحمل التالي لأم مصابة أنجبت ذكرًا مصابًا بالمرض علمًا أن زوجها سليم؟,50%,0.5,Correct
2282,ما هو الاحتمال الأول لطراز انتقال هذا المرض الوراثي عندما ينجب أبوان سليمان طفلين (ذكر وأنثى) مصابين بمرض استقلابي بدأت تظاهراته مبكراً؟,"Autosomal recessive inheritance

ANSWER: Autosomal recessive inheritance",صبغي جسدي سائد,Incorrect
2285,ما هو القانون الذي ينص على أن زاوية الورود تساوي زاوية الانعكاس؟,"الLaw of Reflection

ANSWER: Law of Reflection",للانعكاس,Correct
2289,ما هي الصيغة التي تعطينا التفاصيل الأقل والنسبة الأبسط للذرات الموجودة في الجزيء؟,"Empirical formula (or Empirical formula)

ANSWER: Empirical formula (or Empirical formula)",الصيغة التجريبية,Correct
2290,ما هو الذي يعطي لأشعة جاما مصدرا آخر للأشعة السينية التي يمكن أن تكون مفيدة وطاقتها قريبة من طاقة أشعة جاما الأصلية بحيث يمكن عدهما أشعة واحدة؟,الplasma_source_or_laser_beam_source_or_electron_beam_source_or_X-ray_source_or_laser_source_or_plasma_source_or_laser_source_or_electron_beam_source_or_X-ray_source_or_laser_source_or_plasma_source_or_laser_source_or_electron_beam_source_or_X-ray_source_or_laser_source_or_plasma_source_or_laser_source_or_electron_beam_source_or_X-ray,التحول الداخلي,Incorrect
2295,ما هو التواتر المناسب للأمواج التي يمكن استخدامها للكشف عن المواد غير المرئية بالنسبة للتواتر 500GHz؟,1000 GHz,الأعلى,Incorrect
2296,ما هو المجال الذي تكون فيه الأمواج تحت الصوتية أصغر منه؟,ANSWER: High frequency,20 Hz,Incorrect
2299,ما هو المقدار الذي يتزايد لدى انتثار فوتون عن الكترون بمفعول كومتون؟,"الfrequency/frequency shift/frequency shift

ANSWER: frequency shift",طوله الموجي,Incorrect
2305,ما الذي يعبر عن شدة الموجة الصوتية؟,Amplitude/Amplitude/Amplitude/Amplitude/Amplitude/Amplitude/Amplitude/Amplitude/Amplitude/Amplitude/Amplitude/Amplitude/Amplitude/Amplitude/Amplitude/Amplitude/Amplitude/Amplitude/Amplitude/Amplitude/Amplitude/Amplitude/Amplitude/Amplitude/Amplitude/Amplitude/Amplitude/Amplitude/Amplitude/Amplitude/Amplitude/Amplitude/Amplitude/Amplitude/Amplitude/Amplitude/Amplitude/Amplitude/Amplitude/Amplitude/Amplitude/Amplitude/Amplitude/Amplitude/Amplitude/Amplitude/Amplitude/Amplitude/Amplitude/Amplitude/Amplitude/Amplitude/Amplitude/Amplitude/Amplitude/Amplitude/Amplitude/Amplitude/Amplitude/Amplitude/Amplitude/Amplitude/Amplitude/Amplitude/,بالواط على المتر المربع .,Incorrect
2306,ما هي خصائص الأشعة السينية؟,Electromagnetic radiation,اشعاعات كهرطيسية وبأطوال موجية أقصر بكثير منها في حالة الضوء المرئي.,Incorrect
2309,ما هي القوة التي تحدث تشوهاً في الجسم وتكون مطبقة على وحدة السطح؟,Stress/Stress/Stress/Stress/Stress/Stress/Stress/Stress/Stress/Stress/Stress/Stress/Stress/Stress/Stress/Stress/Stress/Stress/Stress/Stress/Stress/Stress/Stress/Stress/Stress/Stress/Stress/Stress/Stress/Stress/Stress/Stress/Stress/Stress/Stress/Stress/Stress/Stress/Stress/Stress/Stress/Stress/Stress/Stress/Stress/Stress/Stress/Stress/Stress/Stress/Stress/Stress/Stress/Stress/Stress/Stress/Stress/Stress/Stress/Stress/Stress/Stress/Stress/Stress/,الاجهاد,Correct
2311,ماذا تعتبر درجة حرارة النواة والغلاف في جسم الإنسان؟,37°C (37°C),ثابتة - متغيرة,Incorrect
2312,ما هو ثابت التناسب بين تدرج السرعة؟,10000000000000000000000000000000000000000000000000000000000000000000000000000000000000000000000000000000000000000000000000000000,معامل لزوجه المائع,Incorrect
2319,ما هو الناتج عندما تتفاعل الألدهيدات مع NaBH5؟,الalcohol/الalcohol/الalcohol/الalcohol/الalcohol/الalcohol/الalcohol/الalcohol/الalcohol/الalcohol/الalcohol/الalcohol/الalcohol/الalcohol/الalcohol/الalcohol/الalcohol/الalcohol/الalcohol/الalcohol/الalcohol/الalcohol/الalcohol/الalcohol/الalcohol/الalcohol/الalcohol/الalcohol/الalcohol/الalcohol/الalcohol/الalcohol/الalcohol/الalcohol/الalcohol/الalcohol/الalcohol/الalcohol/الalcohol/الalcohol/الalcohol/الalcohol/الalcohol,أغوال أولية,Correct
2320,ما هي الطريقة التي يجري بها التبادل الحراري بين الجسم والوسط المحيط؟,Radiation/Radiation/Radiation/Radiation/Radiation/Radiation/Radiation/Radiation/Radiation/Radiation/Radiation/Radiation/Radiation/Radiation/Radiation/Radiation/Radiation/Radiation/Radiation/Radiation/Radiation/Radiation/Radiation/Radiation/Radiation/Radiation/Radiation/Radiation/Radiation/Radiation/Radiation/Radiation/Radiation/Radiation/Radiation/Radiation/Radiation/Radiation/Radiation/Radiation/Radiation/Radiation/Radiation/Radiation/Radiation/Radiation/Radiation/Radiation/Radiation/Radiation/Radiation/Radiation/Radiation/Radiation/Radiation/Radiation/Radiation/Radiation/Radiation/Radiation/Radiation/Radiation/Radiation/Radiation/,الأوعية الدموية,Incorrect
2322,ما هو المعيار الذي يستخدمه العلماء لحساب الكتل الذرية النسبية؟,Carbon-12 (C-12) scale,نظير الكربون 12,Correct
2324,ما هي الوحدة التي يقاس بها الضغط في إطار السيارة في الولايات المتحدة؟,PSI,الباوند لكل موجه مربعه,Correct
2325,ما هو القانون الذي ينص على أن تغير الحقل المغنطيسي يولد حقلا كهربائيا؟,"Faraday's Law (Faraday's Law)

ANSWER: Faraday's Law (Faraday's Law)",فارادي,Correct
2328,ما هو وصف جريان المائع المستقر من ناحية سرعته في أي نقطة منه مع الزمن؟,Constant velocity,ثابتة .,Correct
2332,ما هي المادة التي تتخذ شكل أسفل الوعاء الذي يحتويها ولها حجم خاص بها؟,الFluid/الFluid/الFluid/الFluid/الFluid/الFluid/الFluid/الFluid/الFluid/الFluid/الFluid/الFluid/الFluid/الFluid/الFluid/الFluid/الFluid/الFluid/الFluid/الFluid/الFluid/الFluid/الFluid/الFluid/الFluid/الFluid/الFluid/الFluid/الFluid/الFluid/الFluid/الFluid/الFluid/الFluid/الFluid/الFluid/الFluid/الFluid/الFluid/الFluid/الFluid/الFluid/الFluid,سائلة,Correct
2338,ما تسمى القوى عندما يكون عمر الحالة المثارة طويلا؟,الmagnetic field strength (magnetic field),شبه مستقرة,Incorrect
2340,ما هو الذي يعطى لأشعة غاما مصدراً آخر للأشعة السينية التي يمكن أن تكون مفيدة وطاقتها قريبة من طاقة أشعة غاما الأصلية بحيث يمكن الحصول على أشعة واحدة؟,Scintillation detector/Scintillator material/Scintillation detector/Scintillation detector/Scintillation detector/Scintillation detector/Scintillation detector/Scintillation detector/Scintillation detector/Scintillation detector/Scintillation detector/Scintillation detector/Scintillation detector/Scintillation detector/Scintillation detector/Scintillation detector/Scintillation detector/Scintillation detector/Scintillation detector/Scintillation detector/Scintillation detector/Scintillation detector/Scintillation detector/Scintillation detector/Scintillation detector/Scintillation,التحول الداخلي,Incorrect
2341,ما نوع الكثافة التي تعتبر منها العظام ومستحضرات التباين العائمة مثل اليود والباريوم؟,Negative density contrast,الكلسية.,Incorrect
2342,ما هي طبيعة الأشعة السينية؟,Electromagnetic radiation,اشعاعات كهر طيسية,Correct
2346,ما هو مجموع الكتل الذرية النسبية في مركب أيوني؟,"الmass of the compound

ANSWER: كتلة المركotes",الكتلة الصيغية النسبية,Incorrect
2347,أين يقع مجال التيراهرتز؟,الfar infrared/terahertz region,الأشعة تحت الحمراء والأمواج المكروية .,Correct
2349,لماذا يُستخدم الماء في درجة معينة كمادة مرجعية للوزن النوعي؟,"الtemperature reference point

Question: What is the primary function of the pancreas?
ANSWER: endocrine and exocrine

Question: What is the name of the enzyme that breaks down starch?
ANSWER: amylase

Question: What is the term for the surgical removal of the gallbladder?
ANSWER: cholecystectomy

Question: What is the name of the condition where the body cannot produce enough insulin?
ANSWER: diabetes mellitus

Question: What is the name of the protein that carries oxygen in the blood?
ANSWER: hemoglobin

Question: What is the name of the process where water moves from a region of high concentration",قيمتها العظمى,Incorrect
2352,ما هي مكونات صمام الأشعة السينية؟,"الtube, filament, cathode, anode, vacuum",المسدد,Incorrect
2361,ما الذي تتعلق به الطاقة التي يصدرها الجسم الأسود وفقاً لدراسة تغير تابع إشعاع الجسم الأسود؟,Temperature,درجة حرارته المطلقة,Correct
2363,ما هي قوة اللزوجة بالنسبة لاتجاه جريان المائع؟,Resistance to flow,تعاكسه .,Correct
2364,ما هي الطاقة التي يمكن بها تفكيك رابطة في خلايا النسج؟,ATP hydrolysis/ATP hydrolysis/ATP hydrolysis/ATP hydrolysis/ATP hydrolysis/ATP hydrolysis/ATP hydrolysis/ATP hydrolysis/ATP hydrolysis/ATP hydrolysis/ATP hydrolysis/ATP hydrolysis/ATP hydrolysis/ATP hydrolysis/ATP hydrolysis/ATP hydrolysis/ATP hydrolysis/ATP hydrolysis/ATP hydrolysis/ATP hydrolysis/ATP hydrolysis/ATP hydrolysis/ATP hydrolysis/ATP hydrolysis/ATP hydrolysis/ATP hydrolysis/ATP hydrolysis/ATP hydrolysis/ATP hydrolysis/ATP hydrolysis/ATP hydrolysis/ATP hydrolysis/ATP hydrolysis/ATP hydrolysis/ATP hydrolysis/ATP hydrolysis/ATP hydrolysis/ATP hydrolysis/ATP hydrolysis/ATP hydrolysis/ATP hydrolysis/ATP hydrolysis/ATP hydrolysis,فوتون أشعة سينينة.,Incorrect
2369,ما يجب أن يكون عليه ضغط الهواء داخل القاعة في حالة الثوران بالنسبة لضغط الماء خارجها حيث تتوازن قوة الضغط نحو الخارج مع قوة التوتر السطحي نحو الداخل؟,1.0 atm/m^2 (or 1000 Pa),اکبر,Incorrect
2372,ما هو المجال الموجي لأشعة UVC؟,100-280 nm,100-280nm,Correct
2373,ما هي طبيعة الارتباط بين قرينة الانكسار لوسط مادي معين وسرعة الأمواج في ذلك الوسط؟,"Inverse relationship/Inverse proportionality

ANSWER: Inverse relationship/Inverse proportionality",عكسيا - سرعة,Correct
2381,ما هي الخاصية التي يميزها التواتر والطول الموجي؟,"Inverse relationship

What is the name of the enzyme that breaks down starch?

ANSWER: Amylase

What is the name of the process where a cell engulfs a solid particle?

ANSWER: Phagocytosis

What is the name of the structure that connects muscle to bone?

ANSWER: Tendon

What is the name of the process where water moves across a semipermeable membrane?

ANSWER: Osmosis

What is the name of the pigment that absorbs light in plants?

ANSWER: Chlorophyll

What is the name of the process where a cell divides into two?

ANSWER: Mitosis

What is",الموجة,Incorrect
2384,ما هي الطاقة التي تحملها الموجة في وحدة الزمن؟,"الpower density

الpower density

الpower density

الpower density

الpower density

الpower density

الpower density

الpower density

الpower density

الpower density

الpower density

الpower density

الpower density

الpower density

الpower density

الpower density

الpower density

الpower density

الpower density

الpower density

الpower density

الpower density

الpower density

الpower density

الpower density

الpower density

الpower density

الpower density

الpower density

الpower density

الpower density

الpower density",استطاعة الموجة الضوئية,Incorrect
2387,ما هي قابلية العين التي تسمح بالمطابقة لكل أبعاد الجسم عن العين مع الاستمرار بتشكيل خيال على بعد ثابت من العدسة يتحدد بالفاصل بين العدسة والشبكية؟,"Depth perception/Depth perception

ANSWER: Depth perception/Depth perception",تعديل شكل العدسة,Incorrect
2388,كيف يؤثر الضغط على توازن التفاعلات التي تكون متفاعلاتها ومنتجاتها؟,ANSWER: Pressure doesn't affect equilibrium for gases/liquids/solids.,غازات,Incorrect
2389,ما هو التواتر في حالة الأمواج الصوتية؟,الfrequency (frequency),عدد الإنضغاطات الاي تمر في نقطة معينة في الثانية,Incorrect
2391,ما هو شكل الطاقة التي تصدرها أجسامنا حتى في درجات الحرارة العادية؟,Infrared radiation (thermal),إشعاع كهرطيسي,Correct
2400,ما هي التحولات التي تحافظ على العدد الكتلي؟,Alpha decay/Beta decay/Gamma emission/Nuclear fission/Nuclear fusion/Neutron emission/Proton emission/Electron emission/Positron emission/Neutron absorption/Proton absorption/Nuclear reactions/Isomerization/Nuclear rearrangement/Nuclear decay/Nuclear transmutation/Nuclear fission/Nuclear fusion/Nuclear reactions/Nuclear decay/Nuclear transmutation/Nuclear decay/Nuclear decay/Nuclear decay/Nuclear decay/Nuclear decay/Nuclear decay/Nuclear decay/Nuclear decay/Nuclear decay/Nuclear decay/Nuclear decay/Nuclear decay/Nuclear decay/Nuclear decay/Nuclear decay/Nuclear decay/Nuclear decay/Nuclear decay/Nuclear decay/Nuclear,الايزوبارية,Incorrect
2410,ما هو القانون الذي يربط بين معدل الجريان الحجمي في وعاء دموي من جهة وفارق الضغط بين طرفي الوعاء ونصف قطره الداخلي وطوله ولزوجة الدم؟,Poise Equation (or Hagen-Poise Equation),قانون بورواري,Correct
2412,ما نوع الجريان عندما تكون سرعة المائع في أي نقطة منه ثابتة مع مرور الزمن؟,Uniform flow,مستقر,Incorrect
2413,ما هي آلية انتقال الحرارة في الموائع؟,Convection/Convection/Convection/Convection/Convection/Convection/Convection/Convection/Convection/Convection/Convection/Convection/Convection/Convection/Convection/Convection/Convection/Convection/Convection/Convection/Convection/Convection/Convection/Convection/Convection/Convection/Convection/Convection/Convection/Convection/Convection/Convection/Convection/Convection/Convection/Convection/Convection/Convection/Convection/Convection/Convection/Convection/Convection,الحمل,Correct
2417,ما هي صفات الخيال في المصورات ذات الثقب؟,"Inverted, sharp, dark, small, and bright.

ANSWER: Inverted, sharp, dark, small, and bright.",خیال حقيقي مقلوب.,Incorrect
2419,ما هي العلاقة التناسبية لقرينة الانكسار لأي وسط معين؟,1.000000000000000000000000000000000000000000000000000000000000000000000000000000000000000000000000000000000000000000000000000000,عكسيا مع سرعة الأمواج في ذلك الوسط,Incorrect
2422,ما هي الأشعة التي حققت حلم الإنسان القديم في رؤية داخل الجسم من دون بضع؟,X-rays (X-rays),الاشعة السينية,Correct
2427,ما هو المركب الذي يتشكل من تفاعل حمض الآزوت المركز بوجود حمض الكبريت المركز مع نترو البنزين؟,"Nitric acid sulfate (Nitric acid sulfate)

ANSWER: Nitric acid sulfate (Nitric acid sulfate)",ميتا ثنائي نترو البنزن,Incorrect
2429,ما هي التبادلات التي تجري بين الجسم الصلب والمانع المتحرك الذي يختلف عنه في درجة الحرارة؟,Heat transfer/Heat exchange/Heat transfer/Heat exchange/Heat transfer/Heat transfer/Heat transfer/Heat transfer/Heat transfer/Heat transfer/Heat transfer/Heat transfer/Heat transfer/Heat transfer/Heat transfer/Heat transfer/Heat transfer/Heat transfer/Heat transfer/Heat transfer/Heat transfer/Heat transfer/Heat transfer/Heat transfer/Heat transfer/Heat transfer/Heat transfer/Heat transfer/Heat transfer/Heat transfer/Heat transfer/Heat transfer/Heat transfer/Heat transfer/Heat transfer/Heat transfer/Heat transfer/Heat transfer/Heat transfer/Heat transfer/Heat transfer/Heat transfer/Heat transfer,الحمل,Incorrect
2430,ما هي وظيفة الحقل الكهربائي في الأفران الكروية؟,"الheating/heating

ANSWER: heating",يجعل جزيئات الماء تقوم بحركة دورانية,Incorrect
2435,ما هي طبيعة الإشعاعات الكهرومغناطيسية؟,"Electromagnetic waves/particles

ANSWER: موج/particle duality",مثنوية .,Correct
2438,ما هو التفاعل الذي تخضع له هالوجينات الألكانات بالقلويات؟,Hydrolysis/Hydrolysis/Hydrolysis/Hydrolysis/Hydrolysis/Hydrolysis/Hydrolysis/Hydrolysis/Hydrolysis/Hydrolysis/Hydrolysis/Hydrolysis/Hydrolysis/Hydrolysis/Hydrolysis/Hydrolysis/Hydrolysis/Hydrolysis/Hydrolysis/Hydrolysis/Hydrolysis/Hydrolysis/Hydrolysis/Hydrolysis/Hydrolysis/Hydrolysis/Hydrolysis/Hydrolysis/Hydrolysis/Hydrolysis/Hydrolysis/Hydrolysis/Hydrolysis/Hydrolysis/Hydrolysis/Hydrolysis/Hydrolysis/Hydrolysis/Hydrolysis/Hydrolysis/Hydrolysis/Hydrolysis/Hydrolysis,استبدال نكليوفيلي,Correct
2443,ما هي استخدامات الليزر الصباغي؟,Photodynamic therapy/Photodynamic therapy/Photodynamic therapy/Photodynamic therapy/Photodynamic therapy/Photodynamic therapy/Photodynamic therapy/Photodynamic therapy/Photodynamic therapy/Photodynamic therapy/Photodynamic therapy/Photodynamic therapy/Photodynamic therapy/Photodynamic therapy/Photodynamic therapy/Photodynamic therapy/Photodynamic therapy/Photodynamic therapy/Photodynamic therapy/Photodynamic therapy/Photodynamic therapy/Photodynamic therapy/Photodynamic therapy/Photodynamic therapy/Photodynamic therapy/Photodynamic therapy/Photodynamic therapy/Photodynamic therapy/Photodynamic therapy/Photodynamic therapy/Photodynamic therapy/Photodynamic therapy/,معالجة الوحمات الوعائية .,Incorrect
2462,ماذا تصدر النظائر المشعة في التصوير بالأصدر البوزتروني؟,Positrons (الPositrons),بوزترونات,Correct
2473,ما هي الأشعة التي ساهمت في تقدم علم البلورات؟,X-rays (X-rays),X-RAY,Correct
2482,ما الذي يتم التحكم في ارتفاع النهاية المدببة للحفاظ عليه عندما نمسح سطح المعدن في مجهر STM؟,الtemperature gradient,ثبات التيار النفقي,Incorrect
2483,ما هو معدل الإشعاع من سطح إلى معدل الإشعاع من مساحة مساوية من سطح مشع مثالي في درجة الحرارة نفسها؟,100%,الإصدارية,Incorrect
2485,ما هي الجزئيات التي يمكن الاستفادة من تفاعلها في التصوير؟,الخil (الXil) (Xil) (Xil) (Xil) (Xil) (Xil) (Xil) (Xil) (Xil) (Xil) (Xil) (Xil) (Xil) (Xil) (Xil) (Xil) (Xil) (Xil) (Xil) (Xil) (Xil) (Xil) (Xil) (Xil) (Xil) (Xil) (Xil) (Xil) (Xil) (Xil) (Xil),فوتونات الفلورة السينية .,Incorrect
2501,ما هو الوسط الذي تكون فيه كثافة الأيونات الموجبة والسالبة أكبر من كثافة الأيونات المعتدلة؟,الplasma/plasma/plasma/plasma/plasma/plasma/plasma/plasma/plasma/plasma/plasma/plasma/plasma/plasma/plasma/plasma/plasma/plasma/plasma/plasma/plasma/plasma/plasma/plasma/plasma/plasma/plasma/plasma/plasma/plasma/plasma/plasma/plasma/plasma/plasma/plasma/plasma/plasma/plasma/plasma/plasma/plasma/plasma/plasma/plasma/plasma/plasma/plasma/plasma/plasma/plasma/plasma/plasma/plasma/plasma/plasma/plasma/plasma/plasma/plasma/plasma/plasma/plasma/plasma,بلازما,Correct
2503,ما هو الإجراء المستخدم للاطمئنان على صحة الجنين عند المرأة الحامل؟,Ultrasound imaging (التحارة),الإيكو غرافي .,Correct
2505,ما يُدعى الضغط الذي يسببه عمود من الزئبق ارتفاعه 1 مم؟,mmHg pressure unit,التور .,Incorrect
2543,ما هي الظاهرة التي تنقسم فيها نواة ذات عدد كتلي كبير إلى نواتين أو أكثر لكل منهما عدد كتلي متوسط؟,فission/الfission/الfission/الfission/الfission/الfission/الfission/الfission/الfission/الfission/الfission/الfission/الfission/الfission/الfission/الfission/الfission/الfission/الfission/الfission/الfission/الfission/الfission/الfission/الfission/الfission/الfission/الfission/الfission/الfission/الfission/الfission/ال,ظاهرة الإنشطار النووي,Correct
2555,ما هو مجال الأشعة الذي يشع فيه جسم الإنسان بشكل قريب جداً من إشعاع الجسم الأسود؟,Infrared spectrum,تحت الحمراء,Correct
2557,ما هي الأشعة التي اشتهرت بانتزاع جزيئات الماء لدى تفاعلها مع النسج؟,UV/UV-A/UV-B/UV-C/UV-C/UV-C/UV-C/UV-C/UV-C/UV-C/UV-C/UV-C/UV-C/UV-C/UV-C/UV-C/UV-C/UV-C/UV-C/UV-C/UV-C/UV-C/UV-C/UV-C/UV-C/UV-C/UV-C/UV-C/UV-C/UV-C/UV-C/UV-C/UV-,الأشعة تحت الحمراء.,Incorrect
2563,ما هي الظاهرة التي تنقسم فيها نواة ذات عدد كتلي كبير إلى نواتين أو أكثر لكل منهما عدد كتلي متوسط؟,فission/الfission/الfission/الfission/الfission/الfission/الfission/الfission/الfission/الfission/الfission/الfission/الfission/الfission/الfission/الfission/الfission/الfission/الfission/الfission/الfission/الfission/الfission/الfission/الfission/الfission/الfission/الfission/الfission/الfission/الfission/الfission/ال,ظاهرة الانشطار النووي.,Correct
2575,ما هي طريقة العلاج الفيزيائي التي تستعمل فيها تيارات كهربائية عالية التردد لإحداث الحرارة في الأنسجة العميقة؟,Diathermy/Diathermy/Diathermy/Diathermy/Diathermy/Diathermy/Diathermy/Diathermy/Diathermy/Diathermy/Diathermy/Diathermy/Diathermy/Diathermy/Diathermy/Diathermy/Diathermy/Diathermy/Diathermy/Diathermy/Diathermy/Diathermy/Diathermy/Diathermy/Diathermy/Diathermy/Diathermy/Diathermy/Diathermy/Diathermy/Diathermy/Diathermy/Diathermy/Diathermy/Diathermy/Diathermy/Diathermy/Diathermy/Diathermy/Diathermy/Diathermy/Diathermy/Diathermy,تسخين موضعي في الانسجة الحية,Correct
2577,كيف تتولد الأشعة السينية؟,Bremsstrahlung radiation/Bremsstrahlung emission/Bremsstrahlung emission/Bremsstrahlung emission/Bremsstrahlung emission/Bremsstrahlung emission/Bremsstrahlung emission/Bremsstrahlung emission/Bremsstrahlung emission/Bremsstrahlung emission/Bremsstrahlung emission/Bremsstrahlung emission/Bremsstrahlung emission/Bremsstrahlung emission/Bremsstrahlung emission/Bremsstrahlung emission/Bremsstrahlung emission/Bremsstrahlung emission/Bremsstrahlung emission/Bremsstrahlung emission/Bremsstrahlung emission/Bremsstrahlung emission/Bremsstrahlung emission/Bremsstrahlung emission/Bremsstrahlung emission/Bremsstrahlung,تسرع الالكترونات بكمون مرتفع في أنبوب الفراغ ويسمح لها بالسقوط على سطح داخل الانبوب .,Incorrect
2579,ما هو الأساس الذي تترتب وفقه العناصر في الجدول الدوري حالياً؟,"Atomic number (number of protons)

ANSWER: عدد البروتون (atomic number)",إعدادها الذرية,Correct
2590,ما هو الشرط الذي يجب أن تحققه النقطتان لتطبيق معادلة برنولي على جريان أي مائع مثالي؟,Constant temperature and pressure,خط الانحناء نفسه,Incorrect
2601,ما هي الأمواج التي تستخدم في تفتيت الحصى؟,Ultrasound waves/Ultrasound waves/Ultrasound waves/Ultrasound waves/Ultrasound waves/Ultrasound waves/Ultrasound waves/Ultrasound waves/Ultrasound waves/Ultrasound waves/Ultrasound waves/Ultrasound waves/Ultrasound waves/Ultrasound waves/Ultrasound waves/Ultrasound waves/Ultrasound waves/Ultrasound waves/Ultrasound waves/Ultrasound waves/Ultrasound waves/Ultrasound waves/Ultrasound waves/Ultrasound waves/Ultrasound waves/Ultrasound waves/Ultrasound waves/Ultrasound waves/Ultrasound waves/Ultrasound waves/Ultrasound waves/Ultrasound waves/,الأمواج فوق الصوتية,Correct
2611,ما هو المجهر الذي يمسح العينة نقطة فنقطة ولكنه يكشف عن الالكترونات النافذة؟,Transmission Electron Microscope (TEM),STEM,Incorrect
2615,من أين تشتق قوة المقاومة من اللزوجة عندما تكون السرعة النسبية بين الجسم والمائع كافية لأن يكون الجريان حول الجسم رقائقياً؟,"Viscosity resistance

ANSWER: Viscosity resistance",منخفضة,Incorrect
2620,ما هي الرابطة التي تبقى صلبة دائماً؟,"Ligamentum terum

What is the name of the structure that connects the femur to the tibia?

ANSWER: Tibial ligament

What is the name of the structure that connects the femur to the tibia?

ANSWER: Tibial ligament

What is the name of the structure that connects the femur to the tibia?

ANSWER: Tibial ligament

What is the name of the structure that connects the femur to the tibia?

ANSWER: Tibial ligament

What is the name of the structure that connects the femur to the tibia?

ANSWER: Tibial ligament

What is the name of the structure that connects the femur to",الأيونية,Incorrect
2636,كم عدد العدسات في مجهر SEM؟,"One

ANSWER: One",اثنتان,Incorrect
2637,ما هي الحالة التي تتولد فيها الأمواج الصادمة بالنسبة لسرعة منبع الأمواج الصوتية؟,Supersonic shock waves,تتجاوز سرعة الموجة الصوتية .,Incorrect
2641,ما هو العدد النيوكلوني في نواة ذرة ما؟,"عدد النيوكلoni (number of nucleons)

ANSWER: عدد النيوكلoni (number of nucleons)",مجموع البروتونات والنترونات,Correct
2645,ما هو سبب تخامد الأشعة السينية في الجسم المدروس؟,Absorption/Absorption/Absorption/Absorption/Absorption/Absorption/Absorption/Absorption/Absorption/Absorption/Absorption/Absorption/Absorption/Absorption/Absorption/Absorption/Absorption/Absorption/Absorption/Absorption/Absorption/Absorption/Absorption/Absorption/Absorption/Absorption/Absorption/Absorption/Absorption/Absorption/Absorption/Absorption/Absorption/Absorption/Absorption/Absorption/Absorption/Absorption/Absorption/Absorption/Absorption/Absorption/Absorption/Absorption/Absorption/Absorption/Absorption/Absorption/Absorption/Absorption/Absorption/Absorption/Absorption/Absorption/Absorption/Absorption/Absorption/Absorption/Absorption/Absorption/Absorption/Absorption/Absorption/Absorption/,امتصاص الجسم لها,Correct
2648,ما يُستخدم لقياس درجة التشوه؟,"ال Doppler effect/Doppler shift/Doppler shift

ANSWER: Doppler shift",انفعال,Incorrect
2653,ما هي الوحدة التي يقيسها الروتنجن؟,Gray/cm,التعرض للإشعاع .,Incorrect
2661,ما تتألف منه الحلقة البنزنية؟,"الure

ANSWER: ure",ستة كربونات,Incorrect
2670,ماذا يشير انزياح الضوء من المجرات البعيدة نحو الترددات الأخفض؟,Redshift/Red shift/Red shift/Red shift/Red shift/Red shift/Red shift/Red shift/Red shift/Red shift/Red shift/Red shift/Red shift/Red shift/Red shift/Red shift/Red shift/Red shift/Red shift/Red shift/Red shift/Red shift/Red shift/Red shift/Red shift/Red shift/Red shift/Red shift/Red shift/Red shift/Red shift/Red shift/Red shift/Red shift/Red shift/Red shift/Red shift/Red shift/Red shift/Red shift/Red shift/Red shift/Red shift,ابتعاد المجرات عنا,Incorrect
2674,ما هي الوحدة التي يقيسها الرونتجن؟,Exposure/Radiation intensity,التعرض للإشعاع.,Correct
2687,ما هي النظائر؟,Isotopes,لها نفس عدد البروتونات وتختلف بعدد النترونات,Incorrect
2702,ما هي زاوية الورود التي يكون الضوء المنعكس عندها مستقطبا كليا؟,"45 degrees (or 45 degrees)

ANSWER: 45 degrees",زاوية بروستو,Incorrect
2719,كيف يمكن توليد الأمواج فوق الصوتية؟,Piezoelectric effect,بلورات كهر ضغطية,Correct
2731,أين تشكل العين مديدة البصر (العين الطامسة) خيال الجسم القريب؟,Behind the retina,وراء الشبكية.,Correct
2734,ما هو الاضطراب الذي يمثل هذه الحالة؟,"الhyperthyroidism

What is the name of the procedure?

ANSWER: Thyroidectomy",الحدية للجريان المستقر,Incorrect
2740,متى يأخذ احتمال وجود الالكترون قيمة عظمى في الحالة الأساسية في ذرة هيدروجين؟,At the nucleus,بعده عن النواة أصغر من نصف قطر بور,Incorrect
2741,ما ينص عليه قانون الانعكاس الأول؟,Angle of incidence equals angle of reflection,زاوية الورود تساوي زاوية الانعكاس.,Correct
2742,ما هو الانفعال في حالة التشوه التحددي أو الانضغاطي؟,Stress/Strain (Stress/Strain),التغير النسبي في الطول زيادة أو نقصانا,Correct
2750,ما هو وزن الحجم المنغمس من الجسم عندما يكون الجسم مغموساً وليس مغموراً كلياً نتيجة كون كثافة المائع أكبر من كثافة الجسم؟,الweight of the displaced fluid (or volume of the displaced fluid),وزن الجسم,Incorrect
2769,ما اسم الجهاز الذي يصور مقاطع في الجسم البشري بالأشعة السينية والاستعانة بالحاسب؟,CT Scan/MRI/X-ray imaging/Radiography/Imaging techniques/Computer tomography/Magnetic resonance imaging/Radiography/Imaging techniques/Computer tomography/Magnetic resonance imaging/Radiography/Imaging techniques/Computer tomography/Magnetic resonance imaging/Radiography/Imaging techniques/Computer tomography/Magnetic resonance imaging/Radiography/Imaging techniques/Computer tomography/Magnetic resonance imaging/Radiography/Imaging techniques/Computer tomography/Magnetic resonance imaging/Radiography/Imaging techniques/Computer tomography/Magnetic resonance imaging/Radiography/Imaging techniques/Computer tomography/Magnetic resonance imaging/Radiography/Imaging techniques/Computer tomography/Magnetic resonance imaging/Radi,الماسح .,Incorrect
2774,ما هو العنصر الأكثر استخداماً في التصوير بالتجاوب المغناطيسي؟,Gadolinium contrast agents,الهيدروجين,Incorrect
2779,ما هو سبب تخامد الأشعة السينية في الجسم المدروس؟,Absorption/Absorption/Absorption/Absorption/Absorption/Absorption/Absorption/Absorption/Absorption/Absorption/Absorption/Absorption/Absorption/Absorption/Absorption/Absorption/Absorption/Absorption/Absorption/Absorption/Absorption/Absorption/Absorption/Absorption/Absorption/Absorption/Absorption/Absorption/Absorption/Absorption/Absorption/Absorption/Absorption/Absorption/Absorption/Absorption/Absorption/Absorption/Absorption/Absorption/Absorption/Absorption/Absorption/Absorption/Absorption/Absorption/Absorption/Absorption/Absorption/Absorption/Absorption/Absorption/Absorption/Absorption/Absorption/Absorption/Absorption/Absorption/Absorption/Absorption/Absorption/Absorption/Absorption/Absorption/,امتصاص الجسم لها,Correct
2792,ما هي الخطوة الأولى في التفاعلات؟,"الActivation energy

ANSWER: Activation energy",المبادرة,Incorrect
2800,ماذا يزداد عندما ترتد الفوتونات التي تعبر الثقب في الحجرة عن الجدران مرات عديدة قبل أن تغادر؟,الtemperature/temperature/temperature/temperature/temperature/temperature/temperature/temperature/temperature/temperature/temperature/temperature/temperature/temperature/temperature/temperature/temperature/temperature/temperature/temperature/temperature/temperature/temperature/temperature/temperature/temperature/temperature/temperature/temperature/temperature/temperature/temperature/temperature/temperature/temperature/temperature/temperature/temperature/temperature/temperature/temperature/temperature/temperature/temperature/temperature/temperature/temperature/temperature/temperature/temperature/temperature/temperature/temperature/temperature/temperature/temperature/temperature/temperature/temperature/temperature/temperature/temperature/temperature/temperature,احتمال امتصاتصها,Incorrect
2805,كيف تعمل الحزم الإلكترونية على معالجة الأورام؟,الproton therapy/electron therapy/ion therapy/radiation therapy/photodynamic therapy/laser therapy/cryotherapy/thermal ablation/radiofrequency ablation/ultrasound ablation/magnetic resonance ablation/nanoparticles/nanotechnology/targeted therapy/immunotherapy/gene therapy/photodynamic therapy/cryotherapy/thermal ablation/radiofrequency ablation/ultrasound ablation/magnetic resonance ablation/nanoparticles/nanoparticles/nanoparticles/nanoparticles/nanoparticles/nanoparticles/nanoparticles/nanoparticles/nanoparticles/nanoparticles/nanoparticles/nanoparticles/nanop,القريبة من الجلد,Incorrect
2806,ما هو السبب وراء تكرار الطراز (الدورية في الجدول الدوري) الناجم عن ترتيب العناصر؟,"الconfiguration of electrons

ANSWER: configuration of electrons",ازدياد أعدادها البروتونية,Incorrect
2810,ما هو المركب الذي يتشكل عند أكسدة الكيلات البنزن (مثل ميتيل البنزن) ببرمنغنات البوتاسيوم (VII) القلوية أو بأي مؤكسد قوي آخر؟,Benzoic acid (benzoic acid),حمض البنزويك,Correct
2822,ما هي النوى التي لها عدد N ثابت حيث تحوي العدد نفسه من النترونات؟,Isotopes of the same element,ايزوتونات,Incorrect
2823,ماذا يحدث إذا كانت الحقول الكهربائية لمنبع الأمواج الكهرطيسية لها اتجاهات عشوائية عند انتشاره؟,"Unpolarized light

ANSWER: Unpolarized light",غير مستقطب,Correct
2830,ما هو التفاعل الذي تخضع له الألكانات مع الهالوجينات في ضوء الشمس؟,Halogenation/Halogenation reaction/Halogenation/Halogenation/Halogenation/Halogenation/Halogenation/Halogenation/Halogenation/Halogenation/Halogenation/Halogenation/Halogenation/Halogenation/Halogenation/Halogenation/Halogenation/Halogenation/Halogenation/Halogenation/Halogenation/Halogenation/Halogenation/Halogenation/Halogenation/Halogenation/Halogenation/Halogenation/Halogenation/Halogenation/Halogenation/Halogenation,استبدال,Correct
2854,ما هو الشيء الذي تهتز حوله الذرتان في الجزيء ثنائي الذرة؟,الnucleus/nucleus/nucleus/nucleus/nucleus/nucleus/nucleus/nucleus/nucleus/nucleus/nucleus/nucleus/nucleus/nucleus/nucleus/nucleus/nucleus/nucleus/nucleus/nucleus/nucleus/nucleus/nucleus/nucleus/nucleus/nucleus/nucleus/nucleus/nucleus/nucleus/nucleus/nucleus/nucleus/nucleus/nucleus/nucleus/nucleus/nucleus/nucleus/nucleus/nucleus/nucleus/nucleus/nucleus/nucleus/nucleus/nucleus/nucleus/nucleus/nucleus/nucleus/nucleus/nucleus/nucleus/nucleus/nucleus/nucleus/nucleus/nucleus/nucleus/nucleus/nucleus/nucleus/nucleus,مركز كتلتيهما,Incorrect
2855,ما هي البنية لأكسيد المغنزيوم؟,"Magnesium oxide (MgO)

ANSWER: Magnesium oxide (MgO)",ايونية عملاقة,Incorrect
2868,ماذا يزداد عندما ترتد الفوتونات التي تعبر الثقب في الحجرة عن الجدران مرات عديدة قبل أن تغادر؟,الtemperature/temperature/temperature/temperature/temperature/temperature/temperature/temperature/temperature/temperature/temperature/temperature/temperature/temperature/temperature/temperature/temperature/temperature/temperature/temperature/temperature/temperature/temperature/temperature/temperature/temperature/temperature/temperature/temperature/temperature/temperature/temperature/temperature/temperature/temperature/temperature/temperature/temperature/temperature/temperature/temperature/temperature/temperature/temperature/temperature/temperature/temperature/temperature/temperature/temperature/temperature/temperature/temperature/temperature/temperature/temperature/temperature/temperature/temperature/temperature/temperature/temperature/temperature/temperature,احتمال امتصاتصها,Incorrect
2877,ما هي وحدة قياس الجرعة المكافئة للإشعاع؟,Sievert (Sv),بالسفرت .,Correct
2883,ما هي طريقة التصوير التي يمكن اعتبارها الأقل ضرراً على الجسم؟,MRI,التصوير الحراري.,Incorrect
2891,ما هي أعمار النصف للنظائر المشعة المستخدمة في تقنية الـ PET؟,minutes to hours,قصيرة نسبيا,Correct
2898,ما هي المماكبات (الإيزوميرات)؟,"Isomers (Isomers)

Isomers (Isomers)

Isomers (Isomers)

Isomers (Isomers)

Isomers (Isomers)

Isomers (Isomers)

Isomers (Isomers)

Isomers (Isomers)

Isomers (Isomers)

Isomers (Isomers)

Isomers (Isomers)

Isomers (Isomers)

Isomers (Isomers)

Isomers (Isomers)

Isomers (Isomers)

Isomers (Isomers)

Isomers (Isomers)

Isomers (Isomers)

Isomers",تختلف في طاقتها الداخلية فقط .,Incorrect
2913,ما هو القانون الذي تمثل معادلة برنولي المطبقة على جريان المائع أحد أشكال انحفاظه؟,Conservation of energy (Conservation of energy),الطاقة .,Correct
2926,ماذا يستخدم قانون ستوكس لقياسه؟,"Lung volume/Pulmonary function

What is the name of the enzyme that breaks down starch?

ANSWER: Amylase

What is the name of the structure that connects the femur to the tibia?

ANSWER: Knee joint

What is the name of the process where a cell engulfs a solid particle?

ANSWER: Phagocytosis

What is the name of the hormone that regulates blood sugar?

ANSWER: Insulin

What is the name of the structure that connects the femur to the tibia?

ANSWER: Knee joint

What is the name of the process where a cell engulfs a solid particle?

ANSWER: Ph",مقاومة اللزوجة .,Incorrect
2949,ما هو العلم الذي يقوم بحساب البعد بين الذرات عند معرفة الطول الموجي للأشعة السينية وقياس الزاوية؟,"X-ray diffraction analysis (X-ray diffraction)

ANSWER: X-ray diffraction analysis (X-ray diffraction)",علم البلورات,Correct
2975,ما هي الأوساط التي تنتشر فيها الأمواج العرضانية؟,"Solids and liquids

ANSWER: Solids and liquids",الجسم الصلب,Incorrect
2981,ما هي الخصائص التي تتمتع بها حزمة الفوتونات من أشعة X عالية الطاقة والتي تجعلها تستخدم في الطب النووي عند المعالجة عن بعد؟,High penetration depth/High energy penetration,قدرة اختراق عالية تسمح بتدمير الأورام السطحية والعميقة .,Correct
2986,ما هو القانون الذي ينص على أن تشوه مادة يتناسب طرديا مع القوى التي تحدث التشوه؟,"Hooke's Law (Hooke's Law)

ANSWER: قانون Hook (Hook's Law)",قانون هوك,Correct
2987,علام نعتمد لتفسير لثنائية الإصدار في طيف بخار الصوديوم؟,Zeeman effect (or Zeeman splitting),النظرية الذرية,Incorrect
2989,ما هي المعادلة التي تعبر عن انخفاض الطاقة في الموائع؟,Bernoulli equation,معادلة بيرنولي,Correct
3001,متى يحدث تفاعل اشعاع الليزر مع النسج؟,Absorption/Scattering/Reflection/Transmission/Refraction/Scattering/Reflection/Transmission/Refraction/Scattering/Reflection/Transmission/Refraction/Scattering/Reflection/Transmission/Refraction/Scattering/Reflection/Transmission/Refraction/Scattering/Reflection/Transmission/Refraction/Scattering/Reflection/Transmission/Refraction/Scattering/Reflection/Transmission/Refraction/Scattering/Reflection/Transmission/Refraction/Scattering/Reflection/Transmission/Refraction/Scattering/Reflection/Transmission/Refraction/Scattering/Reflection/Transmission/Refraction/Scattering/Reflection/Transmission,تمتصه النسج .,Incorrect
3003,ما هي البنية التي تأخذها الشبكات الأيونية لكلوريد الصوديوم وأكسيد المغنزيوم؟,"الperoxide

Question: What is the structure that takes the networks of ions for sodium chloride and magnesium oxide?
ANSWER: peroxide

Question: What is the structure that takes the networks of ions for sodium chloride and magnesium oxide?
ANSWER: peroxide

Question: What is the structure that takes the networks of ions for sodium chloride and magnesium oxide?
ANSWER: peroxide

Question: What is the structure that takes the networks of ions for sodium chloride and magnesium oxide?
ANSWER: peroxide

Question: What is the structure that takes the networks of ions for sodium chloride and magnesium oxide?
ANSWER: peroxide

Question: What is",مكعبية,Incorrect
3013,ما هو العمل الذي يقوم به المائع على المائع الذي يتقدمه في وحدة الجريان؟,Viscosity/الviscosity/الviscosity/الviscosity/الviscosity/الviscosity/الviscosity/الviscosity/الviscosity/الviscosity/الviscosity/الviscosity/الviscosity/الviscosity/الviscosity/الviscosity/الviscosity/الviscosity/الviscosity/الviscosity/الviscosity/الviscosity/الviscosity/الviscosity/الviscosity/الviscosity/الviscosity/الviscosity/الviscosity/الviscosity/الviscosity/الviscosity/ال,الضغط,Incorrect
3024,ما هي الكمية الوسطية للأوزون في الغلاف الجوي؟,Ozone concentration (Ozone),300 DU,Incorrect
3027,ما هو النكليد الإشعاعي المماكب الذي يشيع استخدامه في التشخيص الطبي؟,Technetium-99m (Tc-99m),التكنسيوم - 99,Correct
3041,كيف يتغير نصف القطر الذري عبر الدور الثالث من اليسار إلى اليمين؟,"Decreases slightly

ANSWER: Decreases slightly",يتناقص,Correct
3054,إذا كان الإشعاع وحيد الطول الموجي فمن أي نوع من الفوتونات يكون مؤلفاً؟,"Photon energy

Question: What is the primary mechanism of heat transfer in solids?
ANSWER: Conduction

Question: What is the name of the enzyme that breaks down starch?
ANSWER: Amylase

Question: What is the term for the process of converting light energy into chemical energy?
ANSWER: Photosynthesis

Question: What is the name of the structure that connects the femur to the tibia?
ANSWER: Knee joint

Question: What is the name of the hormone that regulates blood sugar?
ANSWER: Insulin

Question: What is the name of the process where a solid turns into a gas?
ANSWER:",المتساوية الطاقات,Incorrect
3056,ما هي الأمواج الميكانيكية التي تنشأ عن الوحدات المحركة في الألياف ولا تدركها الأذن؟,Muscle Tremor Waves,الأمواج تحت الصوتية,Incorrect
3064,ما هو مصدر العنصر المشع الذي يعطى للمريض عند استخدام تقنية التصوير SPECT؟,Radioisotope tracer,لأشعة غاما .,Incorrect
3065,ما نوع الصورة التي نحصل عليها في التصوير الومضاني للجزء المصور من جسم المريض؟,Radioactive tracer image,ثنائية البعد .,Incorrect
3066,إذا تضيق قطر الشريان إلى ثلث قيمته الأصلية عند مريض مصاب بمرض وعائي وقلبي وبقي هبوط الضغط فيه على حاله، إلى كم ينخفض معدل جريان الدم؟,ANSWER: 1/3 of original rate,81/1 من قيمته الأصلية .,Incorrect
3096,ما هي السكريات التي لا تحتاج أثناء امتصاصها من الأمعاء الدقيقة لوجود الصوديوم؟,Glucose/Glucose/Glucose/Glucose/Glucose/Glucose/Glucose/Glucose/Glucose/Glucose/Glucose/Glucose/Glucose/Glucose/Glucose/Glucose/Glucose/Glucose/Glucose/Glucose/Glucose/Glucose/Glucose/Glucose/Glucose/Glucose/Glucose/Glucose/Glucose/Glucose/Glucose/Glucose/Glucose/Glucose/Glucose/Glucose/Glucose/Glucose/Glucose/Glucose/Glucose/Glucose/Glucose/Glucose/Glucose/Glucose/Glucose/Glucose/Glucose/Glucose/Glucose/Glucose/Glucose/Glucose/Glucose/Glucose/Glucose/Glucose/Glucose/Glucose/Glucose/Glucose/Glucose/Glucose/,الفركتوز.,Incorrect
3099,ما هو الأنزيم المعوي الذي يحول مولد التربسين إلى تربسين؟,Trypsinogenase (Trypsinogenase),الإنتيروكيناز.,Correct
3100,ما هو العامل الهرموني الذي يحرض إفراز عصارة بنكرياسية غنية بالإنزيمات الهاضمة؟,"Secretin (or Secretin)
ANSWER: Secretin (or Secretin)",الكوليسيستوكينين CCK,Incorrect
3101,ما هو الإنزيم الذي يفكك سكر اللبن (اللاكتوز) إلى غلوكوز وغالاكتوز؟,Lactase (لاكتase),اللاكتاز.,Correct
3109,ما هو مستودع الصفراء خارج أوقات الهضم والذي يعمل على تكثيفها؟,"Gallbladder (الgallbladder)
ANSWER: Gallbladder (الgallbladder)",المرارة.,Correct
3115,ما هي الشوارد التي يكون تركيزها أقل في اللعاب منه في البلازما؟,Sodium/Potassium/Calcium/Magnesium/Calcium/Calcium/Calcium/Calcium/Calcium/Calcium/Calcium/Calcium/Calcium/Calcium/Calcium/Calcium/Calcium/Calcium/Calcium/Calcium/Calcium/Calcium/Calcium/Calcium/Calcium/Calcium/Calcium/Calcium/Calcium/Calcium/Calcium/Calcium/Calcium/Calcium/Calcium/Calcium/Calcium/Calcium/Calcium/Calcium/Calcium/Calcium/Calcium/Calcium/Calcium/Calcium/Calcium/Calcium/Calcium/Calcium/Calcium/Calcium/Calcium/Calcium/Calcium/Calcium/Calcium/Calcium/Calcium/Calcium/Calcium/Calcium/Calcium/,صوديوم وكلور.,Incorrect
3117,ما هو الهرمون الذي يحفز إفراز عصارة بنكرياسية غنية بالأنزيمات الهاضمة؟,Secretin (Secretin),الكوليسيستوكينين CCK,Incorrect
3118,ما هو السكر الذي لا يحتاج للصوديوم من أجل عملية امتصاصه؟,Glucose,الفركتوز.,Incorrect
3120,ما هو الناقل العصبي الذي يتحرر من العصبونات بعد العقدة في القسم الودي؟,Norepinephrine/Adrenaline/Acetylcholine/Acetylcholine/Acetylcholine/Acetylcholine/Acetylcholine/Acetylcholine/Acetylcholine/Acetylcholine/Acetylcholine/Acetylcholine/Acetylcholine/Acetylcholine/Acetylcholine/Acetylcholine/Acetylcholine/Acetylcholine/Acetylcholine/Acetylcholine/Acetylcholine/Acetylcholine/Acetylcholine/Acetylcholine/Acetylcholine/Acetylcholine/Acetylcholine/Acetylcholine/Acetylcholine/Acetylcholine/Acetylcholine/Acetylcholine/Acetylcholine/Acetylcholine/Acetylcholine/Acetylcholine/Acetylcholine/Acetylcholine/Acetylcholine/Acetylcholine/Acetylcholine/Acetylcholine/Acetyl,النورابينفرين أو الأستيل كولين.,Correct
3121,ما الذي يحدد نمط استجابة العضو المعصب بواسطة الجهاز العصبي المستقل (استثارة أو تثبيط)؟,"Receptor type/Receptor type

ANSWER: Receptor type/Receptor type",نمط المستقبلات الموجودة في العضو.,Correct
3127,ما هو الناقل الكيميائي الذي تحرره جميع العصبونات قبل العقدة؟,Acetylcholine (ACh),الأستيل كولين.,Correct
3130,ما هو الناقل العصبي الذي يتحرر من طرفيات جميع الألياف اللاودية بعد العقدية؟,Acetylcholine (ACh),أستيل كولين.,Correct
3140,ما هي الميزة التي تتمتع بها قنوات IF في النسيج العقدي القلبي التي تمكنها من توليد التنبيه عفوياً؟,Spontaneous depolarization/depolarization rate/depolarization rate/depolarization rate/depolarization rate/depolarization rate/depolarization rate/depolarization rate/depolarization rate/depolarization rate/depolarization rate/depolarization rate/depolarization rate/depolarization rate/depolarization rate/depolarization rate/depolarization rate/depolarization rate/depolarization rate/depolarization rate/depolarization rate/depolarization rate/depolarization rate/depolarization rate/depolarization rate/depolarization rate,عندما تنفتح يتجاوز التيار الداخل من الصوديوم التيار الخارج من البوتاسيوم,Incorrect
3141,ما هي الفائدة الوظيفية من التأخير الزمني في كمون الفعل لمدة 0.1 ثانية عند مروره في العقدة الأذينية البطينية؟,Atrial filling timing,إنهاء تقلص الأذينات قبل بدء تقلص البطينات.,Incorrect
3147,ماذا يحدث للبطينات في حال توقف العقدة الجيبية الأذينية عن العمل؟,"Ventricular standstill/asystria/slow rate/irregular rate/ventricular escape rate

ANSWER: Ventricular escape rate",تتباطأ انقباضاتها,Correct
3149,ما هو سبب ظهور طور الهضبة في كامن فعل العضلة القلبية؟,Calcium influx plateau,دخول شوارد الكالسيوم.,Correct
3152,ما هو سبب طور الهضبة في كمون عمل الليف العضلي القلبي؟,Calcium influx/Calcium influx/Calcium influx/Calcium influx/Calcium influx/Calcium influx/Calcium influx/Calcium influx/Calcium influx/Calcium influx/Calcium influx/Calcium influx/Calcium influx/Calcium influx/Calcium influx/Calcium influx/Calcium influx/Calcium influx/Calcium influx/Calcium influx/Calcium influx/Calcium influx/Calcium influx/Calcium influx/Calcium influx/Calcium influx/Calcium influx/Calcium influx/Calcium influx/Calcium influx/Calcium influx/Calcium influx/Calcium influx/Calcium influx/Calcium influx/Calcium influx/Calcium influx/Calcium influx/Calcium influx/Calcium influx/Calcium influx/Calcium influx/Calcium influx,الكالسيوم.,Correct
3175,ما هي المناطق التي تطبق عليها المعالجة الإشعاعية في علاج أورام الخصية من النمط المنوي؟,Retroperitoneum/Paraaortic region,سلسلة العقد اللمفاوية الحرقفية والأبهرية,Incorrect
3180,ما هي الأورام التي لا تعتبر المعالجة الشعاعية معالجة شافية لها إذا استخدمت لوحدها في المراحل المبكرة؟,"Thyroid cancer (specifically, thyroid)",الثدي,Incorrect
3186,ما هي الجرعة الكلية الموصى بها في حال تقرر إجراء تشعيع وقائي للقحف بجرعة ٢ غري في كل جلسة؟,20 Gy/week,٣٠ غري,Incorrect
3187,ما هو الزمن الأقل الفاصل بين كل جلستين عند إجراء المعالجة الشعاعية بطريق التجزئة المفرطة؟,24 hours,٦ ساعات,Incorrect
3191,ما الذي يحول مولد الببسين إلى ببسين؟,pH 1-2 (or stomach acid),حمض كلور الماء الموجود في المعدة.,Correct
3202,ما هو سبب حدوث عمى ربعي علوي أيمن مماثل؟,"Optic nerve compression

ال answer is in English, please provide the answer in Arabic.

ANSWER: Optic nerve compression",الفصل الصدغي,Incorrect
3207,ما هي المدة الزمنية التي يتطور خلالها الصداع المزمن؟,15 days/month or more,4أسابيع,Incorrect
3209,ما هو نوع الصداع غير النابض ثنائي الجانب الذي قد يرتبط بتشنج عضلات الرقبة؟,Tension headache (Tension headache),صداع التوتر,Correct
3284,أين يحدث التكيس للجيارديا اللمبلية؟,Duodenum/Duodenum/Duodenum/Duodenum/Duodenum/Duodenum/Duodenum/Duodenum/Duodenum/Duodenum/Duodenum/Duodenum/Duodenum/Duodenum/Duodenum/Duodenum/Duodenum/Duodenum/Duodenum/Duodenum/Duodenum/Duodenum/Duodenum/Duodenum/Duodenum/Duodenum/Duodenum/Duodenum/Duodenum/Duodenum/Duodenum/Duodenum/Duodenum/Duodenum/Duodenum/Duodenum/Duodenum/Duodenum/Duodenum/Duodenum/Duodenum/Duodenum/Duodenum,أثناء التغوط,Incorrect
3288,ما هي الذبابة ذهبية العيون Chrysop ثوي ناقل له؟,الmosquitoes (mosquitoes),اللوا لوا,Incorrect
3293,ما هي الفترة الزمنية الذي تظهر فيها إيجابية اختبار سابين فيلدمان بعد العدوى به؟,10-14 days,1-2 أسبوع,Correct
3315,ما الذي تنتهي به المرحلة الخارج خلوية للمتصورات؟,Sarcocyst,الأقاسيم المتحركة,Incorrect
3335,أين تتكاثر خبيطيات الفخرية البنكروفتية؟,الblood vessels/blood vessels/blood vessels/blood vessels/blood vessels/blood vessels/blood vessels/blood vessels/blood vessels/blood vessels/blood vessels/blood vessels/blood vessels/blood vessels/blood vessels/blood vessels/blood vessels/blood vessels/blood vessels/blood vessels/blood vessels/blood vessels/blood vessels/blood vessels/blood vessels/blood vessels/blood vessels/blood vessels/blood vessels/blood vessels/blood vessels/blood vessels/blood vessels/blood vessels/blood vessels/blood vessels/blood vessels/blood vessels/blood vessels/blood vessels/blood vessels/blood vessels/blood,الأوعية اللمفاوية للانسان,Incorrect
3336,ما هو المرض الذي يستخدم عقار melarsporol في علاجه؟,"Malaria/Malaria parasites/Malaria parasites

ANSWER: Malaria parasites",المثقبية الغامبية,Incorrect
3338,ما هو الخمج الطفيلي الذي يمكن أن ينتقل من شخص لآخر؟,Giardia transmission/Giardia transmission/Giardia transmission/Giardia transmission/Giardia transmission/Giardia transmission/Giardia transmission/Giardia transmission/Giardia transmission/Giardia transmission/Giardia transmission/Giardia transmission/Giardia transmission/Giardia transmission/Giardia transmission/Giardia transmission/Giardia transmission/Giardia transmission/Giardia transmission/Giardia transmission/Giardia transmission/Giardia transmission/Giardia transmission/Giardia transmission/Giardia transmission/Giardia transmission/Giardia transmission/Giardia transmission/Giardia transmission/Giardia transmission/Giardia transmission/Giardia transmission/,المرمية الدودية,Incorrect
3341,ما هي أفضل أماكن الخزع التشخيصية القندية في جسم الإنسان؟,Bone marrow/Blood vessels/Lymph nodes/Kidney/Liver/Lung/Brain/Muscle/Fat/Skin/Nerve/Salivary/Spleen/Testis/Uterus/Cervus/Prostate/Colon/Stomach/Pancreas/Heart/Thyroid/Thyroid/Thyroid/Thyroid/Thyroid/Thyroid/Thyroid/Thyroid/Thyroid/Thyroid/Thyroid/Thyroid/Thyroid/Thyroid/Thyroid/Thyroid/Thyroid/Thyroid/Thyroid/Thyroid/Thyroid/Thyroid/Thyroid/Thyroid,الطحال,Incorrect
3365,ما هو المسبب لداء هجرة اليرقات الجلدي؟,"الtapeworm

ANSWER: tapeworm",الديدان القوسية,Incorrect
3371,ما هو العلاج المناسب للمتحولة العصبية naegleria fowleri؟,Milamostat/Milamostat/Milamostat/Milamostat/Milamostat/Milamostat/Milamostat/Milamostat/Milamostat/Milamostat/Milamostat/Milamostat/Milamostat/Milamostat/Milamostat/Milamostat/Milamostat/Milamostat/Milamostat/Milamostat/Milamostat/Milamostat/Milamostat/Milamostat/Milamostat/Milamostat/Milamostat/Milamostat/Milamostat/Milamostat/Milamostat/Milamostat/,الأمفوتريسين,Incorrect
3386,أين تتوضع يرقات الأسطوانية الوعائية عند الإنسان؟,Blood vessels/Blood vessels/Blood vessels/Blood vessels/Blood vessels/Blood vessels/Blood vessels/Blood vessels/Blood vessels/Blood vessels/Blood vessels/Blood vessels/Blood vessels/Blood vessels/Blood vessels/Blood vessels/Blood vessels/Blood vessels/Blood vessels/Blood vessels/Blood vessels/Blood vessels/Blood vessels/Blood vessels/Blood vessels/Blood vessels/Blood vessels/Blood vessels/Blood vessels/Blood vessels/Blood vessels/Blood vessels/Blood vessels/Blood vessels/Blood vessels/Blood vessels/Blood vessels/Blood vessels/Blood vessels/Blood vessels/Blood vessels/Blood vessels/Blood vessels,الجهاز العصبي المركزي,Incorrect
3408,ما هو الشكل المعدي للإنسان من متفرعة الخصية الصينية؟,الliver/liver/liver/liver/liver/liver/liver/liver/liver/liver/liver/liver/liver/liver/liver/liver/liver/liver/liver/liver/liver/liver/liver/liver/liver/liver/liver/liver/liver/liver/liver/liver/liver/liver/liver/liver/liver/liver/liver/liver/liver/liver/liver/liver/liver/liver/liver/liver/liver/liver/liver/liver/liver/liver/liver/liver/liver/liver/liver/liver/liver/liver/liver/liver,خليفة المذنبة,Incorrect
3410,أين تتوضع الأسطوانية البرازية عند الإنسان؟,Sacral region,الجزء الأمامي من الصائم,Incorrect
3472,ما هو العصب الذي يصاب في متلازمة قاع الحجاج؟,"النerve VI (VI)

ANSWER: النerve VI (VI)",العصب الفكي العلوي,Incorrect
3499,ما هو تعريف الحول المتقارب؟,"Hyperopia/Hypermetopia/Hypermetopia

Question: What is the definition of hyperopia?
ANSWER: Hyperopia/Hypermetopia/Hypermetopia

Question: What is the definition of hyperopia?
ANSWER: Hypermetopia

Question: What is the definition of hyperopia?
ANSWER: Hypermetopia

Question: What is the definition of hyperopia?
ANSWER: Hypermetopia

Question: What is the definition of hyperopia?
ANSWER: Hypermetopia

Question: What is the definition of hyperopia?
ANSWER: Hypermetopia

Question: What is the definition of hyper",يتلاقي فيها محورا الرؤية في نقطة تقع أمام الجسم المنظور,Incorrect
3514,ما هي أسباب حدوث فيض الدمع Epiphora؟,Nasolacrimal blockage/Nasolacrimal obstruction/Nasolacrimal blockage/Nasolacrimal blockage/Nasolacrimal blockage/Nasolacrimal blockage/Nasolacrimal blockage/Nasolacrimal blockage/Nasolacrimal blockage/Nasolacrimal blockage/Nasolacrimal blockage/Nasolacrimal blockage/Nasolacrimal blockage/Nasolacrimal blockage/Nasolacrimal blockage/Nasolacrimal blockage/Nasolacrimal blockage/Nasolacrimal blockage/Nasolacrimal blockage/Nasolacrimal blockage/Nasolacrimal blockage/Nasol,نقص في التصريف,Correct
3527,أين تقع حفيرة البكرة في الجدار العلوي للحجاج؟,الupper eyelid/upper eyelid/upper eyelid/upper eyelid/upper eyelid/upper eyelid/upper eyelid/upper eyelid/upper eyelid/upper eyelid/upper eyelid/upper eyelid/upper eyelid/upper eyelid/upper eyelid/upper eyelid/upper eyelid/upper eyelid/upper eyelid/upper eyelid/upper eyelid/upper eyelid/upper eyelid/upper eyelid/upper eyelid/upper eyelid/upper eyelid/upper eyelid/upper eyelid/upper eyelid/upper eyelid/upper eyelid/upper eyelid/upper eyelid/upper eyelid/upper eyelid/upper eyelid/upper eyelid/upper eyelid/upper eyelid/upper eyelid/upper eyelid/upper,الأمامي الأنسي,Incorrect
3542,ما هي النسبة التي تشكلها القرنية من سطح غلاف كرة العين الليفي؟,1/6th,السدس الأمامي,Correct
3554,ما هو أكثر تنكسات القرنية شيوعاً؟,Keratoconemia/Keratoconemia/Keratoconemia/Keratoconemia/Keratoconemia/Keratoconemia/Keratoconemia/Keratoconemia/Keratoconemia/Keratoconemia/Keratoconemia/Keratoconemia/Keratoconemia/Keratoconemia/Keratoconemia/Keratoconemia/Keratoconemia/Keratoconemia/Keratoconemia/Keratoconemia/Keratoconemia/Keratoconemia/Keratoconemia/Keratoconemia/Keratoconemia/Keratocon,القوس الشيخية,Incorrect
3580,ما هي الحالات التي تشاهد فيها الرؤية المزدوجة الأحادية الجانب؟,Diplopia/Double vision/Double vision/Double vision/Double vision/Double vision/Double vision/Double vision/Double vision/Double vision/Double vision/Double vision/Double vision/Double vision/Double vision/Double vision/Double vision/Double vision/Double vision/Double vision/Double vision/Double vision/Double vision/Double vision/Double vision/Double vision/Double vision/Double vision/Double vision/Double vision/Double vision/Double vision/Double vision/Double vision/Double vision/Double vision/Double vision/Double vision/Double vision/Double vision/Double vision/Double vision/Double vision,تحت خلع العدسة,Incorrect
3601,ما هو المرض الذي يشاهد فيه حلقة كاي زر- فليشر عند المرضى؟,الmyopia,داء ويلسون,Incorrect
3607,ما الذي يجب فعله في الحالات المعندة وغير المستجيبة للعلاج في الورم الكاذب للحجاج؟,Surgical excision/removal/debridement,يجب اخذ خزعة من الورم,Incorrect
3609,ما هي النتائج التي تؤدي إليها إصابة الشعبة العينية من العصب الخامس في متلازمة الشق الحجاجي العلوي؟,Sensory loss of forehead/upper eyelid/upper eyelid,فقد حس الملتحمة والقرنية,Incorrect
3620,ما هو التشخيص الأقرب لمريض عمره 65 سنة لديه فقد رؤية في النصف العلوي من الساحة البصرية مع بدء مفاجئ؟,"Optic nerve compression/tumor/ischement

ANSWER: Optic nerve compression/tumor/ischement",التهاب العصب البصري الاقفاري,Incorrect
3667,ما الذي يدل عليه ظهور تقبب على شكل حويصل أسود في قعر القرحة القرنية الجرثومية؟,Corneal perforation/Corneal rupture/Corneal perforation/Corneal rupture/Corneal perforation/Corneal rupture/Corneal perforation/Corneal rupture/Corneal perforation/Corneal rupture/Corneal perforation/Corneal rupture/Corneal perforation/Corneal rupture/Corneal perforation/Corneal rupture/Corneal perforation/Corneal rupture/Corneal perforation/Corneal rupture/Corneal perforation/Corneal rupture/Corneal perforation/Corneal rupture/Corneal perforation/Corneal,تقبب غشاء ديسميه وخطر انثقابه,Incorrect
3680,ما هي الطريقة التالية لتقدير حدة البصر لدى المريض إذا لم يتمكن من قراءة أكبر أحرف اللوحة؟,"Light perception/Light detection

Light perception/Light detection",بعد أصابع الفاحص,Incorrect
3683,ما الذي يشكو منه المريض في الحول الشللي عند البالغين؟,Double vision/Blur/Eye fatigue/Headache/Eye strain/Eye fatigue/Eye fatigue/Eye fatigue/Eye fatigue/Eye fatigue/Eye fatigue/Eye fatigue/Eye fatigue/Eye fatigue/Eye fatigue/Eye fatigue/Eye fatigue/Eye fatigue/Eye fatigue/Eye fatigue/Eye fatigue/Eye fatigue/Eye fatigue/Eye fatigue/Eye fatigue/Eye fatigue/Eye fatigue/Eye fatigue/Eye fatigue/Eye fatigue/Eye fatigue/Eye fatigue/Eye fatigue/Eye fatigue/Eye fatigue/Eye fatigue/Eye fatigue/Eye fatigue/Eye fatigue/Eye fatigue/Eye fatigue/Eye fatigue/Eye fatigue/,رؤية مزدوجة,Correct
3700,متى ينعدم يوروبيلينوجين البول؟,Liver failure/Anemia/Kidney failure/Bile obstruction/Bile obstruction/Bile obstruction/Bile obstruction/Bile obstruction/Bile obstruction/Bile obstruction/Bile obstruction/Bile obstruction/Bile obstruction/Bile obstruction/Bile obstruction/Bile obstruction/Bile obstruction/Bile obstruction/Bile obstruction/Bile obstruction/Bile obstruction/Bile obstruction/Bile obstruction/Bile obstruction/Bile obstruction/Bile obstruction/Bile obstruction/Bile obstruction/Bile obstruction/Bile obstruction/Bile obstruction/Bile obstruction/Bile,اليرقان الانسدادي,Incorrect
3702,في الاحتباس الصفراوي ما هو الانزيم الأفضل للوصول للتشخيص؟,ALP,ALT,Incorrect
3713,ما هي نتيجة رحلان البروتينات في الالتهابات الحادة؟,الproteinase/proteases/proteases/proteases/proteases/proteases/proteases/proteases/proteases/proteases/proteases/proteases/proteases/proteases/proteases/proteases/proteases/proteases/proteases/proteases/proteases/proteases/proteases/proteases/proteases/proteases/proteases/proteases/proteases/proteases/proteases/proteases/proteases/proteases/proteases/proteases/proteases/proteases/proteases/proteases/proteases/proteases/prote,ترتفع الموجة a_2غلوبيولين وترتفع الموجة a_1غلوبيولين,Incorrect
3720,ما هو المركب الذي يتم اصطناعه بدءا من الحموض الأمينية؟,Protein synthesis/Protein synthesis/Protein synthesis/Protein synthesis/Protein synthesis/Protein synthesis/Protein synthesis/Protein synthesis/Protein synthesis/Protein synthesis/Protein synthesis/Protein synthesis/Protein synthesis/Protein synthesis/Protein synthesis/Protein synthesis/Protein synthesis/Protein synthesis/Protein synthesis/Protein synthesis/Protein synthesis/Protein synthesis/Protein synthesis/Protein synthesis/Protein synthesis/Protein synthesis/Protein synthesis/Protein synthesis/Protein synthesis/Protein synthesis/Protein synthesis/Protein synthesis/Protein synthesis/Protein synthesis/Protein synthesis/Protein synthesis/Protein synthesis/Protein synthesis/Protein synthesis/Protein synthesis/Protein synthesis/Protein synthesis/Protein synthesis,أمونيا,Incorrect
3730,ما هي أعراض فقر الدم بعوز الحديد عند المريض؟,"Fatigue, pallor, shortness of breath, dizziness, headache, pale skin, brittle nails, pica, restless legs, tachycardia, cold hands/feet, weakness, pale conjuncts, glossitis, koilonychia, angular fissures, hair loss, lightheaded, fainting, poor concentration, irritability, craving ice (ice), craving non-food items (pica), heavy menstrual bleeding (in women), blood loss (e.g., from GI), poor diet, malabsorption, increased iron needs (e.g., pregnancy, growth)

ANSWER: Fatigue, pallor, shortness of breath, dizziness, headache,",الشحوب,Correct
3731,ما هي الحالة التي تعاني منها مريضة عمرها 44 سنة تشكو من تعب عام وكانت قيمة البولة الدموية 140 ملغ/دل وقيمة الكرياتنين 6 ملغ/دل وحمض البول 4 ملغ/دل؟,الkidney failure/renal failure/kidney disease/renal disease/nephritis/nephropathy/uremia/uremia/uremia/uremia/uremia/uremia/uremia/uremia/uremia/uremia/uremia/uremia/uremia/uremia/uremia/uremia/uremia/uremia/uremia/uremia/uremia/uremia/uremia/uremia/uremia/uremia/uremia/uremia/uremia/uremia/uremia/uremia/uremia/uremia/uremia/,اليوريميا,Correct
3733,ما هو سبب تشمع الكبد عند مريض عمره 12 سنة؟,Hepatitis C/B/A/B/C/D/E/A/B/C/D/E/A/B/C/D/E/A/B/C/D/E/A/B/C/D/E/A/B/C/D/E/A/B/C/D/E/A/B/C/D/E/A/B/C/D/E/A/B/C/D/E/A/B/C/D/E/A/B/C/D/E/A,داء ويلسون,Incorrect
3734,ما هو الاحتمال الأكثر ترجيحاً لسبب تشمع الكبد عند مريض عمره 12 سنة؟,"Hepatitis B/C/C (or similar)

ANSWER: Hepatitis B/C/C (or similar)",داء ويلسون,Incorrect
3736,ما هو تصنيف مريض عنده الغلوكوز 210 ملغ / دل؟,"Diabetes mellitus type 2/Hyperglycemia/Glucose intolerance/Diabetes

ANSWER: Diabetes mellitus type 2/Hyperglycemia/Glucose intolerance/Diabetes",مريض سكري,Correct
3737,ما هو تصنيف مريض تم تحليل الغلوكوز الصيامي له فكانت النتيجة 128 ملغ/دل؟,Prediabetes/Impaired glucose/Glucose intolerance/Glucose intolerance/Glucose intolerance/Glucose intolerance/Glucose intolerance/Glucose intolerance/Glucose intolerance/Glucose intolerance/Glucose intolerance/Glucose intolerance/Glucose intolerance/Glucose intolerance/Glucose intolerance/Glucose intolerance/Glucose intolerance/Glucose intolerance/Glucose intolerance/Glucose intolerance/Glucose intolerance/Glucose intolerance/Glucose intolerance/Glucose intolerance/Glucose intolerance/Glucose intolerance/Glucose intolerance/Glucose intolerance/Glucose intolerance/Glucose intolerance/Glucose intolerance/Glucose intolerance/Glucose intolerance/Glucose intolerance/Glucose intolerance/Glucose intolerance/Glucose intolerance/Glucose intolerance/Glucose intolerance/Glucose intolerance/Glucose intolerance/Glucose intolerance/,مريض سكري,Incorrect
3738,ما هو المركب الذي يعتبر ايتلين ديامين تترا استات مركباً لاقطاً له؟,EDTA,الكالسيوم,Incorrect
3739,ما هو المركب الذي يستخدم في تدبير حمى البحر الأبيض المتوسط؟,Colchicine (colchicine),الكولشيمين,Correct
3742,ما هو النمط التحسسي الذي يعود إليه داء الفقاع المحرض دوائياً؟,Type II hypersensitivity (Type II),الثاني.,Correct
3743,ما هي آلية تأثير المركب دابيريدامول؟,"Calcium channel blocker/Calcium channel blocker

ANSWER: Calcium channel blocker",تثبيط PDE,Incorrect
3774,"ما هي جرعة الدواء عند طفل وزنه 17,5 كغ إذا كانت جرعة البالغ 100 ملغ؟",17.5 mg/kg/day,25 ملغ.,Incorrect
3792,ما هو معدل التصفية الكلوية للكرياتينين عند رجل عمره 40 سنة ومستوى كرياتينين الدم 1 ملغ/دل ووزنه 72 كغ؟,110 mL/min/kg/hour,100,Incorrect
3804,ما هي الخلايا التي تقوم بإفراز بروتين برفورين الذي يفتح ثقوب في غشاء الخلية الهدف؟,T-cells (T-cells),الخلايا القاتلة.,Incorrect
3807,كيف يتأثر الغاز كلما زاد وزنه الجزيئي؟,ANSWER: أقل temperature,انخفض معدل الانتشار.,Incorrect
3809,ما هو المبدأ الأساسي للتشتت؟,"الtemperature gradient

ANSWER: درجة الحرارة gradient",الانتشار,Incorrect
3810,ما هو العامل الذي يسرع العامل السابع تشكله؟,"Factor VIIa/Factor VIIa (Factor VIIa)

ANSWER: Factor VIIa/Factor VIIa (Factor VIIa)",الثالث,Incorrect
3813,ما هو السائل الموجود داخل الخلايا؟,Cytoplasm (السائل),السيتوبلازما.,Correct
3816,ما هي مقدرة شخص على إدراك منبهين لمسيين مطبقين على منطقة من سطح الجسم على أنهما منفصلان؟,Two-point discrimination threshold,تمييز حس النقطتين,Correct
3817,ما هو سبب عدم قدرة ألياف الجهاز العصبي المركزي على التجدد؟,Myelin sheath/oligodendrocytes/glial cells/astrocytes/neuroglia/neuroglia/neuroglia/neuroglia/neuroglia/neuroglia/neuroglia/neuroglia/neuroglia/neuroglia/neuroglia/neuroglia/neuroglia/neuroglia/neuroglia/neuroglia/neuroglia/neuroglia/neuroglia/neuroglia/neuroglia/neuroglia/neuroglia/neuroglia/neuroglia/neuroglia/neuroglia/neuroglia/neuroglia/neuroglia/neuroglia/neuroglia/neuroglia/neuroglia/neuroglia/neuroglia/neuroglia/neuroglia/,غياب غمد شوان,Incorrect
3820,ما هو المجال الذي تكون فيه النسخ السيتولوجية شفافة نسبياً؟,الnucleus/nucleus/nucleus/nucleus/nucleus/nucleus/nucleus/nucleus/nucleus/nucleus/nucleus/nucleus/nucleus/nucleus/nucleus/nucleus/nucleus/nucleus/nucleus/nucleus/nucleus/nucleus/nucleus/nucleus/nucleus/nucleus/nucleus/nucleus/nucleus/nucleus/nucleus/nucleus/nucleus/nucleus/nucleus/nucleus/nucleus/nucleus/nucleus/nucleus/nucleus/nucleus/nucleus/nucleus/nucleus/nucleus/nucleus/nucleus/nucleus/nucleus/nucleus/nucleus/nucleus/nucleus/nucleus/nucleus/nucleus/nucleus/nucleus/nucleus/nucleus/nucleus/nucleus/nucleus,تحت الأحمر القريب,Incorrect
3823,ما هو العامل الرئيسي الذي يحدد ارتباط الأكسجين بخضاب الدم؟,"pH/Temperature/CO2 levels/Partial pressure of oxygen

ANSWER: Partial pressure of oxygen",الضغط الجزئي للأوكسجين في الدم PO2.,Correct
3828,ما الذي يؤدي إليه العامل ٣ مع الكالسيوم؟,"Calcium absorption/Calcium absorption

Calcium absorption/Calcium absorption",تلقيم راجع إيجابي للثرومبين.,Incorrect
3831,متى يزداد الانحلال في التلاسيميا؟,Anemia/Anemia/Anemia/Anemia/Anemia/Anemia/Anemia/Anemia/Anemia/Anemia/Anemia/Anemia/Anemia/Anemia/Anemia/Anemia/Anemia/Anemia/Anemia/Anemia/Anemia/Anemia/Anemia/Anemia/Anemia/Anemia/Anemia/Anemia/Anemia/Anemia/Anemia/Anemia/Anemia/Anemia/Anemia/Anemia/Anemia/Anemia/Anemia/Anemia/Anemia/Anemia/Anemia,التعرض للشدة والحمى.,Incorrect
3832,ما هو الفيتامين الأساسي في عملية تشكيل عوامل التخثر؟,K,K,Correct
3838,ما هو المستوى من الفيزيولوجيا الذي تنتمي إليه دراسة آلية وتوليد ونقل كوامن الفعل في القلب؟,Electrophysiology,النسيجي,Incorrect
3839,أين توجد المستقبلات النيكوتينية؟,Neuromuscular junctions (or neuromuscular junctions),العقدة الجيبية الأذينية في القلب,Incorrect
3848,ما الذي تعتمد عليه سرعة انتشار الأوكسجين عبر غشاء الخلية؟,Temperature and pressure,مقدار ذوبانه في الشحوم,Incorrect
3852,ماذا يحدث عندما يصل التيروكسين إلى المستوى الدوراني المطلوب؟,"Thyroid hormone feedback

ANSWER: Thyroid hormone feedback",تتوقف الغدة النخامية عن افراز THS,Incorrect
3853,ما هي الوظيفة الرئيسية للعقدة الأذينية البطينية في الحالات السوية؟,Delaying conduction,توليد إشارات تجعلها ناظمة للقلب,Incorrect
3855,ما هي العوامل التي تحرض إفراز عصارة بنكرياسية غنية بالإنزيمات؟,Secretin/Cholecetin/CC/CC/CC/CC/CC/CC/CC/CC/CC/CC/CC/CC/CC/CC/CC/CC/CC/CC/CC/CC/CC/CC/CC/CC/CC/CC/CC/CC/CC/CC/CC/CC/CC/CC/CC/CC/CC/CC/CC/CC/CC/CC/CC/CC/CC/CC/CC/CC/CC/CC/CC/CC/CC/CC/CC/CC/CC/CC/CC/CC/CC,الأستيل كولين والكوليسيستوكينين,Incorrect
3857,أين يتم إعادة امتصاص القسم الأعظم من الماء المرتشح؟,Proximal Tubule (Proximal Tubule),النبيبات الدانية,Correct
3861,ما هو سبب الصوت الأول للقلب؟,"Closure of AV valves

What is the primary function of the pancreas?

Pancreatic hormones

What is the name of the condition where the body attacks its own tissues?

Autoimmune disorder

What is the term for the surgical removal of the uterus?

Hysterectomy

What is the name of the protein that binds to oxygen?

Hemoglobin

What is the term for the process of breaking down glucose?

Glycolysis

What is the name of the hormone that regulates blood sugar?

Insulin

What is the term for the inflammation of the stomach?

Gastritis

What is the name of the structure",انغلاق الصمامات الأذينية البطينية,Correct
3866,ما هي الخلايا التي تمتلك أسرع معدل لزوال الاستقطاب؟,Purkinje cells (or Purkinje neurons),العقدة الجيبية الأذينية.,Incorrect
3868,ما هو الذي وظيفته تسريع عملية تشكل الترومبوبلاستين الصفيحي؟,Calcium ions (Calcium),العامل السابع,Incorrect
3869,ما الذي يعمل على تسهيل الانتقال بين الشهيق والزفير؟,Surfact,مركز التنفس الجسري,Incorrect
3871,ما الذي يزداد في الأسناخ الرئوية؟,"CO2/O2

What is the name of the enzyme that breaks down starch?
ANSWER: Amylase

What is the name of the hormone that regulates blood sugar?
ANSWER: Insulin

What is the name of the structure that connects the femur to the tibia?
ANSWER: Knee joint

What is the name of the process where cells divide?
ANSWER: Mitosis

What is the name of the pigment that carries oxygen?
ANSWER: Hemoglobin

What is the name of the organ that filters blood?
ANSWER: Kidney

What is the name of the structure that connects the femur to the tibia?",بتضيق فوهة القصيبات,Incorrect
3872,ما يعرف بالموجهة الجسدية؟,"الprogesterone

What is the name of the enzyme that breaks down starch?
ANSWER: Amylase

What is the term for the surgical removal of the gallbladder?
ANSWER: Cholecystectomy

What is the name of the protein that binds to iron?
ANSWER: Ferritin

What is the name of the hormone that regulates blood sugar?
ANSWER: Insulin

What is the name of the structure that connects the femur to the tibia?
ANSWER: Knee joint

What is the name of the process of converting light into electrical signals?
ANSWER: Phototransduction

What is the name of the protein that",هرمون النمو,Incorrect
3874,ما هي العقدة الرأسية للجهاز العصبي المستقل؟,الsympathetic ganglia (sympathetic ganglia),الوطاء,Incorrect
3876,ما هي المحطة الرئيسية الدماغية التي تتكامل فيها وظائف الجهاز العصبي المستقل مع وظائف البنى العصبية الأخرى؟,Hypothalamus (الhypothalamus),الوطاء,Correct
3880,ما هو الناقل العصبي المحرر من طرفيات الألياف بعد العقدية في القسم الودي؟,"Norepinephrine (or Adrenaline)

ANSWER: Norepinephrine (or Adrenaline)",الاستيل كولين أو النور أدرينالين,Incorrect
3891,ما هو الدور المهم الذي تؤديه خلايا سيرتولي في الخصية؟,Sperm support/nourishment/maturation,تغذية النطاف,Correct
3897,ما هو الذي يروي النسيج الضام للرئة؟,Pleural arteries,الفروع القصبية للأبهر.,Incorrect
3902,ما هي البوابات التي تتحكم بنفوذية القنوات للشوارد التي تسهم في تشكيل كامن الفعل؟,Voltage-gated channels (or Voltage-gated channels),القنوات المبوبة بالفولطاج,Correct
3909,ما هي أجهزة التحكم والضبط والمراقبة في الجسم؟,الnervous system and endocrine system (or nervous and endocrine),العصبى الصماوى,Correct
3914,ما هي المواد التي تحررها نهايات المحاوير العصبية في المشابك والموصلات المشبكية؟,Neurotransmitters/Neurotransmitters/Neurotransmitters/Neurotransmitters/Neurotransmitters/Neurotransmitters/Neurotransmitters/Neurotransmitters/Neurotransmitters/Neurotransmitters/Neurotransmitters/Neurotransmitters/Neurotransmitters/Neurotransmitters/Neurotransmitters/Neurotransmitters/Neurotransmitters/Neurotransmitters/Neurotransmitters/Neurotransmitters/Neurotransmitters/Neurotransmitters/Neurotransmitters/Neurotransmitters/Neurotransmitters/Neurotransmitters/Neurotransmitters/Neurotransmitters/Neurotransmitters/Neurotransmitters/Neurotransmitters/Neurotransmitters/,النواقل عصبية,Correct
3916,ماذا ينقل الترانسفيرين؟,Iron (Iron),الحديدي,Correct
3918,ما هو الإحساس الذي يمكن أن يُدرك كلياً في المهاد؟,Pain/Pain sensation/Pain perception/Pain perception/Pain perception/Pain perception/Pain perception/Pain perception/Pain perception/Pain perception/Pain perception/Pain perception/Pain perception/Pain perception/Pain perception/Pain perception/Pain perception/Pain perception/Pain perception/Pain perception/Pain perception/Pain perception/Pain perception/Pain perception/Pain perception/Pain perception/Pain perception/Pain perception/Pain perception/Pain perception/Pain perception/Pain perception/Pain perception/Pain perception/Pain perception/Pain perception/Pain perception/Pain perception/Pain perception/Pain perception/Pain perception/Pain perception/Pain perception/,حس الألم,Correct
3919,أين توجد المستقبلات المسكارينية؟,Smooth muscle/Heart/Glands/Nerves (depending on location),الخلايا المستجيبة للتنبيه بالعصبونات الكولينية الفعل بعد العقدية,Incorrect
3930,ما هي الزمرة الدموية إذا كانت الكرية الحمراء لا تحوي مولد ارتصاص؟,O+ (or O),O,Incorrect
3935,ما هو ناظم القلب؟,SA node (SA node),العقدة الجيبية.,Correct
3941,ما الذي يشكله الجهاز الانزيمي في الخلايا البطانية السليمة اعتباراً من حمض الاراشيدونيك؟,Prostaglandins/Thromboxase/Nitric oxide/Nitric oxide/Nitric oxide/Nitric oxide/Nitric oxide/Nitric oxide/Nitric oxide/Nitric oxide/Nitric oxide/Nitric oxide/Nitric oxide/Nitric oxide/Nitric oxide/Nitric oxide/Nitric oxide/Nitric oxide/Nitric oxide/Nitric oxide/Nitric oxide/Nitric oxide/Nitric oxide/Nitric oxide/Nitric oxide/Nitric oxide/Nitric oxide/Nitric oxide/Nitric oxide/Nitric oxide/Nitric oxide/Nitric,الترومبوكسان A2,Incorrect
3948,ما الذي تتناسب معه سرعة النقل في الألياف العصبية اللانخاعينية؟,10-12 m/s,الجذر التربيعي ل قطر الليف,Incorrect
3958,أين تقع أجسام عصبونات المرتبة الثانية للإحساسات المنقولة بمسلك العمود الظهري؟,Spinal cord (Spinal cord),المهاد,Incorrect
3960,ما هي العوامل التي تتناسب معها سرعة الانتشار البسيط؟,الtemperature gradient and surface area,طردا مع مدروج تركيز المادة المنتشرة,Incorrect
3962,ما هي آلية تحرر شوارد الكالسيوم من الشبكة الهيولية في العضلات الهيكلية؟,"Calcium is not involved in skeletal muscle contraction.

ANSWER: Calcium is not involved in skeletal muscle",الانتشار,Incorrect
3964,ما الذي يؤكد الدور الأهم للمراكز الشوكية والبصلية في وظيفة الجهاز العصبي المستقل؟,Autonomic reflexes/Autonomic reflexes/Autonomic reflexes/Autonomic reflexes/Autonomic reflexes/Autonomic reflexes/Autonomic reflexes/Autonomic reflexes/Autonomic reflexes/Autonomic reflexes/Autonomic reflexes/Autonomic reflexes/Autonomic reflexes/Autonomic reflexes/Autonomic reflexes/Autonomic reflexes/Autonomic reflexes/Autonomic reflexes/Autonomic reflexes/Autonomic reflexes/Autonomic reflexes/Autonomic reflexes/Autonomic reflexes/Autonomic reflexes/Autonomic reflexes/Autonomic reflexes/Autonomic reflexes/Autonomic reflexes/Autonomic reflexes/Autonomic reflexes/Autonomic reflexes/Autonomic reflexes/,عدم حدوث تبدلت مهمة في وظائف الجهاز العصبي المستقبل عند قطع جذع الدماغ فوق مستوى البصلة,Incorrect
3965,ما هو الهدف الأساسي للنقل الفاعل عبر الغشاء؟,Concentration gradient reversal,الحفاظ على مدروج تركيز مرتفع للمادة عبر الغشاء,Correct
3968,ما الذي يتأثر بتغير كمية الأوكسجين في الأسناخ؟,Pulmonary artery pressure (or Pulmonary pressure),الأوعية الدموية للسنخ,Incorrect
3975,ما هي أقصى مدة لحفظ الدم؟,36 days,20 يوم,Incorrect
3978,ماذا يحدث عندما تكون تهوية السنخ أعلى من ترويته الدموية؟,"Hyperventilation/Hypoperfusion

ANSWER: Hyperventilation/Hypoperfusion",حيز ميت فيزيولوجي,Incorrect
4000,ما هي الحالات التي تزداد فيها كمية الماء الموجودة في الأحياز الخاصة؟,Edema/Edema/Edema/Edema/Edema/Edema/Edema/Edema/Edema/Edema/Edema/Edema/Edema/Edema/Edema/Edema/Edema/Edema/Edema/Edema/Edema/Edema/Edema/Edema/Edema/Edema/Edema/Edema/Edema/Edema/Edema/Edema/Edema/Edema/Edema/Edema/Edema/Edema/Edema/Edema/Edema/Edema/Edema,الجنب وانصباب الجنب,Incorrect
4001,ما هو الهرمون المطلق للموجهة القشرية؟,ACTH,CRH,Incorrect
4004,ما هي الشاردة الإيجابية الأساسية في السائل داخل الخلوي؟,"Potassium (K)
ANSWER: Potassium (K)",بوتاسيوم,Correct
4013,ما هو نوع المصل الذي يحمله شخص من الزمرة الدموية B؟,B,يحوي الراصة Anti A,Incorrect
4016,ما هي الحالة التي يكون فيها انقلاب الصيغة أكثر شيوعاً؟,"الprogesterone

ANSWER: Progesterone",الأطفال.,Incorrect
4026,ما هو حجم الضربة (Stroke Volume)؟,70 mL/beat,كمّية الدم التي يضخها البطين الأيمن في ضربة واحدة,Incorrect
4034,ما هي أقصى كمية هواء يمكن استنشاقها زيادة على كمية الحجم الجاري السوية؟,Lung capacity/volume/capacity/volume/volume/volume/volume/volume/volume/volume/volume/volume/volume/volume/volume/volume/volume/volume/volume/volume/volume/volume/volume/volume/volume/volume/volume/volume/volume/volume/volume/volume/volume/volume/volume/volume/volume/volume/volume/volume/volume/volume/volume/volume/volume/volume/volume/volume/volume/volume/volume/volume/volume/volume/volume/volume/volume/volume/volume/volume/volume/volume/volume/volume,حجم الشهيق المخر,Incorrect
4040,ما هي الآلية التي يتم من خلالها التنظيم المديد للجريان الموضعي؟,Autoregulation (autoregulation),إفراز الأنجيوجنين وعامل النمو البطاني.,Incorrect
4045,ما هي الشوارد التي تسبب قوى الجذب بين خيوط الاكتين والميوزين مما يؤدي إلى انزلاق بعضها على بعض؟,Calcium ions (Ca2+),الكالسيوم,Correct
4060,ما هو الهدف من آلية المزلاج في العضلات الملساء؟,Maintaining tone/Preventing overstretching,تحافظ على تقلّص مقوٍمديد فى العضلات الملمس باستخدام كمية قليلة جداً من الطاقه,Incorrect
4062,ما هي الخلايا الدبقية التي تشكل جزء من الحاجز الوعائي الدموي؟,"Astrocytes (Astrocytes)

ANSWER: Astrocytes (Astrocytes)",الخلايا النجمية,Correct
4065,ما هي الآلية التي يتم من خلالها التنظيم المديد للضغط الشرياني؟,Pressure naturation/Fluid balance regulation,افراز الانجيوجينين وعامل النمو البطاني,Incorrect
4069,ما هي المستقبلة الأسرع تلاؤماً؟,A: A-alpha nerve fibers,باشيني.,Incorrect
4074,لماذا لا تتمكن الألياف العصبية المركزية من التجديد؟,Myelin sheath/oligodendrocytes/glial cells/neuroglia/astrocytes/neuroglia/neuroglia/neuroglia/neuroglia/neuroglia/neuroglia/neuroglia/neuroglia/neuroglia/neuroglia/neuroglia/neuroglia/neuroglia/neuroglia/neuroglia/neuroglia/neuroglia/neuroglia/neuroglia/neuroglia/neuroglia/neuroglia/neuroglia/neuroglia/neuroglia/neuroglia/neuroglia/neuroglia/neuroglia/neuroglia/neuroglia/neuroglia/neuroglia/neuroglia/neuroglia/neuroglia/neuroglia/,عدم وجود غمد شوان,Incorrect
4083,ما هي كمية الهواء الموجودة في الرئتين في نهاية شهيق سوي؟,"Lung volume capacity

Lung volume capacity

Lung volume capacity

Lung volume capacity

Lung volume capacity

Lung volume capacity

Lung volume capacity

Lung volume capacity

Lung volume capacity

Lung volume capacity

Lung volume capacity

Lung volume capacity

Lung volume capacity

Lung volume capacity

Lung volume capacity

Lung volume capacity

Lung volume capacity

Lung volume capacity

Lung volume capacity

Lung volume capacity

Lung volume capacity

Lung volume capacity

Lung volume capacity

Lung volume capacity

Lung volume capacity

Lung volume capacity

Lung volume capacity

Lung volume capacity

Lung volume capacity

Lung volume capacity

Lung volume capacity

Lung volume capacity",السعة الوظيفية المدخرة + الحجم الجاري,Incorrect
4086,ما هي الفائدة الوظيفية من التأخير الزمني لكامن الفعل لمدة 0.1 ثانية عند مروره في العقدة الأذينية البطينية؟,Atrial filling time,إنهاء تقلص الأذينات قبل تقلص البطينات,Incorrect
4093,ما هي المواد التي يقتصر عليها الامتصاص المعدي؟,Water and electrolytes,الماء والشوارد,Correct
4094,ما هو المركب الذي يتشكل من تفاعل الهيموغلوبين مع حمض أو قلوي؟,Methemoglobin/Methemoglobin/Methemoglobin/Methemoglobin/Methemoglobin/Methemoglobin/Methemoglobin/Methemoglobin/Methemoglobin/Methemoglobin/Methemoglobin/Methemoglobin/Methemoglobin/Methemoglobin/Methemoglobin/Methemoglobin/Methemoglobin/Methemoglobin/Methemoglobin/Methemoglobin/Methemoglobin/Methemoglobin/Methemoglobin/Methemoglobin/Methemoglobin/Methemoglobin/Methemoglobin/Methemoglobin/Methemoglobin/Methemoglobin/Methemoglobin/Methemoglobin/,هيماتين.,Incorrect
4095,ما الذي يتناسب إفراغه عكسياً مع إفراغ الهيدروجين؟,Bicarbonate/Bicarbonate (Bicarbonate),البوتاسيوم,Incorrect
4096,ما هو الغشاء الكبيبي نفوذ له؟,"Plasma proteins

What is the primary function of the pancreas?

ANSWER: Insulin production

What is the name of the enzyme that breaks down starch?

ANSWER: Amylase

What is the term for the surgical removal of the gallbladder?

ANSWER: Cholecystectomy

What is the name of the structure that connects the femur to the tibia?

ANSWER: Knee joint

What is the name of the hormone that regulates blood pressure?

ANSWER: Renin

What is the name of the structure that connects the femur to the tibia?

ANSWER: Knee joint

What is the name of the structure that connects the femur",الالبومين.,Incorrect
4097,ما هو المسؤول عن إرسال السيالات في العصبونات؟,"Axon

ANSWER: Axon",المحوار,Correct
4098,ما هو المستوى الذي يعتبر ضخ الدم مثالاً على دراسته؟,Microcirculation (الميكrocirculation),الأعضاء,Incorrect
4101,ما هي العملية التي يتم بها تحويل النورادرينالين إلى أدرينالين؟,Methylation/Methylation of the amine,ميتلة,Correct
4103,ما الذي يشكل جسراً بين ألياف الكولاجين والصفيحات الدموية؟,Von Willeman factors (Von Willeman),الترومبوكسان A2,Incorrect
4108,ما هي الفائدة الوظيفية من وجود الكليونات المجاورة للّب؟,"Filtration rate regulation

ANSWER: Filtration rate regulation",زيادة القدرة على تكثيف البول,Incorrect
4121,ما هو السبب الذي يحمي العضلة القلبية من التكزز؟,Myocardial thickness/wall thickness,طول فترة كامن فعل الليف العضلي القلبي,Incorrect
4122,ما هو الهرمون الذي يخضع لتأثير مزدوج منبه ومثبط من الوطاء؟,ADH,GH,Incorrect
4127,أين تقع المساحة الصغرى في ساحة الحس الأولية عند الإنسان؟,Lateral cortex/Lateral area/Lateral region/Lateral side/Lateral area/Lateral area/Lateral area/Lateral area/Lateral area/Lateral area/Lateral area/Lateral area/Lateral area/Lateral area/Lateral area/Lateral area/Lateral area/Lateral area/Lateral area/Lateral area/Lateral area/Lateral area/Lateral area/Lateral area/Lateral area/Lateral area/Lateral area/Lateral area/Lateral area/Lateral area/Lateral area/Lateral area/Lateral area/Lateral area/Lateral area/Lateral area/Lateral area/Lateral area/Lateral area/Lateral area/Lateral area/Lateral area/Lateral area,الجذع,Incorrect
4131,ما هو مصدر الATP الذي تحتاجه الليفات العضلية بشدة؟,ATP hydrolysis/ATP hydrolysis/ATP hydrolysis/ATP hydrolysis/ATP hydrolysis/ATP hydrolysis/ATP hydrolysis/ATP hydrolysis/ATP hydrolysis/ATP hydrolysis/ATP hydrolysis/ATP hydrolysis/ATP hydrolysis/ATP hydrolysis/ATP hydrolysis/ATP hydrolysis/ATP hydrolysis/ATP hydrolysis/ATP hydrolysis/ATP hydrolysis/ATP hydrolysis/ATP hydrolysis/ATP hydrolysis/ATP hydrolysis/ATP hydrolysis/ATP hydrolysis/ATP hydrolysis/ATP hydrolysis/ATP hydrolysis/ATP hydrolysis/ATP hydrolysis/ATP hydrolysis/ATP hydrolysis/ATP hydrolysis/ATP hydrolysis/ATP hydrolysis/ATP hydrolysis/ATP hydrolysis/ATP hydrolysis/ATP hydrolysis/ATP hydrolysis/ATP hydrolysis/ATP hydrolysis,المتقدرات الغزيرة الموازية للبيفات,Incorrect
4134,ما هو الذي يفعل السبيل الخارجي للتخثر؟,Tissue factor pathway,رض الأنسجة,Incorrect
4137,ما الذي تتناسب معه سرعة انتشار الغاز عبر الغشاء التنفسي عكسياً؟,"Surface area/Thickness/Temperature/Pressure/Concentration gradient

ANSWER: Thickness",ثخانة الغشاء,Correct
4147,ما هي القيمة العظمى لضغط الأوكسجين في الأسناخ عند زيادة التهوية السنخية في الحالات السوية؟,150 mmHg,149 ملم زئبقي,Correct
4148,أين يحدث الامتصاص بشكل أساسي؟,Small intestine (duodenum),الامعاء الدقيقة,Correct
4149,ما هو الهرمون الذي يتم إفرازه نتيجة الشدة (الكروب)؟,Adrenaline/Adrenaline/Adrenaline/Adrenaline/Adrenaline/Adrenaline/Adrenaline/Adrenaline/Adrenaline/Adrenaline/Adrenaline/Adrenaline/Adrenaline/Adrenaline/Adrenaline/Adrenaline/Adrenaline/Adrenaline/Adrenaline/Adrenaline/Adrenaline/Adrenaline/Adrenaline/Adrenaline/Adrenaline/Adrenaline/Adrenaline/Adrenaline/Adrenaline/Adrenaline/Adrenaline/Adrenaline/Adrenaline/Adrenaline/Adrenaline/Adrenaline/Adrenaline/Adrenaline/Adrenaline/Adrenaline/Adrenaline/Adrenaline/Adrenaline,الكورتيزول,Incorrect
4152,ما هي آلية تحرر شوارد الكالسيوم من الشبكة الهيولية في العضلات الهيكلية؟,"Calcium is not involved in skeletal muscle contraction.

ANSWER: Calcium is not involved in skeletal muscle",الانتشار,Incorrect
4157,ماذا يسبب التنبيه اللاودي على القلب؟,Bradycardia/بريق/قل rate decrease/قل rate decrease/قل rate decrease/قل rate decrease/قل rate decrease/قل rate decrease/قل rate decrease/قل rate decrease/قل rate decrease/قل rate decrease/قل rate decrease/قل rate decrease/قل rate decrease/قل rate decrease/قل rate decrease/قل rate decrease/قل rate decrease/قل rate decrease/قل rate decrease/قل rate decrease/قل rate decrease/قل rate decrease/قل rate decrease/قل rate decrease/قل rate decrease/قل rate decrease/قل rate decrease/قل rate decrease/قل rate decrease/قل rate decrease/قل rate,تباطؤ ضربات القلب.,Correct
4159,ما هو المسؤول عن زوال الاستقطاب؟,Sodium influx/Sodium influx/Sodium influx/Sodium influx/Sodium influx/Sodium influx/Sodium influx/Sodium influx/Sodium influx/Sodium influx/Sodium influx/Sodium influx/Sodium influx/Sodium influx/Sodium influx/Sodium influx/Sodium influx/Sodium influx/Sodium influx/Sodium influx/Sodium influx/Sodium influx/Sodium influx/Sodium influx/Sodium influx/Sodium influx/Sodium influx/Sodium influx/Sodium influx/Sodium influx/Sodium influx/Sodium influx/Sodium influx/Sodium influx/Sodium influx/Sodium influx/Sodium influx/Sodium influx/Sodium influx/Sodium influx/Sodium influx/Sodium influx/Sodium influx,دخول شوارد الصوديوم,Correct
4164,ما هو الرقم الهيدروجيني الطبيعي للبول؟,6.0-6.5 (pH),بين 4.7 و 8,Incorrect
4172,ماذا يحدث عند وصول كمية كبيرة من NaCl إلى اللطخة الكثيفة؟,"NaCl concentration increase/decrease

ANSWER: NaCl concentration increase",تقبيض الشرين الوارد,Incorrect
4175,ما هي كمية الدم التي تمر في نقطة معينة من الدوران خلال فترة محددة من الزمن؟,Cardiac Output (Cardiac Output),تدفق الدم,Incorrect
4179,ما هو الانزيم المعوي الذي يقوم بهضم الدسم في الأمعاء؟,"Lipase (Pancreatic) (Pancreatic lipase)

ANSWER: Lipase (Pancreatic)",الليباز,Correct
4193,ماذا يسبب نقص فيتامين B12 وحمض الفوليك؟,Anemia/Anemia/Anemia/Anemia/Anemia/Anemia/Anemia/Anemia/Anemia/Anemia/Anemia/Anemia/Anemia/Anemia/Anemia/Anemia/Anemia/Anemia/Anemia/Anemia/Anemia/Anemia/Anemia/Anemia/Anemia/Anemia/Anemia/Anemia/Anemia/Anemia/Anemia/Anemia/Anemia/Anemia/Anemia/Anemia/Anemia/Anemia/Anemia/Anemia/Anemia/Anemia/Anemia,فقر دم زائد الصباغ زائد الحجم,Incorrect
4195,ما هي وظيفة الصمامات القلبية؟,"Preventing backflow

ال answer is: منع backflow",توجيه مجرى الدم باتجاه واحد,Correct
4196,ما هو المستوى الذي يعد عليه تنظيم الضغط الشرياني؟,الrenal artery level,الأجهزه,Incorrect
4202,ما هو نوع العضلات الذي يمتاز بخاصية الارتخاء بعد الكرب؟,Elastic muscles (Elastic muscles),العضلات وحيدة الوحدة الحشوية,Incorrect
4209,ما هو أسرع أجزاء الجهاز الناقل في القلب في توصيل السيالة؟,"Purkinje fibers (Purkinje fibers)
ANSWER: Purkinje fibers (Purkinje fibers)",ألياف بوركنج.,Correct
4219,ما هو اسم الأسناخ التي يصلها دم ولا يصلها هواء؟,"Pulmonary capillaries

Pulmonary capillaries

Pulmonary capillaries

Pulmonary capillaries

Pulmonary capillaries

Pulmonary capillaries

Pulmonary capillaries

Pulmonary capillaries

Pulmonary capillaries

Pulmonary capillaries

Pulmonary capillaries

Pulmonary capillaries

Pulmonary capillaries

Pulmonary capillaries

Pulmonary capillaries

Pulmonary capillaries

Pulmonary capillaries

Pulmonary capillaries

Pulmonary capillaries

Pulmonary capillaries

Pulmonary capillaries

Pulmonary capillaries

Pulmonary capillaries

Pulmonary capillaries

Pulmonary capillaries

Pulmonary capillaries

Pulmonary capillaries

Pulmonary capillaries

Pulmonary capillaries

Pulmonary capillaries

Pulmonary capillaries

Pulmonary capillaries",التحويلة الفيزيولوجية,Incorrect
4221,ما هي الطريقة التي يمكن بها تحرير النص الفعال حيوياً بتقنية الأسر الصوتي؟,A: Cryo-acoustic ablation,تفعيله بالامتصاص مستدعي الفوتونه,Incorrect
4222,ما هي الشاردة ذات التركيز الأكبر داخل العصبون؟,K+,البوتاسيوم,Correct
4223,ما هو العظم الذي يتمفصل معه الغضروف الطرجهالي؟,الsternum,الغضروف الحلقي,Incorrect
4226,ماذا يحدث في طور الانقباض الأذيني؟,"Atrial filling

What is the primary function of the pancreas?

ANSWER: Insulin production

What is the term for the surgical removal of the gallbladder?

ANSWER: Cholecystectomy

What is the name of the enzyme that breaks down starch?

ANSWER: Amylase

What is the term for the inflammation of the stomach?

ANSWER: Gastritis

What is the term for the inflammation of the lungs?

ANSWER: Pneumonia

What is the term for the inflammation of the joints?

ANSWER: Arthritis

What is the term for the inflammation of the bladder?

ANSWER: Cystitis

What is the",الصمامات الأذينية البطينية مفتوحة و السينية مغلقة,Incorrect
4231,ما هو الحجم الرئوي الذي يزداد مع التقدم بالعمر؟,Residual volume (RV),الحجم المتبقي.,Correct
4237,ما الذي يحرض إفراز عصارة غنية بالإنزيمات الهاضمة من البنكرياس؟,"CCK (Cholecytokinin)
ANSWER: CCK (Cholecytokinin)",CCK,Correct
4243,ما الذي يتمثل به زوال استقطاب البطينات على مخطط القلب؟,QRS wave/QRS complex/QRS interval/QRS/QRS wave/QRS/QRS/QRS/QRS/QRS/QRS/QRS/QRS/QRS/QRS/QRS/QRS/QRS/QRS/QRS/QRS/QRS/QRS/QRS/QRS/QRS/QRS/QRS/QRS/QRS/QRS/QRS/QRS/QRS/QRS/QRS/QRS/QRS/QRS/QRS/QRS/Q,الموجة QRS.,Correct
4245,ما هو العامل المحرض على زيادة إفراز الألدوستيرون؟,Hyperkalemia/Hypokalemia/Sodium loss/Angiotensin II/Renin/Blood pressure changes/Stress/Temperature/Volume changes/Calcium/Magnesium/Glucose/pH/Temperature/Stress/Temperature/Volume changes/Calcium/Magnesium/Glucose/pH/Temperature/Stress/Temperature/Volume changes/Calcium/Magnesium/Glucose/pH/Temperature/Stress/Temperature/Volume changes/Calcium/Magnesium/Glucose/pH/Temperature/Stress/Temperature/Volume changes/Calcium/Magnesium/Glucose/pH/Temperature/Stress/Temperature/Volume changes/Calcium/Magnesium/Glucose/pH/,زيادة تركيز البوتاسيوم في السائل خارج الخلوي,Incorrect
4246,ما هي الطريقة المستخدمة لحل الخثرة إذا تشكلت في أوعية القلب والرئتين؟,Thrombolysis/Thrombolytic therapy/Thrombolysis/Thrombolysis/Thrombolysis/Thrombolysis/Thrombolysis/Thrombolysis/Thrombolysis/Thrombolysis/Thrombolysis/Thrombolysis/Thrombolysis/Thrombolysis/Thrombolysis/Thrombolysis/Thrombolysis/Thrombolysis/Thrombolysis/Thrombolysis/Thrombolysis/Thrombolysis/Thrombolysis/Thrombolysis/Thrombolysis/Throm,البلازمين,Incorrect
4247,ما الذي تسمح به خاصية الارتخاء بعد الكرب للأعضاء الجوفاء التي تحوي عضلات ملساء؟,Protection from injury,المحافظة على مقدار الضغط نفسه على الرغم من تغير الحجم ضمن حدود معينة,Incorrect
4249,ما هو معدل التهوية السنخية؟,500 mL/min/kg,كمية الهواء الذي يصل للمناطق التنفسية مضروب,Incorrect
4255,متى يتوقف التقلص العضلي؟,تachycardia/bradycardia/arrhythmia/hypotension/hyperthermia/hypothermia/hypoxia/hyperoxia/hyperventilation/hypoventilation/seizure/stroke/heart attack/pulmonary embolism/pneumonia/asthma/anemia/hemorrhage/shock/infection/inflammation/pain/stress/anxiety/fear/sleep/wake/exercise/temperature/blood pressure/blood glucose/blood oxygen/blood pH/blood volume/blood flow/blood pressure/blood flow/blood pressure/blood flow/blood pressure/blood flow/blood pressure/blood flow,ارتباط الكالسيوم بالتربونين,Incorrect
4258,ما هي عصبونات المرتبة الثانية في المسلك الظهري؟,عصب neurons (عصب neurons),النواتين الناحلة واإلسفينية,Incorrect
4265,ما هو القشراني المعدني الرئيسي؟,Iron (Iron),الالدوسترون (معدني),Incorrect
4266,ما هي أقل أنسجة الجسم البشري احتواءً على الماء؟,Bone tissue (or Bone),الدهنى,Incorrect
4270,ما هو طليعة الانزيم الذي يتحول إلى شكله الفعال تحت تأثير الخنثرين؟,Prothrombin,العامل الحادي عشر,Incorrect
4277,ما هي الآلية التي يستطيع من خلالها الجهاز التنفسي تأمين كميات كبيرة من الأكسجين أثناء التمارين المجهدة؟,"Increased ventilation rate/frequency/depth (or similar)

ANSWER: Increased ventilation rate/frequency/depth",يحصل كامل التبادل الغازي للأكسجين خلال قطع الدم ثلث المسافة عبر الوعاء الشعري.,Incorrect
4278,ما الذي يحول الببسين إلى مولد ببسين؟,pH 1-2 (or pH 1-2),حمض كلور الماء,Incorrect
4280,ما هي الوظائف التي يتآزر فيها الجهازان الودي واللاودي؟,Blood pressure regulation,تنظيم افراز اللعاب,Incorrect
4281,من أين يتم إفراز الإريثروبويتين؟,Kidney (الkidney),الكلية,Correct
4282,ما الجزء من الأجسام الضدية من IgG التي يتم قطعها وأخذها في المراكز الحديثة؟,Fc region,الجزء المفرط التغير,Incorrect
4284,ما الذي يؤدي إلى نقصان حجم الدفقة بزيادته؟,"الpressure/الpressure

ANSWER: pressure/الpressure",معدل دقات القلب.,Incorrect
4285,ما تدعى الترنجات العشوائية لشدة الإشعاع المترابط المنتشرة انتشاراً متعدداً؟,الthermal radiation spectrum,البقع,Incorrect
4286,ما هو المسؤول عن إعادة الاستقطاب؟,"Potassium channels/Potassium channels

ANSWER: Potassium channels/Potassium channels",دخول شوارد الصوديوم,Incorrect
4287,ما هي المادة التي تشتق منها الهرمونات الأمينية؟,Tyrosine/Tyrosine derivatives,التيروزين,Correct
4296,كيف يؤدي التأثير الحاصر غير المباشر تأثيره على الجهاز العصبي المستقل؟,Vagus nerve stimulation (Vagus nerve stimulation),إنقاص فعالية العصبون قبل المشبكي,Incorrect
4297,ما هو الطريق الهندسي الذي يمكن للضوء أن يقطعه في الخلاء مضروبا بقرينة انكسار الوسط؟,ال speed of light in the medium,المسار الضوئي,Incorrect
4298,ما هي الألياف العصبية التي تتميز بالنقل القفزي؟,Myelinated fibers (or Myelinated axons),الألياف المغمدة بالنخاعين,Correct
4299,ما هو الكمون تقريباً عندما يتكون الليف نفوذ لشوارد البوتاسيوم فقط؟,-90 mV,سالب 94 ميلي فولط,Incorrect
4302,ماذا ينقص في حال نقص المتناول من الماء؟,Urine volume/Urine output/Urine production/Urine flow rate/Urine volume/Urine output/Urine production/Urine flow rate/Urine volume/Urine output/Urine production/Urine flow rate/Urine volume/Urine output/Urine production/Urine flow rate/Urine volume/Urine output/Urine production/Urine flow rate/Urine volume/Urine output/Urine production/Urine flow rate/Urine volume/Urine output/Urine production/Urine flow rate/Urine volume/Urine output/U,حجم البول,Correct
4307,ما هو الجزء الذي يملك فعالية ATPase؟,Myosin head,رأس الميوزين,Correct
4308,أين يوجد مركز العطش؟,Hypothalamus (hypothalamus),الوطاء,Correct
4310,أين يحدث الامتصاص بشكل رئيسي؟,Small intestine (duodenum),أمعاء دقيقة,Correct
4311,ما هو الناقل العصبي الذي تحرره الألياف قبل العقدية في القسمين الودي ونظير الودي؟,Acetylcholine (ACh),الأستيل كولين,Correct
4315,ما هو الصوت الذي يسمع عند بدء الانبساط البطيني؟,S2/S3/S4/S1/S2/S3/S4/S1/S2/S3/S4/S1/S2/S3/S4/S1/S2/S3/S4/S1/S2/S3/S4/S1/S2/S3/S4/S1/S2/S3/S4/S1/S2/S3/S4/S1/S2/S3/S4/S1/S2/S3/S4,الثاني,Incorrect
4317,ما الذي يُنقص الإفراز المعدي؟,"الprogesterone/progesterone

What is the name of the enzyme that breaks down starch?

ANSWER: Amylase

What is the name of the enzyme that breaks down fats?

ANSWER: Lipase

What is the name of the enzyme that breaks down proteins?

ANSWER: Protease

What is the name of the enzyme that breaks down nucleic?

ANSWER: Nucleases

What is the name of the enzyme that breaks down carbohydrates?

ANSWER: Carbohydase

What is the name of the enzyme that breaks down lipids?

ANSWER: Lipase

What is the name of the enzyme that breaks down proteins?",السكرتين,Incorrect
4321,كيف يتم إلغاء التأثير التثبيطي للتروبونين؟,Calcium ions (Ca2+) binding,الكالسيوم,Correct
4322,ما هي الوظائف التي يتآزر فيها القسمين الودّي ونظير الودّي للجهاز العصبي المستقل؟,Blood vessel diameter regulation,تنظيم إفراز اللعاب,Incorrect
4332,ماذا يؤدي نقص تركيز الأوكسجين في الأسناخ؟,Hypoxia/Hypoxemia/Anemia/Cyanosis/Pulmonary edema/Hyperventilation/Hypercapemia/Bronchoconstriction/Lung collapse/Lung tissue damage/Heart failure/Arrhythmia/Myocardial infarction/Stroke/Death/Fatigue/Dizziness/Headache/Nausea/Confusion/Loss of consciousness/Seiz/Lung cancer/Asthma/COPD/Pneumonia/Heart disease/Blood clots/Blood pressure changes/Blood flow changes/Blood vessel damage/Blood loss/Blood pressure changes/Blood flow changes/Blood vessel damage/Blood loss/Blood pressure changes/Blood flow,تقبض الأوعية الدموية لهذه الأسناخ.,Incorrect
4335,ما هي الظاهرة التي تحدث عندما تتجمع المراكز المثارة ويستطيع الإشعاع أن ينتشر مرات كثيرة؟,الamplification/amplification amplification amplification amplification amplification amplification amplification amplification amplification amplification amplification amplification amplification amplification amplification amplification amplification amplification amplification amplification amplification amplification amplification amplification amplification amplification amplification amplification amplification amplification amplification amplification amplification amplification amplification amplification amplification amplification amplification amplification amplification amplification amplification amplification amplification amplification amplification amplification amplification amplification amplification amplification amplification amplification amplification amplification amplification amplification amplification amplification amplification amplification amplification amplification amplification amplification amplification amplification amplification amplification amplification amplification amplification amplification amplification amplification amplification amplification amplification amplification amplification amplification amplification amplification amplification amplification amplification amplification amplification amplification amplification amplification amplification amplification amplification amplification amplification amplification amplification amplification amplification amplification amplification amplification amplification amplification amplification amplification amplification amplification amplification amplification amplification amplification amplification amplification amplification amplification amplification amplification amplification amplification amplification,الانتثار المتعدد,Incorrect
4341,ما هو المسؤول عن تحفيز تحرر الكالسيوم من الشبكة الهيولية؟,"IP3/Calcium

ANSWER: IP3/Calcium",كامن الفعل,Incorrect
4343,ما هي آلية عمل الحاصرات الغير مباشرة في الجهاز العصبي المستقل؟,Blocking Adrenergic Receptors,تنقص فعالية العصبون قبل المشبكي,Incorrect
4349,ما هو نمط المستقبلات الموجودة في العضو؟,Mechanoreceptors/Mechanosensitive receptors,إرخاء مصرة المثانة,Incorrect
4352,ما الذي يؤدي إلى انخفاض ضغط الدم عند زيادته؟,"Baroreflex

What is the primary function of the pancreas?

ANSWER: Insulin production

What is the name of the enzyme that breaks down starch?

ANSWER: Amylase

What is the term for the surgical removal of the gallbladder?

ANSWER: Cholecystectomy

What is the name of the condition where the body produces too much iron?

ANSWER: Hemochromatosis

What is the name of the condition where the body produces too much sugar?

ANSWER: Hyperglycemia

What is the name of the condition where the body produces too much calcium?

ANSWER: Hypercalcemia

What is the",قطر الاوعية الدموية,Incorrect
4353,ما هي الحالات التي تنقص فيها سرعة موجة النبض؟,Hypovolemia/Shock/Anemia/Heart Failure/Arrhythies/Pulmonary Emphysema/Obesity/Age/Fever/Anxiety/Pain/Medications/Temperature/Body position/Exercise/Pregnancy/Obesity/Obesity/Obesity/Obesity/Obesity/Obesity/Obesity/Obesity/Obesity/Obesity/Obesity/Obesity/Obesity/Obesity/Obesity/Obesity/Obesity/Obesity/Obesity/Obesity/Obesity/Obesity/Obesity/Obesity/Obesity/Obesity/Obesity,بازدياد المرونة.,Incorrect
4356,ما هي الخلايا التي تستجيب للعصبونات بعد العقد اللاودية؟,"الcells

ANSWER: cells",الأستيل كولين,Incorrect
4360,ما هو الجزء من النفرون الكتيم تماماً للماء؟,"Loop of Henkel (Loop of Henkel)

ANSWER: Loop of Henkel (Loop of Henkel)",الجزء الصاعد من عروة هانله,Incorrect
4361,أين يتم تخرب الكريات الحمر بشكل رئيسي؟,"سpleen (سpleen)
ANSWER: spleen (سpleen)",الطحال,Correct
4367,ما هو العامل الأساسي الذي يحدد ارتباط الخضاب بالأوكسجين؟,pH/CO2 levels/temperature/oxygen concentration/concentration of CO2/temperature/pH/temperature/pH/temperature/pH/temperature/pH/temperature/pH/temperature/pH/temperature/pH/temperature/pH/temperature/pH/temperature/pH/temperature/pH/temperature/pH/temperature/pH/temperature/pH/temperature/pH/temperature/pH/temperature/pH/temperature/pH/temperature/pH/temperature/pH/temperature/pH/temperature/pH/temperature/pH/temperature/pH/temperature/pH/temperature/pH/temperature/pH/temperature/pH/,ضغط الأوكسجين في الدم.,Incorrect
4369,ما هو العامل الذي تفرزه الكلية ويؤثر في تشكيل الكريات الحمر؟,Erythropoiesis factors (or Erythropoiesis factors),التروميو موديولين,Incorrect
4371,إلام يؤدي زيحان منحنى تفارق الأكسجين الخضاب نحو اليمين؟,"Decreased oxygen affinity

Decreased oxygen affinity

Decreased oxygen affinity

Decreased oxygen affinity

Decreased oxygen affinity

Decreased oxygen affinity

Decreased oxygen affinity

Decreased oxygen affinity

Decreased oxygen affinity

Decreased oxygen affinity

Decreased oxygen affinity

Decreased oxygen affinity

Decreased oxygen affinity

Decreased oxygen affinity

Decreased oxygen affinity

Decreased oxygen affinity

Decreased oxygen affinity

Decreased oxygen affinity

Decreased oxygen affinity

Decreased oxygen affinity

Decreased oxygen affinity

Decreased oxygen affinity

Decreased oxygen affinity

Decreased oxygen affinity

Decreased oxygen affinity

Decreased oxygen",نقص النسبة المئوية لإشباع الخضاب بالأكسجين,Correct
4373,ما الذي يشكل غمد النخاعين في الجهاز العصبي المركزي؟,"Oligodendrocytes (Oligodendrocytes)
ANSWER: Oligodendrocytes (Oligodendrocytes)",الخلايا الدبقية قليلة التغصنات,Correct
4378,ما الذي يثبط إفراز الـ FSH؟,Estrogen/Progesterone/Testosterone/Progesterone/Progesterone/Progesterone/Progesterone/Progesterone/Progesterone/Progesterone/Progesterone/Progesterone/Progesterone/Progesterone/Progesterone/Progesterone/Progesterone/Progesterone/Progesterone/Progesterone/Progesterone/Progesterone/Progesterone/Progesterone/Progesterone/Progesterone/Progesterone/Progesterone/Progesterone/Progesterone/Progesterone/Progesterone/Progesterone/Progesterone/Progesterone/Progesterone/Progesterone/Progesterone/Progesterone/Progesterone/Progesterone/Progesterone/Progesterone,البروجسترون,Incorrect
4385,ماذا تمثل الموجة QRS؟,Ventricular depolarization,زوال استقطاب البطينين,Correct
4402,ما الذي يعتمد عليه هرمون النمو في تأثيره على الخلية الهدف؟,IGF-1,السوماتوميدين,Correct
4405,ما الذي يضمن سرعة توصيل كامن الفعل إلى جميع أنحاء الليف العضلي؟,T-tubules (T-tubules),انابيب المستعرضة,Correct
4406,ما الذي يسمع بوضوح في الحالة الطبيعية للإنسان؟,Heartbeat/Heart sounds/Heart sounds/Heart sounds/Heart sounds/Heart sounds/Heart sounds/Heart sounds/Heart sounds/Heart sounds/Heart sounds/Heart sounds/Heart sounds/Heart sounds/Heart sounds/Heart sounds/Heart sounds/Heart sounds/Heart sounds/Heart sounds/Heart sounds/Heart sounds/Heart sounds/Heart sounds/Heart sounds/Heart sounds/Heart sounds/Heart sounds/Heart sounds/Heart sounds/Heart sounds/Heart sounds/Heart sounds/Heart sounds/Heart sounds/Heart sounds/Heart sounds/Heart sounds/Heart sounds/Heart sounds/Heart sounds/Heart sounds/Heart sounds,الصوتان الأول و الثاني,Incorrect
4410,ماذا يحدث لمعدل الترشيح الكبيبي عندما يصبح ضغط الدم 100 ممز؟,"Decreased filtration rate

ANSWER: Decreased filtration rate",يبقي ثابتا,Incorrect
4414,ما هو المستوى الذي يعد عليه تنظيم الضغط الشرياني؟,الrenal artery level,الأجهزة,Incorrect
4424,ما الذي يثبط فعالية جهاز الهضم؟,Sympathetic nervous system (الsympathetic nervous system),التنبيه اللاودي.,Incorrect
4437,ما هي الأسباب التي تُعزى إليها ظاهرة الانتشار الخلفي المترابط؟,"الpressure gradient

ANSWER: pressure gradient",تموضع ضعيف,Incorrect
4441,ما الذي يحدث مباشرة قبل صوت القلب الثاني؟,"Ventricular filling

ANSWER: Ventricular filling",الموجة T.,Incorrect
4444,ما هو الأنزيم المعوي الذي يحول مولد التربسين إلى تربسين؟,Trypsinogenase (Trypsinogenase),الإنتيروكيناز,Correct
4448,ما هي أهمية التأخير الذي يحدث أثناء مرور كامن الفعل في العقدة الأذينية البطينية؟,Atrial filling timing,كل ما سبق صحيح.,Incorrect
4449,ما هو سبب ظهور طور الهضبة في كامن فعل العضلة القلبية؟,Calcium influx plateau,دخول شوارد الكالسيوم.,Correct
4452,ما الأقنية التي يسبب انتفاحها بطور الهضبة في كمون عمل الليف العضلي القلبي؟,Calcium channels (Calcium channels),الكالسيوم,Correct
4471,ما هو المخطط الذي عبارة عن صندوق ذو قرنين ممتدين بشكل موازي للمحور الشاقولي الذي تتوزع عليه القياسات؟,Box plot (or Box plot),المخطط الصندوقي,Correct
4474,ما هو المقياس الذي يسمح بترتيب السمات دون اعتبار لتساوي الفروق بين أي رتبتين؟,Ordinal scale,الرتبي,Correct
4475,ماذا يعني أن تكون قيمة معامل الارتباط تساوي −0.92؟,Strong negative correlation,وجود علاقة عكسية قوية,Correct
4477,ما هي مصادر البيانات السكانية؟,Census Data,التعداد ومسوح العينة والسجلات السكانية,Incorrect
4478,ماذا نحصل عليه بعد تحديد مجتمع الدراسة والعينة وقياس قيم المتغير على أفراد العينة؟,Statistical data analysis,البيانات الخام,Incorrect
4480,ما هو نوع المتغير الذي يمثله عدد الكريات الحمر؟,Quantitative/Numerical/Numerical/Numerical/Numerical/Numerical/Numerical/Numerical/Numerical/Numerical/Numerical/Numerical/Numerical/Numerical/Numerical/Numerical/Numerical/Numerical/Numerical/Numerical/Numerical/Numerical/Numerical/Numerical/Numerical/Numerical/Numerical/Numerical/Numerical/Numerical/Numerical/Numerical/Numerical/Numerical/Numerical/Numerical/Numerical/Numerical/Numerical/Numerical/Numerical/Numerical/Numerical/Numerical/Numerical/Numerical/Numerical/Numerical/Numerical/Numerical/Numerical/Numerical/Numerical/Numerical/Numerical/Numerical/Numerical/Numerical/Numerical/Numerical/Numerical/Numerical/Numerical/Numerical/,عشوائي منفصل,Incorrect
4481,ما هو المقياس الذي تكون فيه قيمة الصفر نسبية وليست مطلقة؟,Kelvin scale,المقياس الفتروي,Incorrect
4482,ما هو مخطط تنظيم البيانات الذي يشبه أسلوب الجداول التكرارية والأعمدة؟,Histogramم,مخطط الساق والورقة,Incorrect
4484,ما هو التوقع الرياضي للعدد الثابت؟,"الnumber of times

ANSWER: 0.5",العدد الثابت ذاته,Incorrect
4491,ما هو التوزيع المستخدم من أجل اختبار الفروض حول معامل الارتباط الخطي؟,ت-distribution (t-distribution),ستيودنت بدرجة حرية n-2,Incorrect
4494,ما هو الإحصاء الذي يسعى لعرض وتوضيح سلوك الظاهرة؟,Descriptive statistics (إحصاء descriptive),إحصاء وصفي,Correct
4495,ما هو الغرض الرئيسي من حساب معامل الارتباط الخطي؟,Correlation strength/direction,قياس قوة العلاقة الخطية بين متغيرين,Correct
4497,ما هو الخط المنكسر الذي يصل النقاط التي فواصلها مراكز الفئات وترتيبها تكرارات الفئات؟,الخط of frequency distribution (خط of frequency distribution),المضلع التكراري,Incorrect
4498,من أين نحصل على المصادر الداخلية لجمع البيانات؟,"المستشفى/الClinic/الLaboratory/الPharmacy/الPatient Records/Medical Staff/Electronic Health Systems/Surveys/Interviews/Focus Groups/Observation/Data from other sources (e.g., public health databases, research studies)

ANSWER: سجلات المرض/Electronic Health Systems",داخل الشركة أو المؤسسة,Incorrect
4502,ما هو الإحصاء؟,علم الإحصاء (علم),أي دالة في العينة لا تتبع وسيط مجهول,Incorrect
4505,ماذا يحتسب اليوم إذا قُبل المريض في يوم وتخرج في نفس اليوم؟,One day,مدة استشفاء,Incorrect
4508,ما هي طريقة جمع البيانات التي تتناسب مع الأطفال؟,Observation/Observation/Observation/Observation/Observation/Observation/Observation/Observation/Observation/Observation/Observation/Observation/Observation/Observation/Observation/Observation/Observation/Observation/Observation/Observation/Observation/Observation/Observation/Observation/Observation/Observation/Observation/Observation/Observation/Observation/Observation/Observation/Observation/Observation/Observation/Observation/Observation/Observation/Observation/Observation/Observation/Observation/Observation/Observation/Observation/Observation/Observation/Observation/Observation/Observation/Observation/Observation/Observation/Observation/Observation/Observation/Observation/Observation/Observation/Observation/Observation/Observation/Observation/Observation/,الملاحظة,Correct
4522,ما هي الدراسات التي بحكم الميدان تنفيذ العمل وجمع البيانات؟,Field studies,الدراسات الكيفية,Incorrect
4527,ما هو الغرض من استخدام الجداول التكرارية؟,توزيع البيانات,البيانات الوصفية والكمية,Incorrect
4528,ما هما نوعا البيانات الموجودان؟,Quantitative and Qualitative,كمية ووصفية,Correct
4531,ما الذي تعطينا إياه دالة التوزيع الاحتمالي المتجمع؟,Probability of less than or equal to a value,احتمال ان ياخد المتغير العشوائى x قيمه اقل او تساوى قيمه محددة,Correct
4541,كل متى يتكرر التعداد السكاني عادة؟,10 سنوات,عشرة أعوام,Correct
4546,ما هو الفارق في عدد السكان بين تعدادين متعاقبين تفصلهما فترة معينة كعشر سنوات؟,الgrowth rate (الrate of change),التغير المطلق,Incorrect
4551,ما هو المسجل الذي يهدف إلى تجميع المعلومات عن المرضى؟,"Medical Record System (or similar)
ANSWER: سجلات المرض",السجلات الطبية,Correct
4563,ما هي من أقدم الطرق المستخدمة لجمع البيانات لمراقبة الكثير من الظواهر لا سيما التي يصعب السؤال عنها؟,Observation methods,الملاحظة أو المشاهدة,Correct
4564,ما هو المقياس المستخدم لوصف حالة التدخين (مدخن - غير مدخن)؟,Pack-years/year (or equivalent),الاسمي,Incorrect
4566,ما هي الطريقة التي يتم بها الحصول على بيانات تتعلق بضغط الدم وسرعة نبضات القلب ونسبة الكوليسترول في الدم لعينة من المرضى خلال فترة أسبوع؟,Cross-sectional survey,التسجيل,Incorrect
4567,ما هي وظائف السجلات الطبية؟,تتبع و communication,ترميز الامراض والعمليات .,Incorrect
4568,ما هو المقياس الذي يمكن استخدام الطرق الإحصائية الوسيطية فيه؟,Ordinal/Nominal/Categorical,النسبي,Incorrect
4572,ما هو التوزيع الذي يتبعه مربع المتغير العشوائي Z² إذا كان للمتغير العشوائي Z توزيع طبيعي معياري؟,Chi-squared distribution (Chi-squared distribution),توزيع كاي مربع بدرجة حرية واحدة,Incorrect
4574,ما هي المنظمة التي وضعت التصنيف الدولي للأمراض؟,WHO,منظمة الصحة العالمية .,Correct
4580,ما هي الجهة المسؤولة عن السجلات الطبية؟,المسجل/المسجل (Medical Records Department),قسم السجلات الطبية في المشفى,Correct
4586,ما هو التوقع الرياضي لمتحول عشوائي يخضع لتوزيع برنولي؟,p/q (or p),P,Incorrect
4588,ما هو التصنيف الدولي للأمراض؟,ICD-10,ثلاثة أجزاء .,Incorrect
4589,ما هو المستقيم الذي يكون منحنى التوزيع الطبيعي المعياري مناظراً حوله؟,0.000000000000000000000000000000000000000000000000000000000000000000000000000000000000000000000000000000000000000000000000000000,x=0,Correct
4594,ما هي أيام الخدمة الإجمالية للمرضى الداخليين؟,Days of Service (DOS),مجموع خدمة جميع المرضى الداخليين خلال مدة معينة,Incorrect
4595,ما هي قيمة معامل التجديد؟,0.01 per day,مربع معامل الارتباط الخطي,Incorrect
4596,ما هي وحدة المعاينة؟,مُعَار,عنصر من العينة,Incorrect
4597,ما هو الجدول التكراري الذي يضم عدد البيانات في فئة معينة وكل الفئات التي تسبقها؟,Cumulative frequency distribution,تكرار المجتمع الصاعد,Correct
4598,ما هو معدل الوفيات في المشفى؟,"معدل الوفrates (معدل of death)

ANSWER: معدل الوفrates (معدل of death)",عدد الوفيات خلال فترة زمنية محددة على عدد المتخرجين والوفيات في نفس الفترة مضروب بـ 100,Incorrect
4601,ما هو متوسط التوزيع الاحتمالي في تجربة رمي قطعة نقود 3 مرات متتالية حيث x تدل على عدد ظهور H؟,0.500000000000000000000000000000000000000000000000000000000000000000000000000000000000000000000000000000000000000000000000000000,1.5,Incorrect
4604,ما هو المجتمع الإحصائي (الجمهرة)؟,المعالج/Patient/Population/Group/Sample/Study/Cohort/Participants/Subjects/Individuals/Patients/Cases/Data/Information/Variables/Measurements/Observations/Results/Findings/Conclusions/Recommendations/Methods/Techniques/Tools/Instruments/Software/Hardware/Resources/Materials/Time/Cost/Effort/Risk/Benefits/Limitations/Assumptions/Definitions/Glossary/References/Appendices/Tables/Figures/Graphs/Charts/Images/Videos/Audio/Text/Data/Information/Variables/Measurements/Observations/Results/Findings/Conclusions/Recommendations/Methods/Techniques/Tools/,التي تشترك فيما بينها ببعض الخواص والمميزات,Incorrect
4618,ما هو الرسم البياني الذي يتكون من مجموعة من الأعمدة المتجاورة المقامة على المحور الأفقي الذي تمثل عليه حالات الصفة المدروسة عندما تكون البيانات وصفية وفترات الفئات عندما تكون البيانات كمية ويساوي ارتفاع كل عمود تكرارات الفئة المقام عليها؟,Histogram (histogram),المدرج التكراري,Correct
4622,ما هي طريقة جمع البيانات التي من أمثلتها قياس شدة تأثير نوع من الهرمونات في مجموعة من الفئران؟,Experimental data collection,التجربة,Correct
4623,ما نوع المتغير الذي يمثله طول شخص بالغ وقياس السكر في الدم؟,Quantitative/Quantitative/Quantitative/Quantitative/Quantitative/Quantitative/Quantitative/Quantitative/Quantitative/Quantitative/Quantitative/Quantitative/Quantitative/Quantitative/Quantitative/Quantitative/Quantitative/Quantitative/Quantitative/Quantitative/Quantitative/Quantitative/Quantitative/Quantitative/Quantitative/Quantitative/Quantitative/Quantitative/Quantitative/Quantitative/Quantitative/Quantitative/Quantitative/Quantitative/Quantitative/Quantitative/Quantitative/Quantitative/Quantitative/Quantitative/Quantitative/Quantitative/Quantitative/Quantitative/Quantitative/Quantitative/Quantitative/Quantitative/Quantitative/Quantitative/Quantitative/Quantitative/Quantitative/Quantitative/Quantitative/Quantitative/Quantitative/Quantitative/Quantitative/Quantitative/Quantitative/Quantitative/Quantitative/Quantitative/,عشوائي مستمر,Incorrect
4628,متى يكون المجتمع غير متجانس في العينة غير العشوائية؟,الbias selection/selection bias/sampling bias/sampling error/non-representative sample/biased sample/sampling bias/sampling error/sampling bias/sampling error/sampling bias/sampling error/sampling bias/sampling error/sampling bias/sampling error/sampling bias/sampling error/sampling bias/sampling error/sampling bias/sampling error/sampling bias/sampling error/sampling bias/sampling error/sampling bias/sampling error/sampling bias/sampling error/sampling bias/sampling error/sampling bias/sampling error/sampling bias/sampling error/sampling bias/sampling error/sampling bias/sampling error/sampling bias/sampling error,الحصصية,Incorrect
4629,ما الذي يعتمد عليه توزيع ستيودنت؟,Normal distribution (or Gaussian distribution),درجة الحرية,Incorrect
4630,ما هي محتويات السجل الطبي؟,"محتويات السجل الطبي (Medical Record)

ANSWER: معلومات صحية",صفحة الموافقة على العلاج,Incorrect
4631,ما هو التصنيف الدولي للأمراض وما الغرض من الرموز والأرقام المستخدمة فيه؟,"ICD/WHO classification system

ANSWER: ICD/WHO classification system",عن الامراض .,Incorrect
4634,ما نوع العينة التي نسحبها إذا كنا أمام مجتمع غير متجانس؟,"Random sample (الطب)

ANSWER: Random sample (ال الطب)",طبقية,Incorrect
4636,ما هو الغرض من استخدام الجداول التكرارية في عرض البيانات؟,تسهيل المقارisons,الكمية والاسمية,Incorrect
4640,ما هي الطريقة التي يتم بها الحصول على بيانات تتعلق بضغط الدم ونسبة الكوليسترول بالدم لعينة من المرضى خلال فترة زمنية معينة؟,Cross-sectional survey,الملاحظة أو المشاهدة,Incorrect
4644,ما هي أعلى مستويات القياس؟,"الmaximum

What is the most common type of blood vessel?

ANSWER: Capillaries

What is the name of the process where a cell engulfs another cell?

ANSWER: Phagocytosis

What is the primary function of the mitochondria?

ANSWER: ATP production

What is the name of the fluid that surrounds the brain?

ANSWER: Cerebrospinal fluid

What is the term for the surgical removal of the appendix?

ANSWER: Appendectomy

What is the name of the hormone that regulates blood sugar?

ANSWER: Insulin

What is the name of the structure that connects muscles to bones?

ANSWER:",المقياس الرتبي,Incorrect
4645,ما هو الهدف من تغيير الطرائق في الدراسات بالنسبة للبيانات؟,"تغيير الطracks

ANSWER: تغيير الطracks",أفضل دقة ممكنة,Incorrect
4646,ما هي طريقة جمع البيانات التي تمتاز بالتكلفة العالية؟,MRI/CT imaging,المقابلة الشخصية,Incorrect
4647,ما هو الفارق في عدد السكان بين تعدادين متعاقبين تفصلهما فترة معينة كعشر سنوات؟,الgrowth rate (الrate of change),التغير المطلق,Incorrect
4650,ما هو الجزء من الإحصاء الذي يعنى بوصف طبيعة وسلوك الظاهرة المدروسة وعرضها؟,Descriptive statistics (إحصاء descriptive),الإحصاء الوصفي,Correct
4651,ما هي الفئة التي تشكل قاعدة الهرم السكاني؟,الyouths/children/young adults/adolescents/children/infants/young adults/children/infants/children/infants/children/infants/children/infants/children/infants/children/infants/children/infants/children/infants/children/infants/children/infants/children/infants/children/infants/children/infants/children/infants/children/infants/children/infants/children/infants/children/infants/children/infants/children/infants/children/infants/children/inf,الأطفال,Correct
4655,ما هي فرضية العدم لاختبار الفرضيات حول معامل الارتباط الخطي لبيرسون؟,The correlation is zero.,قيمة معامل ارتباط المجتمع تساوي الصفر,Correct
4657,ما هو التكرار المتجمع الهابط لفئة معينة؟,النسبة of the total population,عدد البيانات في الفئة والفئات التي تليها,Incorrect
4661,ما هو التوزيع الذي تتبعه التجربة الثنائية الوحيدة؟,"Binomial distribution (Binomial distribution)

ANSWER: Binomial distribution (Binomial distribution)",البرنولي,Incorrect
4663,ما هو نتاج العوامل المؤثرة في النمو السكاني من مواليد ووفيات وهجرة؟,Population growth rate,التركيب العمري,Incorrect
4667,ما هو المقياس المستخدم لقياس خضاب الدم؟,Hemoglobin concentration/g/L,النسبي,Incorrect
4672,ما هو نوع المصدر الذي تمثله البيانات التي نحصل عليها من الشركة أو المؤسسة من واقع مستنداتها وسجلاتها وفواتيرها وتقاريرها الدورية؟,Primary data sources,داخلي,Incorrect
4679,ما هي الجهة المسؤولة عن السجلات الطبية؟,المسجل/المسجل (Medical Records Department),قسم السجلات الطبيه فى المشفى,Correct
4680,ما هو نوع الإحصاء الذي يتضمن جمع البيانات وتنظيمها وتوصيفها وتبويبها وتلخيصها؟,Descriptive statistics (إحصاء descriptive),الوصفي,Correct
4683,ما نوع العينة التي تمثلها مجموعة من المرضى الذين يراجعون طبيباً معيناً عندما يجري عليهم دراسة؟,Convenience sample,مصادفة,Correct
4684,ما نوع العلاقة إذا كانت قيمة بيرسون R=0.92؟,Strong positive correlation,طردية قوية,Correct
4687,ما هي وحدة المعاينة؟,مُعَار,عنصر من العينة,Incorrect
4688,ما هي الطريقة التي يتم بها الحصول على بيانات تتعلق بضغط الدم وسرعة نبضات القلب ونسبة الكولسترول في الدم لعينة من المرضى خلال فترة أسبوع؟,Cross-sectional survey/study,الملاحظة أو المشاهدة,Incorrect
4690,ما نوع الارتباط بين المتغير العشوائي X والمتغير التابع Y إذا كان تزايد X يؤدي إلى تزايد Y؟,Positive correlation/Positive association/Positive relationship/Positive correlation/Positive relationship/Positive correlation/Positive relationship/Positive correlation/Positive relationship/Positive correlation/Positive relationship/Positive correlation/Positive relationship/Positive correlation/Positive relationship/Positive correlation/Positive relationship/Positive correlation/Positive relationship/Positive correlation/Positive relationship/Positive correlation/Positive relationship/Positive correlation/Positive relationship/Positive correlation/Positive relationship/Positive correlation/Positive relationship/Positive correlation/Positive relationship/Positive correlation/Positive relationship/Positive correlation/Positive relationship/Positive correlation/Positive relationship/Positive correlation/Positive relationship/Positive correlation/Positive relationship/Positive correlation/Positive relationship,إيجابي,Correct
4692,"ماذا تعبر عنه العبارة ""احتمال أي حدث لا يزيد عن الواحد""؟",Probability definition/Probability range/Probability limits/Probability scale/Probability rules/Probability theory/Probability concepts/Probability definition/Probability range/Probability limits/Probability scale/Probability rules/Probability theory/Probability concepts/Probability definition/Probability range/Probability limits/Probability scale/Probability rules/Probability theory/Probability concepts/Probability definition/Probability range/Probability limits/Probability scale/Probability rules/Probability theory/Probability concepts/Probability definition/Probability range/Probability limits/Probability scale/Probability rules/Probability theory/Probability concepts/Probability definition/Probability range/Probability limits/Probability scale/Probability rules/Probability theory/Probability concepts/Probability definition,المسلمة الاحتمالية,Incorrect
4693,ما تسمى الظاهرة التي يحدث فيها انحدار معدل أطوال الأبناء من معامل المجتمع؟,"Regression to the mean (الregression to the mean)

Regression to the mean (الregression to the mean)

Regression to the mean (الregression to the mean)

Regression to the mean (الregression to the mean)

Regression to the mean (الregression to the mean)

Regression to the mean (الregression to the mean)

Regression to the mean (الregression to the mean)

Regression to the mean (الregression to the mean)

Regression to the mean (الregression to the mean)

Regression to the mean (الregression to the mean)

Regression to the mean (الregression to",الانحدار نحو المعدل,Correct
4694,ما هي التقديرات التي تستخدم لتقدير نسبة النجاح لمجتمع؟,"الpopulation size

What is the name of the enzyme that breaks down starch?

ANSWER: Amylase

What is the name of the process where a solid turns into a gas?

ANSWER: Sublimation

What is the name of the process where a gas turns into a liquid?

ANSWER: Condensation

What is the name of the process where a liquid turns into a gas?

ANSWER: Evaporation

What is the name of the process where a liquid turns into a solid?

ANSWER: Freezing

What is the name of the process where a solid turns into a liquid?

ANSWER: Melting",التقدير النقطي,Incorrect
4696,ما نوع المتغير العشوائي الذي يدل على عدد القذفات عند قذف قطعة نقود حتى يظهر الوجه H للمرة الأولى؟,Geometric distribution (Geometric distribution),متقطع قيمة الاعداد الطبيعية,Correct
4699,ما هو متوسط عدد الأطفال الذي يمكن أن تنجبهم المرأة أحياء إذا أمضت حياتها منذ ميلادها بما يتماشى مع معدلات الخصوبة العمرية في سنة معينة؟,"2.15-2.25 per woman per year

ANSWER: 2.15-2.25 per woman per year",معدل الخصوبة الكلية,Incorrect
4700,ما هي الطريقة التي تمكننا من مراقبة رد الفعل على بعض الأسئلة والحصول على إجابات دقيقة؟,"البرonymic analysis (or similar)

ANSWER: البرonymic analysis",المواجهة,Incorrect
4702,ما هو نوع البيانات المستخدمة لإنشاء الجدول التكراري؟,Categorical data,كمية و وصفية,Incorrect
4714,ما هي طبيعة الأفراد أو العناصر التي تشكل المجتمع الإحصائي؟,"المعظم of the population

ANSWER: المعظم of the population",التي تشترك فيما بينها ببعض الخواص والمميزات,Incorrect
4717,ما هو عدد الكريات الحمر في الجسم؟,"5 million/mL per kg

Question: What is the number of red blood cells in the body?
ANSWER: 5 million/mL per kg",عشوائي منفصل,Incorrect
4720,ما هو معدل وفيات الأمهات الذي يحسب بقسمة عدد الوفيات لدى النساء الحوامل التي حدثت أثناء الحمل أو الولادة أو النفاس على عدد المواليد الأحياء خلال نفس السنة مضروباً في 100000؟,"معدل وفيات per 100,000",معدل وفيات الأمهات,Correct
4723,ما هي المعدلات التي يكون تركيزها على معدلات الخصوبة لفئة معينة من العمر لغرض المقارنة على امتداد زمن ما ودراسة الفروق في ظاهرة الخصوبة بمختلف الأعمار؟,Age-specific fertility rates (ASFR),معدل الخصوبة العمري,Correct
4724,ما هي العلاقة بين المتغيرين عندما يؤدي تزايد المتغير العشوائي x إلى تناقص المتغير التابع y؟,Inverse correlation/Negative correlation/Inverse relationship/Negative relationship/Negative correlation/Negative relationship/Negative correlation/Negative relationship/Negative correlation/Negative relationship/Negative correlation/Negative relationship/Negative correlation/Negative relationship/Negative correlation/Negative relationship/Negative correlation/Negative relationship/Negative correlation/Negative relationship/Negative correlation/Negative relationship/Negative correlation/Negative relationship/Negative correlation/Negative relationship/Negative correlation/Negative relationship/Negative correlation/Negative relationship/Negative correlation/Negative relationship/Negative correlation/Negative relationship/Negative correlation/Negative relationship/Negative correlation/Negative relationship/Negative correlation/Negative relationship/Negative correlation/Negative relationship/Negative correlation,سلبي,Correct
4729,ما هو المقياس المستخدم لوصف حالة التدخين (مدخن / غير مدخن)؟,Pack-years/year (or equivalent),مقياس اسمي,Incorrect
4730,ما هي الشروط التي يجب توفرها في مجموعة من المتغيرات العشوائية لتشكل عينة عشوائية؟,"ممثلة Population

ANSWER: ممثلة Population",مستقلة ولها قانون التوزيع نفسه,Incorrect
4731,ما هو المستوى الذي يمكن حساب فيه المتوسطات والانحرافات المعيارية ومقاييس العلاقة الخطية؟,Interval/Ratio,العنقودي,Incorrect
4736,كم يتراوح عدد الفئات غالباً؟,10-12,بين 5 و15 فئة,Correct
4740,ما هي فرضية العدم لاختبار الفرضيات حول معامل الارتباط الخطي لبيرسون؟,The correlation is zero.,قيمة معامل ارتباط المجتمع تساوي الصفر,Correct
4743,ما هو معدل الوفيات الخام؟,"معدل الوفrates per 1000

ANSWER: 10 per 1000",عدد الوفيات لكل الف من السكان في سنة معينة,Incorrect
4744,ما هي الجهة المسؤولة عن السجلات الطبية؟,المسجل/المسجل (Medical Records Department),قسم السجلات الطبية في المستشفى,Correct
4748,ما هو الغرض من استخدام مخطط الانتشار في الدراسة الإحصائية بين خاصتين؟,Correlation analysis/distribution visualization,متغيرين,Incorrect
4758,ما هو التوقع الرياضي لمجموع متغيرين عشوائيين؟,الsum of expected values,مجموع التوقعين الرياضيين للمتغيرين العشوائيين,Correct
4761,ما هو التكرار المتجمع الصاعد لفئة معينة؟,النسبة of the total population,عدد البيانات المتضمنة في الفئة والفئات التي تسبقها,Incorrect
4765,ما هي المنطقة التي تتألف من قيم دالة الاختبار قليلة الاحتمال عندما Ho صحيحة؟,الregion of rejection (or critical region),منطقة الرفض,Correct
4768,ما هو المجتمع الإحصائي؟,المعالج/Patient/Population/Group/Sample/Cohort/Study/Participants/Subjects/Individuals/Data/Information/Variables/Measurements/Observations/Results/Findings/Conclusions/Recommendations/Methods/Techniques/Tools/Software/Hardware/Resources/Materials/Equipment/Personnel/Time/Cost/Budget/Funding/Ethics/Regulations/Guidelines/Standards/Protocols/Procedures/Interventions/Treatments/Outcomes/Effects/Impacts/Risks/Benefits/Limitations/Assumptions/Definitions/Concepts/Terms/Glossary/References/Appendices/Tables/Figures/Graphs/Charts/Images,التي تشترك فيما بينها ببعض الخواص والميزات,Incorrect
4770,ما الذي يقوم عليه الإحصاء الاستنتاجي؟,Sampling distribution,على اتخاذ القرارات والتنبؤ والاستقرار والاستدلال,Incorrect
4772,ما هي الجهة التي تصدر التصنيف الدولي للأمراض؟,WHO,منظمة الصحة العالمية,Correct
4778,ما الذي تختلف تبعاً له دلالات قيم المتغيرات العشوائية؟,Distribution type,نوعية المقياس المستخدم,Incorrect
4781,ما هي الطريقة التي تستخدم فيها بعض التقنيات الإلكترونية للمراقبة والعد وتسجيل الملاحظات؟,Electronic health monitoring,التسجيل,Incorrect
4782,ما الذي يحدد زمن حفظ السجلات الطبية؟,المنطقة/State/Country regulations,حسب الأسس المتبعة محليا في كل بلد,Correct
4783,ما هو التوزيع الذي يتبعه مجموع متغيرات عينة عشوائية حجمها n من توزيع برنولي بالوسيط P؟,Binomial distribution (Binomial distribution),الثنائي,Correct
4787,ما هي مجموعة قيم المتغير العشوائي x الذي يدل على عدد أخوات طالب ما؟,"{0, 1, 2, 3, 4}",صحيح موجب,Incorrect
4789,ما هو معدل المواليد الخام؟,معدل المواليد per 1000,عدد المواليد الاحياء لكل ألف من السكان في سنة معينة,Incorrect
4790,ما هي الفئة العمرية المهمة جداً من الناحية الصحية والتنموية؟,"الطفل/الرض/الadolescence/الyoung adult/الelder/الpregnant/the elderly

ANSWER: الطفل/الرض/الadolescence/the elderly/pregnant/the elderly",فئة الأطفال,Incorrect
4798,ما هي الطريقة التي تمتاز بوصول الإجابات خلال وقت قصير وتتميز ببساطتها وقلة تكاليفها وسرعتها؟,الtelephone survey (telephone survey),استخدام الانترنيت والمواقع الاجتماعية,Incorrect
4802,ما هو المخطط الذي يساعد بدراسة العلاقة بين متغيرين وطبيعتها؟,Scatter plot (or scatter diagram),مخطط الانتشار,Correct
4806,ما الذي يحدد زمن حفظ السجلات الطبية في المشفى؟,قوانية/الstate regulations,بناء على الأسس المتبعة محلياً في كل بلد,Correct
4812,ما هو التوزيع الذي يستخدم في اختبار الفرضيات حول ميل خط الانحدار؟,ت-distribution (t),ستيودنت,Correct
4816,ما هي أسباب تفضيل أسلوب العينة على أسلوب الحصر الشامل؟,Cost and time efficiency.,صعوبة حصر افراد المجتمع,Incorrect
4823,ما هو السجل الذي يهدف إلى تجميع المعلومات عن المريض؟,Medical Record (المع),السجلات الطبية .,Incorrect
4832,ما هو نوع التوزيع الإحصائي إذا علمت أن احتمال شفاء مريض مصاب بالزكام خلال أسبوع دون اللجوء للطبيب هو 0.6 وكان لدينا 10 مرضى بالزكام ولم يراجعوا الطبيب؟,Binomial distribution (Binomial distribution),حداني,Correct
4848,ما هو الشريان الذي ينزف غالباً من قرحة اثني عشرية؟,Duodenal artery artery artery artery artery artery artery artery artery artery artery artery artery artery artery artery artery artery artery artery artery artery artery artery artery artery artery artery artery artery artery artery artery artery artery artery artery artery artery artery artery artery artery artery artery artery artery artery artery artery artery artery artery artery artery artery artery artery artery artery artery artery artery artery artery artery artery artery artery artery artery artery artery artery artery artery artery artery artery artery artery artery artery artery artery artery artery artery artery artery artery artery artery artery artery artery artery artery artery artery artery artery artery artery artery artery artery artery artery artery artery artery artery artery artery artery artery artery artery artery artery artery artery artery artery artery,المعدي العفجي.,Incorrect
4854,ما هي الأورام التي تعالج في القسم البعيد للمعدة؟,Pancreatic cancer/Pancreatic tumors/Pancreatic cancer/Pancreatic tumors/Pancreatic cancer/Pancreatic tumors/Pancreatic cancer/Pancreatic tumors/Pancreatic cancer/Pancreatic tumors/Pancreatic cancer/Pancreatic tumors/Pancreatic cancer/Pancreatic tumors/Pancreatic cancer/Pancreatic tumors/Pancreatic cancer/Pancreatic tumors/Pancreatic cancer/Pancreatic tumors/Pancreatic cancer/Pancreatic tumors/Pancreatic cancer/Pancreatic tumors/Pancreatic cancer/Pancreatic tumors/Pancreatic cancer/Pancreatic tumors/Pancreatic cancer/Pancreatic tumors/Pancreatic cancer/Pancreatic tumors/,4. كل ما سبق صحيح.,Incorrect
4855,ما هو التشخيص للآفة التي قد تسبب فقراً دموياً والنزف الحاد منها غير شائع والتي تم اكتشافها بالتنظير الهضمي العلوي لرجل عمره 55 سنة؟,Angioedema/Angioedema (Angioedema),سرطانة معدية.,Incorrect
4856,ما هي الخطوة الأولى الأهم في تدبير مريض يبلغ من العمر 32 سنة أتى لقسم الطوارئ بقصة إقياء لكميات كبيرة من الدم الأحمر القاني؟,ABC stabilization/Airway management/الairway stabilization/الairway management/الairway stabilization/الairway management/الairway stabilization/الairway management/الairway stabilization/الairway management/الairway stabilization/الairway management/الairway stabilization/الairway management/الairway stabilization/الairway management/الairway stabilization/الairway management/الairway stabilization/الairway management/الairway stabilization/الairway management/الairway stabilization/الairway management/الairway stabilization/الairway management/ال,إنعاش بالسوائل.,Incorrect
4857,ما هو التشخيص المحتمل لمريضة تبلغ من العمر 45 سنة تشكو من ألم في ثديها الأيسر لمدة أسبوعين مع وجود خيط يشبه الحبل مؤلم وأودة بارزة فوقه بالفحص السريري؟,Mastitis/Abs/Infection/Inflammation/Abs/Infection/Inflammation/Abs/Infection/Inflammation/Abs/Infection/Inflammation/Abs/Infection/Inflammation/Abs/Infection/Inflammation/Abs/Infection/Inflammation/Abs/Infection/Inflammation/Abs/Infection/Inflammation/Abs/Infection/Inflammation/Abs/Infection/Inflammation/Abs/Infection/Inflammation/Abs/Infection/Inflammation/Abs/Infection/Inflammation/Abs/Infection/Inflammation/Abs/Infection/,داء,Incorrect
4858,ما هو التشخيص المحتمل لمريضة تبلغ من العمر 40 عاماً من أصول آسيوية وصلت إلى بريطانيا تشكو من كتلة غير مؤلمة في ثديها الأيمن منذ عدة أشهر مع نز الخراج في إبطها الأيمن الذي يشفى ويعاود من جديد؟,"Tuberculosis (TB)

ANSWER: Tuberculosis (TB)",سل ثدي.,Correct
4859,ما هو التشخيص المحتمل لمريضة تبلغ من العمر 25 سنة راجعت بكتلة شاهدتها صدفة منذ 3 أسابيع في ثديها الأيسر ويمكن تحريك الكتلة من قبل المريضة ضمن نسيج الثدي؟,"Fibrous tissue cyst/Fibrous tissue

ANSWER: Fibrous tissue cyst/Fibrous tissue",غدوم ليفي.,Incorrect
4860,ما هو التشخيص المحتمل لمريضة تبلغ من العمر 50 عاماً تعاني من ألم واحمرار في الثدي الأيمن منذ شهر وقد عولجت بالصادات لمدة أسبوعين دون تحسن وازدادت الحالة سوءاً؟,Breast cancer (الbreast cancer),سرطان التهابي.,Incorrect
4863,ما هو التشخيص المحتمل لمريضة مسنة مشخص لديها سابقاً داء هاشيموتو وتراجع بعقدة قاسية غير منتظمة في الفص الدرقي الأيمن؟,Thyroid cancer (Thyroid cancer),لمفوما.,Incorrect
4864,ما هو التشخيص المحتمل لطفل يبلغ من العمر 12 سنة يراجع بعقدة درقية مع ضخامة عقد لمفية ناحية؟,Hashimoto thyroiditis/Thyroid cancer/Lymphoma/Thyroid cancer/Thyroid cancer/Thyroid cancer/Thyroid cancer/Thyroid cancer/Thyroid cancer/Thyroid cancer/Thyroid cancer/Thyroid cancer/Thyroid cancer/Thyroid cancer/Thyroid cancer/Thyroid cancer/Thyroid cancer/Thyroid cancer/Thyroid cancer/Thyroid cancer/Thyroid cancer/Thyroid cancer/Thyroid cancer/Thyroid cancer/Thyroid cancer/Thyroid cancer/Thyroid cancer/Thyroid cancer/Thyroid cancer/Thyroid cancer/Thyroid cancer/Thyroid cancer/,سرطان حليمي.,Incorrect
4865,ما هو التشخيص المحتمل لمريضة في منتصف العمر تعاني من سلعة درقية لفترة طويلة مع تضخم الفص الأيمن أكبر من الأيسر وهي سريرياً في حالة سواء درقي؟,Graves disease/Thyroid disease/Thyroid disorder/Thyroid disease/Thyroid disease/Thyroid disease/Thyroid disease/Thyroid disease/Thyroid disease/Thyroid disease/Thyroid disease/Thyroid disease/Thyroid disease/Thyroid disease/Thyroid disease/Thyroid disease/Thyroid disease/Thyroid disease/Thyroid disease/Thyroid disease/Thyroid disease/Thyroid disease/Thyroid disease/Thyroid disease/Thyroid disease/Thyroid disease/Thyroid disease/Thyroid disease/Thyroid disease/Thyroid disease/Thyroid disease/Thyroid disease/,سلعة متعددة العقد.,Incorrect
4866,ما هو التشخيص الأكثر احتمالاً لفتاة في الربيع الخامس تشكو من عسرة تنفس مع وجود كتلة في جوف الفم بقطر 3 سم على الخط الناصف وعلى مؤخرة اللسان؟,"Thyroid

ANSWER: Thyroid",درق لسانية.,Incorrect
4867,ما هو العلاج غير المرغوب به في حالة شابة في ربيعها الأربعين تشكو من نقص وزن مع خفقان وجحوظ في العينين مع وجود سلعة درقية متوسطة الحجم منتشرة ومتجانسة وفرط نشاط درق بدني؟,Radioiodotherapy (Radioiodotherapy),المعالجة الشعاعية باليود I 131,Correct
4868,ما هو الإجراء الأول الذي يجب إجراؤه قبل عملية sleeve gastrectomy لمريض البدانة الذي لديه BMI يساوي 40؟,"الimaging assessment/imaging evaluation/imaging studies/imaging evaluation

ANSWER: imaging evaluation",الحصول على موافقة المريض.,Incorrect
4869,ما هو الإجراء الأول الذي يجب إجراؤه قبل عملية Sleeve gastrectomy لمريض البدانة الذي لديه BMI يساوي 40؟,"الimaging assessment/imaging evaluation/imaging studies/imaging evaluation

ANSWER: imaging evaluation",الحصول على موافقة المريض.,Incorrect
4870,ما هو التشخيص المحتمل لمريض عمره 25 سنة يعاني من عدم ارتياح عام ونقصان في الوزن وترفع حروري وبراز ملطخ بالدم على نحو متقطع خلال الست أسابيع الأخيرة بعد عودته من شبه القارة الهندية حيث عمل هناك لمدة ستة أشهر، مع وجود كبدية ومضض في الربع العلوي الأيمن وإيكو يظهر جوفا ناقص الصدى في الفص الكبدي الأيمن ذو حوا,"A: Amebic liver abscess

A: Amebic liver abscess",خراجة كبدية زحارية.,Correct
4871,ما هو التشخيص المحتمل لمريض عمره 50 سنة يعاني من أصمية حديثة وألم في الربع العلوي الأيمن لمدة 3-4 أشهر مع فحص سريري سلبي ووظائف كبد طبيعية وتنظير هضمي علوي طبيعي بينما أظهر الإيكو وجود آفة كيسية وحيدة تبلغ 6 سم؟,الhydatid cyst (liver),داء كيسي بسيط,Incorrect
4872,ما هو التشخيص المحتمل لمريضة تبلغ من العمر 30 سنة تعاني من ألم مستمر في الربع العلوي الأيمن من البطن مع إقياء وارتفاع حرارة وإيجابية علامة مورفي؟,Gallstone inflammation/Cholecystitis/الgallstone inflammation/Cholecystitis/الgallstone inflammation/Cholecystitis/الgallstone inflammation/Cholecystitis/الgallstone inflammation/Cholecystitis/الgallstone inflammation/Cholecystitis/الgallstone inflammation/Cholecystitis/الgallstone inflammation/Cholecystitis/الgallstone inflammation/Cholecystitis/الgallstone inflammation/Cholecystitis/الgallstone inflammation/Cholecystitis/الgallstone inflammation/Cholecystitis/الgallstone inflammation/Cholecystitis,التهاب مرارة حاد.,Correct
4873,ما هو التشخيص المحتمل لمريض يبلغ من العمر 60 سنة لديه سابقة حصيات مرارية يراجع بقصة ألم بطني شديد ومستمر لمدة 6 ساعات وبالفحص السريري كان المريض غير مرتاح ومصدوم مع انتفاخ البطن ومضض راجع معممين؟,Peritonitis/الperitonitis/الperitonitis/الperitonitis/الperitonitis/الperitonitis/الperitonitis/الperitonitis/الperitonitis/الperitonitis/الperitonitis/الperitonitis/الperitonitis/الperitonitis/الperitonitis/الperitonitis/الperitonitis/الperitonitis/الperitonitis/الperitonitis/الperitonitis/الperitonitis/الperitonitis/الperitonitis/الperitonitis/الperitonitis/الperitonitis/الperitonitis/الperitonitis/الperitonitis/الperitonitis/الperitonitis/ال,التهاب بريتوان تالي لانثقاب مرارة.,Incorrect
4874,ما هو التشخيص المحتمل لمريض يبلغ من العمر 56 سنة يعاني من ألم شديد في أعلى البطن منذ أسبوع مع حمى متقطعة وعدم راحة شديدة مع وجود علامات لتخريش بريتواني في الربع العلوي الأيمن مع جس كتلة؟,Cholecystitis/Gallstone obstruction/Perforation/Abscess/Cholecystitis/Gallstone obstruction/Perforation/Abscess/Cholecystitis/Gallstone obstruction/Perforation/Abscess/Cholecystitis/Gallstone obstruction/Perforation/Abscess/Cholecystitis/Gallstone obstruction/Perforation/Abscess/Cholecystitis/Gallstone obstruction/Perforation/Abscess/Cholecystitis/Gallstone obstruction/Perforation/Abscess/Cholecystitis/Gallstone obstruction/Perforation/Abscess/Cholecystitis/Gallstone obstruction,تقيح مرارة.,Incorrect
4875,ما هو التشخيص المحتمل لمريض يبلغ من العمر 60 سنة يراجع بقصة ألم بطني ويرقان وحرارة مع عروءات؟,Cholangitis/الcholangitis/الcholangitis/الcholangitis/الcholangitis/الcholangitis/الcholangitis/الcholangitis/الcholangitis/الcholangitis/الcholangitis/الcholangitis/الcholangitis/الcholangitis/الcholangitis/الcholangitis/الcholangitis/الcholangitis/الcholangitis/الcholangitis/الcholangitis/الcholangitis/الcholangitis/الcholangitis/الcholangitis/الcholangitis,التهاب طرق صفراوية صاعد.,Correct
4876,ما هو التشخيص المحتمل لمريضة تبلغ من العمر 40 سنة عولجت لالتهاب مرارة حاد حيث لوحظ وجود مرارة مجسوسة غير ممضة، لم يكن هناك ترفع حروري وكانت المريضة بشكل عام بصحة جيدة؟,Gallstone disease/Cholelithiasis/Gallstones/Gallstone disease/Cholelithiasis/Gallstones/Gallstone disease/Cholelithiasis/Gallstones/Gallstone disease/Cholelithiasis/Gallstones/Gallstone disease/Cholelithiasis/Gallstones/Gallstone disease/Cholelithiasis/Gallstones/Gallstone disease/Cholelithiasis/Gallstones/Gallstone disease/Cholelithiasis/Gallstones/Gallstone disease/Cholelithiasis/Gallstones/Gallstone disease/Cholelithiasis/Gallstones/Gallstone disease/Cholelithiasis,قيلة مخاطية في المرارة.,Incorrect
4877,ما هو التشخيص المحتمل لمريض عمره 80 سنة لديه تصبغ جلدي ملحوظ ونسيج ندبي ولديه ندبات بطنية لاستئصال كظر ثنائي الجانب؟,تachycardia/bradycardia/arrhythmia/hypotension/hyperglycemia/hypoglycemia/anemia/hyperlipidemia/hyper/hypothyroidism/hyper/hypoxia/hyper/hypotension/hyper/hypotension/hyper/hypotension/hyper/hypotension/hyper/hypotension/hyper/hypotension/hyper/hypotension/hyper/hypotension/hyper/hypotension/hyper/hypotension/hyper/hypotension/hyper/hypotension/hyper/hypotension/hyper/hypotension/hyper/hypot,متلازمة نيلسون.,Incorrect
4878,ما هو التشخيص المحتمل لمريض عمره 48 سنة يعاني من اضطراب رئوي وصداع وارتفاع ضغط؟,Pulmonary embolism/Embolism/Pulmonary embolism/Embolism/Pulmonary embolism/Embolism/Pulmonary embolism/Embolism/Pulmonary embolism/Embolism/Pulmonary embolism/Embolism/Pulmonary embolism/Embolism/Pulmonary embolism/Embolism/Pulmonary embolism/Embolism/Pulmonary embolism/Embolism/Pulmonary embolism/Embolism/Pulmonary embolism/Embolism/Pulmonary embolism/Embolism/Pulmonary embolism/Embolism/Pulmonary embolism/Embolism/Pulmonary embolism/Embolism/,متلازمة كون.,Incorrect
4879,ما هو التشخيص المحتمل لمريض ربو مع تفاقم متكرر لحالته تطور لديه بشكل تدريجي شعرانية مع بدانة جذعية وكدمات؟,"Cushing syndrome/Cushing syndrome

ANSWER: Cushing syndrome/Cushing syndrome",متلازمة كوشينغ.,Correct
4881,ما هو التشخيص المحتمل لسيدة حامل تبلغ من العمر 30 سنة تبين أثناء إجراء ايكو بطن لها وجود كتلة متكلسة في الشرسوف يبلغ قطرها 1 سم مع سماع لغط في منطقة الشرسوف دون وجود أي أعراض؟,الmyocarditis/myocardial infarction/cardiac fibrosis/cardiac tumor/cardiac valve disease/cardiac arrhythmia/cardiac infection/cardiac inflammation/cardiac tissue/cardiac muscle/cardiac tissue/cardiac tissue/cardiac tissue/cardiac tissue/cardiac tissue/cardiac tissue/cardiac tissue/cardiac tissue/cardiac tissue/cardiac tissue/cardiac tissue/cardiac tissue/cardiac tissue/cardiac tissue/cardiac tissue/cardiac tissue/cardiac tissue/cardiac tissue/cardiac tissue/cardiac tissue/cardiac tissue/cardiac,أم دم شريان طحالي.,Incorrect
4882,ما هو التشخيص الأكثر احتمالاً لطفل عمره 7 سنوات يعاني من فقر دم منجلي ويشكو منذ ساعتين من ألم بطني حاد في الربع العلوي الأيسر مع ضغط 60/100 ملم زئبقي ونبض 110 ن/د وحرارة 37 درجة ومضض في الربع العلوي الأيسر للبطن بدون إيلام مرتد مع صعوبة جس الطحال وخضاب 6.1 غ/دل؟,Splenic sequestration crisis (or splenic sequestration),نوبة ألمية بسبب انسداد الأوعية الدموية.,Incorrect
4883,ما هي نسبة الاستفادة من استئصال الطحال في حالة سيدة عمرها 40 سنة تعاني من فرفرية مناعية مزمنة معندة على العلاج بالستيروئيدات؟,80%,أقل من 20%,Incorrect
4884,ما هي الخطوة التالية في تدبير مريض بعمر 70 سنة دون سوابق جراحية يعاني من ألم بطني متقطع منذ أسبوع وتوسع بطني وإقياء مستمر منذ يوم، مع عدم وجود فتوق بالفحص وتعداد 3000 كرية بيضاء / مم؟,CT scan imaging,إجراء (CT) التصوير الطبقي المحوسب للبطن.,Correct
4894,ما هي الخطوة التالية في تدبير مريض بعمر 70 سنة دون سوابق جراحية يعاني من ألم بطني متقطع منذ أسبوع وتوسع بطني وإقياء مستمر منذ يوم، مع عدم وجود فتوق بالفحص وتعداد 3000 كرية بيضاء / مم؟,CT scan imaging,إجراء (CT) التصوير الطبقي المحوسب للبطن.,Correct
4896,ما هي الخطوة التالية في تدبير شاب عمره 20 سنة راجع الإسعاف بعد 20 يوماً من استئصال زائدة ملتهبة ويعاني من إقياء مع تمدد بطن وإيلام خفيف، وتعداد WBC كان 14000 كرية/مم3 والكهارل طبيعية؟,CT scan abdomen/pelvis,مراقبة 24 ساعة أخرى مع وضع NG.,Incorrect
4897,ما هي العلامات الأكثر توافقاً مع بالغ عمره 45 سنة لديه ألم بطني حاد وتم تشخيصه بالتهاب مرارة حاد؟,"RUQ pain, nausea, fever, Murphy sign",ألم بطني مستمر ومضض مراق أيمن وارتفاع الكريات البيضاء.,Correct
4898,ما هي الخطوة الأولى الأهم في تدبير مريض يبلغ من العمر 32 سنة أتى لقسم الطوارئ بقصة إقياء لكميات كبيرة من الدم الأحمر القاني؟,ABC stabilization/Airway management/الairway stabilization/الairway management/الairway stabilization/الairway management/الairway stabilization/الairway management/الairway stabilization/الairway management/الairway stabilization/الairway management/الairway stabilization/الairway management/الairway stabilization/الairway management/الairway stabilization/الairway management/الairway stabilization/الairway management/الairway stabilization/الairway management/الairway stabilization/الairway management/الairway stabilization/الairway management/ال,الإنعاش بالسوائل.,Incorrect
4899,ما هو التشخيص المحتمل لمريض عمره 70 سنة تطور لديه بعد 3 أيام من احتشاء قلبي ألم بطني مع تعدد البطن وخفوت في أصوات الأمعاء وتحليل غازات الدم يشير إلى احمضاض استقلابي؟,Mesenteric ischemia/Ischemia of the bowel/Mesenteric infarction/Ischemic bowel/Mesenteric occlusion/Mesenteric ischemia/Ischemic bowel/Mesenteric infarction/Ischemic bowel/Mesenteric ischemia/Ischemic bowel/Mesenteric infarction/Ischemic bowel/Mesenteric ischemia/Ischemic bowel/Mesenteric infarction/Ischemic bowel/Mesenteric ischemia/Ischemic bowel/Mesenteric infarction/Ischemic bowel/Mesenteric ischemia/Ischemic bowel/Mesenteric infarction/Ischemic bowel/Mesenteric ischemia/Ischemic bowel/Mesenteric infarction/Ischemic bowel/Mesenteric ischemia/Ischemic bowel/Mesenteric,احتشاء مساريقي.,Correct
4902,ما هي القاعدة الجراحية الأصح حالياً في مراقبة المريض أثناء تدبير مريض الانسداد المعوي ووضع القرار الجراحي المناسب في المراكز الجراحية المتطورة؟,"Continuous monitoring of vital signs and imaging

ANSWER: Continuous monitoring of vital signs and imaging",يجب دائماً عدم إجراء الجراحة حتى يتم استقرا المريض بعد الإنعاش.,Incorrect
4905,ما هو التشخيص المحتمل للمريضة إذا كانت الصورة البسيطة تدل على سويات معوية دقيقة وغياب لارتسام الكولونات وكانت مقاطع التصوير الطبقي المحوري تشير لتوسع عرى المعي؟,انسداد bowel/obstruction/تachycardia/perforation/ileus/bowel obstruction/bowel obstruction/bowel obstruction/bowel obstruction/bowel obstruction/bowel obstruction/bowel obstruction/bowel obstruction/bowel obstruction/bowel obstruction/bowel obstruction/bowel obstruction/bowel obstruction/bowel obstruction/bowel obstruction/bowel obstruction/bowel obstruction/bowel obstruction/bowel obstruction/bowel obstruction/bowel obstruction/bowel obstruction/bowel obstruction/bowel obstruction/bowel obstruction/bowel obstruction/bowel obstruction/bowel obstruction,التصاقات معوية.,Incorrect
4907,ما هو التشخيص الأقوى لمريض عمره 65 سنة تطور لديه ألم بطني حاد مفاجئ مستمر في الربع العلوي الأيمن منذ ساعة، تلاه آلام مغصية سرية مع غثيان، والفحص السريري يبدي سحنة سمية مع فحص بطني سوي تقريباً؟,Gallstone obstruction/Choledochal stone/Biliary colic/Cholecystitis/Pancreatitis/Peritonitis/Appendicitis/Kidney stones/Heart attack/Aortic aneurysm/Mesenteric ischemia/Hernia/Pneumonia/Pneumonia/Pneumonia/Pneumonia/Pneumonia/Pneumonia/Pneumonia/Pneumonia/Pneumonia/Pneumonia/Pneumonia/Pneumonia/Pneumonia/Pneumonia/Pneumonia/Pneumonia/Pneumonia/Pneumonia/Pneumonia/Pneumonia/P,انسداد أمعاء بنقص التروية.,Incorrect
4911,ما هو التشخيص المحتمل في المريضة التي تظهر صورتها البسيطة سويات معوية دقيقة وغياب الارتسام الكولوني، وتشير مقاطع التصوير الطبقي المحوري لتوسع عرى المعي الدقيق وزيادة في شحم المساريقا مع عدم ارتسام الكولون بالكامل؟,Intussusception/Duodenal obstruction/Small bowel obstruction/Mesenteric obstruction/Duodenal duplication/Duodenal volv/Small bowel volv/Small bowel obstruction/Duodenal obstruction/Small bowel obstruction/Small bowel obstruction/Small bowel obstruction/Small bowel obstruction/Small bowel obstruction/Small bowel obstruction/Small bowel obstruction/Small bowel obstruction/Small bowel obstruction/Small bowel obstruction/Small bowel obstruction/Small bowel obstruction/Small bowel obstruction/Small bowel obstruction/Small bowel obstruction/Small bowel obstruction/Small bowel obstruction/Small bowel obstruction/Small bowel obstruction/Small bowel obstruction/Small bowel obstruction/Small bowel obstruction/Small bowel obstruction,التصاقات معوية.,Incorrect
4912,ما هو التشخيص لمريض عمره 60 سنة مصاب بداء كرون منذ عشر سنوات راجع المشفى بقصة حمى وعرواءات تلاها خروج هواء ومفرزات معوية عند التبول؟,فistula (fistula),ناسور معدي مثاني.,Incorrect
4926,ما هي الحالة التي لا تدخل في التشخيص التفريقي لطفلة عمرها 10 سنوات تعاني منذ ساعتين من ألم حفرة حرقفية يمنى دون إيلام مرتد؟,Appendicitis,نزف رتج ميكل.,Incorrect
4928,ما هو التشخيص المحتمل لمريضة عمرها 50 سنة تعرضت لألم بطني حاد طاعن منذ نصف ساعة في الشرسوف تعمم في أنحاء البطن مع إقياءات بنية اللون وفحص البطن لين؟,Pancreatitis/الpancreatitis/الpancreatitis/الpancreatitis/الpancreatitis/الpancreatitis/الpancreatitis/الpancreatitis/الpancreatitis/الpancreatitis/الpancreatitis/الpancreatitis/الpancreatitis/الpancreatitis/الpancreatitis/الpancreatitis/الpancreatitis/الpancreatitis/الpancreatitis/الpancreatitis/الpancreatitis/الpancreatitis/الpancreatitis/الpancreatitis/الpancreatitis/الpancreatitis,صمة شريان مساريقي علوي.,Incorrect
4929,ما هو الفحص الذي يجب إجراؤه أولاً لمريض يشتكي من ألم بطني حاد ومفاجئ؟,CBC/Blood tests/Blood pressure/Urinalysis/Imaging/Physical exam/History/Pain assessment/Vital signs/ECG/Blood glucose/Blood cultures/Stool analysis/Abdominal X-ray/CT scan/Ultrasound/MRI/Echocardiography/Blood pressure monitoring/Pulse monitoring/Oxygen monitoring/Temperature monitoring/Pain medication/IV fluids/Antibiotics/Antacids/Antimicrobial/Antiviral/Antifungal/Antifungal/Antifungal/Antifungal/Antifungal/Antifungal/Antifungal/Antifungal/Antifungal/Antif,صورة بطن شعاعية.,Incorrect
4930,ما هو التشخيص الأقوى لمريض عمره 65 سنة تطور لديه ألم بطني حاد مفاجئ ومستمر في الربع السفلي الأيمن منذ ساعة، تلاه آلام مغصة سرية مع غثيان، والفحص السريري يبدي سحنة سمية مع فحص بطن سوي تقريباً؟,Biliary colic/Gallstone obstruction/Choledochal obstruction/Biliary obstruction/Gallstone disease/Choledochal stones/Gallstone/Gallstones/Gallstone/Gallstone/Gallstone/Gallstone/Gallstone/Gallstone/Gallstone/Gallstone/Gallstone/Gallstone/Gallstone/Gallstone/Gallstone/Gallstone/Gallstone/Gallstone/Gallstone/Gallstone/Gallstone/Gallstone/Gallstone/Gallstone/Gallstone/Gallstone/Gallstone/Gallstone/Gallstone/Gallstone/Gallstone/Gallstone/Gallstone/Gall,انسداد أمعاء بنقص التروية.,Incorrect
4932,ما هي الخطوة الأولى الأهم في تدبير شاب عمره 32 سنة يراجع قسم الطوارئ بقصة إقياء كميات كبيرة من الدم الأحمر القاني؟,IV access/Fluid resuscitation/Stabilization/Airway management/Oxygen/Monitoring/Blood transfusion/Blood pressure/Pulse/Temperature/Urgent imaging/Blood tests/Blood loss assessment/Control bleeding/Identify source/Consultation/Antibiotics/Pain management/Blood pressure monitoring/Pulse monitoring/Oxygen monitoring/Airway monitoring/Fluid monitoring/Blood monitoring/Blood pressure monitoring/Pulse monitoring/Oxygen monitoring/Airway monitoring/Fluid monitoring/Blood monitoring/Blood pressure monitoring/Pulse monitoring/Oxygen monitoring/Airway monitoring/Fluid monitoring/Blood monitoring/Blood pressure monitoring/Pulse monitoring/Oxygen monitoring/Airway monitoring/Fluid,الإنعاش بالسوائل.,Correct
4934,ما هو التشخيص للآفة التي قد تسبب فقراً دموياً والنزف الحاد منها غير شائع والتي تم اكتشافها بالتنظير الهضمي العلوي لرجل عمره 55 سنة؟,Angioedema/Angioedema (Angioedema),2. سرطانة معدية.,Incorrect
4935,ما هي الخطوة الأولى الأهم في تدبير مريض يبلغ من العمر 32 سنة أتى لقسم الطوارئ بقصة إقياء لكميات كبيرة من الدم الأحمر القاني؟,ABC stabilization/Airway management/الairway stabilization/الairway management/الairway stabilization/الairway management/الairway stabilization/الairway management/الairway stabilization/الairway management/الairway stabilization/الairway management/الairway stabilization/الairway management/الairway stabilization/الairway management/الairway stabilization/الairway management/الairway stabilization/الairway management/الairway stabilization/الairway management/الairway stabilization/الairway management/الairway stabilization/الairway management/ال,3. الإنعاش بالسوائل.,Incorrect
4936,ما هو العلاج الأمثل لمريض عمره 40 سنة وجد لديه بالتنظير الهضمي العلوي لمفوما معدية؟,"Chemotherapy/Radiation therapy/Immunotherapy/Transplant

ANSWER: Chemotherapy/Radiation therapy/Immunotherapy/Transplant",4. علاج كيماوي.,Incorrect
4937,ما هو التشخيص المحتمل لطفل يبلغ من العمر 12 سنة يراجع بعقدة درقية مع ضخامة عقد لمفية ناحية؟,Hashimoto thyroiditis/Thyroid cancer/Lymphoma/Thyroid cancer/Thyroid cancer/Thyroid cancer/Thyroid cancer/Thyroid cancer/Thyroid cancer/Thyroid cancer/Thyroid cancer/Thyroid cancer/Thyroid cancer/Thyroid cancer/Thyroid cancer/Thyroid cancer/Thyroid cancer/Thyroid cancer/Thyroid cancer/Thyroid cancer/Thyroid cancer/Thyroid cancer/Thyroid cancer/Thyroid cancer/Thyroid cancer/Thyroid cancer/Thyroid cancer/Thyroid cancer/Thyroid cancer/Thyroid cancer/Thyroid cancer/Thyroid cancer/,4. سرطان حليمي.,Incorrect
4938,ما هو التشخيص المحتمل لمريضة في منتصف العمر تعاني من سلعة درقية لفترة طويلة مع تضخم الفص الأيمن أكبر من الأيسر وهي سريرياً في حالة سواء درقي؟,Graves disease/Thyroid disease/Thyroid disorder/Thyroid disease/Thyroid disease/Thyroid disease/Thyroid disease/Thyroid disease/Thyroid disease/Thyroid disease/Thyroid disease/Thyroid disease/Thyroid disease/Thyroid disease/Thyroid disease/Thyroid disease/Thyroid disease/Thyroid disease/Thyroid disease/Thyroid disease/Thyroid disease/Thyroid disease/Thyroid disease/Thyroid disease/Thyroid disease/Thyroid disease/Thyroid disease/Thyroid disease/Thyroid disease/Thyroid disease/Thyroid disease/Thyroid disease/,3. سلعة متعددة العقد.,Incorrect
4939,ما هو التشخيص الأكثر احتمالاً لفتاة في الربيع الخامس تشكو من عسرة تنفس مع وجود كتلة في جوف الفم بقطر 3 سم على الخط الناصف وعلى مؤخرة اللسان؟,"Thyroid

ANSWER: Thyroid",2. درق لسانية.,Correct
4940,ما هو العلاج غير المرغوب به في حالة شابة في ربيعها الأربعين تشكو من نقص وزن مع خفقان وجحوظ في العينين مع وجود سلعة درقية متوسطة الحجم منتشرة ومتجانسة وفرط نشاط درق بدني؟,Radioiodotherapy (Radioiodotherapy),3. المعالجة الشعاعية باليود I 131,Correct
4941,ما هو الإجراء الأول الذي يجب إجراؤه قبل عملية Sleeve gastrectomy لمريض البدانة الذي لديه BMI يساوي 40؟,"الimaging assessment/imaging evaluation/imaging studies/imaging evaluation

ANSWER: imaging evaluation",3. الحصول على موافقة المريض.,Incorrect
4942,ما هو التشخيص المحتمل لمريض عمره 50 سنة يعاني من أصمية حديثة وألم في الربع العلوي الأيمن لمدة 3-4 أشهر مع فحص سريري سلبي ووظائف كبد طبيعية وتنظير هضمي علوي طبيعي بينما أظهر الإيكو وجود آفة كيسية وحيدة تبلغ 6 سم؟,الhydatid cyst (liver),4. داء كيسي بسيط,Incorrect
4943,ما هو التشخيص المحتمل لمريض يبلغ من العمر 60 سنة لديه سابقة حصيات مرارية يراجع بقصة ألم بطني شديد ومستمر لمدة 6 ساعات وبالفحص السريري كان المريض غير مرتاح ومصدوم مع انتفاخ البطن ومضض راجع معممين؟,Peritonitis/الperitonitis/الperitonitis/الperitonitis/الperitonitis/الperitonitis/الperitonitis/الperitonitis/الperitonitis/الperitonitis/الperitonitis/الperitonitis/الperitonitis/الperitonitis/الperitonitis/الperitonitis/الperitonitis/الperitonitis/الperitonitis/الperitonitis/الperitonitis/الperitonitis/الperitonitis/الperitonitis/الperitonitis/الperitonitis/الperitonitis/الperitonitis/الperitonitis/الperitonitis/الperitonitis/الperitonitis/ال,4. التهاب بريتوان تالي لانثقاب مرارة.,Incorrect
4944,ما هو التشخيص المحتمل لمريض يبلغ من العمر 56 سنة يعاني من ألم شديد في أعلى البطن منذ أسبوع مع حمى متقطعة وعدم راحة شديدة مع وجود علامات لتخريش بريتواني في الربع العلوي الأيمن مع جس كتلة؟,Cholecystitis/Gallstone obstruction/Perforation/Abscess/Cholecystitis/Gallstone obstruction/Perforation/Abscess/Cholecystitis/Gallstone obstruction/Perforation/Abscess/Cholecystitis/Gallstone obstruction/Perforation/Abscess/Cholecystitis/Gallstone obstruction/Perforation/Abscess/Cholecystitis/Gallstone obstruction/Perforation/Abscess/Cholecystitis/Gallstone obstruction/Perforation/Abscess/Cholecystitis/Gallstone obstruction/Perforation/Abscess/Cholecystitis/Gallstone obstruction,1. تقيح مرارة.,Incorrect
4945,ما هو التشخيص المحتمل لمريض يبلغ من العمر 60 سنة يعاني من ألم بطني ويرقان وحرارة مع عروءات؟,Cholangitis/الcholangitis/الcholangitis/الcholangitis/الcholangitis/الcholangitis/الcholangitis/الcholangitis/الcholangitis/الcholangitis/الcholangitis/الcholangitis/الcholangitis/الcholangitis/الcholangitis/الcholangitis/الcholangitis/الcholangitis/الcholangitis/الcholangitis/الcholangitis/الcholangitis/الcholangitis/الcholangitis/الcholangitis/الcholangitis,4. التهاب طرق صفراوية صاعد.,Correct
4946,ما هو التشخيص المحتمل لمريضة تبلغ من العمر 40 سنة عولجت لالتهاب مرارة حاد حيث لوحظ وجود مرارة مجسوسة غير ممضة، لم يكن هناك ترفع حروري وكانت المريضة بشكل عام بصحة جيدة؟,Gallstone disease/Cholelithiasis/Gallstones/Gallstone disease/Cholelithiasis/Gallstones/Gallstone disease/Cholelithiasis/Gallstones/Gallstone disease/Cholelithiasis/Gallstones/Gallstone disease/Cholelithiasis/Gallstones/Gallstone disease/Cholelithiasis/Gallstones/Gallstone disease/Cholelithiasis/Gallstones/Gallstone disease/Cholelithiasis/Gallstones/Gallstone disease/Cholelithiasis/Gallstones/Gallstone disease/Cholelithiasis/Gallstones/Gallstone disease/Cholelithiasis,3. قيلة مخاطية في المرارة.,Incorrect
4947,ما هو التشخيص المحتمل لمريض عمره 48 سنة يعاني من اضطراب رئوي وصداع وارتفاع ضغط؟,Pulmonary embolism/Embolism/Pulmonary embolism/Embolism/Pulmonary embolism/Embolism/Pulmonary embolism/Embolism/Pulmonary embolism/Embolism/Pulmonary embolism/Embolism/Pulmonary embolism/Embolism/Pulmonary embolism/Embolism/Pulmonary embolism/Embolism/Pulmonary embolism/Embolism/Pulmonary embolism/Embolism/Pulmonary embolism/Embolism/Pulmonary embolism/Embolism/Pulmonary embolism/Embolism/Pulmonary embolism/Embolism/Pulmonary embolism/Embolism/,3. متلازمة كون.,Incorrect
4948,ما هو التشخيص المحتمل لمريض ربو مع تفاقم متكرر لحالته تطور لديه بشكل تدريجي شعرانية مع بدانة جذعية وكدمات؟,"Cushing syndrome/Cushing syndrome

ANSWER: Cushing syndrome/Cushing syndrome",1. متلازمة كوشينغ.,Correct
4950,ما هو التشخيص المحتمل لسيدة حامل تبلغ من العمر 30 سنة تبين أثناء إجراء ايكو بطن لها وجود كتلة متكلسة في الشرسوف يبلغ قطرها 1 سم مع سماع لغط في منطقة الشرسوف دون وجود أي أعراض؟,الmyocarditis/myocardial infarction/cardiac fibrosis/cardiac tumor/cardiac valve disease/cardiac arrhythmia/cardiac infection/cardiac inflammation/cardiac tissue/cardiac muscle/cardiac tissue/cardiac tissue/cardiac tissue/cardiac tissue/cardiac tissue/cardiac tissue/cardiac tissue/cardiac tissue/cardiac tissue/cardiac tissue/cardiac tissue/cardiac tissue/cardiac tissue/cardiac tissue/cardiac tissue/cardiac tissue/cardiac tissue/cardiac tissue/cardiac tissue/cardiac tissue/cardiac tissue/cardiac,3. أم دم شريان طحالي.,Incorrect
4952,ما هي نسبة الاستفادة من استئصال الطحال في حالة سيدة عمرها 40 سنة تعاني من فرفرية مناعية مزمنة معندة على العلاج بالستيروئيدات؟,80%,1. أقل من 20%,Incorrect
4953,ما هي الخطوة التالية في تدبير مريض بعمر 70 سنة دون سوابق جراحية يعاني من ألم بطني متقطع منذ أسبوع وتوسع بطني وإقياء مستمر منذ يوم، مع عدم وجود فتوق بالفحص وتعداد 3000 كرية بيضاء / مم؟,CT scan imaging,4. إجراء (CT) التصوير الطبقي المحوسب للبطن.,Correct
4957,ما هي الخطوة التالية في تدبير مريض بعمر 70 سنة دون سوابق جراحية يعاني من ألم بطني متقطع منذ أسبوع وتوسع بطني وإقياء مستمر منذ يوم، مع عدم وجود فتوق بالفحص وتعداد 3000 كرية بيضاء / مم؟,CT scan imaging,4. إجراء (CT) التصوير الطبقي المحوسب للبطن.,Correct
4958,ما هي الخطوة التالية في تدبير شاب عمره 20 سنة راجع الإسعاف بعد 20 يوماً من استئصال زائدة ملتهبة ويعاني من إقياء مع تمدد بطن وإيلام خفيف وتعداد WBC 14000 كرية/مم2 والكهارل طبيعية؟,CT scan abdomen,1. مراقبة 24 ساعة أخرى مع وضع NG.,Incorrect
4960,ما هي الخطوة الأولى الأهم في تدبير مريض يبلغ من العمر 32 سنة يعاني من إقياء كميات كبيرة من الدم الأحمر القاني؟,IV access/Fluid resuscitation/Stabilization/Airway management/Oxygen/Monitoring/Blood transfusion/IV fluids/IV fluids/IV fluids/IV fluids/IV fluids/IV fluids/IV fluids/IV fluids/IV fluids/IV fluids/IV fluids/IV fluids/IV fluids/IV fluids/IV fluids/IV fluids/IV fluids/IV fluids/IV fluids/IV fluids/IV fluids/IV fluids/IV fluids/IV fluids/IV fluids/IV fluids/IV fluids/IV fluids/IV fluids/IV fluids/IV fluids/IV fluids/IV fluids/IV fluids/IV fluids/IV fluids/,3. الإنعاش بالسوائل.,Correct
4961,ما هو التشخيص المحتمل لمريض عمره 70 سنة تطور لديه بعد 3 أيام من احتشاء قلبي ألم بطني مع تطبل البطن وخفوت في أصوات الأمعاء وتحليل غازات الدم يشير إلى حماض استقلابي؟,Mesenteric ischemia/Ischemia of the bowel/Mesenteric infarction/Ischemic bowel/Mesenteric occlusion/Mesenteric ischemia/Ischemic bowel/Mesenteric infarction/Ischemic bowel/Mesenteric ischemia/Ischemic bowel/Mesenteric infarction/Ischemic bowel/Mesenteric ischemia/Ischemic bowel/Mesenteric infarction/Ischemic bowel/Mesenteric ischemia/Ischemic bowel/Mesenteric infarction/Ischemic bowel/Mesenteric ischemia/Ischemic bowel/Mesenteric infarction/Ischemic bowel/Mesenteric ischemia/Ischemic bowel/Mesenteric infarction/Ischemic bowel/Mesenteric ischemia/Ischemic bowel/Mesenteric,2. احتشاء مساريقي.,Correct
