id,input,prediction,ground_truth,prediction_clean,ground_truth_clean,bert_precision_example,bert_recall_example,bert_f1_example,judge_label
1,ما هو العصب الذي ينقل إحساس الذوق من ثلث اللسان الخلفي؟,العصب البلعومي اللساني.,التاسع,العصب البلعومي اللساني.,التاسع,0.3480204939842224,0.3221825957298279,0.334603488445282,Correct
2,ما هي القوس البيضاء عند حدود جسم الظفر مع جذره؟,ANSWER: القوس البيضاء.,هليل الظفر,القوس البيضاء.,هليل الظفر,0.49681878089904785,0.5516935586929321,0.522820234298706,Incorrect
3,أين يقع الخط الالوي السفلي؟,ANSWER: على الجانب السفلي من الفك السفلي.,السطح الخارجي للحرقفة,على الجانب السفلي من الفك السفلي.,السطح الخارجي للحرقفة,0.5460343360900879,0.6381372809410095,0.5885040163993835,Incorrect
4,ما هي الحافة من الفرع التي تشكل زاوية الفك السفلي؟,ANSWER: الحافة السفلية للفك السفلي.,الخلفية,الحافة السفلية للفك السفلي.,الخلفية,0.4324114918708801,0.4957121014595032,0.4619031548500061,Incorrect
5,ما هي البنية التشريحية التي تتعصب بالعصب الشظوي السطحي؟,ANSWER: الجلد على الجانب الخلفي من الساق والقدم.,العضله الشظويه الطويله,الجلد على الجانب الخلفي من الساق والقدم.,العضله الشظويه الطويله,0.5324985980987549,0.5349069833755493,0.5337000489234924,Incorrect
6,أين تشاهد الجسور بين الخلوية؟,ANSWER: في الخلايا العضلية القلبية.,الطبقة الشائكة من النسيج الظهاري المطبق,في الخلايا العضلية القلبية.,الطبقة الشائكة من النسيج الظهاري المطبق,0.5237118005752563,0.5731989145278931,0.5473390817642212,Incorrect
7,ما الذي يحول الثلمتين الاسكيتين إلى ثقبتين؟,ANSWER: الثقبة العوراء.,الرباط العجزي الشوكي العجزي الحدبي,الثقبة العوراء.,الرباط العجزي الشوكي العجزي الحدبي,0.4535074234008789,0.4362523555755615,0.4447125792503357,Incorrect
8,ما هو الهرمون الذي يفرز PTH؟,PTH يفرز من الغدة الدرقية.,الغدد جارات الدرق,PTH يفرز من الغدة الدرقية.,الغدد جارات الدرق,0.4821789562702179,0.5247018933296204,0.5025424361228943,Incorrect
9,ما الذي يقع بين جسم الفقرة والقوس الفقرية؟,ANSWER: الفقرة الفقرية.,الثقبة الفقرية,الفقرة الفقرية.,الثقبة الفقرية,0.6868350505828857,0.7173762917518616,0.7017735838890076,Incorrect
10,أين تقع المنطقة الشمية؟,ANSWER: في الجزء العلوي من الأنف.,سقف الأنف,في الجزء العلوي من الأنف.,سقف الأنف,0.4079032838344574,0.5148845911026001,0.4551926255226135,Correct
11,ما الذي يتصل به المدورين بالأمام في الفخذ؟,ANSWER: عظم الفخذ.,الخط بين المدورين,عظم الفخذ.,الخط بين المدورين,0.5062426328659058,0.4565412104129791,0.4801090955734253,Incorrect
12,أين يوجد التلم الكعبري في جسم العضد؟,ANSWER: على السطح الخلفي للعضد.,على الوجه الخلفي.,على السطح الخلفي للعضد.,على الوجه الخلفي.,0.7397441864013672,0.8480138778686523,0.7901875376701355,Correct
13,ما الذي تتشكل منه ضفيرة راشكوف في لب السن؟,ANSWER: الأوعية الدموية والعصبية.,ألياف حسية.,الأوعية الدموية والعصبية.,ألياف حسية.,0.5226998329162598,0.5501811504364014,0.5360885262489319,Incorrect
14,أين يقع المستقيم؟,ANSWER: في الحوض.,القولون السيني والقناة الشرجية,في الحوض.,القولون السيني والقناة الشرجية,0.4405103921890259,0.4926150143146515,0.4651079773902893,Incorrect
15,إلى أي صنف من أصناف الغدد تنتمي حديثات المونتغمري؟,ANSWER: غدد عرقية.,دهنية,غدد عرقية.,دهنية,0.3813302516937256,0.43760740756988525,0.4075351655483246,Incorrect
16,ما هو العصب المحرك لعضلات اللسان؟,ANSWER: العصب تحت اللسان.,12,العصب تحت اللسان.,12,0.19309170544147491,0.24639280140399933,0.21651004254817963,Correct
17,ما هي الضفيرة التي يتفرع منها العصب الحجابي؟,ANSWER: الضفيرة العضدية.,الرقبية,الضفيرة العضدية.,الرقبية,0.4247846007347107,0.4622763693332672,0.4427381753921509,Incorrect
18,من أين يفرز الأدرينالين؟,ANSWER: الغدة الكظرية.,لب الكظر,الغدة الكظرية.,لب الكظر,0.5790050029754639,0.6026382446289062,0.5905852913856506,Incorrect
19,ما هو الوريد الذي يتشكل منه الوريد الأجوف السفلي؟,الوريد الأجوف السفلي يتشكل من اتحاد الوريدان الفخذيان.,الوريدين الحرقفيين المشتركين الأيمن والأيسر,الوريد الأجوف السفلي يتشكل من اتحاد الوريدان الفخذيان.,الوريدين الحرقفيين المشتركين الأيمن والأيسر,0.5119723081588745,0.5199509859085083,0.5159308314323425,Incorrect
20,ما هي الطبقة الأكثر تمايزاً وكثافة في الشرايين؟,الطبقة الوسطى.,المتوسطة,الطبقة الوسطى.,المتوسطة,0.4440136253833771,0.47496575117111206,0.4589684307575226,Correct
21,مما ينتج هرمون T4؟,ANSWER: الغدة الدرقية.,الدرق,الغدة الدرقية.,الدرق,0.4709647297859192,0.498604416847229,0.48439058661460876,Correct
22,ما هي العضلة التي ترتكز بشكل أساسي على العظم الزورقي؟,ANSWER: العضلة الماضغة.,الظنبوبي الخلفي,العضلة الماضغة.,الظنبوبي الخلفي,0.5101817846298218,0.5235640406608582,0.5167863368988037,Incorrect
23,أين تقع المنطقة الشمية؟,ANSWER: في الجزء العلوي من الأنف.,سقف الأنف,في الجزء العلوي من الأنف.,سقف الأنف,0.4079032838344574,0.5148845911026001,0.4551926255226135,Correct
24,ما هو اسم الوسادة من النسيج الدهني فوق الارتفاق العاني؟,ANSWER: الوسادة الدهنية العانية.,جبل العانة,الوسادة الدهنية العانية.,جبل العانة,0.5061336755752563,0.5411375761032104,0.5230506658554077,Correct
25,أين يتوضع الكولون السيني؟,ANSWER: في البطن الأيمن.,الناحية المغبنية اليسرى,في البطن الأيمن.,الناحية المغبنية اليسرى,0.5229125618934631,0.6001101732254028,0.5588580369949341,Incorrect
26,ما هو القسم من العظم الجبهي الذي يفصل بين القسمين الحجاجيين من الخلف؟,ANSWER: الجدار الخلفي للقسم الحجاجي.,الثلمة الغربالية,الجدار الخلفي للقسم الحجاجي.,الثلمة الغربالية,0.46572405099868774,0.4888650178909302,0.47701403498649597,Incorrect
27,ما هي الفروع الانتهائية للسبات الظاهر؟,ANSWER: الشريان السباتي الظاهري.,الفكي والصدغي والسطحي,الشريان السباتي الظاهري.,الفكي والصدغي والسطحي,0.4998278319835663,0.5745640993118286,0.5345965623855591,Incorrect
28,أين يمر عصب الفك العلوي؟,ANSWER: عبر الثقبة العينية.,الثقبة المدورة,عبر الثقبة العينية.,الثقبة المدورة,0.5728964805603027,0.6163546442985535,0.593831479549408,Incorrect
29,ما هي النقطة التشريحية على الوجه السفلي لجسم العظم الوتدي؟,النقطة التشريحية على الوجه السفلي لجسم العظم الوتدي هي النقطة الوتدية.,المنقار الوتدي,النقطة التشريحية على الوجه السفلي لجسم العظم الوتدي هي النقطة الوتدية.,المنقار الوتدي,0.5753282904624939,0.6598604321479797,0.6147018074989319,Incorrect
30,ما اسم العظم الذي يتوضع كيس الدمع عليه؟,ANSWER: عظم الفك العلوي.,الدمعي أنسي الحجاج,عظم الفك العلوي.,الدمعي أنسي الحجاج,0.4372847080230713,0.4153909683227539,0.42605674266815186,Incorrect
31,من أين ينشأ الشريان السباتي المشترك الأيسر؟,ANSWER: من الشريان الأورطي.,قوس الأبهر مباشرة,من الشريان الأورطي.,قوس الأبهر مباشرة,0.5056445598602295,0.475676953792572,0.4902031719684601,Correct
32,ما طول الأسهر؟,ANSWER: 24 ساعة.,45 سم,24 ساعة.,45 سم,0.5039362907409668,0.555618405342102,0.5285168886184692,Incorrect
33,ما هو المكان الذي يعبر من خلاله الشريان السحائي الأوسط؟,ANSWER: الثقبة العظمية السحائية.,الثقبة الشوكية,الثقبة العظمية السحائية.,الثقبة الشوكية,0.6165156364440918,0.6860827207565308,0.6494415402412415,Incorrect
34,ما هي الطية الجلدية التي تغطي رأس القضيب؟,ANSWER: القلفة.,القلفة,القلفة.,القلفة,0.6818410158157349,0.7553994655609131,0.7167378664016724,Correct
35,ما هي البنية التشريحية التي ترتكز على الحفرة المدورية؟,ANSWER: الحفرة المدورية ترتكز على العظم الوتدي.,العضلة السدادية الظاهرة,الحفرة المدورية ترتكز على العظم الوتدي.,العضلة السدادية الظاهرة,0.6298531293869019,0.6012997627258301,0.6152453422546387,Incorrect
36,أين يتوضع الدرز الأكليلي؟,ANSWER: بين العظم القذالي والزورقي.,يتوضع بين العظم الجبهي والجداريين.,بين العظم القذالي والزورقي.,يتوضع بين العظم الجبهي والجداريين.,0.6392450332641602,0.6619917154312134,0.6504195332527161,Incorrect
37,ماذا يفعل الرباط المتصالب الأمامي؟,ANSWER: يمنع انزلاق الرأس الفقري إلى الأمام.,يمنع انزياح الساق للأمام,يمنع انزلاق الرأس الفقري إلى الأمام.,يمنع انزياح الساق للأمام,0.7005307674407959,0.7183692455291748,0.7093378901481628,Incorrect
38,ما العصب القحفي الذي يعبر الثقبة البيضية؟,العصب القحفي الذي يعبر الثقبة البيضية هو العصب الوجهي.,الفكي السفلي,العصب القحفي الذي يعبر الثقبة البيضية هو العصب الوجهي.,الفكي السفلي,0.4515547752380371,0.49875226616859436,0.47398149967193604,Incorrect
39,إلى أي قصبات تتفرع القصبات الفصية؟,ANSWER: القصبات الرئيسية.,قطعية شدفية,القصبات الرئيسية.,قطعية شدفية,0.46888989210128784,0.5294051766395569,0.49731335043907166,Incorrect
40,أين توجد نوى الأعصاب القحفية من الثالث حتى الثاني عشر؟,ANSWER: في جذع الدماغ.,جذع الدماغ,في جذع الدماغ.,جذع الدماغ,0.6998187303543091,0.8138785362243652,0.7525513172149658,Correct
41,على ماذا يحتوي البلعوم الفموي من اللوزتين؟,ANSWER: اللوزة الفكية واللوزة اللسانية.,الحنكيتين,اللوزة الفكية واللوزة اللسانية.,الحنكيتين,0.4517982006072998,0.4915986657142639,0.4708588719367981,Incorrect
42,على أي من وجوه الكبد يوجد مسكن المرارة؟,ANSWER: السطح السفلي.,السفلي,السطح السفلي.,السفلي,0.4685506224632263,0.502880334854126,0.485108882188797,Correct
43,ما هو العصب القحفي الثاني؟,ANSWER: العصب البصري.,البصري - حاسي,العصب البصري.,البصري - حاسي,0.43251121044158936,0.44098708033561707,0.436708003282547,Correct
44,ما وظيفة العضلة تحت الكتفية؟,ANSWER: تثبيت الكتف وتدويرها إلى الداخل.,دوران أنسي للكتف.,تثبيت الكتف وتدويرها إلى الداخل.,دوران أنسي للكتف.,0.5610511302947998,0.6581668853759766,0.6057412028312683,Correct
45,أين تتوضع المشيمة في ارتكاز المشيمة المعيب؟,ANSWER: في الجزء السفلي من الرحم.,بين الجنين والمهبل.,في الجزء السفلي من الرحم.,بين الجنين والمهبل.,0.5925590991973877,0.6578717231750488,0.6235097050666809,Incorrect
46,ما اسم الطبقة من السحايا التي تغطي الجيوب الوريدية؟,ANSWER: الغشاء العنكبوتي.,الام الجافية,الغشاء العنكبوتي.,الام الجافية,0.603316068649292,0.47823280096054077,0.5335413217544556,Incorrect
47,ما هي الألياف التي تربط المراكز القشرية بالمحيط؟,ANSWER: الألياف القشرية المحيطية.,إسقاطية,الألياف القشرية المحيطية.,إسقاطية,0.3458162546157837,0.4226315915584564,0.3803845942020416,Incorrect
48,ما الذي تشكله البصلة عندما تتمادى في الأمام في جسم القضيب؟,تشكل البصلة عندما تتمادى في الأمام في جسم القضيب: البصلة القضيبية.,الجسم الاسفنجي,تشكل البصلة عندما تتمادى في الأمام في جسم القضيب: البصلة القضيبية.,الجسم الاسفنجي,0.5014747381210327,0.6146952509880066,0.5523427128791809,Incorrect
49,ما هي أكبر غدد الجسم؟,ANSWER: الكبد.,الكبد,الكبد.,الكبد,0.5099990367889404,0.6372108459472656,0.5665518045425415,Correct
50,ما هي الشرايين الخمسة التي يتفرع إليها الشريان الكلوي؟,ANSWER: الشريان الكلوي يتشعب إلى الشرايين الكلوية الأمامية والخلفية، والشرايين القطنية، والشرايين الكلوية القطنية، والشرايين الكلوية القطنية الخلفية.,قطعية,الشريان الكلوي يتشعب إلى الشرايين الكلوية الأمامية والخلفية، والشرايين القطنية، والشرايين الكلوية القطنية، والشرايين الكلوية القطنية الخلفية.,قطعية,0.36787858605384827,0.36772334575653076,0.3678009510040283,Incorrect
51,بماذا ينتهي الشريان الوجهي؟,ينتهي الشريان الوجهي في الشريان الصدغي السطحي.,الشريان الزاوي,ينتهي الشريان الوجهي في الشريان الصدغي السطحي.,الشريان الزاوي,0.46545732021331787,0.534137487411499,0.4974379539489746,Incorrect
52,ما هي طبقة لب السن الأكثر عمقا والأقرب لجوهر اللب؟,ANSWER: طبقة العاج.,المنطقة الغنية بالخلايا.,طبقة العاج.,المنطقة الغنية بالخلايا.,0.5529449582099915,0.5032429695129395,0.5269245505332947,Incorrect
53,أين تقع فوهة مصب الجيب الأكليلي؟,ANSWER: في الجانب الخلفي للفك السفلي.,أمام وأسفل مصب الأجوف السفلي,في الجانب الخلفي للفك السفلي.,أمام وأسفل مصب الأجوف السفلي,0.5696964263916016,0.552966833114624,0.5612069964408875,Incorrect
54,ما هي الزاوية الأمامية السفلية للعظم الجداري؟,الزاوية الأمامية السفلية للعظم الجداري هي الزاوية التي تتشكل عند تقاطع الحافة الأمامية للعظم الجداري مع الحافة السفلية للعظم الجداري.,وتدية,الزاوية الأمامية السفلية للعظم الجداري هي الزاوية التي تتشكل عند تقاطع الحافة الأمامية للعظم الجداري مع الحافة السفلية للعظم الجداري.,وتدية,0.3176926374435425,0.33360180258750916,0.32545292377471924,Incorrect
55,أي عصب هو المحرك لعضلات اللسان؟,ANSWER: العصب تحت اللسان.,12,العصب تحت اللسان.,12,0.19309170544147491,0.24639280140399933,0.21651004254817963,Correct
56,ما هو البروز العظمي الذي يحتوي عليه الوجه الداخلي لفرع الفك السفلي؟,البروز العظمي الذي يحتوي عليه الوجه الداخلي لفرع الفك السفلي هو البروز اللثوي.,اللسين,البروز العظمي الذي يحتوي عليه الوجه الداخلي لفرع الفك السفلي هو البروز اللثوي.,اللسين,0.34511446952819824,0.35817909240722656,0.3515254259109497,Incorrect
57,ما هي المواد التي تفرزها الغدد استجابة للتنبيه وترحل عبر الدم؟,ANSWER: الهرمونات.,الهرمونات,الهرمونات.,الهرمونات,0.6818703413009644,0.8371542692184448,0.751575231552124,Correct
58,ما هي الزاوية بين قبضة وجسم القص؟,ANSWER: زاوية القص.,لويس,زاوية القص.,لويس,0.4470275640487671,0.5054751634597778,0.47445812821388245,Correct
59,من أين يخرج العصب الفكي العلوي من الجمجمة؟,ANSWER: من الثقبة الفكية العلوية.,الثقبة المدورة,من الثقبة الفكية العلوية.,الثقبة المدورة,0.5123240351676941,0.5499688982963562,0.5304794311523438,Incorrect
60,ما الذي يحدد المنصف العلوي جانبياً؟,الضفيرة العضدية.,الجنية المنصفية.,الضفيرة العضدية.,الجنية المنصفية.,0.6252789497375488,0.6585384011268616,0.6414778828620911,Incorrect
61,ما هما الممران اللذان يمر عبرهما الهواء إلى جوف الأنف؟,ANSWER: المنخرين.,المنخرين,المنخرين.,المنخرين,0.7313092947006226,0.8012508153915405,0.7646840810775757,Correct
62,أين ترتكز العضلة العريضة الظهرية؟,ANSWER: على الفقرة القطنية الخامسة.,قاع أخدود ذات الرأسين.,على الفقرة القطنية الخامسة.,قاع أخدود ذات الرأسين.,0.5742596387863159,0.55620276927948,0.5650870203971863,Incorrect
63,ما هو القولون الذي يمتد بشكل أفقي؟,ANSWER: القولون المستعرض.,الكولون المعترض,القولون المستعرض.,الكولون المعترض,0.6209611892700195,0.6817765235900879,0.6499493718147278,Correct
64,كم عدد القطع العصعصية في النخاع الشوكي؟,ANSWER: 5 قطع.,1,5 قطع.,1,0.4585908055305481,0.476663202047348,0.46745240688323975,Incorrect
65,ما الطبقة التي تمثلها العضلة الدافعة في المثانة؟,ANSWER: الطبقة العضلية.,العضلية,الطبقة العضلية.,العضلية,0.572787880897522,0.6847142577171326,0.623769998550415,Correct
66,ما هي الخلايا التي توجد في الجلد وتعمل كمستقبلات آلية حسية؟,ANSWER: الخلايا الميكانوية.,خلايا ميركل.,الخلايا الميكانوية.,خلايا ميركل.,0.5826137661933899,0.6969388723373413,0.6346689462661743,Incorrect
67,ما اسم الكرة الصغيرة فوق قمة الغضروف؟,ANSWER: الكرة الصغيرة.,القريني,الكرة الصغيرة.,القريني,0.4928317666053772,0.498751163482666,0.4957737922668457,Incorrect
68,أين لا توجد الغدد الزهمية؟,ANSWER: على راحة اليدين والقدمين.,راحة اليد وأخمص القدم,على راحة اليدين والقدمين.,راحة اليد وأخمص القدم,0.658654510974884,0.6656385660171509,0.6621280908584595,Correct
69,ما هو العصب المسؤول عن حركات عضلات الوجه التعبيرية؟,العصب الوجهي.,السابع,العصب الوجهي.,السابع,0.27584969997406006,0.31559738516807556,0.29438790678977966,Correct
70,ما هي الزاوية الخلفية السفلية في العظم الجداري؟,الزاوية الخلفية السفلية في العظم الجداري هي الزاوية التي تتشكل عند تقاطع الحافة الخلفية للعظم الجداري مع الحافة السفلية.,خشانية,الزاوية الخلفية السفلية في العظم الجداري هي الزاوية التي تتشكل عند تقاطع الحافة الخلفية للعظم الجداري مع الحافة السفلية.,خشانية,0.35156625509262085,0.36622512340545654,0.3587460219860077,Incorrect
71,ما هو الاسم الآخر لفرع الفك السفلي؟,ANSWER: فرع الفك السفلي.,الرأد.,فرع الفك السفلي.,الرأد.,0.49588125944137573,0.5698778629302979,0.5303107500076294,Incorrect
72,ماذا يفعل الرباط المتصالب الأمامي؟,ANSWER: يمنع انزلاق الرأس الفقري إلى الأمام.,يمنع ازياح الساق للأمام,يمنع انزلاق الرأس الفقري إلى الأمام.,يمنع ازياح الساق للأمام,0.6612418293952942,0.7021914124488831,0.6811016798019409,Incorrect
73,ما هي الثقبة التي يعبر من خلالها العصب الوجهي؟,الثقبة العوراء.,الثقبة الإبرية الخشانية,الثقبة العوراء.,الثقبة الإبرية الخشانية,0.6926929950714111,0.6806984543800354,0.6866433620452881,Incorrect
74,ماذا تفرز خلايا بيتا في البنكرياس؟,ANSWER: الأنسولين.,الأنسولين,الأنسولين.,الأنسولين,0.6902564764022827,0.8112976551055908,0.7458984851837158,Correct
75,ما هو التامور الخارجي الذي لا يرتبط بالقلب؟,ANSWER: التامور الخارجي للرئة.,التامور الليفي,التامور الخارجي للرئة.,التامور الليفي,0.5977602005004883,0.6414738297462463,0.61884605884552,Incorrect
76,ما هو القسم من الضلع الواقع بين الرأس والحديبة؟,ANSWER: الجسم.,العنق,الجسم.,العنق,0.5707632303237915,0.5966101288795471,0.5834004878997803,Incorrect
77,مع أي عظم يتمفصل الظنبوب في الأسفل؟,ANSWER: عظم العقب.,القعب,عظم العقب.,القعب,0.466586172580719,0.4905450940132141,0.47826576232910156,Incorrect
78,أي من العضلات العميقة التالية للمثلث الخلفي للعنق ترتبط بحدبة الأطلس الخلفية؟,العضلة القصية الرأسية.,المستقيمه الرأسيه الخلفيه الصغيرة,العضلة القصية الرأسية.,المستقيمه الرأسيه الخلفيه الصغيرة,0.5630385875701904,0.7411611080169678,0.6399362087249756,Incorrect
79,ما هو التركيب الذي يتصل بالخلف مع البلعوم الفموي عبر برزخ الحلق؟,اللوزة.,جوف الفم المخصوص,اللوزة.,جوف الفم المخصوص,0.523021399974823,0.4983546733856201,0.5103901624679565,Incorrect
80,ما هي البنية التي تغطي السطوح الأمامي والإنسي والوحشي للخصية؟,ANSWER: الغلالة البيضاء.,الغلالة الغمدية,الغلالة البيضاء.,الغلالة الغمدية,0.6892142295837402,0.6892142295837402,0.6892142295837402,Incorrect
81,أين يقع موقع الغدة الدرقية؟,ANSWER: في الجزء السفلي من الرقبة.,تحت الحنجرة وعلى جانبي الرغامي وأمامها,في الجزء السفلي من الرقبة.,تحت الحنجرة وعلى جانبي الرغامي وأمامها,0.5993598103523254,0.4976124167442322,0.5437674522399902,Incorrect
82,أين تتوضع مستقبلات الشم؟,ANSWER: في بطانة الجيوب الأنفية.,سقف الأنف.,في بطانة الجيوب الأنفية.,سقف الأنف.,0.5199378728866577,0.6139951348304749,0.5630655288696289,Incorrect
83,ما هي طبيعة هرمونات الغدة النخامية؟,ANSWER: هرمونات الغدة النخامية هي هرمونات ببتيدية.,بيتيدية,هرمونات الغدة النخامية هي هرمونات ببتيدية.,بيتيدية,0.3104614019393921,0.3750046193599701,0.3396942913532257,Correct
84,ما هو مفصل المرفق؟,ANSWER: مفصل المرفق هو مفصل يربط بين العضد والزند.,نموذج رزى,مفصل المرفق هو مفصل يربط بين العضد والزند.,نموذج رزى,0.4058208167552948,0.45186954736709595,0.42760902643203735,Incorrect
85,ما هو المكان الذي تنشأ منه العضلة المدورة الكبيرة بشكل أساسي؟,ANSWER: من الحفرة الإبطية.,أسفل الحافة الوحشية لعظم لوح الكتف.,من الحفرة الإبطية.,أسفل الحافة الوحشية لعظم لوح الكتف.,0.6411735415458679,0.5970008373260498,0.6182992458343506,Incorrect
86,أين يتوضع الأبهر النازل البطني؟,ANSWER: في البطن.,أيسر الأجوف السفلي,في البطن.,أيسر الأجوف السفلي,0.4665534496307373,0.4425300359725952,0.4542243182659149,Incorrect
87,ما الذي يجاور السطح العلوي لمثانة الرجل؟,ANSWER: المثانة البولية.,عرى اللفائفي والكولون السيني,المثانة البولية.,عرى اللفائفي والكولون السيني,0.4759022891521454,0.474969744682312,0.4754355251789093,Incorrect
88,ما هي عضلة الشهيق الرئيسية؟,ANSWER: عضلة الحجاب الحاجز.,الحجاب الحاجز.,عضلة الحجاب الحاجز.,الحجاب الحاجز.,0.7475357055664062,0.8514447212219238,0.7961139678955078,Correct
89,ما هو ترتيب دخول التراكيب إلى سرة الكلية من الخلف للأمام؟,ANSWER: الشريان الكلوي، الوريد الكلوي، الحالب.,حويضة – شريان – وريد,الشريان الكلوي، الوريد الكلوي، الحالب.,حويضة – شريان – وريد,0.5107697248458862,0.5215475559234619,0.5161023736000061,Incorrect
90,أين تشاهد التلمة الكعبرية للزند؟,ANSWER: في الجزء الخلفي من الرأس.,الوجه الوحشي للناتئ المنقاري.,في الجزء الخلفي من الرأس.,الوجه الوحشي للناتئ المنقاري.,0.5720281600952148,0.5535205006599426,0.5626221895217896,Incorrect
91,أين تتوضع الثقبة العوراء في اللسان؟,ANSWER: خلف الكلم الإنتهائي,خلف الكلم الإنتهائي,خلف الكلم الإنتهائي,خلف الكلم الإنتهائي,0.9999997615814209,0.9999997615814209,0.9999997615814209,Correct
92,ما هو أطول أجزاء الأنبوب الهضمي؟,ANSWER: الأمعاء الدقيقة.,المعي الدقيق,الأمعاء الدقيقة.,المعي الدقيق,0.4607763886451721,0.5077115297317505,0.4831066429615021,Correct
93,ما هو ترتيب العضلات من الأعلى للأسفل على الناحية الخلفية للألية؟,ANSWER: العضلة القصيرة الباسطة للقدم، العضلة الطويلة الباسطة للقدم، العضلة النعلية الطويلة.,كمثرية - توأمية علوية - سادة باطنة - توأمية سفلية,العضلة القصيرة الباسطة للقدم، العضلة الطويلة الباسطة للقدم، العضلة النعلية الطويلة.,كمثرية - توأمية علوية - سادة باطنة - توأمية سفلية,0.527963399887085,0.6143942475318909,0.5679091811180115,Incorrect
94,ما هي الطبقة المبطنة للتامور الليفي؟,ANSWER: الطبقة المبطنة للتامور الليفي هي الطبقة المخاطية.,التامور المصلي الجداري,الطبقة المبطنة للتامور الليفي هي الطبقة المخاطية.,التامور المصلي الجداري,0.509657621383667,0.5956894755363464,0.5493255257606506,Incorrect
95,ما هو أطول أجزاء أنبوب الهضم؟,ANSWER: الأمعاء الدقيقة.,المعي الدقيق,الأمعاء الدقيقة.,المعي الدقيق,0.4607763886451721,0.5077115297317505,0.4831066429615021,Correct
96,ما هو الهرمون الذي يسرع عملية تصنيع الأحماض الدهنية من الغلوكوز في الخلايا الشحمية؟,ANSWER: الإنسولين.,الانسولين,الإنسولين.,الانسولين,0.6902564764022827,0.8112976551055908,0.7458984851837158,Correct
97,ما هو الرباط الذي يربط الرحم بجدران الحوض الجانبية؟,الرباط الرحمي الجانبي.,العريض,الرباط الرحمي الجانبي.,العريض,0.05347030982375145,0.11093313246965408,0.07215942442417145,Incorrect
98,ما هو لون لب الكظر؟,ANSWER: بني.,بني غامق,بني.,بني غامق,0.6206650733947754,0.5828831195831299,0.6011810898780823,Incorrect
99,ما الذي يشكل معظم الكتلة العضلية للسان؟,ANSWER: العضلات الطويلة.,ذقنية لسانية,العضلات الطويلة.,ذقنية لسانية,0.4783872663974762,0.46865764260292053,0.4734724760055542,Incorrect
100,ما هي أصغر الحليمات الذوقية وأكثرها عدداً؟,ANSWER: الحليمات الفطرية.,الخيطية,الحليمات الفطرية.,الخيطية,0.4720694422721863,0.5455166101455688,0.5061424374580383,Incorrect
101,ما هي العضلات الطويلة التي تربط الفقرات مع بعضها؟,ANSWER: العضلات الطويلة هي العضلات الطويلة للظهر.,عضلات العمود الفقري,العضلات الطويلة هي العضلات الطويلة للظهر.,عضلات العمود الفقري,0.5263224840164185,0.6139468550682068,0.5667679309844971,Correct
102,ما هو أضيق قسم في جذع الدماغ؟,ANSWER: الجسر.,مستوى الدماغ المتوسط,الجسر.,مستوى الدماغ المتوسط,0.45763444900512695,0.5082725286483765,0.48162612318992615,Incorrect
103,أين يقع التلفيف خلف المركزي؟,ANSWER: في الفص الجبهي.,الفص الجداري.,في الفص الجبهي.,الفص الجداري.,0.7793328166007996,0.8123361468315125,0.7954923510551453,Incorrect
104,ما هي الباحة التي يحويها التلفيف خلف المركزي؟,ANSWER: الباحة الجبهية.,الحس الجسدي الأولية,الباحة الجبهية.,الحس الجسدي الأولية,0.48826873302459717,0.47615423798561096,0.4821354150772095,Incorrect
105,ما هي أصغر الحليمات الذوقية وأكثرها عدداً؟,ANSWER: الحليمات الفطرية.,الخيطية,الحليمات الفطرية.,الخيطية,0.4720694422721863,0.5455166101455688,0.5061424374580383,Incorrect
106,ما هي المجموعة العضلية التي تنتمي إليها العضلة الحرقفية؟,ANSWER: مجموعة العضلات الحوضية.,عضلات الزنار الحوضي الأمامية,مجموعة العضلات الحوضية.,عضلات الزنار الحوضي الأمامية,0.6670990586280823,0.6867837905883789,0.6767983436584473,Incorrect
107,ما هو القسم المسؤول عن تنظيم الفعالية الحياتية الذاتية؟,ANSWER: القشرة المخية.,جذع الدماغ,القشرة المخية.,جذع الدماغ,0.5169228315353394,0.5727059245109558,0.5433865189552307,Incorrect
108,ما هي المادة شبيهة بالهلام التي تشغل أربعة أخماس المقلة؟,ANSWER: الزجاجية.,الخلط الزجاجي,الزجاجية.,الخلط الزجاجي,0.6205204725265503,0.6348534822463989,0.627605140209198,Correct
109,أين تقع أجسام العصبونات التي تفرز الهرمون المضاد للإدرار ADH؟,ANSWER: في النواة فوق البصرية.,الأنوية فوق البصرية,في النواة فوق البصرية.,الأنوية فوق البصرية,0.6381295919418335,0.6958796381950378,0.6657546162605286,Correct
110,ما هي العضلات التي لها منشأ عظمي وترتكز على باطن جلد الوجه؟,العضلات التي لها منشأ عظمي وترتكز على باطن جلد الوجه هي عضلات الوجه.,عضلات الوجه التعبيرية,العضلات التي لها منشأ عظمي وترتكز على باطن جلد الوجه هي عضلات الوجه.,عضلات الوجه التعبيرية,0.49517369270324707,0.5819274187088013,0.5350568294525146,Correct
111,ما هو مصدر التروية الرئيسية للمعدة؟,ANSWER: الشريان البطني الأيسر.,فروع الجذع الزلاقي,الشريان البطني الأيسر.,فروع الجذع الزلاقي,0.5657358169555664,0.5605485439300537,0.563130259513855,Incorrect
112,ما هي أطول أجزاء أنبوب الهضم؟,ANSWER: الأمعاء الدقيقة.,المعي الدقيق,الأمعاء الدقيقة.,المعي الدقيق,0.4607763886451721,0.5077115297317505,0.4831066429615021,Correct
113,من أين ينشأ الجذع الرئوي؟,ANSWER: من الشريان الرئوي.,البطين الأيمن,من الشريان الرئوي.,البطين الأيمن,0.4726388156414032,0.495606005191803,0.48385003209114075,Incorrect
114,ما هو اسم المنعكس الذي يحدث عند رفع الخصية والصفن للأعلى؟,ANSWER: منعكس الخصية.,المشمري,منعكس الخصية.,المشمري,0.4415411055088043,0.48363393545150757,0.4616299569606781,Incorrect
115,ما هو العظم الذي يحتوي على تلم في وجهه السفلي لمرور وتر الشظية الطويلة؟,العظم الذي يحتوي على تلم في وجهه السفلي لمرور وتر الشظية الطويلة هو العظم الشظوي.,النردي,العظم الذي يحتوي على تلم في وجهه السفلي لمرور وتر الشظية الطويلة هو العظم الشظوي.,النردي,0.3415903151035309,0.41687464714050293,0.37549617886543274,Incorrect
116,ما هي المنطقة المتوسطة من نواحي البطن؟,ANSWER: البطن السفلي.,السرية,البطن السفلي.,السرية,0.4331589341163635,0.43897581100463867,0.4360479712486267,Incorrect
117,ما الذي يصل بين الأذينة اليسرى والبطين الأيسر؟,ANSWER: الصمام الأورطي.,فوهة التاجي,الصمام الأورطي.,فوهة التاجي,0.5332670211791992,0.5096759796142578,0.5212047100067139,Incorrect
118,ما الذي يعطي الرباط الحرقفي القطني منشأ له؟,الرباط الحرقفي القطني يبدأ من الحدبة الإسكية الكبيرة وينتهي في الناتئ الإسكي.,العضلة المربعة القطنية.,الرباط الحرقفي القطني يبدأ من الحدبة الإسكية الكبيرة وينتهي في الناتئ الإسكي.,العضلة المربعة القطنية.,0.5654305219650269,0.6725871562957764,0.6143713593482971,Incorrect
119,ماذا يحفز ACTH إفرازه؟,يحفز ACTH إفرازه هرمون القشرة السكرية (CRH) وهرمون الأدرينوكورتيوتروبين (ACTH) من الغدة النخامية.,الكورتيزول,يحفز ACTH إفرازه هرمون القشرة السكرية (CRH) وهرمون الأدرينوكورتيوتروبين (ACTH) من الغدة النخامية.,الكورتيزول,0.4114617705345154,0.5615450143814087,0.47492846846580505,Incorrect
120,ما هو أكثر أقسام الإحليل قابلية للتمدد وأعرضها؟,ANSWER: القسم البولي.,الموثي,القسم البولي.,الموثي,0.46916231513023376,0.4717184901237488,0.4704369306564331,Incorrect
121,مما يتكون الزنار الحوضي؟,ANSWER: عضلات وعظام.,من العظمين الوركيين و العجز.,عضلات وعظام.,من العظمين الوركيين و العجز.,0.6093151569366455,0.523008406162262,0.5628726482391357,Incorrect
122,أين تقع الباحة الحركية الأولية؟,ANSWER: في الفص الجبهي.,في التلفيف أمام المركزي .,في الفص الجبهي.,في التلفيف أمام المركزي .,0.6123538017272949,0.579241931438446,0.5953378081321716,Incorrect
123,ما هي العضلة المسؤولة عن قبض الفخذ وقبض الساق؟,العضلة المسؤولة عن قبض الفخذ وقبض الساق هي العضلة القابضة.,الخياطية,العضلة المسؤولة عن قبض الفخذ وقبض الساق هي العضلة القابضة.,الخياطية,0.4062521755695343,0.4069158434867859,0.4065837264060974,Incorrect
124,أين تتوضع الغدة تحت الطية اللسانية؟,ANSWER: تحت الطية اللسانية.,تحت اللسان,تحت الطية اللسانية.,تحت اللسان,0.46771615743637085,0.5649363398551941,0.511749804019928,Correct
125,أين يتوضع السرج التركي؟,ANSWER: في الجمجمة.,على الوجه العلوي لجسم العظم الوتدي.,في الجمجمة.,على الوجه العلوي لجسم العظم الوتدي.,0.6080726981163025,0.5690692067146301,0.5879247784614563,Incorrect
126,ما هو القسم مع الضلع الواقع بين الرأس والحدبية؟,ANSWER: القسم الرأسي.,العنق,القسم الرأسي.,العنق,0.47050201892852783,0.5028905272483826,0.4861574172973633,Incorrect
127,كم عدد شدف النخاع الشوكي؟,ANSWER: 31 زوجاً.,31,31 زوجاً.,31,0.3694727420806885,0.47188252210617065,0.4144449830055237,Incorrect
128,ما هي العضلة الموسعة المسؤولة عن فتح الحنجرة؟,ANSWER: العضلة الموسعة للغضروف الحلقي.,الحلقية الطرجهالية الخلفية,العضلة الموسعة للغضروف الحلقي.,الحلقية الطرجهالية الخلفية,0.5505459308624268,0.6335325241088867,0.5891311764717102,Incorrect
129,ما يُدعى القسم العلوي المتسع من الحالب؟,ANSWER: الكأس الحالبية.,الحويضة,الكأس الحالبية.,الحويضة,0.4924030900001526,0.5222530364990234,0.5068889856338501,Incorrect
130,أين توجد نقطة التعظم البدئية في لوح الكتف؟,ANSWER: عند الحافة الخلفية للوح الكتف.,الحفرة تحت الشوك,عند الحافة الخلفية للوح الكتف.,الحفرة تحت الشوك,0.4729568362236023,0.5212908983230591,0.49594902992248535,Incorrect
131,ما هو الشريان الذي يستمر به الشريان تحت الترقوة؟,الشريان تحت الترقوة.,الابطي,الشريان تحت الترقوة.,الابطي,0.4008942246437073,0.4743143916130066,0.4345247447490692,Incorrect
132,ما هو الشريان الذي يمكن الشعور بنبضه عند الحافة السفلية للفك السفلي أمام العضلة الماضغة؟,الشريان الفكي السفلي.,الوجهي.,الشريان الفكي السفلي.,الوجهي.,0.598850429058075,0.6728798151016235,0.633710503578186,Incorrect
133,ما هو الشريان الذي يعتبر الشريان المخي الخلفي فرعاً منه؟,الشريان المخي الخلفي هو فرع من الشريان القاعدي.,القاعدي,الشريان المخي الخلفي هو فرع من الشريان القاعدي.,القاعدي,0.40710633993148804,0.5092078447341919,0.4524686932563782,Correct
134,ما هو أكبر أعضاء الجسم وزناً ومساحة؟,ANSWER: الجلد.,الجلد,الجلد.,الجلد,0.6715420484542847,0.774346113204956,0.7192893624305725,Correct
135,ما الذي يشكله نصفا الكرة المخية مع الدماغ البيني؟,ANSWER: المخ.,المخ,المخ.,المخ,0.6004728078842163,0.7134968638420105,0.6521238684654236,Correct
136,ما هو اسم الحافة اليسرى للمعدة التي تمتد من الفؤاد إلى البواب؟,ANSWER: الحافة الكبدية.,الانحناء الكبير,الحافة الكبدية.,الانحناء الكبير,0.5178554058074951,0.5484771728515625,0.5327265858650208,Incorrect
137,ما هو مصدر نشأة الشريان الشوكي الأمامي؟,ANSWER: الشريان الفقري.,الفقري,الشريان الفقري.,الفقري,0.4761411249637604,0.5463529229164124,0.5088363885879517,Correct
138,أين يقع الثرب الصغير؟,ANSWER: في الجزء الخلفي من الفم.,المعدة والكبد,في الجزء الخلفي من الفم.,المعدة والكبد,0.48237013816833496,0.5190447568893433,0.5000358819961548,Incorrect
139,أين تقع صفيحة الأكيمات؟,ANSWER: في البنكرياس.,الدماغ المتوسط .,في البنكرياس.,الدماغ المتوسط .,0.7211506962776184,0.7212542295455933,0.7212024927139282,Incorrect
140,ما هي الباحة التي يحويها التلفيف خلف المركزي؟,ANSWER: الباحة الجبهية.,الحس الجسدي الأولية,الباحة الجبهية.,الحس الجسدي الأولية,0.48826873302459717,0.47615423798561096,0.4821354150772095,Incorrect
141,ما هي الألياف التي تربط المراكز القشرية بالمحيط؟,ANSWER: الألياف القشرية المحيطية.,إسقاطية,الألياف القشرية المحيطية.,إسقاطية,0.3458162546157837,0.4226315915584564,0.3803845942020416,Incorrect
142,ما نوع المفصل الحلقي الطرجهالي؟,ANSWER: مفصل كروي.,الزليلي,مفصل كروي.,الزليلي,0.4261128604412079,0.43315139412879944,0.42960330843925476,Incorrect
143,ما هو رقم العصب الحركي للعضلات الماضغة؟,ANSWER: V3.,الخامس,V3.,الخامس,0.6202704906463623,0.6227369904518127,0.6215013265609741,Correct
144,كم عدد فصيصات الخصية؟,ANSWER: 200-300 فصيصة.,250,200-300 فصيصة.,250,0.3373672366142273,0.49209851026535034,0.4003008306026459,Correct
145,أين ترتكز العضلة الأخمعية الخلفية بوتر رقيق؟,ANSWER: على الناتئ الخشائي للعظم الصدغي.,الضلع الثاني.,على الناتئ الخشائي للعظم الصدغي.,الضلع الثاني.,0.4762171804904938,0.5793819427490234,0.5227583646774292,Incorrect
146,أين يتوضع الثلم المهمازي؟,ANSWER: في الفم.,الأنسي,في الفم.,الأنسي,0.4612397849559784,0.48983025550842285,0.47510525584220886,Incorrect
147,ما هي المنطقة التي يقع بينها القسيم العضلي (sarcomere)؟,ANSWER: بين الخطوط Z.,الخطين -Z-,بين الخطوط Z.,الخطين -Z-,0.5349359512329102,0.525348424911499,0.5300988554954529,Correct
148,ما الذي تنتجه الخلايا المجاورة للجريبات في الدرق؟,ANSWER: هرمونات الدرق.,كاليستونين,هرمونات الدرق.,كاليستونين,0.46891191601753235,0.47458308935165405,0.47173044085502625,Incorrect
149,ما الذي تتحول إليه الوحيدات Monocytes بعد مغادرتها الدوران؟,تتحول الوحيدات Monocytes إلى الخلايا البلعمية الكبيرة Macrophages بعد مغادرتها الدوران.,بالعات,تتحول الوحيدات Monocytes إلى الخلايا البلعمية الكبيرة Macrophages بعد مغادرتها الدوران.,بالعات,0.38249653577804565,0.4036206007003784,0.392774760723114,Correct
150,ما هو الشريان الذي ينتهي به الشريان الوجهي؟,ANSWER: الشريان الفكي السفلي.,الزاوي,الشريان الفكي السفلي.,الزاوي,0.3862454891204834,0.40856191515922546,0.3970903754234314,Incorrect
151,أين يتوضع الثلم المهمازي؟,ANSWER: في الفم.,الانسي,في الفم.,الانسي,0.4612397849559784,0.48983025550842285,0.47510525584220886,Incorrect
152,ما هو العصب القحفي الذي يحمل التعصيب نظير الودي للقلب؟,العصب القحفي الذي يحمل التعصيب نظير الودي للقلب هو العصب المبهم.,10,العصب القحفي الذي يحمل التعصيب نظير الودي للقلب هو العصب المبهم.,10,0.20211902260780334,0.2689039707183838,0.23077687621116638,Correct
153,ما هي العضلة التي يمر العصب تحت اللساني في الناحية تحت الفك عميقاً منها؟,العضلة اللسانية.,لامية لسانية.,العضلة اللسانية.,لامية لسانية.,0.6062366366386414,0.6156530380249023,0.610908567905426,Incorrect
154,تحت أي قسم من أقسام التشريح يندرج التنبيب الرغامي؟,ANSWER: علم التشريح العياني.,التشريح التقني .,علم التشريح العياني.,التشريح التقني .,0.681768536567688,0.7375483512878418,0.7085623145103455,Incorrect
155,ما هي العظام التي يتشكل منها مفصل الركبة؟,ANSWER: الفخذ، الشظية، الظنبوب.,المفصل بين عظمي الفخذ والظنبوب والمفصل بين عظمي الفخذ والرضفة.,الفخذ، الشظية، الظنبوب.,المفصل بين عظمي الفخذ والظنبوب والمفصل بين عظمي الفخذ والرضفة.,0.5815538763999939,0.5962470769882202,0.5888088941574097,Incorrect
156,ما هي الحركة الخاصة بالساعد؟,ANSWER: دوران.,الكب,دوران.,الكب,0.642104983329773,0.6771965026855469,0.6591840982437134,Incorrect
157,ما الذي يحويه القسم الأمامي للثلم الأمامي الخلفي الأيسر للكبد؟,ANSWER: القناة الصفراوية المشتركة.,تلم الرباط الوريدي,القناة الصفراوية المشتركة.,تلم الرباط الوريدي,0.5256105661392212,0.5303077697753906,0.5279487371444702,Incorrect
158,ماذا تشكل الصفيحتان السفليتان للشفرين الصغيرين عند اتحادهما؟,تشكل الصفيحتان السفليتان للشفرين الصغيرين عند اتحادهما الشفرة الصغيرة.,لجيم البظر,تشكل الصفيحتان السفليتان للشفرين الصغيرين عند اتحادهما الشفرة الصغيرة.,لجيم البظر,0.396456241607666,0.43773597478866577,0.4160747528076172,Incorrect
159,ما هي الانطباعات التي توجد على العظم الجداري؟,ANSWER: انطباعات العضلات.,السحائي الأوسط,انطباعات العضلات.,السحائي الأوسط,0.4729442000389099,0.43909400701522827,0.45539093017578125,Incorrect
160,ما هو العصب الحركي للعضلات الماضغة؟,العصب الفكي السفلي.,الخامس,العصب الفكي السفلي.,الخامس,0.307598739862442,0.3537953495979309,0.3290836811065674,Correct
161,أين يقع الشق الحجاجي السفلي؟,ANSWER: في الفك السفلي.,الجناح البير والفكي العلوي,في الفك السفلي.,الجناح البير والفكي العلوي,0.5461304187774658,0.5508002042770386,0.5484554171562195,Incorrect
162,ما هو العضو المتخصص بتشكيل الصوت والتدخل بالدور في الكلام؟,ANSWER: الحنجرة.,الحنجرة,الحنجرة.,الحنجرة,0.7529550790786743,0.8188353180885315,0.7845144867897034,Correct
163,ما هي حركة الركبة للخلف بمستوى سهمي؟,ANSWER: انثناء الركبة.,عطف,انثناء الركبة.,عطف,0.4013011157512665,0.5075626373291016,0.4482199549674988,Correct
164,ما هو العصب القحفي المتواسط بإفراز الغدد الدمعية واللعابية؟,العصب القحفي المتواسط بإفراز الغدد الدمعية واللعابية هو العصب الوجهي.,السابع,العصب القحفي المتواسط بإفراز الغدد الدمعية واللعابية هو العصب الوجهي.,السابع,0.26807478070259094,0.28349441289901733,0.27556905150413513,Correct
165,أين تتوضع الصفيحة الأفقية للعظم الغربالي؟,ANSWER: في قاعدة الجمجمة.,الثلمة الغربالية في العظم الدمعي.,في قاعدة الجمجمة.,الثلمة الغربالية في العظم الدمعي.,0.6105464100837708,0.596368134021759,0.6033739447593689,Incorrect
166,ما هو لون لب الكظر؟,ANSWER: بني.,بني غامق,بني.,بني غامق,0.6206650733947754,0.5828831195831299,0.6011810898780823,Incorrect
167,ما هو وجه العظم الجبهي الذي ينتمي للقحف العصبي؟,الوجه السفلي للعظم الجبهي.,الداخلى,الوجه السفلي للعظم الجبهي.,الداخلى,0.37387266755104065,0.38456109166145325,0.37914156913757324,Incorrect
168,ما هو لون لب الكظر؟,ANSWER: بني.,بني غامق,بني.,بني غامق,0.6206650733947754,0.5828831195831299,0.6011810898780823,Incorrect
169,ما هي اللفافة التي تحيط بجسم القضيب؟,ANSWER: اللفافة البكينية.,بوك,اللفافة البكينية.,بوك,0.2826472818851471,0.3358563780784607,0.3069630563259125,Correct
170,ما هي العضلة التي تعد من العضلات الوحشية للساق وقد تعد من العضلات الأمامية للساق؟,العضلة الشظوية القذالية.,العضلة الشظويةالثالثة,العضلة الشظوية القذالية.,العضلة الشظويةالثالثة,0.6978322267532349,0.669438362121582,0.6833404898643494,Incorrect
171,ما هو أول ما يتأثر من الخلايا الكبدية في حالة الإصابة بنقص الأكسجة؟,ANSWER: الخلايا الكبدية القريبة من الأوردة الكبدية.,الخلايا الكبدية المركزية,الخلايا الكبدية القريبة من الأوردة الكبدية.,الخلايا الكبدية المركزية,0.7244881391525269,0.7383350133895874,0.731346070766449,Correct
172,ما هي العضلات الطويلة التي تربط الفقرات مع بعضها؟,ANSWER: العضلات الطويلة هي العضلات الطويلة للظهر.,عضلات العمود الفقري,العضلات الطويلة هي العضلات الطويلة للظهر.,عضلات العمود الفقري,0.5263224840164185,0.6139468550682068,0.5667679309844971,Correct
173,ما هي الطية الجلدية التي تغطي رأس القضيب؟,ANSWER: القلفة.,القلفة,القلفة.,القلفة,0.6818410158157349,0.7553994655609131,0.7167378664016724,Correct
174,من أين يتفرع الشريان الأكليلي الأيمن والأيسر؟,ANSWER: الشريان الأورطي.,الأبهر الصاعد,الشريان الأورطي.,الأبهر الصاعد,0.4948498010635376,0.48524022102355957,0.48999789357185364,Incorrect
175,متى ينشأ برزخ الأبهر؟,ANSWER: في الأسبوع الرابع من الحمل.,بعد منشأ الشريان تحت الترقوة الأيسر,في الأسبوع الرابع من الحمل.,بعد منشأ الشريان تحت الترقوة الأيسر,0.45623302459716797,0.48438942432403564,0.4698898196220398,Incorrect
176,ما هو أصغر الفروع الأمامية للأبهر البطني؟,ANSWER: الشريان المساريقي العلوي.,المساريقي السفلي,الشريان المساريقي العلوي.,المساريقي السفلي,0.6397159099578857,0.7270288467407227,0.6805834174156189,Incorrect
177,ما هي الألياف التي تربط التلافيف والفصوص في نصف كرة مخية واحد؟,ANSWER: الألياف القشرية.,ترابطية,الألياف القشرية.,ترابطية,0.4021265506744385,0.5051606297492981,0.4477931559085846,Incorrect
178,ما هي ميزابة النبض بين أوتار العضلات؟,ANSWER: ميزابة النبض بين أوتار العضلات هي ميزابة النبض التي تحدث بين أوتار العضلات.,العضدية الكعبرية قابضة الرسغ الكعبرية,ميزابة النبض بين أوتار العضلات هي ميزابة النبض التي تحدث بين أوتار العضلات.,العضدية الكعبرية قابضة الرسغ الكعبرية,0.5165953636169434,0.5151891708374023,0.5158913135528564,Incorrect
179,ما هو الوريد السطحي الذي يشكل الابطي؟,الوريد السطحي الذي يشكل الابطي هو الوريد السطحي البطني.,القاعدي,الوريد السطحي الذي يشكل الابطي هو الوريد السطحي البطني.,القاعدي,0.38103994727134705,0.39018404483795166,0.38555777072906494,Incorrect
180,ماذا تفرز الخلايا ألفا في البنكرياس؟,ANSWER: الجلوكاجون.,الفلوكاغون,الجلوكاجون.,الفلوكاغون,0.6662702560424805,0.7290252447128296,0.6962365508079529,Correct
181,ما هو اسم أعمق الانخفاضات في الصيوان؟,ANSWER: الحفرة الصيوانية.,المحار,الحفرة الصيوانية.,المحار,0.4459834098815918,0.49922633171081543,0.47110530734062195,Incorrect
182,ما هي وظيفة هرمون الغدة جار الدرقية PTH؟,ANSWER: يزيد من تركيز الكالسيوم في الدم.,يرفع كالسيوم الدم,يزيد من تركيز الكالسيوم في الدم.,يرفع كالسيوم الدم,0.6529731750488281,0.7090810537338257,0.6798714995384216,Correct
183,ما الذي يمتد من المنخر حتى المنعر؟,ANSWER: الجيوب الأنفية.,جوف الأنف,الجيوب الأنفية.,جوف الأنف,0.5033756494522095,0.5404452681541443,0.5212522745132446,Incorrect
184,ما الذي يقع بين جسم الفقرة والقوس الفقرية؟,ANSWER: الفقرة الفقرية.,الثقبة الفقرية,الفقرة الفقرية.,الثقبة الفقرية,0.6868350505828857,0.7173762917518616,0.7017735838890076,Incorrect
185,أين تتوضع الطية المخملة؟,ANSWER: في الفم.,الوجه السفلي للسان,في الفم.,الوجه السفلي للسان,0.531467080116272,0.5559463500976562,0.5434312224388123,Incorrect
186,ما هو الهرمون الذي يفرز PTH؟,PTH يفرز من الغدة الدرقية.,الغدد جارات الدرق.,PTH يفرز من الغدة الدرقية.,الغدد جارات الدرق.,0.5767936110496521,0.6248524188995361,0.5998619198799133,Incorrect
187,ما هو الهرمون الذي يسرع عملية تصنيع الأحماض الدهنية من الغلوكوز في الخلايا الشحمية؟,ANSWER: الإنسولين.,الأنسولين,الإنسولين.,الأنسولين,0.6902564764022827,0.8112976551055908,0.7458984851837158,Correct
188,ما هي العضلات التي تعمل على توازن الرأس على الجذع؟,ANSWER: عضلات الرقبة.,عضلات العنق.,عضلات الرقبة.,عضلات العنق.,0.8715337514877319,0.9088432192802429,0.8897976279258728,Correct
189,من أين يخرج العصب الوجهي من الجمجمة؟,ANSWER: من الثقبة الوجنية.,الثقبة الأبرية الخشائية,من الثقبة الوجنية.,الثقبة الأبرية الخشائية,0.6515833139419556,0.6761324405670166,0.6636309027671814,Incorrect
190,ما الذي يتصل به المدورين بالخلف في الفخذ؟,ANSWER: العضلة القطنية.,العرف بين المدورين,العضلة القطنية.,العرف بين المدورين,0.3994497060775757,0.4145440459251404,0.4068569242954254,Incorrect
191,أين يدخل الحالبان المثانة؟,ANSWER: عند قاعدة المثانة.,الخلفي,عند قاعدة المثانة.,الخلفي,0.37196099758148193,0.4852529764175415,0.4211204946041107,Incorrect
192,ما هي الباحة المسؤولة عن حركات العين؟,ANSWER: الباحة المسؤولة عن حركات العين هي الباحة الحركية للعين.,8,الباحة المسؤولة عن حركات العين هي الباحة الحركية للعين.,8,0.3185814321041107,0.23037700355052948,0.2673930525779724,Incorrect
193,ما هو الشريان الذي ينشأ منه الجذع المشترك للشريان بين العظمين؟,الشريان السباتي الباطن.,الزندي,الشريان السباتي الباطن.,الزندي,0.437755823135376,0.5057274699211121,0.4692932069301605,Incorrect
194,ما هو وجه عظم الترقوة الذي عليه ميزابة طولانية؟,الوجه السطحي.,الوجه السفلي,الوجه السطحي.,الوجه السفلي,0.5936615467071533,0.6728433966636658,0.6307771801948547,Incorrect
195,من أين يفرز الغلوكاغون؟,ANSWER: الخلايا ألفا في البنكرياس.,خلايا الفا في المعثكلة,الخلايا ألفا في البنكرياس.,خلايا الفا في المعثكلة,0.6904261112213135,0.7124766111373901,0.7012780904769897,Correct
196,ما هي الطبقة المبطنة للتامور الليفي؟,ANSWER: الطبقة المبطنة للتامور الليفي هي الطبقة المخاطية.,التامور المصلي الجداري,الطبقة المبطنة للتامور الليفي هي الطبقة المخاطية.,التامور المصلي الجداري,0.509657621383667,0.5956894755363464,0.5493255257606506,Incorrect
197,ما هو معنى التوسع في نهاية الأسهر؟,ANSWER: التوسع في نهاية الأسهر هو توسع في نهاية الأسهر، وهو جزء من الجهاز التنفسي.,مجل الأسهر,التوسع في نهاية الأسهر هو توسع في نهاية الأسهر، وهو جزء من الجهاز التنفسي.,مجل الأسهر,0.42215871810913086,0.45630863308906555,0.43856993317604065,Incorrect
198,كم عدد فقرات الجزء الصدري من العمود الفقري؟,ANSWER: 12 فقرة.,12,12 فقرة.,12,0.26158440113067627,0.3061625063419342,0.2821233868598938,Correct
199,من أين ينتج هرمون الأستروجين؟,ANSWER: المبيض.,المبيض,المبيض.,المبيض,0.6759843230247498,0.7846958041191101,0.7262946367263794,Correct
200,ما هي الفروع الانتهائية للسباني الخارجي؟,ANSWER: السباني الخلفي، السباني الأمامي، السباني الأوسط.,حنكي وصدغي سطحي,السباني الخلفي، السباني الأمامي، السباني الأوسط.,حنكي وصدغي سطحي,0.43275976181030273,0.47163182497024536,0.45136040449142456,Incorrect
201,ما هو مصدر التعصيب الحركي لعضلات الظهر العميقة؟,ANSWER: العصب الشوكي.,الشعب الاوليه الظهريه,العصب الشوكي.,الشعب الاوليه الظهريه,0.4767850935459137,0.4674542546272278,0.4720735549926758,Incorrect
202,ما هو الجيب الوريدي الذي يصب في الوريد الوداجي الباطن؟,الوريد الوداجي الباطن.,الجيب السيني,الوريد الوداجي الباطن.,الجيب السيني,0.4307018220424652,0.4406285881996155,0.4356086850166321,Incorrect
203,أين يتوضع العظم الكتفي؟,ANSWER: في الجانب الخلفي من الصدر.,الاضلاع الثانية حتى السابعة,في الجانب الخلفي من الصدر.,الاضلاع الثانية حتى السابعة,0.4787783622741699,0.5368789434432983,0.5061668157577515,Incorrect
204,ما هي المنطقة الأعمق في الغدة الكظرية؟,المنطقة الأعمق في الغدة الكظرية هي المنطقة القشرية.,اللب,المنطقة الأعمق في الغدة الكظرية هي المنطقة القشرية.,اللب,0.3993946611881256,0.4052199423313141,0.40228623151779175,Incorrect
205,ما الذي يقع بين النواة العدسية من جهة والنواة والمهاد من الجهة الأخرى؟,ANSWER: البصلة.,المحفظة الداخلية.,البصلة.,المحفظة الداخلية.,0.6748396158218384,0.6219067573547363,0.6472928524017334,Incorrect
206,ما الذي ينفتح على القرين الأنفي العلوي؟,القرين الأنفي العلوي ينفتح على الجيب الفكي.,الجيب الوتدي,القرين الأنفي العلوي ينفتح على الجيب الفكي.,الجيب الوتدي,0.4257507026195526,0.4717423915863037,0.4475681185722351,Incorrect
207,أين يمكن إجراء الحقن العضلي في القسم العلوي؟,ANSWER: في العضلة الدالية.,الدالية,في العضلة الدالية.,الدالية,0.48961830139160156,0.5946695804595947,0.5370550155639648,Correct
208,أين تتوضع الاحدوبة الدالية في العضد؟,ANSWER: على الجانب الوحشي للعضد.,الوحشي,على الجانب الوحشي للعضد.,الوحشي,0.420253723859787,0.5817583799362183,0.4879903495311737,Correct
209,ما هو أكبر الجيوب جانب الأنف؟,ANSWER: الجيب الفكي.,الفكي,الجيب الفكي.,الفكي,0.6091122627258301,0.6620661020278931,0.634486198425293,Correct
210,ما هو العصب المحرك لعضلات اللسان؟,ANSWER: العصب تحت اللسان.,12,العصب تحت اللسان.,12,0.19309170544147491,0.24639280140399933,0.21651004254817963,Correct
211,ما الذي يتوضع تحت الخط الضرسي اللامي؟,ANSWER: العضلة اللامية.,حفرة الغدة تحت الفك السفلي,العضلة اللامية.,حفرة الغدة تحت الفك السفلي,0.5216867923736572,0.5018740296363831,0.5115886926651001,Incorrect
212,ما هي الطبقة المحيطة بالقلب والمرتبطة به؟,ANSWER: التامور.,التامور المصلي الحشوي,التامور.,التامور المصلي الحشوي,0.6400153636932373,0.6470372676849365,0.643507182598114,Incorrect
213,ما هو الشريان الذي ينشأ منه الشريان الزاوي؟,الشريان الزاوي ينشأ من الشريان الفكي العلوي.,الشريان الوجهي,الشريان الزاوي ينشأ من الشريان الفكي العلوي.,الشريان الوجهي,0.505805253982544,0.6181460022926331,0.5563613176345825,Incorrect
214,ما هو تشكل الوريد المأبضي؟,تشكل الوريد المأبضي هو تشكل في الوريد المأبضي، وهو الوريد الذي يجمع الدم من الساقين ويقوم بنقله إلى القلب. يمكن أن يحدث هذا التشكل بسبب تكوين جلطة دموية في الوريد، مما يؤدي إلى انسداد جزئي أو كامل للوريد. يمكن أن يكون تشكل الوريد المأبضي خطيرًا إذا انتشرت الجلطة إلى الرئتين، مما يؤدي إلى انسداد رئوي. يعتبر تشكل الوريد المأبضي حالة طبية طارئة ويجب أن يتم التعامل معها على الفور.,الوريد الظنبوبي الامامي والوريد الظنبوبي الخلفي,تشكل الوريد المأبضي هو تشكل في الوريد المأبضي، وهو الوريد الذي يجمع الدم من الساقين ويقوم بنقله إلى القلب. يمكن أن يحدث هذا التشكل بسبب تكوين جلطة دموية في الوريد، مما يؤدي إلى انسداد جزئي أو كامل للوريد. يمكن أن يكون تشكل الوريد المأبضي خطيرًا إذا انتشرت الجلطة إلى الرئتين، مما يؤدي إلى انسداد رئوي. يعتبر تشكل الوريد المأبضي حالة طبية طارئة ويجب أن يتم التعامل معها على الفور.,الوريد الظنبوبي الامامي والوريد الظنبوبي الخلفي,0.39723843336105347,0.6305744647979736,0.4874202013015747,Incorrect
215,ما هي المنطقة الأعمق في قشر الكظر؟,الطبقة الحبيبية.,الشبكية,الطبقة الحبيبية.,الشبكية,0.4762169122695923,0.49539411067962646,0.4856162369251251,Incorrect
216,أين يقع التلم الوحشي؟,ANSWER: في الفص الجبهي.,فص الجزيرة,في الفص الجبهي.,فص الجزيرة,0.4452287554740906,0.45430752635002136,0.4497223496437073,Incorrect
217,أين يصب الوريد الكلوي؟,ANSWER: الوريد الأجوف السفلي.,الأجوف السفلي,الوريد الأجوف السفلي.,الأجوف السفلي,0.6802716851234436,0.776421844959259,0.7251735329627991,Correct
218,أين ترتكز العضلة المدورة الصغيرة؟,ANSWER: على الفك السفلي.,حديبة العضد الكبرى.,على الفك السفلي.,حديبة العضد الكبرى.,0.6805209517478943,0.6315531730651855,0.6551232933998108,Incorrect
219,ما هو الجزء من البلعوم الذي يتبعه الردب الكمثري؟,الجزء البلعومي للفم.,الحنجري,الجزء البلعومي للفم.,الحنجري,0.39217281341552734,0.41559696197509766,0.4035452604293823,Incorrect
220,كم عدد الأعصاب القحفية؟,ANSWER: 12 عصب قحفي.,12 شفعًا,12 عصب قحفي.,12 شفعًا,0.4546484649181366,0.3747650980949402,0.4108598828315735,Correct
221,أين تتوضع نواة العصب العاشر؟,ANSWER: في النخاع المستطيل.,البصلة,في النخاع المستطيل.,البصلة,0.43466031551361084,0.452705979347229,0.4434996545314789,Correct
222,ما هو العنصر الذي يجاور الرغامي من الخلف؟,ANSWER: المريء.,المري,المريء.,المري,0.5216138362884521,0.5371825695037842,0.5292837023735046,Correct
223,ما هو العصب القحفي الذي يجتاز النفق الصدري؟,العصب القحفي الذي يجتاز النفق الصدري هو العصب الحجابي.,2,العصب القحفي الذي يجتاز النفق الصدري هو العصب الحجابي.,2,0.2357853651046753,0.26688051223754883,0.25037115812301636,Incorrect
224,ما هو العظم الأضخم في هيكل القدم؟,العظم الكعب.,العقب,العظم الكعب.,العقب,0.5687907934188843,0.6013178825378418,0.5846022367477417,Correct
225,أين يوجد النفير البلعومي السمعي؟,ANSWER: في الجزء العلوي من البلعوم الأنفي.,البلعوم الانفي,في الجزء العلوي من البلعوم الأنفي.,البلعوم الانفي,0.6261152029037476,0.7599055171012878,0.6865531206130981,Correct
226,ما الذي يحد فتحة وينسلو من الأسفل؟,ANSWER: العضلة اللسانية.,الإثني عشر.,العضلة اللسانية.,الإثني عشر.,0.5161398649215698,0.5871570706367493,0.5493627786636353,Incorrect
227,ما يُسمى الوجه الأمامي للوح الكتف؟,الوجه القصي.,الحفرة تحت الكتفية,الوجه القصي.,الحفرة تحت الكتفية,0.49646812677383423,0.5868632793426514,0.5378943681716919,Incorrect
228,ما هو الشريان الذي يروي القولون الصاعد؟,الشريان القولوني الأيمن.,المساريقي العلوي,الشريان القولوني الأيمن.,المساريقي العلوي,0.41865891218185425,0.5689084529876709,0.48235413432121277,Correct
229,ما هي الطية الجلدية التي تغطي رأس القضيب؟,ANSWER: القلفة.,القلفة,القلفة.,القلفة,0.6818410158157349,0.7553994655609131,0.7167378664016724,Correct
230,ما يُدعى القسم العلوي المتسع من الحالب؟,ANSWER: الكأس الحالبية.,الحويضة,الكأس الحالبية.,الحويضة,0.4924030900001526,0.5222530364990234,0.5068889856338501,Incorrect
231,ما هي المنطقة الفاصلة بين الطيتين الصوتيين؟,ANSWER: الحنجرة.,مشق المزمار,الحنجرة.,مشق المزمار,0.5483614206314087,0.5797336101531982,0.5636112689971924,Incorrect
232,ما هي الطبقة من الكظر التي تتألف من حبال مقوسة من خلايا عمودية متقاربة؟,الطبقة القشرية.,الطبقة الكبيبة,الطبقة القشرية.,الطبقة الكبيبة,0.6959003806114197,0.7307909727096558,0.7129191160202026,Incorrect
233,ما هي الخلايا التي تتوضع في اللحمة بين النبيبات؟,ANSWER: الخلايا البينية.,لايديغ,الخلايا البينية.,لايديغ,0.4072895646095276,0.4556478261947632,0.4301137328147888,Correct
234,ما هو السطح الخلفي للفخذ تحت المدور الكبير؟,ANSWER: السطح الخلفي للفخذ تحت المدور الكبير هو السطح الخلفي للفخذ.,الأحدوبة الأولوية,السطح الخلفي للفخذ تحت المدور الكبير هو السطح الخلفي للفخذ.,الأحدوبة الأولوية,0.3316631317138672,0.3539363145828247,0.3424379229545593,Incorrect
235,ما الذي يحويه القسم الأمامي للثلم الأمامي الخلفي الأيسر للكبد؟,ANSWER: القناة الصفراوية المشتركة.,ثلم الرباط المدور,القناة الصفراوية المشتركة.,ثلم الرباط المدور,0.49683645367622375,0.5029745101928711,0.4998866617679596,Incorrect
236,ما هو الشريان الذي يروي معظم الوجه الوحشي للمخ؟,الشريان المخي الأمامي.,المخى الأوسط.,الشريان المخي الأمامي.,المخى الأوسط.,0.6936267018318176,0.751160204410553,0.7212479114532471,Incorrect
237,ما هي المنطقة الفاصلة بين الطيتين الصوتيين؟,ANSWER: الحنجرة.,مشق المزمار,الحنجرة.,مشق المزمار,0.5483614206314087,0.5797336101531982,0.5636112689971924,Incorrect
238,ما هو العصب القحفي الذي يعبر الثقبة البيضية؟,العصب القحفي الذي يعبر الثقبة البيضية هو العصب الوجهي.,الفكي السفلي,العصب القحفي الذي يعبر الثقبة البيضية هو العصب الوجهي.,الفكي السفلي,0.4515547752380371,0.49875226616859436,0.47398149967193604,Incorrect
239,ما هو الهرمون الذي يسبب دفقه الشديد حدوث عملية الإباضة؟,ANSWER: هرمون LH.,LH,هرمون LH.,LH,0.4869866669178009,0.5686863660812378,0.5246751308441162,Correct
240,ما هو الهرمون الذي يستهدف الدرق ويحفز إفراز الهرمون الدرقي؟,ANSWER: هرمون محفز الدرق.,TSH,هرمون محفز الدرق.,TSH,0.3333003520965576,0.352213591337204,0.34249603748321533,Correct
241,ما هي أكبر عقدة مفردة من النسيج اللمفاوي؟,ANSWER: العقدة اللمفاوية الرقبية العلوية.,الطحال,العقدة اللمفاوية الرقبية العلوية.,الطحال,0.31677696108818054,0.36978423595428467,0.3412342965602875,Incorrect
242,ما هي العضلة الرئيسية المسؤولة عن قبض المرفق؟,العضلة العضدية.,العضدية,العضلة العضدية.,العضدية,0.48022693395614624,0.5190033912658691,0.49886277318000793,Correct
243,ما هي التراكيب التي توجد على حافتي اللسان وتحوي براعم ذوقية كثيرة؟,اللوزة اللسانية.,الورقية,اللوزة اللسانية.,الورقية,0.40645861625671387,0.44208812713623047,0.423525333404541,Incorrect
244,ما هي الشعيرات الدموية التي تغلفها محفظة بومان؟,الشعيرات الدموية التي تغلفها محفظة بومان هي الشعيرات الدموية الكلوية.,الكبيبة الكلوية,الشعيرات الدموية التي تغلفها محفظة بومان هي الشعيرات الدموية الكلوية.,الكبيبة الكلوية,0.5097997188568115,0.6318342685699463,0.5642945766448975,Incorrect
245,ما هي الحافة من الفرع التي تشكل زاوية الفك السفلي؟,ANSWER: الحافة السفلية للفك السفلي.,الخلفية,الحافة السفلية للفك السفلي.,الخلفية,0.4324114918708801,0.4957121014595032,0.4619031548500061,Incorrect
246,ما الذي تغلفه العضلة البصلية الإسفنجية؟,ANSWER: الحويصلة البصلية.,بصلة القضيب,الحويصلة البصلية.,بصلة القضيب,0.5394247174263,0.5601795315742493,0.5496062636375427,Incorrect
247,من أين يخرج العصب الشوكي؟,ANSWER: من الثقبة العظمى.,الثقبة بين الفقرية,من الثقبة العظمى.,الثقبة بين الفقرية,0.6172789335250854,0.6002235412597656,0.6086317300796509,Incorrect
248,ما هي الألياف التي تعصب العضلة مصرة الحدقة؟,ANSWER: الألياف الباراسمبثاوية.,نظيرة ودية,الألياف الباراسمبثاوية.,نظيرة ودية,0.38920819759368896,0.43978190422058105,0.41295239329338074,Correct
249,ما هو البطين الذي يحويه الدماغ البيني داخله؟,ANSWER: البطين الثالث.,الثالث,البطين الثالث.,الثالث,0.513960063457489,0.6079192161560059,0.557004988193512,Correct
250,ما الذي يشغل الجزء العلوي من قبة القحف؟,ANSWER: المخ.,العظم الجداري,المخ.,العظم الجداري,0.5382922291755676,0.5339947938919067,0.5361348390579224,Incorrect
251,ما هو العصب الذي يعصب الغدة النكفية؟,ANSWER: العصب الوجهي.,تحت اللساني,العصب الوجهي.,تحت اللساني,0.4819418787956238,0.4963553547859192,0.4890424311161041,Incorrect
252,من أين يخرج العصب تحت اللساني؟,ANSWER: من الثقبة العوراء.,النفق تحت اللساني,من الثقبة العوراء.,النفق تحت اللساني,0.48708683252334595,0.46870675683021545,0.4777200520038605,Incorrect
253,ما هي الخلايا البالعة الكبدية؟,ANSWER: الخلايا البالعة الكبدية هي خلايا متخصصة في الكبد تتميز بقدرتها على امتصاص وتحليل المواد الغذائية والسموم.,خلايا كوبفر.,الخلايا البالعة الكبدية هي خلايا متخصصة في الكبد تتميز بقدرتها على امتصاص وتحليل المواد الغذائية والسموم.,خلايا كوبفر.,0.4879627823829651,0.5499545335769653,0.5171073079109192,Incorrect
254,أين يصب الوريد الصافن الكبير (الأنسي)؟,ANSWER: في الوريد الفخذي.,الوريد الفخذي,في الوريد الفخذي.,الوريد الفخذي,0.7409635186195374,0.7344957590103149,0.7377154231071472,Correct
255,ما هو الشريان الذي يستمر به الريان تحت الترقوة؟,ANSWER: الشريان تحت الترقوة.,الإبطي,الشريان تحت الترقوة.,الإبطي,0.4008942246437073,0.4743143916130066,0.4345247447490692,Incorrect
256,ما تُدعى الردب بين عنق الرحم والمهبل؟,ANSWER: الفورنيكس.,قبو المهبل,الفورنيكس.,قبو المهبل,0.4940589964389801,0.5152636766433716,0.5044386386871338,Correct
257,في أي مستوى من الفقرات الصدرية يتم التمفصل بين قبضة وجسم القص؟,ANSWER: الفقرة الصدرية الثانية.,الرابعة.,الفقرة الصدرية الثانية.,الرابعة.,0.590867280960083,0.6752980351448059,0.6302676796913147,Incorrect
258,ما هو الرباط الذي يربط الرحم بجدران الحوض الجانبية؟,الرباط الرحمي الجانبي.,العريض,الرباط الرحمي الجانبي.,العريض,0.05347030982375145,0.11093313246965408,0.07215942442417145,Incorrect
259,ما هي العضلة التي تنشأ من الشوكة الحرقفية الأمامية العلوية وترتكز انسي الظنبوب؟,العضلة القطنية.,الخياطية,العضلة القطنية.,الخياطية,0.44362831115722656,0.4742456078529358,0.4584263265132904,Incorrect
260,ما هي الطبقة البطانية الرحمية التي تتعرض إلى تغيرات ملحوظة أثناء الدورة الشهرية؟,الطبقة البطانية الرحمية التي تتعرض إلى تغيرات ملحوظة أثناء الدورة الشهرية هي بطانة الرحم.,الطبقة الوظيفية.,الطبقة البطانية الرحمية التي تتعرض إلى تغيرات ملحوظة أثناء الدورة الشهرية هي بطانة الرحم.,الطبقة الوظيفية.,0.5847204327583313,0.6518930792808533,0.6164823174476624,Incorrect
261,ما هو موقع مستقبلات الضغط المسؤولة عن المنعكس القلبي التثبيطي؟,ANSWER: في الأذن الداخلية.,الجيب السباتي.,في الأذن الداخلية.,الجيب السباتي.,0.628689169883728,0.6570865511894226,0.6425743103027344,Incorrect
262,ما هو أكبر أعضاء الجسم وزناً ومساحة؟,ANSWER: الجلد.,الجلد,الجلد.,الجلد,0.6715420484542847,0.774346113204956,0.7192893624305725,Correct
263,ما هي البنية الأكثر علواً في جذر الرئة اليسرى؟,ANSWER: الشريان الرئوي الأيسر.,الشريان الرئوي,الشريان الرئوي الأيسر.,الشريان الرئوي,0.564517080783844,0.653496503829956,0.6057567000389099,Correct
264,ما هو المكان الذي يعبر من خلاله الشريان السحاني الأوسط؟,ANSWER: الثقبة السحائية.,الثقبة الشوكية,الثقبة السحائية.,الثقبة الشوكية,0.6738733053207397,0.7377276420593262,0.7043561935424805,Incorrect
265,ما هو الجوف الهوائي الذي يحوي عظيمات السمع؟,الجوف الهوائي الذي يحوي عظيمات السمع هو الجوف الهوائي الأذني.,الأذن الوسطى,الجوف الهوائي الذي يحوي عظيمات السمع هو الجوف الهوائي الأذني.,الأذن الوسطى,0.46085721254348755,0.56108158826828,0.5060547590255737,Incorrect
266,ما هي وظيفة النهايات العصبية الحرة الواردة ضمن ألياف العضلة القلبية؟,ANSWER: استشعار الضغط والانبساط.,الإحساس بالألم.,استشعار الضغط والانبساط.,الإحساس بالألم.,0.6348111629486084,0.671917200088501,0.6528373956680298,Incorrect
267,ما هي الخلايا التي تخزن فيتامين A في الكبد؟,ANSWER: الخلايا النجمية.,خلايا إيتو,الخلايا النجمية.,خلايا إيتو,0.5387667417526245,0.5860841274261475,0.5614302158355713,Correct
268,من أين يحمل الشريان الرئوي الدم غير المؤكسج؟,ANSWER: البطين الأيمن.,البطين الأيمن,البطين الأيمن.,البطين الأيمن,0.7076724767684937,0.795905351638794,0.7492000460624695,Correct
269,ما هو العصب القحفي الثاني؟,ANSWER: العصب البصري.,البصري - حاسي,العصب البصري.,البصري - حاسي,0.43251121044158936,0.44098708033561707,0.436708003282547,Correct
270,ما هو العظم الذي تنتمي إليه الثلمة الاسكية الصغيرة؟,ANSWER: عظم الفخذ.,الاسك,عظم الفخذ.,الاسك,0.440890371799469,0.40150707960128784,0.4202781319618225,Incorrect
271,ما هو الغضروف المرتبط مع الحلقة الرغامية الأولى؟,ANSWER: الغضروف الحلقي.,الحلقي,الغضروف الحلقي.,الحلقي,0.5669354796409607,0.6394133567810059,0.6009971499443054,Correct
272,ما هو المفصل الذي يتألف من سطحين كل منهما محدب في اتجاه ومقعر في اتجاه آخر؟,ANSWER: مفصل كروي.,سرجي saddle,مفصل كروي.,سرجي saddle,0.43270742893218994,0.40613698959350586,0.41900140047073364,Incorrect
273,ما هو أكبر أعصاب الجسم؟,ANSWER: العصب الوركي.,الوركي,العصب الوركي.,الوركي,0.49072879552841187,0.5273317098617554,0.5083722472190857,Correct
274,كم عدد العضلات بين العظمية الأخمصية؟,ANSWER: 4 عضلات.,3,4 عضلات.,3,0.42649081349372864,0.49052152037620544,0.45627066493034363,Incorrect
275,أين ينتهي الأبهر النازل؟,ANSWER: عند الفقرة القطنية الرابعة.,L4,عند الفقرة القطنية الرابعة.,L4,0.288557767868042,0.31996774673461914,0.30345213413238525,Correct
276,ما هي المراكز المسؤولة عن تنسيق الفعالية الحركية وضمان الثباتية؟,ANSWER: النخاع الشوكي.,النوى القاعدية,النخاع الشوكي.,النوى القاعدية,0.43949776887893677,0.4349365532398224,0.4372052550315857,Incorrect
277,ما هو وجه العظم الجبهي الذي ينتمي للقحف العصبي؟,الوجه السفلي للعظم الجبهي.,الداخلي,الوجه السفلي للعظم الجبهي.,الداخلي,0.37387266755104065,0.38456109166145325,0.37914156913757324,Incorrect
278,أين ينفتح الجيب الفكي؟,ANSWER: في الفم.,الصماخ المتوسط,في الفم.,الصماخ المتوسط,0.44687604904174805,0.5144582986831665,0.4782916307449341,Incorrect
279,ما هو أكبر أقسام المعثكلة؟,ANSWER: المعثكلة الكبيرة.,الرأس,المعثكلة الكبيرة.,الرأس,0.41568076610565186,0.5047042369842529,0.4558871388435364,Incorrect
280,ما هي الحدود التشريحية للحجرة الخلفية للعين؟,ANSWER: الحد الأمامي: العدسة، الحد الخلفي: القرص البصري، الحد العلوي: العضلة المستقيمة العلوية، الحد السفلي: العضلة المستقيمة السفلية، الحد الإنسي: العضلة المستقيمة الإنسي، الحد الوحشي: العضلة المستقيمة الوحشية.,القزحية في الأمام والعدسة في الخلف,الحد الأمامي: العدسة، الحد الخلفي: القرص البصري، الحد العلوي: العضلة المستقيمة العلوية، الحد السفلي: العضلة المستقيمة السفلية، الحد الإنسي: العضلة المستقيمة الإنسي، الحد الوحشي: العضلة المستقيمة الوحشية.,القزحية في الأمام والعدسة في الخلف,0.4103317856788635,0.668816328048706,0.508617103099823,Incorrect
281,أين ترتكز العضلة الشظوية القصيرة؟,ANSWER: على العظم الشظوي.,قاعدة المشط الخامس,على العظم الشظوي.,قاعدة المشط الخامس,0.4621657729148865,0.4778570532798767,0.46988043189048767,Incorrect
282,ما هي المنطقة في الحنجرة التي تشمل الطيتين الصوتيتين والمسافة بينهما؟,المنطقة في الحنجرة التي تشمل الطيتين الصوتيتين والمسافة بينهما هي المنطقة الصوتية.,المزمار,المنطقة في الحنجرة التي تشمل الطيتين الصوتيتين والمسافة بينهما هي المنطقة الصوتية.,المزمار,0.3752082884311676,0.41429603099823,0.3937845826148987,Incorrect
283,أين تقع الوهدة في البلعوم؟,ANSWER: في الجزء الخلفي من البلعوم.,الفموي,في الجزء الخلفي من البلعوم.,الفموي,0.35435450077056885,0.4088095724582672,0.37963926792144775,Incorrect
284,ما هي الغدة التي تتوضع تحت الطية اللسانية؟,ANSWER: الغدة الدرقية.,اللسان,الغدة الدرقية.,اللسان,0.41169553995132446,0.4407922625541687,0.4257473647594452,Incorrect
285,ما هو العصب الذي ينتقل عبره الحس غير العام (حس الذوق) من الثلث الأمامي للسان؟,العصب اللساني.,العصب الوجهي.,العصب اللساني.,العصب الوجهي.,0.9174151420593262,0.9174151420593262,0.9174151420593262,Incorrect
286,ماذا يروي المساريقي العلوي؟,ANSWER: الرأس والعنق والذراعين والصدر.,الأمعاء الدقيقة,الرأس والعنق والذراعين والصدر.,الأمعاء الدقيقة,0.5127057433128357,0.5291382670402527,0.5207924246788025,Incorrect
287,ما هي المنطقة الأعمق من قشر الكظر؟,الطبقة الحبيبية.,المنطقة الشبكية,الطبقة الحبيبية.,المنطقة الشبكية,0.6125125288963318,0.6424381732940674,0.6271185278892517,Incorrect
288,ما هي الفقرة التي تحتوي على ثقبة فقرية كبيرة ومثلثية الشكل؟,ANSWER: الفقرة الرابعة.,الفقرة الرقبية,الفقرة الرابعة.,الفقرة الرقبية,0.6108834743499756,0.6421002745628357,0.6261029839515686,Incorrect
289,ما هو لون قشر الكظر؟,ANSWER: أصفر.,مائل للصفرة,أصفر.,مائل للصفرة,0.5659826397895813,0.5288710594177246,0.5467979311943054,Correct
290,ما هو النسيج الضام الليفي الذي يرتكز حول السطوح المفصلية؟,ANSWER: الغضروف.,المحفظة المفصلية,الغضروف.,المحفظة المفصلية,0.5351952314376831,0.5424901843070984,0.5388180613517761,Incorrect
291,كم عدد شدف النخاع الشوكي؟,ANSWER: 31 زوجاً.,31,31 زوجاً.,31,0.3694727420806885,0.47188252210617065,0.4144449830055237,Incorrect
292,ما هو التصريف اللمفاوي للثلث الخلفي للسان؟,التصريف اللمفاوي للثلث الخلفي للسان يحدث عبر العقد اللمفاوية الرقبية العميقة.,العقد الرقبيه العميقه,التصريف اللمفاوي للثلث الخلفي للسان يحدث عبر العقد اللمفاوية الرقبية العميقة.,العقد الرقبيه العميقه,0.5435366630554199,0.7093356847763062,0.6154657006263733,Correct
293,ما هي الغدة التي تقوم بإفراز الميلاتونين؟,ANSWER: الغدة الصنوبرية.,الخاليا الصنوبرية.,الغدة الصنوبرية.,الخاليا الصنوبرية.,0.8004598617553711,0.7908948659896851,0.7956486344337463,Correct
294,ما هو الشريان الذي له انطباعات على الوجه الداخلي للعظم الصدغي وهو فرع من أي شريان؟,الشريان الذي له انطباعات على الوجه الداخلي للعظم الصدغي هو الشريان الصدغي الأوسط، وهو فرع من الشريان السباتي.,الفكي,الشريان الذي له انطباعات على الوجه الداخلي للعظم الصدغي هو الشريان الصدغي الأوسط، وهو فرع من الشريان السباتي.,الفكي,0.30399540066719055,0.35000383853912354,0.3253813087940216,Incorrect
295,ما هو التصنيف الذي يمكننا من معرفة العضلات التي تشارك في كل مرحلة مفصلية وتطبيق ذلك أثناء الفحص؟,ANSWER: تصنيف العضلات حسب الوظيفة.,وظيفي.,تصنيف العضلات حسب الوظيفة.,وظيفي.,0.4693414866924286,0.5921325087547302,0.5236347913742065,Correct
296,ما هي الشرايين التي تسير بين الفصوص بإتجاه القشرة على كل جانب من جانبي الهرم الكلوي؟,الشرايين بين الفصوص.,الشرايين بين الفصوص,الشرايين بين الفصوص.,الشرايين بين الفصوص,0.753534197807312,0.8188707828521729,0.7848450541496277,Correct
297,ما هو الدواء الأمثل لبدء التخدير لمريض مصاب بنزف حاد؟,ANSWER: إتوميدات.,كيتامين,إتوميدات.,كيتامين,0.5008004903793335,0.556801438331604,0.5273183584213257,Incorrect
298,ما هو المخدر الذي يتميز بالمباشرة والصحو السريعين؟,ANSWER: بروبوفول.,الديسفلوران,بروبوفول.,الديسفلوران,0.6308176517486572,0.6426981091499329,0.6367024779319763,Incorrect
299,ما هو الدواء الأمثل لبدء التخدير لمريض مصاب بنزف رضي حاد؟,ANSWER: إتوميدات.,كيتامين,إتوميدات.,كيتامين,0.5008004903793335,0.556801438331604,0.5273183584213257,Incorrect
300,ما هو المرخي العضلي الأمثل لتسهيل تنبيب مريض ذي خطورة عالية للاستنشاق؟,ANSWER: سكساميثونيوم.,السوكسنيل كولين,سكساميثونيوم.,السوكسنيل كولين,0.5738283395767212,0.6750198006629944,0.6203243732452393,Correct
301,ما هو الترياق المناسب للتسمم بالمورفين؟,ANSWER: نالوكسون.,A. النالوكسون,نالوكسون.,A. النالوكسون,0.5646883249282837,0.5530559420585632,0.558811604976654,Correct
302,ما الذي يشير إليه بقاء عيني المريض مفتوحتين مع رأرأة خفيفة وحركات غير هادفة بعد إعطائه جرعة من الكيتامين؟,ANSWER: نوبة تشنجية.,أن الجرعة السابقة مركنة ومخدرة,نوبة تشنجية.,أن الجرعة السابقة مركنة ومخدرة,0.49505770206451416,0.5255864262580872,0.5098654627799988,Incorrect
303,ما هو الدواء المنتخب للإرخاء العضلي والتنبيب لمريض يعاني من قصور كلوي ويحتاج لعملية إسعافية؟,ANSWER: سكساميثونيوم.,اتراكوريوم,سكساميثونيوم.,اتراكوريوم,0.5625029802322388,0.7133011817932129,0.6289899945259094,Incorrect
304,ما هو المرخي العضلي المفضل استعماله لمريض سيخضع لجراحة إسعافية ويعاني من قصور كلوي؟,ANSWER: سكساميثونيوم.,B. أتراكوريوم,سكساميثونيوم.,B. أتراكوريوم,0.589942991733551,0.6555835604667664,0.6210336089134216,Incorrect
305,ماذا يفكك الببسين؟,ANSWER: البروتينات.,البروتين,البروتينات.,البروتين,0.604311466217041,0.6927552819252014,0.6455180048942566,Correct
306,ما التعبير الصحيح لوصف جزيئات الإيثين في تفاعل تشكيل البولي إيثين؟,ANSWER: جزيئات الإيثين.,مونوميرات (موحودات),جزيئات الإيثين.,مونوميرات (موحودات),0.5020859241485596,0.6030031442642212,0.5479366183280945,Incorrect
307,ماذا يسبب عوز إنزيم البيروفات كيناز؟,ANSWER: عوز إنزيم البيروفات كيناز يسبب فقر الدم الانحلالي.,فقر دم انحلالي,عوز إنزيم البيروفات كيناز يسبب فقر الدم الانحلالي.,فقر دم انحلالي,0.5074278116226196,0.6708728671073914,0.5778144598007202,Correct
308,ماذا ندعو آلية تفاعل الكلور مع البروبان في ضوء الشمس لإنتاج 1-كلورو بروبان؟,ANSWER: تفاعل استبدال.,استبدال الجذور الحرة,تفاعل استبدال.,استبدال الجذور الحرة,0.5386863946914673,0.4681897759437561,0.5009701251983643,Incorrect
309,ما هي الاسطوانات المنحنية التي تكون سهلة التمييز لمحتواها الكاسر للضوء؟,ANSWER: الكريستال.,شمعية,الكريستال.,شمعية,0.5663560032844543,0.5900485515594482,0.5779595971107483,Incorrect
310,ما هي الحموض الأمينية المشحونة سلبياً؟,ANSWER: حمض الجلوتاميك، حمض الأسبارتيك.,اسباريتك,حمض الجلوتاميك، حمض الأسبارتيك.,اسباريتك,0.39566680788993835,0.43869084119796753,0.41606956720352173,Correct
311,ما هي أعراض عوز فيتامين البيوتين؟,ANSWER: الاكتئاب، الوهن، الضعف، التهاب الجلد، التهاب الشفاه، التهاب الفم، التهاب اللسان، التهاب الجلد، التهاب الشفاه، التهاب الفم، التهاب اللسان.,من أعراضه التخلف العقلي.,الاكتئاب، الوهن، الضعف، التهاب الجلد، التهاب الشفاه، التهاب الفم، التهاب اللسان، التهاب الجلد، التهاب الشفاه، التهاب الفم، التهاب اللسان.,من أعراضه التخلف العقلي.,0.40652042627334595,0.5189011096954346,0.45588716864585876,Incorrect
312,ما هي مفرزات الصفراء؟,ANSWER: مفرزات الصفراء هي سائل يفرز من الكبد ويتم تخزينه في المرارة. يلعب دورًا هامًا في عملية الهضم، حيث يساعد في تكسير الدهون وتحفيز إفراز إنزيمات الهضم. يحتوي على صبغات الصفراء التي تمنح البراز لونه البني.,الأملاح الصفراوية.,مفرزات الصفراء هي سائل يفرز من الكبد ويتم تخزينه في المرارة. يلعب دورًا هامًا في عملية الهضم، حيث يساعد في تكسير الدهون وتحفيز إفراز إنزيمات الهضم. يحتوي على صبغات الصفراء التي تمنح البراز لونه البني.,الأملاح الصفراوية.,0.4434473514556885,0.5420868396759033,0.4878308176994324,Incorrect
313,ما هي خصائص الشجرة الوراثية لخلة متنحية جسدية فيها الأبوين مصابين؟,ANSWER: كلا الوالدين حاملين للجين المتنحي، وكل طفل لديهم فرصة 25% أن يكون مصابًا بالمرض، وفرصة 50% أن يكون حاملًا للجين المتنحي، وفرصة 25% أن يكون سليمًا.,كل الأبناء مصابين,كلا الوالدين حاملين للجين المتنحي، وكل طفل لديهم فرصة 25% أن يكون مصابًا بالمرض، وفرصة 50% أن يكون حاملًا للجين المتنحي، وفرصة 25% أن يكون سليمًا.,كل الأبناء مصابين,0.3448337912559509,0.5637911558151245,0.42793068289756775,Incorrect
314,ما هي النواتج المتشكلة عند تفاعل معدن الصوديوم مع الإيثانول؟,ANSWER: إيثوكسيد الصوديوم وغاز الهيدروجين.,اوكسيد الصوديوم وهيدروجين,إيثوكسيد الصوديوم وغاز الهيدروجين.,اوكسيد الصوديوم وهيدروجين,0.6405379772186279,0.7300925254821777,0.6823896169662476,Incorrect
315,ما هي خصائص أنزيم RNA Polymerase؟,ANSWER: إنزيم RNA Polymerase هو إنزيم يلعب دورًا هامًا في عملية النسخ الجيني، حيث يقوم بنسخ المعلومات الجينية من الحمض النووي إلى الحمض النووي الريبي. يحتوي هذا الإنزيم على القدرة على ربط الحمض النووي وبدء عملية النسخ، كما يحتوي على القدرة على إضافة النيوكليوتيدات إلى سلسلة الحمض النووي الريبي. يعتبر RNA Polymerase إنزيمًا أساسيًا في عملية النسخ الجيني، حيث يلعب دورًا حاسمًا في تكوين البروتينات والجزيئات الأخرى التي تؤثر على وظائف الخلية.,يشكل الروابط التكافؤية الإستيرية.,إنزيم RNA Polymerase هو إنزيم يلعب دورًا هامًا في عملية النسخ الجيني، حيث يقوم بنسخ المعلومات الجينية من الحمض النووي إلى الحمض النووي الريبي. يحتوي هذا الإنزيم على القدرة على ربط الحمض النووي وبدء عملية النسخ، كما يحتوي على القدرة على إضافة النيوكليوتيدات إلى سلسلة الحمض النووي الريبي. يعتبر RNA Polymerase إنزيمًا أساسيًا في عملية النسخ الجيني، حيث يلعب دورًا حاسمًا في تكوين البروتينات والجزيئات الأخرى التي تؤثر على وظائف الخلية.,يشكل الروابط التكافؤية الإستيرية.,0.4424838423728943,0.5128771066665649,0.47508707642555237,Incorrect
316,ما هو النكليوتيد في جزيء DNA؟,ANSWER: نيوكليوتيد.,يمكن أنيرتبط به أكثر من مجموعة فوسفات واحدة.,نيوكليوتيد.,يمكن أنيرتبط به أكثر من مجموعة فوسفات واحدة.,0.5535266399383545,0.44257181882858276,0.49186965823173523,Incorrect
317,ما هو فيتامين البيوتين؟,ANSWER: فيتامين ب7.,يصنع من قبل الجراثيم المعوية,فيتامين ب7.,يصنع من قبل الجراثيم المعوية,0.41545888781547546,0.4136538803577423,0.4145544171333313,Incorrect
318,ما هي حالة عدم تحمل اللاكتوز؟,ANSWER: عدم القدرة على هضم اللاكتوز.,من أسبابها الإسهالات الشديدة,عدم القدرة على هضم اللاكتوز.,من أسبابها الإسهالات الشديدة,0.5196444392204285,0.5664771795272827,0.5420511364936829,Incorrect
319,ما هو اسم الاستر المتشكل عندما يتفاعل الميتانول مع حمض البوتانوئيك بوجود بضع قطرات من حمض الكبريت المركز؟,ANSWER: ميثيل البوتانوات.,بوتانوات الميتيل,ميثيل البوتانوات.,بوتانوات الميتيل,0.5167268514633179,0.5413527488708496,0.5287532210350037,Correct
320,ما هو سبب الوفاة لدى مرض التلاسيميا؟,ANSWER: فشل القلب.,تراكم الحديد,فشل القلب.,تراكم الحديد,0.5043864250183105,0.5428312420845032,0.5229032039642334,Incorrect
321,ما هي الصبغيات التي يوجد فيها الكروماتين المغاير؟,ANSWER: الكروموسوم X.,1,الكروموسوم X.,1,0.39084845781326294,0.2879633903503418,0.33160898089408875,Incorrect
322,ما المركب الذي ينقص منه نتيجة التأخر في فصل البلازما أو المصل من الكريات في الدم؟,ANSWER: الفيتامين سي.,الغلوكوز.,الفيتامين سي.,الغلوكوز.,0.7090719938278198,0.6503270864486694,0.6784301996231079,Incorrect
323,ما هو المركب الذي يستخدم كزمرة ملحقة لجميع الإنزيمات الناقلة الزمرة الأمين؟,ANSWER: بيريدوكسال فوسفات.,البيرودوكسال فوسفات,بيريدوكسال فوسفات.,البيرودوكسال فوسفات,0.7246525287628174,0.7565145492553711,0.7402408719062805,Correct
324,ما هو العلاج الثاني لمرض الثلاسيميا بيتا؟,ANSWER: زرع نخاع العظم.,زرع نقي عظام,زرع نخاع العظم.,زرع نقي عظام,0.6758987903594971,0.7354520559310913,0.704418957233429,Correct
325,ما هو الاضطراب الذي يتميز بفرط شديد في بيليروبين المصل غير المرتبط وعوز جزئي في UDPGT؟,ANSWER: داء جيلبرت.,كريجلر نجار,داء جيلبرت.,كريجلر نجار,0.5018066763877869,0.5273861289024353,0.5142785310745239,Incorrect
326,ما هو سبب الوفاة لدى مرضى التلاسيميا؟,ANSWER: فشل القلب.,تراكم الحديد,فشل القلب.,تراكم الحديد,0.5043864250183105,0.5428312420845032,0.5229032039642334,Incorrect
327,ماذا يسبب عوز الثيامين الشديد؟,ANSWER: بيريبيري.,البري بري,بيريبيري.,البري بري,0.4764254689216614,0.48235470056533813,0.4793717563152313,Correct
328,كم يبلغ عدد الجينات التي تشفر لجزيئات الرنا الأصغري miRNAs في مجين الإنسان؟,ANSWER: 1000 جين.,125,1000 جين.,125,0.540760338306427,0.6091359853744507,0.572915256023407,Incorrect
329,أين يتم اصطناع الدقائق الكيلوسية؟,ANSWER: في النواة.,الأمعاء,في النواة.,الأمعاء,0.4464534521102905,0.46860259771347046,0.4572599530220032,Incorrect
330,ما هو الإنزيم الذي يتم بوساطته ربط شدف أوكازاكي؟,ANSWER: DNA ligase.,أنزيم الليغاز,DNA ligase.,أنزيم الليغاز,0.5159874558448792,0.5257114171981812,0.5208040475845337,Correct
331,ما هو أكثر الأنزيمات فعالية تحفيزية في جسم الإنسان؟,ANSWER: أوريدين ثنائي الفوسفات غلوكورونوسيل ترانسفيراز.,كاربونيك انهيدراز.,أوريدين ثنائي الفوسفات غلوكورونوسيل ترانسفيراز.,كاربونيك انهيدراز.,0.6312326788902283,0.7093690037727356,0.6680237650871277,Incorrect
332,ما هو الشكل الفعال لفيتامين B6؟,ANSWER: البيريدوكسال 5-فوسفات.,البيريدوكسال فوسفات,البيريدوكسال 5-فوسفات.,البيريدوكسال فوسفات,0.7394312024116516,0.8461493253707886,0.7891989350318909,Correct
333,ما هو الموقع الطبيعي للجين الورمي ABL؟,ANSWER: الكروموسوم 9.,9q34,الكروموسوم 9.,9q34,0.48171958327293396,0.3604259490966797,0.4123378098011017,Incorrect
334,كم عدد طبقات الفوسفولبيد في المذيلة؟,ANSWER: 3 طبقات.,3,3 طبقات.,3,0.4584139585494995,0.48139628767967224,0.4696241021156311,Correct
335,ما هو التركيب الذي يدخل فيه الكولاجين 4؟,ANSWER: الغشاء القاعدي.,الغشاء القاعدي .,الغشاء القاعدي.,الغشاء القاعدي .,0.9999998807907104,0.9999998807907104,0.9999998807907104,Correct
336,ما الذي تؤدي إليه استلة الهيستونات؟,ANSWER: تثبيط التعبير الجيني.,تفعيل الانتساخ.,تثبيط التعبير الجيني.,تفعيل الانتساخ.,0.6759438514709473,0.6910775899887085,0.6834269762039185,Incorrect
337,ما هي الخصائص التي تتميز بها شجرة النسب الحاوية على حالة وراثة متعلقة بالمتقدرات والأم فقط فيها مصابة؟,ANSWER: تظهر الحالة في كل الأجيال، وتنتقل من الأم إلى جميع أبنائها.,كل الأولاد مصابون.,تظهر الحالة في كل الأجيال، وتنتقل من الأم إلى جميع أبنائها.,كل الأولاد مصابون.,0.5059027671813965,0.5225417017936707,0.5140876173973083,Correct
338,ما هو الحمض الأميني الذي تتم أستلة الهستونات له؟,ANSWER: ليسين.,اللوسين,ليسين.,اللوسين,0.4967292845249176,0.5241799354553223,0.5100855827331543,Incorrect
339,ما هي المكونات التي تتألف منها الفوسفولبيدات بالإضافة إلى حمضين دسمين والفوسفات؟,ANSWER: الكوليسترول والكوليسترول الإستير.,الغليسرول .,الكوليسترول والكوليسترول الإستير.,الغليسرول .,0.5955963134765625,0.6672387719154358,0.6293853521347046,Incorrect
340,ما هي الوظيفة الوحيدة لسيغما في إنزيم بوليمراز RNA البكتيري؟,ANSWER: ربط إنزيم بوليمراز RNA البكتيري بالجينات.,التعرف على المحضض.,ربط إنزيم بوليمراز RNA البكتيري بالجينات.,التعرف على المحضض.,0.502193808555603,0.5517799854278564,0.5258204936981201,Correct
341,ما هي الأجزاء التي تتبادل بينها الإشارات الجزيئية التي يعتمد عليها ضبط النظام الخلوي الجذعي؟,ANSWER: الخلايا الجذعية والخلايا الداعمة.,الخلايا الجذعية وذريتها والنسج المحيطة .,الخلايا الجذعية والخلايا الداعمة.,الخلايا الجذعية وذريتها والنسج المحيطة .,0.8401594758033752,0.7897130846977234,0.8141555786132812,Incorrect
342,ما تدعى البروتينات المشكلة لمعقدات الثقوب النووية؟,ANSWER: البروتينات النووية.,النكليوبورين .,البروتينات النووية.,النكليوبورين .,0.6208328008651733,0.6209061145782471,0.6208694577217102,Incorrect
343,كيف تتم إزالة المتقدرات الحاوية على طفرات بالية؟,"ANSWER: إزالة المتقدرات الحاوية على طفرات بالية تتم عن طريق عملية تُعرف باسم ""إزالة المتقدرات"" أو ""إزالة الميتوكوندريا"".",الجيني الاختناق.,"إزالة المتقدرات الحاوية على طفرات بالية تتم عن طريق عملية تُعرف باسم ""إزالة المتقدرات"" أو ""إزالة الميتوكوندريا"".",الجيني الاختناق.,0.33377954363822937,0.45145517587661743,0.3837999105453491,Incorrect
344,ما هو عامل الإطلاق في حقيقيات النوى؟,ANSWER: GTP.,RF2,GTP.,RF2,0.6567062735557556,0.6628178358078003,0.6597478985786438,Incorrect
345,ما هي الروابط التي تربط سلسلتي عديدي النكليوتيد مع بعضهما البعض؟,ANSWER: روابط هيدروجينية.,هيدروجينية.,روابط هيدروجينية.,هيدروجينية.,0.8152807950973511,0.7304597496986389,0.7705429792404175,Correct
346,ما هي خصائص الشجرة الوراثية لخلة متنحية فيها الأبوين مصابين؟,ANSWER: كلا الوالدين حاملين للجين المتنحي.,كل الأبناء مصابين.,كلا الوالدين حاملين للجين المتنحي.,كل الأبناء مصابين.,0.5384620428085327,0.6812622547149658,0.6015028953552246,Incorrect
347,ما هو أكبر مستوى من المستويات التراتبية للحياة؟,ANSWER: النظم البيئي.,المنظومة البيئية .,النظم البيئي.,المنظومة البيئية .,0.7886485457420349,0.7194569110870361,0.7524654865264893,Correct
348,ما هو الحمض الأميني الذي تبدأ به جميع عديدات الببتيد في بدائيات النوى؟,ANSWER: N-فورميل ميثيونين.,المعدل الميثيونين.,N-فورميل ميثيونين.,المعدل الميثيونين.,0.71381014585495,0.7855669260025024,0.7479715347290039,Correct
349,ما الذي يدل عليه تقدير نسبة تنوع النمط الظاهري لخلة ما بسبب الاختلافات الجينية؟,ANSWER: الوراثة.,قابلية الانتقال بالوراثة.,الوراثة.,قابلية الانتقال بالوراثة.,0.7111117839813232,0.6145012378692627,0.6592860221862793,Incorrect
350,ما هي الآلية التي تضمن للخلية الجذعية استمرارها إلى ما لا نهاية؟,ANSWER: التكرار الذاتي.,التجديد الذاتي,التكرار الذاتي.,التجديد الذاتي,0.6732102632522583,0.7752937078475952,0.7206548452377319,Correct
351,ما هو الحمض الأميني الذي نتج عن ترجمة أول جزيء رنا مرسال صنعي؟,ANSWER: فينيل ألانين.,الهستيدين,فينيل ألانين.,الهستيدين,0.48690488934516907,0.5268701314926147,0.5060997605323792,Incorrect
352,ما هي الإنزيمات التي تقوم القلنسوة بحماية سلسلة الرنا من التدرك بها؟,ANSWER: إنزيمات الريبونوكلياز.,الليغاز,إنزيمات الريبونوكلياز.,الليغاز,0.37795549631118774,0.4043276309967041,0.39069703221321106,Incorrect
353,ما هو مقدار المادة الوراثية التي يتشاركها أقرباء من الدرجة الثانية مع المستلفت؟,ANSWER: 25%,سدس مادتهم الوراثية,25%,سدس مادتهم الوراثية,0.48767638206481934,0.4150846600532532,0.44846194982528687,Incorrect
354,أين يلتحم الغشاءان النوويان؟,ANSWER: في النقطة المركزية.,معدات الثقوب النووية .,في النقطة المركزية.,معدات الثقوب النووية .,0.7012730240821838,0.6676448583602905,0.6840458512306213,Incorrect
355,ما هي النتائج المتوقعة في حال إصابة أب بصفة تخضع لوراثة متنحية مرتبطة بالصبغي X؟,ANSWER: سيكون الأب حاملًا للصفة، بينما سيكون الأب مصابًا بالصفة.,ينقل الصفة فقط لبناته,سيكون الأب حاملًا للصفة، بينما سيكون الأب مصابًا بالصفة.,ينقل الصفة فقط لبناته,0.497527539730072,0.49941593408584595,0.4984699487686157,Incorrect
356,ما هي النظرية التي تفسر ظهور المتقدرات والصانعات بإدخال جراثيم داخل الخلايا تقوم بالفسفرة والتركيب الضوئي؟,ANSWER: نظرية الخلية الداخلية.,فرضية التعايش الداخلي,نظرية الخلية الداخلية.,فرضية التعايش الداخلي,0.616500973701477,0.6466830968856812,0.631231427192688,Correct
357,ماذا يسبب وجود الألائل السائد في الأنماط الجينية المختلفة التالية RRYY و RrYy و RRYy و RrYY؟,ANSWER: يسبب وجود الألائل السائد في الأنماط الجينية المختلفة RRYY و RrYy و RRYy و RrYY ظهور السمة السائدة في الفرد.,نمط ظاهري جديد,يسبب وجود الألائل السائد في الأنماط الجينية المختلفة RRYY و RrYy و RRYy و RrYY ظهور السمة السائدة في الفرد.,نمط ظاهري جديد,0.38092300295829773,0.5765817165374756,0.45876166224479675,Incorrect
358,ما هو المكان الذي توجد فيه أكبر نسبة للبروتينات في أغشية خلايا الجسم؟,ANSWER: الغشاء البلازمي.,الغشاء الخلوي للصانعات الخضراء .,الغشاء البلازمي.,الغشاء الخلوي للصانعات الخضراء .,0.8074842691421509,0.621245801448822,0.7022267580032349,Incorrect
359,ما هو المسؤول عن إزالة مشراع الرنا قرب انتهاء تنسخ الدنا واستبدالها بنكليوتيدات الدنا؟,ANSWER: إنزيم رنا هيليكاز.,بوليميراز الدنا من النمط الأول,إنزيم رنا هيليكاز.,بوليميراز الدنا من النمط الأول,0.5035994052886963,0.49124276638031006,0.49734434485435486,Incorrect
360,ما الذي ترتبط به الصبيغيات الشقيقة على أنيبيبات مغزل الانقسام؟,ANSWER: الكينيتوكور.,الجسيم الحركي .,الكينيتوكور.,الجسيم الحركي .,0.6577249765396118,0.7151665687561035,0.6852441430091858,Correct
361,ما المميز بشجرة النسب الحاوية على حالة وراثة متعلقة بالمتقدرات والتي تكون فيها الأم فقط مصابة؟,ANSWER: تظهر الحالة في الذكور فقط.,الاولاد كلهم مصابون.,تظهر الحالة في الذكور فقط.,الاولاد كلهم مصابون.,0.47618162631988525,0.5087297558784485,0.4919178783893585,Incorrect
362,ما هو الاختلاف بين الانترونات والاكسونات؟,ANSWER: الانترونات هي أجزاء من الحمض النووي الريبي النقال التي يتم حذفها أثناء عملية التضفير، بينما الإكسونات هي أجزاء من الحمض النووي الريبي النقال التي يتم الاحتفاظ بها وتشكل جزءًا من الرنا الناضج.,لا تترجم إلى بروتين.,الانترونات هي أجزاء من الحمض النووي الريبي النقال التي يتم حذفها أثناء عملية التضفير، بينما الإكسونات هي أجزاء من الحمض النووي الريبي النقال التي يتم الاحتفاظ بها وتشكل جزءًا من الرنا الناضج.,لا تترجم إلى بروتين.,0.39566922187805176,0.46034443378448486,0.4255635738372803,Incorrect
363,ما الذي تمثله الخطوط الأفقية التي ترسم أعلى الدوائر والمربعات في شجرة النسب؟,ANSWER: الأجيال.,التواءم,الأجيال.,التواءم,0.46582889556884766,0.4404314458370209,0.4527742862701416,Incorrect
364,علام تحتوي الخلايا التي يعبر عنها مصطلح الهيولي المتغايرة؟,ANSWER: الهيولى المتغايرة.,متقدرات سليمة وطافرة,الهيولى المتغايرة.,متقدرات سليمة وطافرة,0.482461154460907,0.5674270391464233,0.5215060710906982,Incorrect
365,ما هي الطرق التي يمكن من خلالها تمييز الصبغيات بعضها عن بعض؟,ANSWER: يمكن تمييز الصبغيات بعضها عن بعض من خلال استخدام تقنيات التلوين والتصوير المجهري.,النمط الجيني,يمكن تمييز الصبغيات بعضها عن بعض من خلال استخدام تقنيات التلوين والتصوير المجهري.,النمط الجيني,0.4554498791694641,0.4649992287158966,0.4601750075817108,Incorrect
366,ما هو التعبير الذي يُستخدم للطاقة الكامنة المختزنة في مدروج للشحنات الكهربائية؟,ANSWER: طاقة مدروج.,بالكمون الكهربائي.,طاقة مدروج.,بالكمون الكهربائي.,0.5788178443908691,0.5580357909202576,0.5682368874549866,Incorrect
367,ما الذي تتشكل منه الأرجل الصفائحية؟,ANSWER: الأرجل الصفائحية تتشكل من الأرجل البطنية.,الأكتين.,الأرجل الصفائحية تتشكل من الأرجل البطنية.,الأكتين.,0.4375739097595215,0.5491532683372498,0.48705488443374634,Incorrect
368,ما هي الرابطة في البنية الثانوية للحمض النووي؟,ANSWER: رابطة هيدروجينية.,هيدروجينية,رابطة هيدروجينية.,هيدروجينية,0.6020498275756836,0.7578232288360596,0.6710146069526672,Correct
369,ما نوع الجينات التي تعد جينات الرنا الريباسي منها؟,جينات الرنا الريباسي هي جينات ترميزية.,الخدمية.,جينات الرنا الريباسي هي جينات ترميزية.,الخدمية.,0.43523383140563965,0.5388636589050293,0.4815363883972168,Incorrect
370,ما هو عدد الصبغيات المأشوبة إذا حدث تأشيب في 80 انقسام؟,ANSWER: 80 صبغي.,320,80 صبغي.,320,0.4419292211532593,0.6146430969238281,0.5141696929931641,Incorrect
371,ما هي العملية التي يتم بها تكوين متعضية تشبه الأبوين من بيضة مخصبة؟,ANSWER: التخصيب.,التنامي الجنيني,التخصيب.,التنامي الجنيني,0.5510801076889038,0.5260608196258545,0.5382798910140991,Incorrect
372,على من يظهر الاحلال الوراثي في الوراثة الجنسية المناحية؟,ANSWER: الذكور.,على الذكور والإناث من الأبناء,الذكور.,على الذكور والإناث من الأبناء,0.618708074092865,0.6285771131515503,0.6236035823822021,Incorrect
373,ما هو المجهر الذي يدرس السطح الطبوغرافي؟,ANSWER: مجهر إلكتروني نافذ.,مجهر القوة الذرية .,مجهر إلكتروني نافذ.,مجهر القوة الذرية .,0.666006326675415,0.6081802845001221,0.6357811689376831,Incorrect
374,ما هي البنى السيتوبلازمية المغلفة بغشاء واحد على الأقل؟,الغشاء الخلوي.,العضبيات,الغشاء الخلوي.,العضبيات,0.4781493544578552,0.4977273941040039,0.48774197697639465,Incorrect
375,ما هي خصائص شجرة النسب الحاوية على حالة وراثة متعلقة بالمتقدرات والوالدين فيها مصابين؟,ANSWER: شجرة النسب تظهر نمط وراثة سائد.,الأولاد كلهم مصابون.,شجرة النسب تظهر نمط وراثة سائد.,الأولاد كلهم مصابون.,0.407383531332016,0.47800713777542114,0.4398786723613739,Incorrect
376,ما الذي تختلف به الأحماض الأمينية عن بعضها؟,ANSWER: البنية الجانبية.,المجموعة الكربوكسيلية,البنية الجانبية.,المجموعة الكربوكسيلية,0.5862462520599365,0.5804095268249512,0.5833132863044739,Incorrect
377,ما الذي يشير إليه المربع الصغير المملوء في شجرة الوراثة؟,ANSWER: ذكر.,طفل مصاب,ذكر.,طفل مصاب,0.4639366865158081,0.44140976667404175,0.45239296555519104,Incorrect
378,ما هو سبب حدوث التلاسيميا بيتا؟,ANSWER: طفرات في جينات الهيموغلوبين.,خلة جسدية متنحية.,طفرات في جينات الهيموغلوبين.,خلة جسدية متنحية.,0.49778643250465393,0.5184476971626282,0.507906973361969,Incorrect
379,ماذا يؤدي وجود التربتوفان في مشغل التيربتوفان؟,ANSWER: يؤدي إلى إيقاف عملية الترجمة.,تثبيط انتساخ الجينات,يؤدي إلى إيقاف عملية الترجمة.,تثبيط انتساخ الجينات,0.42517685890197754,0.45075303316116333,0.437591552734375,Incorrect
380,ما الذي تساعد عليه حلقة الأكتين المتقلصة؟,ANSWER: انقباض العضلات.,انقسام النواة,انقباض العضلات.,انقسام النواة,0.4048510193824768,0.4106564521789551,0.40773308277130127,Incorrect
381,ما الذي يدل عليه المعين في شجرة النسب؟,ANSWER: الجنس.,الفرد مات في مرحلة مبكرة,الجنس.,الفرد مات في مرحلة مبكرة,0.4241345524787903,0.5097801089286804,0.46303021907806396,Incorrect
382,كم عدد الجينات المسؤولة عن الاصطناع الحيوي للحمض الأميني التربتوفان في جينوم بكتيريا E.Coli؟,ANSWER: 5 جينات.,6,5 جينات.,6,0.3982429504394531,0.5166119337081909,0.4497698247432709,Incorrect
383,ما هي وظيفة حويصلات كوب ٢؟,ANSWER: إفراز إنزيمات هضمية.,النقل التقدمى من الشبكة البلازمية الى مدخل غولجي فقط .,إفراز إنزيمات هضمية.,النقل التقدمى من الشبكة البلازمية الى مدخل غولجي فقط .,0.5671478509902954,0.5000665187835693,0.5314989686012268,Incorrect
384,ما هو معدل الحاملين في مجتمع إذا كان انتشار مرض التالاسيميا معروفاً في ذلك المجتمع؟,ANSWER: 10%,50M,10%,50M,0.6870818138122559,0.6870818138122559,0.6870818138122559,Incorrect
385,أين تجري عملية التمثيل الضوئي؟,ANSWER: في البلاستيدات الخضراء.,الصائعات الخضراء,في البلاستيدات الخضراء.,الصائعات الخضراء,0.5537035465240479,0.6165096163749695,0.5834211111068726,Correct
386,ماذا يحدث عند انخفاض نسبة الكوليسترول في الغشاء الخلوي؟,ANSWER: يزيد نفاذية الغشاء الخلوي.,تزداد مرونة الغشاء.,يزيد نفاذية الغشاء الخلوي.,تزداد مرونة الغشاء.,0.7477296590805054,0.767425537109375,0.7574496269226074,Incorrect
387,أين يتحد الغشاءان النوويان الداخلي والخارجي؟,ANSWER: عند الثقوب النووية.,معقدات الثقوب النووية,عند الثقوب النووية.,معقدات الثقوب النووية,0.7304935455322266,0.7404029369354248,0.7354148626327515,Correct
388,كم عدد القواعد الآزوتية اللازمة لإنتاج بروتين الأنسولين المكوّن من 51 حمض أميني إنتاجاً كاملاً؟,ANSWER: 153 قاعدة آزوتية.,153,153 قاعدة آزوتية.,153,0.2923519015312195,0.39692553877830505,0.3367060422897339,Correct
389,ما هي الترسبات الصباغية التي تحوي بروتين الفيرتين؟,ANSWER: حبيبات هيموسيديرين.,حبيبات هيمرسيدرين,حبيبات هيموسيديرين.,حبيبات هيمرسيدرين,0.7460517287254333,0.7957009673118591,0.7700769305229187,Correct
390,ما هو أول عنصر من عناصر الدراسة العلمية المنهجية؟,ANSWER: تحديد المشكلة أو السؤال البحثي.,الاختبار والنتائج .,تحديد المشكلة أو السؤال البحثي.,الاختبار والنتائج .,0.4984131455421448,0.5348225235939026,0.5159763693809509,Incorrect
391,ماذا تشير النجمة بعد رمز الجين؟,ANSWER: طفرة.,لترميز الجينات,طفرة.,لترميز الجينات,0.5034042596817017,0.4392845034599304,0.469163715839386,Incorrect
392,ما يُعرف بامتصاص بعض المواد الضوء بطول موجة ومن ثم إصداره بطول موجة أطول؟,ANSWER: الفلورية.,التألق,الفلورية.,التألق,0.4848162829875946,0.5314935445785522,0.507082998752594,Correct
393,ما يُدعى نوع وترتيب الأحماض الأمينية في البروتين؟,ANSWER: التسلسل.,البنية الأولية,التسلسل.,البنية الأولية,0.537702202796936,0.4672430753707886,0.5000026226043701,Correct
394,ماذا ينتج عند حدوث خلل في تنظيم السبيل الإشاري WNT؟,ANSWER: سرطان القولون.,سرطان أمعاء,سرطان القولون.,سرطان أمعاء,0.6360669732093811,0.7132325768470764,0.6724432110786438,Correct
395,ما هي الشعبة التي ينتمي إليها الإنسان؟,ANSWER: الشعبة الرئيسية.,الثدييات .,الشعبة الرئيسية.,الثدييات .,0.5144748687744141,0.7067865133285522,0.5954890251159668,Incorrect
396,ما هي نتيجة التطور التي تؤدي إلى التكيف؟,ANSWER: التكيف.,الاصطفاء الطبيعي .,التكيف.,الاصطفاء الطبيعي .,0.5328042507171631,0.437865674495697,0.4806921184062958,Incorrect
397,أين تكثر جزر CpG؟,ANSWER: في الجينات المثبطة للورم.,المحضضات.,في الجينات المثبطة للورم.,المحضضات.,0.4914754033088684,0.5614725351333618,0.5241473317146301,Incorrect
398,ما هو الأساس الأزوتي المتمم للتايمين في الرنا؟,ANSWER: يوراسيل.,اليوراسيل,يوراسيل.,اليوراسيل,0.6113972663879395,0.6695238351821899,0.6391416788101196,Correct
399,ما هو الموقع الذي يبدأ فيه انتساخ الجينات المرمزة للبروتينات بارتباط انزيم الرنا بوليميراز؟,ANSWER: منطقة التأشير.,المطلق القريب .,منطقة التأشير.,المطلق القريب .,0.574622392654419,0.6262471675872803,0.5993251204490662,Incorrect
400,أين تقع الجينات المسؤولة عن الزمر الدموية عند البشر؟,ANSWER: على الكروموسوم 9.,الصيغي 9,على الكروموسوم 9.,الصيغي 9,0.5144343376159668,0.4717702865600586,0.4921794831752777,Correct
401,ما هو الدور الرئيسي في تعرف جسيم التضفير مواقع التضفير؟,ANSWER: رنا نواة صغير.,snRNPs.,رنا نواة صغير.,snRNPs.,0.5147079825401306,0.5876141786575317,0.5487501621246338,Incorrect
402,ما هي الصبغيات التي يحدث بينها إزفاء متبادل في حالة ابيضاض الدم النقوي المزمن CML؟,ANSWER: الكروموسوم 9 والكروموسوم 22.,9 و 11,الكروموسوم 9 والكروموسوم 22.,9 و 11,0.39680004119873047,0.4393634796142578,0.4169984459877014,Incorrect
403,ما هو عدد الأنماط الظاهرية المختلفة في الجيل الثاني في حال التفارز المستقل بين المورثتين A و B؟,ANSWER: أربعة أنماط ظاهرية مختلفة.,8,أربعة أنماط ظاهرية مختلفة.,8,0.2861393392086029,0.28678980469703674,0.2864641845226288,Incorrect
404,ما هو عدد الأنماط الجينية في أعراس فرد متغاير الأليلات AB/ab إذا كان الارتباط بين المورثتين A و B كاملاً؟,ANSWER: 4 أنماط جينية.,2,4 أنماط جينية.,2,0.2861533761024475,0.4078715145587921,0.33633896708488464,Incorrect
405,ما نوع الوراثة التي يكون فيها والدا الطفل المصاب حاملين متغايري الألائل عديمين الأمراض؟,ANSWER: وراثة جسمية متنحية.,الجسدية المتنحية,وراثة جسمية متنحية.,الجسدية المتنحية,0.632544994354248,0.6457274556159973,0.6390683054924011,Correct
406,ما هو نمط هذا المرض إذا عانى فرد متخالف الألائل من أعراض مرض وكان موضع الجين على الصبغي 5؟,ANSWER: نمط وراثة جسمي سائد.,صبغي جسدي سائد,نمط وراثة جسمي سائد.,صبغي جسدي سائد,0.48367446660995483,0.5393321514129639,0.5099892020225525,Correct
407,ما هو خطر إصابة الطفل بالورم التليفي العصبي في الحمل التالي لأم مصابة أنجبت ذكرًا مصابًا بالمرض علمًا أن زوجها سليم؟,ANSWER: 50%,0.5,50%,0.5,0.7335350513458252,0.7173485159873962,0.7253514528274536,Correct
408,ما هو الاحتمال الأول لطراز انتقال هذا المرض الوراثي عندما ينجب أبوان سليمان طفلين (ذكر وأنثى) مصابين بمرض استقلابي بدأت تظاهراته مبكراً؟,ANSWER: وراثة جسمية سائدة.,صبغي جسدي سائد,وراثة جسمية سائدة.,صبغي جسدي سائد,0.5202788710594177,0.5531821846961975,0.5362262725830078,Correct
409,ما هو القانون الذي ينص على أن زاوية الورود تساوي زاوية الانعكاس؟,قانون الانعكاس.,للانعكاس,قانون الانعكاس.,للانعكاس,0.5498751401901245,0.6365010738372803,0.5900255441665649,Correct
410,ما هي الصيغة التي تعطينا التفاصيل الأقل والنسبة الأبسط للذرات الموجودة في الجزيء؟,الصيغة الكيميائية.,الصيغة التجريبية,الصيغة الكيميائية.,الصيغة التجريبية,0.6130086183547974,0.6627752780914307,0.6369212865829468,Incorrect
411,ما هو الذي يعطي لأشعة جاما مصدرا آخر للأشعة السينية التي يمكن أن تكون مفيدة وطاقتها قريبة من طاقة أشعة جاما الأصلية بحيث يمكن عدهما أشعة واحدة؟,ANSWER: التأثير الكومبتون.,التحول الداخلي,التأثير الكومبتون.,التحول الداخلي,0.43092092871665955,0.4651286005973816,0.44737181067466736,Incorrect
412,ما هو التواتر المناسب للأمواج التي يمكن استخدامها للكشف عن المواد غير المرئية بالنسبة للتواتر 500GHz؟,ANSWER: 500GHz.,الأعلى,500GHz.,الأعلى,0.42689770460128784,0.49418383836746216,0.4580830931663513,Incorrect
413,ما هو المجال الذي تكون فيه الأمواج تحت الصوتية أصغر منه؟,ANSWER: المجال فوق الصوتي.,20 Hz,المجال فوق الصوتي.,20 Hz,0.34156370162963867,0.3630918264389038,0.3519989252090454,Incorrect
414,ما هو المقدار الذي يتزايد لدى انتثار فوتون عن الكترون بمفعول كومتون؟,ANSWER: الطاقة.,طوله الموجي,الطاقة.,طوله الموجي,0.40146175026893616,0.5780631899833679,0.47384247183799744,Incorrect
415,ما الذي يعبر عن شدة الموجة الصوتية؟,ANSWER: شدة الموجة الصوتية.,بالواط على المتر المربع .,شدة الموجة الصوتية.,بالواط على المتر المربع .,0.5610393285751343,0.5246946811676025,0.5422586798667908,Incorrect
416,ما هي خصائص الأشعة السينية؟,ANSWER: الأشعة السينية هي نوع من الإشعاع الكهرومغناطيسي ذو طاقة عالية.,اشعاعات كهرطيسية وبأطوال موجية أقصر بكثير منها في حالة الضوء المرئي.,الأشعة السينية هي نوع من الإشعاع الكهرومغناطيسي ذو طاقة عالية.,اشعاعات كهرطيسية وبأطوال موجية أقصر بكثير منها في حالة الضوء المرئي.,0.6884681582450867,0.601972222328186,0.6423213481903076,Correct
417,ما هي القوة التي تحدث تشوهاً في الجسم وتكون مطبقة على وحدة السطح؟,الضغط.,الاجهاد,الضغط.,الاجهاد,0.4815908670425415,0.5427383184432983,0.5103394985198975,Incorrect
418,ماذا تعتبر درجة حرارة النواة والغلاف في جسم الإنسان؟,ANSWER: درجة حرارة النواة هي 37 درجة مئوية، بينما درجة حرارة الغلاف هي 35-36 درجة مئوية.,ثابتة - متغيرة,درجة حرارة النواة هي 37 درجة مئوية، بينما درجة حرارة الغلاف هي 35-36 درجة مئوية.,ثابتة - متغيرة,0.4551542103290558,0.5623952746391296,0.5031235814094543,Incorrect
419,ما هو ثابت التناسب بين تدرج السرعة؟,ANSWER: ثابت التناسب بين تدرج السرعة هو 1.,معامل لزوجه المائع,ثابت التناسب بين تدرج السرعة هو 1.,معامل لزوجه المائع,0.439413845539093,0.4781551957130432,0.4579666554927826,Incorrect
420,ما هو الناتج عندما تتفاعل الألدهيدات مع NaBH5؟,ANSWER: الكحولات.,أغوال أولية,الكحولات.,أغوال أولية,0.43011221289634705,0.41942089796066284,0.4246992766857147,Incorrect
421,ما هي الطريقة التي يجري بها التبادل الحراري بين الجسم والوسط المحيط؟,ANSWER: التبادل الحراري بين الجسم والوسط المحيط يحدث عن طريق التوصيل، الحمل، الإشعاع.,الأوعية الدموية,التبادل الحراري بين الجسم والوسط المحيط يحدث عن طريق التوصيل، الحمل، الإشعاع.,الأوعية الدموية,0.44756531715393066,0.47630107402801514,0.4614863097667694,Incorrect
422,ما هو المعيار الذي يستخدمه العلماء لحساب الكتل الذرية النسبية؟,ANSWER: الكربون-12.,نظير الكربون 12,الكربون-12.,نظير الكربون 12,0.5738494396209717,0.6526530981063843,0.6107196807861328,Correct
423,ما هي الوحدة التي يقاس بها الضغط في إطار السيارة في الولايات المتحدة؟,ANSWER: PSI (رطل لكل بوصة مربعة),الباوند لكل موجه مربعه,PSI (رطل لكل بوصة مربعة),الباوند لكل موجه مربعه,0.5992299318313599,0.7214847803115845,0.6546989679336548,Correct
424,ما هو القانون الذي ينص على أن تغير الحقل المغنطيسي يولد حقلا كهربائيا؟,ANSWER: قانون فاراداي للحث.,فارادي,قانون فاراداي للحث.,فارادي,0.42522209882736206,0.5386158227920532,0.47524869441986084,Correct
425,ما هو وصف جريان المائع المستقر من ناحية سرعته في أي نقطة منه مع الزمن؟,ANSWER: ثابت.,ثابتة .,ثابت.,ثابتة .,0.8440972566604614,0.8176382780075073,0.8306571245193481,Correct
426,ما هي المادة التي تتخذ شكل أسفل الوعاء الذي يحتويها ولها حجم خاص بها؟,ANSWER: سائل.,سائلة,سائل.,سائلة,0.6469249129295349,0.7035976648330688,0.6740722060203552,Correct
427,ما تسمى القوى عندما يكون عمر الحالة المثارة طويلا؟,ANSWER: القوى المستدامة.,شبه مستقرة,القوى المستدامة.,شبه مستقرة,0.4947444200515747,0.517188310623169,0.5057174563407898,Incorrect
428,ما هو الذي يعطى لأشعة غاما مصدراً آخر للأشعة السينية التي يمكن أن تكون مفيدة وطاقتها قريبة من طاقة أشعة غاما الأصلية بحيث يمكن الحصول على أشعة واحدة؟,ANSWER: مصدر أشعة سينية.,التحول الداخلي,مصدر أشعة سينية.,التحول الداخلي,0.39199063181877136,0.4183286428451538,0.4047316014766693,Incorrect
429,ما نوع الكثافة التي تعتبر منها العظام ومستحضرات التباين العائمة مثل اليود والباريوم؟,ANSWER: كثافة منخفضة.,الكلسية.,كثافة منخفضة.,الكلسية.,0.5014533996582031,0.5895434617996216,0.5419421195983887,Incorrect
430,ما هي طبيعة الأشعة السينية؟,ANSWER: أشعة سينية.,اشعاعات كهر طيسية,أشعة سينية.,اشعاعات كهر طيسية,0.574625551700592,0.5679879188537598,0.5712875127792358,Incorrect
431,ما هو مجموع الكتل الذرية النسبية في مركب أيوني؟,ANSWER: مجموع الكتل الذرية النسبية للعناصر المكونة للمركب.,الكتلة الصيغية النسبية,مجموع الكتل الذرية النسبية للعناصر المكونة للمركب.,الكتلة الصيغية النسبية,0.5537299513816833,0.6419246196746826,0.594574511051178,Correct
432,أين يقع مجال التيراهرتز؟,ANSWER: بين الموجات الراديوية والميكروويف.,الأشعة تحت الحمراء والأمواج المكروية .,بين الموجات الراديوية والميكروويف.,الأشعة تحت الحمراء والأمواج المكروية .,0.6587858200073242,0.658622145652771,0.6587039828300476,Incorrect
433,لماذا يُستخدم الماء في درجة معينة كمادة مرجعية للوزن النوعي؟,ANSWER: لأن كثافته ثابتة عند درجة حرارة معينة.,قيمتها العظمى,لأن كثافته ثابتة عند درجة حرارة معينة.,قيمتها العظمى,0.3328711688518524,0.4593161940574646,0.38600242137908936,Incorrect
434,ما هي مكونات صمام الأشعة السينية؟,ANSWER: أنبوب الأشعة السينية، والمصدر، والكاثود، والأنود، والفولتاج، والتيار، والضغط، والفضاء، والغرفة، والكاثود، والأنود، والفضاء، والغرفة، والكاثود، والأنود، والفضاء، والغرفة، والكاثود، والأنود، والفضاء، والغرفة، والكاثود، والأنود، والفضاء، والغرفة، والكاثود، والأنود، والفضاء، والغرفة، والكاثود، والأنود، والفضاء، والغرفة، والكاثود، والأنود، والفضاء، والغرفة، والكاثود، والأنود، والفضاء، والغرفة، والكاثود، والأنود، والفضاء، والغرفة، والكاثود، والأنود، والفضاء، والغرفة، والكاثود، والأنود، والفضاء، والغرفة، والكاثود، والأنود، والفضاء، والغرفة، والكاثود، والأن,المسدد,أنبوب الأشعة السينية، والمصدر، والكاثود، والأنود، والفولتاج، والتيار، والضغط، والفضاء، والغرفة، والكاثود، والأنود، والفضاء، والغرفة، والكاثود، والأنود، والفضاء، والغرفة، والكاثود، والأنود، والفضاء، والغرفة، والكاثود، والأنود، والفضاء، والغرفة، والكاثود، والأنود، والفضاء، والغرفة، والكاثود، والأنود، والفضاء، والغرفة، والكاثود، والأنود، والفضاء، والغرفة، والكاثود، والأنود، والفضاء، والغرفة، والكاثود، والأنود، والفضاء، والغرفة، والكاثود، والأنود، والفضاء، والغرفة، والكاثود، والأنود، والفضاء، والغرفة، والكاثود، والأنود، والفضاء، والغرفة، والكاثود، والأن,المسدد,0.23338164389133453,0.40159958600997925,0.2952086329460144,Incorrect
435,ما الذي تتعلق به الطاقة التي يصدرها الجسم الأسود وفقاً لدراسة تغير تابع إشعاع الجسم الأسود؟,ANSWER: درجة حرارة الجسم الأسود.,درجة حرارته المطلقة,درجة حرارة الجسم الأسود.,درجة حرارته المطلقة,0.6828514337539673,0.6873184442520142,0.6850776672363281,Correct
436,ما هي قوة اللزوجة بالنسبة لاتجاه جريان المائع؟,ANSWER: معاكسة.,تعاكسه .,معاكسة.,تعاكسه .,0.6497700810432434,0.6080562472343445,0.6282214522361755,Correct
437,ما هي الطاقة التي يمكن بها تفكيك رابطة في خلايا النسج؟,ANSWER: الطاقة الحرة.,فوتون أشعة سينينة.,الطاقة الحرة.,فوتون أشعة سينينة.,0.5694974660873413,0.5391694903373718,0.5539186596870422,Incorrect
438,ما يجب أن يكون عليه ضغط الهواء داخل القاعة في حالة الثوران بالنسبة لضغط الماء خارجها حيث تتوازن قوة الضغط نحو الخارج مع قوة التوتر السطحي نحو الداخل؟,ANSWER: 2 ضعف ضغط الماء.,اکبر,2 ضعف ضغط الماء.,اکبر,0.3396969437599182,0.3837244212627411,0.360370934009552,Incorrect
439,ما هو المجال الموجي لأشعة UVC؟,ANSWER: 100-280 نانومتر.,100-280nm,100-280 نانومتر.,100-280nm,0.6249217987060547,0.6607387065887451,0.6423313617706299,Correct
440,ما هي طبيعة الارتباط بين قرينة الانكسار لوسط مادي معين وسرعة الأمواج في ذلك الوسط؟,ANSWER: يتناسب عكسيًا مع سرعة الأمواج.,عكسيا - سرعة,يتناسب عكسيًا مع سرعة الأمواج.,عكسيا - سرعة,0.5710365176200867,0.6494703888893127,0.6077332496643066,Correct
441,ما هي الخاصية التي يميزها التواتر والطول الموجي؟,ANSWER: التواتر والطول الموجي يعتمدان على بعضهما البعض.,الموجة,التواتر والطول الموجي يعتمدان على بعضهما البعض.,الموجة,0.06108348071575165,0.11056319624185562,0.07869169861078262,Incorrect
442,ما هي الطاقة التي تحملها الموجة في وحدة الزمن؟,ANSWER: الطاقة التي تحملها الموجة في وحدة الزمن هي الطاقة الموجية.,استطاعة الموجة الضوئية,الطاقة التي تحملها الموجة في وحدة الزمن هي الطاقة الموجية.,استطاعة الموجة الضوئية,0.45258837938308716,0.5328918695449829,0.4894683063030243,Incorrect
443,ما هي قابلية العين التي تسمح بالمطابقة لكل أبعاد الجسم عن العين مع الاستمرار بتشكيل خيال على بعد ثابت من العدسة يتحدد بالفاصل بين العدسة والشبكية؟,قابلية العين هي القدرة على التركيز على الأجسام القريبة والبعيدة.,تعديل شكل العدسة,قابلية العين هي القدرة على التركيز على الأجسام القريبة والبعيدة.,تعديل شكل العدسة,0.4762626886367798,0.5118394494056702,0.493410587310791,Incorrect
444,كيف يؤثر الضغط على توازن التفاعلات التي تكون متفاعلاتها ومنتجاتها؟,يؤثر الضغط على توازن التفاعلات التي تكون متفاعلاتها ومنتجاتها.,غازات,يؤثر الضغط على توازن التفاعلات التي تكون متفاعلاتها ومنتجاتها.,غازات,0.3260107636451721,0.36108455061912537,0.34265246987342834,Incorrect
445,ما هو التواتر في حالة الأمواج الصوتية؟,ANSWER: عدد الموجات الصوتية في الثانية.,عدد الإنضغاطات الاي تمر في نقطة معينة في الثانية,عدد الموجات الصوتية في الثانية.,عدد الإنضغاطات الاي تمر في نقطة معينة في الثانية,0.7294964790344238,0.6578036546707153,0.6917976140975952,Correct
446,ما هو شكل الطاقة التي تصدرها أجسامنا حتى في درجات الحرارة العادية؟,ANSWER: أشعة تحت الحمراء.,إشعاع كهرطيسي,أشعة تحت الحمراء.,إشعاع كهرطيسي,0.5622908473014832,0.5644339323043823,0.5633603930473328,Correct
447,ما هي التحولات التي تحافظ على العدد الكتلي؟,ANSWER: التحولات التي تحافظ على العدد الكتلي هي التحولات التي لا تؤدي إلى تغيير في العدد الكتلي للنواة.,الايزوبارية,التحولات التي تحافظ على العدد الكتلي هي التحولات التي لا تؤدي إلى تغيير في العدد الكتلي للنواة.,الايزوبارية,0.4666518568992615,0.40424254536628723,0.4332110285758972,Incorrect
448,ما هو القانون الذي يربط بين معدل الجريان الحجمي في وعاء دموي من جهة وفارق الضغط بين طرفي الوعاء ونصف قطره الداخلي وطوله ولزوجة الدم؟,ANSWER: قانون هاجن-بوازوي.,قانون بورواري,قانون هاجن-بوازوي.,قانون بورواري,0.470966637134552,0.5844808220863342,0.521619439125061,Incorrect
449,ما نوع الجريان عندما تكون سرعة المائع في أي نقطة منه ثابتة مع مرور الزمن؟,ANSWER: جريان مستمر.,مستقر,جريان مستمر.,مستقر,0.5052613615989685,0.5870677828788757,0.5431012511253357,Correct
450,ما هي آلية انتقال الحرارة في الموائع؟,ANSWER: التوصيل.,الحمل,التوصيل.,الحمل,0.5342296361923218,0.5660708546638489,0.5496894717216492,Incorrect
451,ما هي صفات الخيال في المصورات ذات الثقب؟,ANSWER: خيال غير متماثل، غير منتظم، غير متماثل.,خیال حقيقي مقلوب.,خيال غير متماثل، غير منتظم، غير متماثل.,خیال حقيقي مقلوب.,0.5119733214378357,0.6334723830223083,0.5662791132926941,Incorrect
452,ما هي العلاقة التناسبية لقرينة الانكسار لأي وسط معين؟,ANSWER: ن = c/v,عكسيا مع سرعة الأمواج في ذلك الوسط,ن = c/v,عكسيا مع سرعة الأمواج في ذلك الوسط,0.4683803915977478,0.39985522627830505,0.4314136803150177,Correct
453,ما هي الأشعة التي حققت حلم الإنسان القديم في رؤية داخل الجسم من دون بضع؟,ANSWER: الأشعة السينية.,الاشعة السينية,الأشعة السينية.,الاشعة السينية,0.7659900784492493,0.8465785980224609,0.8042706847190857,Correct
454,ما هو المركب الذي يتشكل من تفاعل حمض الآزوت المركز بوجود حمض الكبريت المركز مع نترو البنزين؟,ANSWER: نتروبنزين.,ميتا ثنائي نترو البنزن,نتروبنزين.,ميتا ثنائي نترو البنزن,0.5512771606445312,0.5674194693565369,0.5592318177223206,Incorrect
455,ما هي التبادلات التي تجري بين الجسم الصلب والمانع المتحرك الذي يختلف عنه في درجة الحرارة؟,ANSWER: التبادلات الحرارية.,الحمل,التبادلات الحرارية.,الحمل,0.35545846819877625,0.38936787843704224,0.3716413080692291,Incorrect
456,ما هي وظيفة الحقل الكهربائي في الأفران الكروية؟,ANSWER: توجيه وتحفيز الخلايا العصبية.,يجعل جزيئات الماء تقوم بحركة دورانية,توجيه وتحفيز الخلايا العصبية.,يجعل جزيئات الماء تقوم بحركة دورانية,0.5626387596130371,0.6038471460342407,0.5825150609016418,Incorrect
457,ما هي طبيعة الإشعاعات الكهرومغناطيسية؟,ANSWER: إشعاعات غير مؤينة.,مثنوية .,إشعاعات غير مؤينة.,مثنوية .,0.5253822803497314,0.574507474899292,0.5488477945327759,Incorrect
458,ما هو التفاعل الذي تخضع له هالوجينات الألكانات بالقلويات؟,ANSWER: تفاعل استبدال.,استبدال نكليوفيلي,تفاعل استبدال.,استبدال نكليوفيلي,0.4559038281440735,0.43884074687957764,0.44720959663391113,Correct
459,ما هي استخدامات الليزر الصباغي؟,ANSWER: علاج البقع الجلدية، علاج البقع الشعرية، علاج البقع الشعرية، علاج البقع الشعرية، علاج البقع الشعرية، علاج البقع الشعرية، علاج البقع الشعرية، علاج البقع الشعرية، علاج البقع الشعرية، علاج البقع الشعرية، علاج البقع الشعرية، علاج البقع الشعرية، علاج البقع الشعرية، علاج البقع الشعرية، علاج البقع الشعرية، علاج البقع الشعرية، علاج البقع الشعرية، علاج البقع الشعرية، علاج البقع الشعرية، علاج البقع الشعرية، علاج البقع الشعرية، علاج البقع الشعرية، علاج البقع الشعرية، علاج البقع الشعرية، علاج البقع الشعرية، علاج البقع الشعرية، علاج البقع الشعرية، علاج البقع الشعرية،,معالجة الوحمات الوعائية .,علاج البقع الجلدية، علاج البقع الشعرية، علاج البقع الشعرية، علاج البقع الشعرية، علاج البقع الشعرية، علاج البقع الشعرية، علاج البقع الشعرية، علاج البقع الشعرية، علاج البقع الشعرية، علاج البقع الشعرية، علاج البقع الشعرية، علاج البقع الشعرية، علاج البقع الشعرية، علاج البقع الشعرية، علاج البقع الشعرية، علاج البقع الشعرية، علاج البقع الشعرية، علاج البقع الشعرية، علاج البقع الشعرية، علاج البقع الشعرية، علاج البقع الشعرية، علاج البقع الشعرية، علاج البقع الشعرية، علاج البقع الشعرية، علاج البقع الشعرية، علاج البقع الشعرية، علاج البقع الشعرية، علاج البقع الشعرية،,معالجة الوحمات الوعائية .,0.404855340719223,0.5182942152023315,0.45460495352745056,Incorrect
460,ماذا تصدر النظائر المشعة في التصوير بالأصدر البوزتروني؟,ANSWER: فوتونات.,بوزترونات,فوتونات.,بوزترونات,0.5878727436065674,0.6723073124885559,0.6272614598274231,Incorrect
461,ما هي الأشعة التي ساهمت في تقدم علم البلورات؟,ANSWER: الأشعة السينية.,X-RAY,الأشعة السينية.,X-RAY,0.3919808268547058,0.3998209834098816,0.39586207270622253,Correct
462,ما الذي يتم التحكم في ارتفاع النهاية المدببة للحفاظ عليه عندما نمسح سطح المعدن في مجهر STM؟,ANSWER: قوة التأثير.,ثبات التيار النفقي,قوة التأثير.,ثبات التيار النفقي,0.4892822504043579,0.6085329651832581,0.5424307584762573,Incorrect
463,ما هو معدل الإشعاع من سطح إلى معدل الإشعاع من مساحة مساوية من سطح مشع مثالي في درجة الحرارة نفسها؟,ANSWER: 0.5,الإصدارية,0.5,الإصدارية,0.555877149105072,0.5277519226074219,0.5414495468139648,Incorrect
464,ما هي الجزئيات التي يمكن الاستفادة من تفاعلها في التصوير؟,ANSWER: الإلكترونات والنيوترونات.,فوتونات الفلورة السينية .,الإلكترونات والنيوترونات.,فوتونات الفلورة السينية .,0.7349207401275635,0.605755627155304,0.6641161441802979,Incorrect
465,ما هو الوسط الذي تكون فيه كثافة الأيونات الموجبة والسالبة أكبر من كثافة الأيونات المعتدلة؟,ANSWER: المحلول المائي.,بلازما,المحلول المائي.,بلازما,0.38248780369758606,0.4011771082878113,0.3916095793247223,Incorrect
466,ما هو الإجراء المستخدم للاطمئنان على صحة الجنين عند المرأة الحامل؟,ANSWER: فحص الموجات فوق الصوتية.,الإيكو غرافي .,فحص الموجات فوق الصوتية.,الإيكو غرافي .,0.5209546089172363,0.5435372591018677,0.5320063829421997,Correct
467,ما يُدعى الضغط الذي يسببه عمود من الزئبق ارتفاعه 1 مم؟,ANSWER: ضغط زئبقي.,التور .,ضغط زئبقي.,التور .,0.5641828775405884,0.6685214042663574,0.6119364500045776,Incorrect
468,ما هي الظاهرة التي تنقسم فيها نواة ذات عدد كتلي كبير إلى نواتين أو أكثر لكل منهما عدد كتلي متوسط؟,الانشطار النووي.,ظاهرة الإنشطار النووي,الانشطار النووي.,ظاهرة الإنشطار النووي,0.7127934694290161,0.681389570236206,0.6967378258705139,Correct
469,ما هو مجال الأشعة الذي يشع فيه جسم الإنسان بشكل قريب جداً من إشعاع الجسم الأسود؟,ANSWER: الأشعة تحت الحمراء.,تحت الحمراء,الأشعة تحت الحمراء.,تحت الحمراء,0.428485244512558,0.5332655310630798,0.4751676321029663,Correct
470,ما هي الأشعة التي اشتهرت بانتزاع جزيئات الماء لدى تفاعلها مع النسج؟,ANSWER: الأشعة المؤينة.,الأشعة تحت الحمراء.,الأشعة المؤينة.,الأشعة تحت الحمراء.,0.7427704334259033,0.7220113277435303,0.7322437763214111,Incorrect
471,ما هي الظاهرة التي تنقسم فيها نواة ذات عدد كتلي كبير إلى نواتين أو أكثر لكل منهما عدد كتلي متوسط؟,الانشطار النووي.,ظاهرة الانشطار النووي.,الانشطار النووي.,ظاهرة الانشطار النووي.,0.8480099439620972,0.707341194152832,0.7713143825531006,Correct
472,ما هي طريقة العلاج الفيزيائي التي تستعمل فيها تيارات كهربائية عالية التردد لإحداث الحرارة في الأنسجة العميقة؟,ANSWER: العلاج بالترددات الراديوية.,تسخين موضعي في الانسجة الحية,العلاج بالترددات الراديوية.,تسخين موضعي في الانسجة الحية,0.5961889028549194,0.6488465070724487,0.6214041709899902,Correct
473,كيف تتولد الأشعة السينية؟,ANSWER: عن طريق تحلل الإلكترونات في أنبوب كروكس.,تسرع الالكترونات بكمون مرتفع في أنبوب الفراغ ويسمح لها بالسقوط على سطح داخل الانبوب .,عن طريق تحلل الإلكترونات في أنبوب كروكس.,تسرع الالكترونات بكمون مرتفع في أنبوب الفراغ ويسمح لها بالسقوط على سطح داخل الانبوب .,0.6792465448379517,0.5803943872451782,0.6259416937828064,Incorrect
474,ما هو الأساس الذي تترتب وفقه العناصر في الجدول الدوري حالياً؟,ANSWER: الرقم الذرّي.,إعدادها الذرية,الرقم الذرّي.,إعدادها الذرية,0.5759892463684082,0.5898305773735046,0.5828277468681335,Correct
475,ما هو الشرط الذي يجب أن تحققه النقطتان لتطبيق معادلة برنولي على جريان أي مائع مثالي؟,ANSWER: أن يكون الجريان مستمرًا.,خط الانحناء نفسه,أن يكون الجريان مستمرًا.,خط الانحناء نفسه,0.46406057476997375,0.49404916167259216,0.4785855710506439,Incorrect
476,ما هي الأمواج التي تستخدم في تفتيت الحصى؟,ANSWER: الموجات الصوتية.,الأمواج فوق الصوتية,الموجات الصوتية.,الأمواج فوق الصوتية,0.6858715415000916,0.6873422265052795,0.6866061091423035,Incorrect
477,ما هو المجهر الذي يمسح العينة نقطة فنقطة ولكنه يكشف عن الالكترونات النافذة؟,ANSWER: مجهر المسح الإلكتروني.,STEM,مجهر المسح الإلكتروني.,STEM,0.37415581941604614,0.5920606255531311,0.45853686332702637,Incorrect
478,من أين تشتق قوة المقاومة من اللزوجة عندما تكون السرعة النسبية بين الجسم والمائع كافية لأن يكون الجريان حول الجسم رقائقياً؟,ANSWER: من قوة الضغط.,منخفضة,من قوة الضغط.,منخفضة,0.4317416250705719,0.44236138463020325,0.4369870126247406,Incorrect
479,ما هي الرابطة التي تبقى صلبة دائماً؟,الرابطة التي تبقى صلبة دائماً هي الرابطة بين العظمين الجبهي والزورقي.,الأيونية,الرابطة التي تبقى صلبة دائماً هي الرابطة بين العظمين الجبهي والزورقي.,الأيونية,0.40371444821357727,0.444206178188324,0.4229934811592102,Incorrect
480,كم عدد العدسات في مجهر SEM؟,ANSWER: 3 عدسات.,اثنتان,3 عدسات.,اثنتان,0.5074412226676941,0.5656288266181946,0.5349574089050293,Incorrect
481,ما هي الحالة التي تتولد فيها الأمواج الصادمة بالنسبة لسرعة منبع الأمواج الصوتية؟,ANSWER: عندما يكون سرع الموجة الصوتية أكبر من سرعة المنبع.,تتجاوز سرعة الموجة الصوتية .,عندما يكون سرع الموجة الصوتية أكبر من سرعة المنبع.,تتجاوز سرعة الموجة الصوتية .,0.6419036984443665,0.7386553287506104,0.6868892908096313,Incorrect
482,ما هو العدد النيوكلوني في نواة ذرة ما؟,ANSWER: عدد البروتونات والنيوترونات في النواة.,مجموع البروتونات والنترونات,عدد البروتونات والنيوترونات في النواة.,مجموع البروتونات والنترونات,0.7588168382644653,0.8276330232620239,0.7917324304580688,Correct
483,ما هو سبب تخامد الأشعة السينية في الجسم المدروس؟,ANSWER: كثافة الأنسجة.,امتصاص الجسم لها,كثافة الأنسجة.,امتصاص الجسم لها,0.5593283772468567,0.5783327221870422,0.5686718225479126,Incorrect
484,ما يُستخدم لقياس درجة التشوه؟,ANSWER: مقياس التشوه.,انفعال,مقياس التشوه.,انفعال,0.4755311608314514,0.5245198607444763,0.49882563948631287,Incorrect
485,ما هي الوحدة التي يقيسها الروتنجن؟,ANSWER: الجرعة الإشعاعية.,التعرض للإشعاع .,الجرعة الإشعاعية.,التعرض للإشعاع .,0.6388640403747559,0.6977077722549438,0.6669905781745911,Incorrect
486,ما تتألف منه الحلقة البنزنية؟,ANSWER: 6 ذرات كربون.,ستة كربونات,6 ذرات كربون.,ستة كربونات,0.5694255232810974,0.554621696472168,0.5619260668754578,Correct
487,ماذا يشير انزياح الضوء من المجرات البعيدة نحو الترددات الأخفض؟,ANSWER: انزياح أحمر.,ابتعاد المجرات عنا,انزياح أحمر.,ابتعاد المجرات عنا,0.4752659797668457,0.45039239525794983,0.46249499917030334,Incorrect
488,ما هي الوحدة التي يقيسها الرونتجن؟,ANSWER: الإشعاع.,التعرض للإشعاع.,الإشعاع.,التعرض للإشعاع.,0.7178237438201904,0.6921401619911194,0.7047480344772339,Correct
489,ما هي النظائر؟,ANSWER: ذرات من نفس العنصر الكيميائي لها نفس العدد الذرّي ولكنها تختلف في عدد النيوترونات.,لها نفس عدد البروتونات وتختلف بعدد النترونات,ذرات من نفس العنصر الكيميائي لها نفس العدد الذرّي ولكنها تختلف في عدد النيوترونات.,لها نفس عدد البروتونات وتختلف بعدد النترونات,0.659562885761261,0.7809325456619263,0.7151346802711487,Correct
490,ما هي زاوية الورود التي يكون الضوء المنعكس عندها مستقطبا كليا؟,زاوية بريل.,زاوية بروستو,زاوية بريل.,زاوية بروستو,0.6820089221000671,0.7300291061401367,0.7052024602890015,Incorrect
491,كيف يمكن توليد الأمواج فوق الصوتية؟,ANSWER: عن طريق تحفيز بلورات البيرليت أو الكوارتز.,بلورات كهر ضغطية,عن طريق تحفيز بلورات البيرليت أو الكوارتز.,بلورات كهر ضغطية,0.5147607326507568,0.55633544921875,0.534741222858429,Correct
492,أين تشكل العين مديدة البصر (العين الطامسة) خيال الجسم القريب؟,ANSWER: على الشبكية.,وراء الشبكية.,على الشبكية.,وراء الشبكية.,0.7625651955604553,0.7625652551651001,0.7625651955604553,Incorrect
493,ما هو الاضطراب الذي يمثل هذه الحالة؟,ANSWER: اضطراب القلق العام.,الحدية للجريان المستقر,اضطراب القلق العام.,الحدية للجريان المستقر,0.46266430616378784,0.47039228677749634,0.4664962887763977,Incorrect
494,متى يأخذ احتمال وجود الالكترون قيمة عظمى في الحالة الأساسية في ذرة هيدروجين؟,ANSWER: عند المسافة 0.53 أنغستروم من النواة.,بعده عن النواة أصغر من نصف قطر بور,عند المسافة 0.53 أنغستروم من النواة.,بعده عن النواة أصغر من نصف قطر بور,0.5818554759025574,0.6152642369270325,0.5980936288833618,Incorrect
495,ما ينص عليه قانون الانعكاس الأول؟,ANSWER: ينص قانون الانعكاس الأول على أن الضوء المنعكس من سطح عاكس يتبع القاعدة التالية: الزاوية بين الضوء الساقط والعمودي على السطح العاكس تساوي الزاوية بين الضوء المنعكس والعمودي على السطح العاكس.,زاوية الورود تساوي زاوية الانعكاس.,ينص قانون الانعكاس الأول على أن الضوء المنعكس من سطح عاكس يتبع القاعدة التالية: الزاوية بين الضوء الساقط والعمودي على السطح العاكس تساوي الزاوية بين الضوء المنعكس والعمودي على السطح العاكس.,زاوية الورود تساوي زاوية الانعكاس.,0.4918341040611267,0.6067477464675903,0.5432808995246887,Correct
496,ما هو الانفعال في حالة التشوه التحددي أو الانضغاطي؟,ANSWER: انفعال انضغاطي.,التغير النسبي في الطول زيادة أو نقصانا,انفعال انضغاطي.,التغير النسبي في الطول زيادة أو نقصانا,0.43150269985198975,0.4456753730773926,0.43847453594207764,Incorrect
497,ما هو وزن الحجم المنغمس من الجسم عندما يكون الجسم مغموساً وليس مغموراً كلياً نتيجة كون كثافة المائع أكبر من كثافة الجسم؟,ANSWER: وزن الجسم في الهواء - وزن الجسم في الماء.,وزن الجسم,وزن الجسم في الهواء - وزن الجسم في الماء.,وزن الجسم,0.5255293846130371,0.7073713541030884,0.603040337562561,Incorrect
498,ما اسم الجهاز الذي يصور مقاطع في الجسم البشري بالأشعة السينية والاستعانة بالحاسب؟,ANSWER: جهاز التصوير المقطعي المحوسب.,الماسح .,جهاز التصوير المقطعي المحوسب.,الماسح .,0.5655297040939331,0.6105912327766418,0.5871971845626831,Correct
499,ما هو العنصر الأكثر استخداماً في التصوير بالتجاوب المغناطيسي؟,ANSWER: الهيدروجين.,الهيدروجين,الهيدروجين.,الهيدروجين,0.7048479318618774,0.8305447697639465,0.7625511288642883,Correct
500,ما هو سبب تخامد الأشعة السينية في الجسم المدروس؟,ANSWER: كثافة الأنسجة.,امتصاص الجسم لها,كثافة الأنسجة.,امتصاص الجسم لها,0.5593283772468567,0.5783327221870422,0.5686718225479126,Incorrect
501,ما هي الخطوة الأولى في التفاعلات؟,ANSWER: التأشير.,المبادرة,التأشير.,المبادرة,0.4899557828903198,0.5083479285240173,0.49898242950439453,Incorrect
502,ماذا يزداد عندما ترتد الفوتونات التي تعبر الثقب في الحجرة عن الجدران مرات عديدة قبل أن تغادر؟,ANSWER: الطول الموجي.,احتمال امتصاتصها,الطول الموجي.,احتمال امتصاتصها,0.464313805103302,0.4500406086444855,0.45706579089164734,Incorrect
503,كيف تعمل الحزم الإلكترونية على معالجة الأورام؟,ANSWER: تدمير الخلايا السرطانية.,القريبة من الجلد,تدمير الخلايا السرطانية.,القريبة من الجلد,0.4938972294330597,0.5221851468086243,0.5076474547386169,Incorrect
504,ما هو السبب وراء تكرار الطراز (الدورية في الجدول الدوري) الناجم عن ترتيب العناصر؟,ANSWER: ترتيب العناصر حسب عدد البروتونات في النواة.,ازدياد أعدادها البروتونية,ترتيب العناصر حسب عدد البروتونات في النواة.,ازدياد أعدادها البروتونية,0.5474372506141663,0.5482693910598755,0.5478529930114746,Correct
505,ما هو المركب الذي يتشكل عند أكسدة الكيلات البنزن (مثل ميتيل البنزن) ببرمنغنات البوتاسيوم (VII) القلوية أو بأي مؤكسد قوي آخر؟,ANSWER: حمض الكربوكسيليك.,حمض البنزويك,حمض الكربوكسيليك.,حمض البنزويك,0.6806799173355103,0.6350793242454529,0.6570894718170166,Incorrect
506,ما هي النوى التي لها عدد N ثابت حيث تحوي العدد نفسه من النترونات؟,ANSWER: النوى المستقرة.,ايزوتونات,النوى المستقرة.,ايزوتونات,0.3836696445941925,0.4033600389957428,0.39326855540275574,Incorrect
507,ماذا يحدث إذا كانت الحقول الكهربائية لمنبع الأمواج الكهرطيسية لها اتجاهات عشوائية عند انتشاره؟,ANSWER: يحدث تشتت الأمواج الكهرطيسية.,غير مستقطب,يحدث تشتت الأمواج الكهرطيسية.,غير مستقطب,0.3618670701980591,0.3758816123008728,0.3687412440776825,Incorrect
508,ما هو التفاعل الذي تخضع له الألكانات مع الهالوجينات في ضوء الشمس؟,ANSWER: تفاعل استبدال.,استبدال,تفاعل استبدال.,استبدال,0.520170271396637,0.5782783627510071,0.5476873517036438,Correct
509,ما هو الشيء الذي تهتز حوله الذرتان في الجزيء ثنائي الذرة؟,ANSWER: مركز الكتلة.,مركز كتلتيهما,مركز الكتلة.,مركز كتلتيهما,0.6338086128234863,0.7036371231079102,0.6668999791145325,Correct
510,ما هي البنية لأكسيد المغنزيوم؟,ANSWER: MgO.,ايونية عملاقة,MgO.,ايونية عملاقة,0.4995785653591156,0.5856320858001709,0.5391934514045715,Incorrect
511,ماذا يزداد عندما ترتد الفوتونات التي تعبر الثقب في الحجرة عن الجدران مرات عديدة قبل أن تغادر؟,ANSWER: الطول الموجي.,احتمال امتصاتصها,الطول الموجي.,احتمال امتصاتصها,0.4643137753009796,0.4500406086444855,0.45706579089164734,Incorrect
512,ما هي وحدة قياس الجرعة المكافئة للإشعاع؟,ANSWER: السيفيرت.,بالسفرت .,السيفيرت.,بالسفرت .,0.7284961938858032,0.7284961938858032,0.7284961938858032,Correct
513,ما هي طريقة التصوير التي يمكن اعتبارها الأقل ضرراً على الجسم؟,ANSWER: التصوير بالأشعة السينية.,التصوير الحراري.,التصوير بالأشعة السينية.,التصوير الحراري.,0.6581211686134338,0.7989929914474487,0.7217473983764648,Incorrect
514,ما هي أعمار النصف للنظائر المشعة المستخدمة في تقنية الـ PET؟,ANSWER: 2 دقائق.,قصيرة نسبيا,2 دقائق.,قصيرة نسبيا,0.44238629937171936,0.464231014251709,0.453045517206192,Incorrect
515,ما هي المماكبات (الإيزوميرات)؟,ANSWER: المماكبات هي جزيئات لها نفس الصيغة الكيميائية ولكنها تختلف في تركيبها الجزيئي.,تختلف في طاقتها الداخلية فقط .,المماكبات هي جزيئات لها نفس الصيغة الكيميائية ولكنها تختلف في تركيبها الجزيئي.,تختلف في طاقتها الداخلية فقط .,0.5192190408706665,0.5408307313919067,0.5298045873641968,Incorrect
516,ما هو القانون الذي تمثل معادلة برنولي المطبقة على جريان المائع أحد أشكال انحفاظه؟,ANSWER: قانون انحفاظ الطاقة.,الطاقة .,قانون انحفاظ الطاقة.,الطاقة .,0.6399791240692139,0.7870211005210876,0.7059242725372314,Correct
517,ماذا يستخدم قانون ستوكس لقياسه؟,يستخدم قانون ستوكس لقياس سرعة دوران الجسيمات في السوائل.,مقاومة اللزوجة .,يستخدم قانون ستوكس لقياس سرعة دوران الجسيمات في السوائل.,مقاومة اللزوجة .,0.5018863677978516,0.535997748374939,0.5183815360069275,Incorrect
518,ما هو العلم الذي يقوم بحساب البعد بين الذرات عند معرفة الطول الموجي للأشعة السينية وقياس الزاوية؟,ANSWER: البلورة.,علم البلورات,البلورة.,علم البلورات,0.5794498920440674,0.6070842742919922,0.5929452776908875,Correct
519,ما هي الأوساط التي تنتشر فيها الأمواج العرضانية؟,ANSWER: الأوساط الصلبة.,الجسم الصلب,الأوساط الصلبة.,الجسم الصلب,0.5484718680381775,0.6008057594299316,0.5734472274780273,Correct
520,ما هي الخصائص التي تتمتع بها حزمة الفوتونات من أشعة X عالية الطاقة والتي تجعلها تستخدم في الطب النووي عند المعالجة عن بعد؟,ANSWER: تتميز حزمة الفوتونات من أشعة X عالية الطاقة بعمق اختراق كبير، مما يجعلها مناسبة لاستخدامها في المعالجة عن بعد في الطب النووي.,قدرة اختراق عالية تسمح بتدمير الأورام السطحية والعميقة .,تتميز حزمة الفوتونات من أشعة X عالية الطاقة بعمق اختراق كبير، مما يجعلها مناسبة لاستخدامها في المعالجة عن بعد في الطب النووي.,قدرة اختراق عالية تسمح بتدمير الأورام السطحية والعميقة .,0.5221973061561584,0.5581817626953125,0.5395902991294861,Correct
521,ما هو القانون الذي ينص على أن تشوه مادة يتناسب طرديا مع القوى التي تحدث التشوه؟,قانون هوك.,قانون هوك,قانون هوك.,قانون هوك,0.6806029081344604,0.8237773180007935,0.7453770637512207,Correct
522,علام نعتمد لتفسير لثنائية الإصدار في طيف بخار الصوديوم؟,ANSWER: قانون ريدبرغ.,النظرية الذرية,قانون ريدبرغ.,النظرية الذرية,0.47189533710479736,0.4930177628993988,0.48222535848617554,Incorrect
523,ما هي المعادلة التي تعبر عن انخفاض الطاقة في الموائع؟,ANSWER: معادلة برنولي.,معادلة بيرنولي,معادلة برنولي.,معادلة بيرنولي,0.739013671875,0.8141697645187378,0.7747734189033508,Correct
524,متى يحدث تفاعل اشعاع الليزر مع النسج؟,ANSWER: عند امتصاص الطاقة الضوئية.,تمتصه النسج .,عند امتصاص الطاقة الضوئية.,تمتصه النسج .,0.5761321187019348,0.6158066391944885,0.5953090786933899,Correct
525,ما هي البنية التي تأخذها الشبكات الأيونية لكلوريد الصوديوم وأكسيد المغنزيوم؟,ANSWER: شبكة بلوري مكعب.,مكعبية,شبكة بلوري مكعب.,مكعبية,0.4183928370475769,0.4569385051727295,0.4368169903755188,Correct
526,ما هو العمل الذي يقوم به المائع على المائع الذي يتقدمه في وحدة الجريان؟,ANSWER: يؤثر على الضغط.,الضغط,يؤثر على الضغط.,الضغط,0.3748947083950043,0.5082852840423584,0.4315166771411896,Correct
527,ما هي الكمية الوسطية للأوزون في الغلاف الجوي؟,ANSWER: 0.3 جزء في المليون.,300 DU,0.3 جزء في المليون.,300 DU,0.49761316180229187,0.43709927797317505,0.46539735794067383,Incorrect
528,ما هو النكليد الإشعاعي المماكب الذي يشيع استخدامه في التشخيص الطبي؟,ANSWER: Technetium-99m.,التكنسيوم - 99,Technetium-99m.,التكنسيوم - 99,0.609082818031311,0.6420801877975464,0.6251463890075684,Correct
529,كيف يتغير نصف القطر الذري عبر الدور الثالث من اليسار إلى اليمين؟,ANSWER: يزيد نصف القطر الذري.,يتناقص,يزيد نصف القطر الذري.,يتناقص,0.40167564153671265,0.5216125249862671,0.4538540542125702,Incorrect
530,إذا كان الإشعاع وحيد الطول الموجي فمن أي نوع من الفوتونات يكون مؤلفاً؟,ANSWER: فوتونات.,المتساوية الطاقات,فوتونات.,المتساوية الطاقات,0.5233830213546753,0.5265780687332153,0.5249756574630737,Incorrect
531,ما هي الأمواج الميكانيكية التي تنشأ عن الوحدات المحركة في الألياف ولا تدركها الأذن؟,ANSWER: أمواج صوتية.,الأمواج تحت الصوتية,أمواج صوتية.,الأمواج تحت الصوتية,0.6868027448654175,0.6845312118530273,0.6856651306152344,Incorrect
532,ما هو مصدر العنصر المشع الذي يعطى للمريض عند استخدام تقنية التصوير SPECT؟,ANSWER: Technetium-99m.,لأشعة غاما .,Technetium-99m.,لأشعة غاما .,0.5215930938720703,0.5424885749816895,0.531835675239563,Incorrect
533,ما نوع الصورة التي نحصل عليها في التصوير الومضاني للجزء المصور من جسم المريض؟,ANSWER: صورة ثنائية الأبعاد.,ثنائية البعد .,صورة ثنائية الأبعاد.,ثنائية البعد .,0.6171925067901611,0.6367826461791992,0.6268345713615417,Correct
534,إذا تضيق قطر الشريان إلى ثلث قيمته الأصلية عند مريض مصاب بمرض وعائي وقلبي وبقي هبوط الضغط فيه على حاله، إلى كم ينخفض معدل جريان الدم؟,ANSWER: ينخفض معدل جريان الدم إلى 1/27 من قيمته الأصلية.,81/1 من قيمته الأصلية .,ينخفض معدل جريان الدم إلى 1/27 من قيمته الأصلية.,81/1 من قيمته الأصلية .,0.6399590969085693,0.746950626373291,0.6893279552459717,Incorrect
535,ما هي السكريات التي لا تحتاج أثناء امتصاصها من الأمعاء الدقيقة لوجود الصوديوم؟,ANSWER: سكر اللاكتوز.,الفركتوز.,سكر اللاكتوز.,الفركتوز.,0.8216792345046997,0.8578299283981323,0.839365541934967,Incorrect
536,ما هو الأنزيم المعوي الذي يحول مولد التربسين إلى تربسين؟,ANSWER: إنتروكيناز.,الإنتيروكيناز.,إنتروكيناز.,الإنتيروكيناز.,0.6995611190795898,0.6798356771469116,0.6895573139190674,Correct
537,ما هو العامل الهرموني الذي يحرض إفراز عصارة بنكرياسية غنية بالإنزيمات الهاضمة؟,ANSWER: السيكريتين.,الكوليسيستوكينين CCK,السيكريتين.,الكوليسيستوكينين CCK,0.5901265740394592,0.5637194514274597,0.5766208171844482,Incorrect
538,ما هو الإنزيم الذي يفكك سكر اللبن (اللاكتوز) إلى غلوكوز وغالاكتوز؟,الإنزيم الذي يفكك سكر اللبن (اللاكتوز) إلى غلوكوز وغالاكتوز هو لاكتاز.,اللاكتاز.,الإنزيم الذي يفكك سكر اللبن (اللاكتوز) إلى غلوكوز وغالاكتوز هو لاكتاز.,اللاكتاز.,0.4345185160636902,0.5997829437255859,0.5039474368095398,Correct
539,ما هو مستودع الصفراء خارج أوقات الهضم والذي يعمل على تكثيفها؟,ANSWER: المرارة.,المرارة.,المرارة.,المرارة.,0.9999996423721313,0.9999996423721313,0.9999996423721313,Correct
540,ما هي الشوارد التي يكون تركيزها أقل في اللعاب منه في البلازما؟,ANSWER: الكلوريد.,صوديوم وكلور.,الكلوريد.,صوديوم وكلور.,0.7821928858757019,0.7133874893188477,0.7462074756622314,Incorrect
541,ما هو الهرمون الذي يحفز إفراز عصارة بنكرياسية غنية بالأنزيمات الهاضمة؟,ANSWER: سيكريتين.,الكوليسيستوكينين CCK,سيكريتين.,الكوليسيستوكينين CCK,0.5163057446479797,0.4917123317718506,0.503709077835083,Incorrect
542,ما هو السكر الذي لا يحتاج للصوديوم من أجل عملية امتصاصه؟,ANSWER: الجلوكوز.,الفركتوز.,الجلوكوز.,الفركتوز.,0.8033217787742615,0.7869325876235962,0.7950427532196045,Incorrect
543,ما هو الناقل العصبي الذي يتحرر من العصبونات بعد العقدة في القسم الودي؟,ANSWER: النورإبينفرين.,النورابينفرين أو الأستيل كولين.,النورإبينفرين.,النورابينفرين أو الأستيل كولين.,0.8713078498840332,0.6888406276702881,0.7694039940834045,Correct
544,ما الذي يحدد نمط استجابة العضو المعصب بواسطة الجهاز العصبي المستقل (استثارة أو تثبيط)؟,ANSWER: نوع الناقل العصبي.,نمط المستقبلات الموجودة في العضو.,نوع الناقل العصبي.,نمط المستقبلات الموجودة في العضو.,0.7049199342727661,0.6608190536499023,0.6821574568748474,Incorrect
545,ما هو الناقل الكيميائي الذي تحرره جميع العصبونات قبل العقدة؟,ANSWER: الأسيتيل كولين.,الأستيل كولين.,الأسيتيل كولين.,الأستيل كولين.,0.8826754689216614,0.9016306400299072,0.892052412033081,Correct
546,ما هو الناقل العصبي الذي يتحرر من طرفيات جميع الألياف اللاودية بعد العقدية؟,ANSWER: النورإبينفرين.,أستيل كولين.,النورإبينفرين.,أستيل كولين.,0.7094337940216064,0.6944705247879028,0.7018724083900452,Incorrect
547,ما هي الميزة التي تتمتع بها قنوات IF في النسيج العقدي القلبي التي تمكنها من توليد التنبيه عفوياً؟,ANSWER: تيار الفسفرة الداخلي.,عندما تنفتح يتجاوز التيار الداخل من الصوديوم التيار الخارج من البوتاسيوم,تيار الفسفرة الداخلي.,عندما تنفتح يتجاوز التيار الداخل من الصوديوم التيار الخارج من البوتاسيوم,0.3953958749771118,0.4716072976589203,0.4301519989967346,Incorrect
548,ما هي الفائدة الوظيفية من التأخير الزمني في كمون الفعل لمدة 0.1 ثانية عند مروره في العقدة الأذينية البطينية؟,ANSWER: يسمح بامتلاء البطينين بالدم قبل انقباضهما.,إنهاء تقلص الأذينات قبل بدء تقلص البطينات.,يسمح بامتلاء البطينين بالدم قبل انقباضهما.,إنهاء تقلص الأذينات قبل بدء تقلص البطينات.,0.6522711515426636,0.6788498163223267,0.6652951240539551,Correct
549,ماذا يحدث للبطينات في حال توقف العقدة الجيبية الأذينية عن العمل؟,ANSWER: يحدث انخفاض في ضربات القلب.,تتباطأ انقباضاتها,يحدث انخفاض في ضربات القلب.,تتباطأ انقباضاتها,0.46975892782211304,0.5765368938446045,0.5176993608474731,Correct
550,ما هو سبب ظهور طور الهضبة في كامن فعل العضلة القلبية؟,ANSWER: نتيجة لتدفق الكالسيوم من خلال قنوات الكالسيوم المعتمدة على الجهد.,دخول شوارد الكالسيوم.,نتيجة لتدفق الكالسيوم من خلال قنوات الكالسيوم المعتمدة على الجهد.,دخول شوارد الكالسيوم.,0.5920771956443787,0.6365866661071777,0.6135256886482239,Correct
551,ما هو سبب طور الهضبة في كمون عمل الليف العضلي القلبي؟,ANSWER: طور الهضبة يحدث بسبب تدفق الكالسيوم إلى داخل الخلية العضلية القلبية.,الكالسيوم.,طور الهضبة يحدث بسبب تدفق الكالسيوم إلى داخل الخلية العضلية القلبية.,الكالسيوم.,0.4627174735069275,0.6509828567504883,0.5409374833106995,Correct
552,ما هي المناطق التي تطبق عليها المعالجة الإشعاعية في علاج أورام الخصية من النمط المنوي؟,ANSWER: الحوض والغدة اللمفاوية البطنية.,سلسلة العقد اللمفاوية الحرقفية والأبهرية,الحوض والغدة اللمفاوية البطنية.,سلسلة العقد اللمفاوية الحرقفية والأبهرية,0.6808090806007385,0.7257862091064453,0.702578604221344,Correct
553,ما هي الأورام التي لا تعتبر المعالجة الشعاعية معالجة شافية لها إذا استخدمت لوحدها في المراحل المبكرة؟,ANSWER: سرطان الخلايا الصغيرة.,الثدي,سرطان الخلايا الصغيرة.,الثدي,0.4231022000312805,0.48635730147361755,0.4525299668312073,Incorrect
554,ما هي الجرعة الكلية الموصى بها في حال تقرر إجراء تشعيع وقائي للقحف بجرعة ٢ غري في كل جلسة؟,ANSWER: 10 غري.,٣٠ غري,10 غري.,٣٠ غري,0.5132735967636108,0.4676291346549988,0.4893893897533417,Incorrect
555,ما هو الزمن الأقل الفاصل بين كل جلستين عند إجراء المعالجة الشعاعية بطريق التجزئة المفرطة؟,ANSWER: 6 ساعات.,٦ ساعات,6 ساعات.,٦ ساعات,0.6337975859642029,0.7311563491821289,0.6790047883987427,Correct
556,ما الذي يحول مولد الببسين إلى ببسين؟,ANSWER: الهيدروكلوريك.,حمض كلور الماء الموجود في المعدة.,الهيدروكلوريك.,حمض كلور الماء الموجود في المعدة.,0.6864004135131836,0.6440038681030273,0.664526641368866,Correct
557,ما هو سبب حدوث عمى ربعي علوي أيمن مماثل؟,ANSWER: إصابة في الفص الجبهي الأيمن.,الفصل الصدغي,إصابة في الفص الجبهي الأيمن.,الفصل الصدغي,0.4747009873390198,0.4399593472480774,0.4566703736782074,Incorrect
558,ما هي المدة الزمنية التي يتطور خلالها الصداع المزمن؟,ANSWER: أكثر من 15 يوم في الشهر.,4أسابيع,أكثر من 15 يوم في الشهر.,4أسابيع,0.4760843813419342,0.395300030708313,0.4319475293159485,Incorrect
559,ما هو نوع الصداع غير النابض ثنائي الجانب الذي قد يرتبط بتشنج عضلات الرقبة؟,ANSWER: صداع التوتر.,صداع التوتر,صداع التوتر.,صداع التوتر,0.7358991503715515,0.8777379989624023,0.8005847334861755,Correct
560,أين يحدث التكيس للجيارديا اللمبلية؟,ANSWER: في الأمعاء الدقيقة.,أثناء التغوط,في الأمعاء الدقيقة.,أثناء التغوط,0.46557116508483887,0.4847601056098938,0.4749718904495239,Incorrect
561,ما هي الذبابة ذهبية العيون Chrysop ثوي ناقل له؟,ANSWER: داء الفيل.,اللوا لوا,داء الفيل.,اللوا لوا,0.47775840759277344,0.5187093019485474,0.4973923861980438,Incorrect
562,ما هي الفترة الزمنية الذي تظهر فيها إيجابية اختبار سابين فيلدمان بعد العدوى به؟,ANSWER: بعد 3-4 أسابيع من العدوى.,1-2 أسبوع,بعد 3-4 أسابيع من العدوى.,1-2 أسبوع,0.41170111298561096,0.49043557047843933,0.4476325213909149,Incorrect
563,ما الذي تنتهي به المرحلة الخارج خلوية للمتصورات؟,ANSWER: بالغشاء الخلوي.,الأقاسيم المتحركة,بالغشاء الخلوي.,الأقاسيم المتحركة,0.48149263858795166,0.47873222827911377,0.48010846972465515,Incorrect
564,أين تتكاثر خبيطيات الفخرية البنكروفتية؟,ANSWER: في البلازما.,الأوعية اللمفاوية للانسان,في البلازما.,الأوعية اللمفاوية للانسان,0.43757954239845276,0.47658687829971313,0.45625099539756775,Incorrect
565,ما هو المرض الذي يستخدم عقار melarsporol في علاجه؟,ANSWER: داء المثقبيات.,المثقبية الغامبية,داء المثقبيات.,المثقبية الغامبية,0.6059836149215698,0.6209307312965393,0.6133660674095154,Incorrect
566,ما هو الخمج الطفيلي الذي يمكن أن ينتقل من شخص لآخر؟,ANSWER: داء المثقبيات.,المرمية الدودية,داء المثقبيات.,المرمية الدودية,0.46836984157562256,0.48947736620903015,0.4786910116672516,Incorrect
567,ما هي أفضل أماكن الخزع التشخيصية القندية في جسم الإنسان؟,ANSWER: العظم القشري للفك السفلي.,الطحال,العظم القشري للفك السفلي.,الطحال,0.37282323837280273,0.4555063247680664,0.4100381135940552,Incorrect
568,ما هو المسبب لداء هجرة اليرقات الجلدي؟,ANSWER: يرقة دودة الكلب.,الديدان القوسية,يرقة دودة الكلب.,الديدان القوسية,0.5134655833244324,0.5362924337387085,0.5246308445930481,Correct
569,ما هو العلاج المناسب للمتحولة العصبية naegleria fowleri؟,ANSWER: الميلتيفوسين.,الأمفوتريسين,الميلتيفوسين.,الأمفوتريسين,0.5757848024368286,0.61100834608078,0.5928738713264465,Incorrect
570,أين تتوضع يرقات الأسطوانية الوعائية عند الإنسان؟,ANSWER: في الأمعاء الدقيقة.,الجهاز العصبي المركزي,في الأمعاء الدقيقة.,الجهاز العصبي المركزي,0.5377628803253174,0.5809948444366455,0.5585435628890991,Incorrect
571,ما هو الشكل المعدي للإنسان من متفرعة الخصية الصينية؟,ANSWER: متفرعة الخصية الصينية.,خليفة المذنبة,متفرعة الخصية الصينية.,خليفة المذنبة,0.4299743175506592,0.4633351266384125,0.446031779050827,Incorrect
572,أين تتوضع الأسطوانية البرازية عند الإنسان؟,ANSWER: في القولون السيني.,الجزء الأمامي من الصائم,في القولون السيني.,الجزء الأمامي من الصائم,0.4727904796600342,0.634404182434082,0.5418022274971008,Incorrect
573,ما هو العصب الذي يصاب في متلازمة قاع الحجاج؟,العصب البصري.,العصب الفكي العلوي,العصب البصري.,العصب الفكي العلوي,0.6214443445205688,0.6346038579940796,0.6279551386833191,Incorrect
574,ما هو تعريف الحول المتقارب؟,ANSWER: حول متقارب.,يتلاقي فيها محورا الرؤية في نقطة تقع أمام الجسم المنظور,حول متقارب.,يتلاقي فيها محورا الرؤية في نقطة تقع أمام الجسم المنظور,0.397646963596344,0.4182444214820862,0.40768569707870483,Incorrect
575,ما هي أسباب حدوث فيض الدمع Epiphora؟,ANSWER: انسداد القناة الدمعية، أو انخفاض إفراز الدمع، أو زيادة إفراز الدمع.,نقص في التصريف,انسداد القناة الدمعية، أو انخفاض إفراز الدمع، أو زيادة إفراز الدمع.,نقص في التصريف,0.42051464319229126,0.47211986780166626,0.44482553005218506,Incorrect
576,أين تقع حفيرة البكرة في الجدار العلوي للحجاج؟,ANSWER: في الجزء الخلفي من الحجاج.,الأمامي الأنسي,في الجزء الخلفي من الحجاج.,الأمامي الأنسي,0.49533745646476746,0.4567224681377411,0.4752468466758728,Incorrect
577,ما هي النسبة التي تشكلها القرنية من سطح غلاف كرة العين الليفي؟,ANSWER: 16%,السدس الأمامي,16%,السدس الأمامي,0.572918713092804,0.503933846950531,0.5362166166305542,Correct
578,ما هو أكثر تنكسات القرنية شيوعاً؟,ANSWER: تنكس القرنية الكيراتوكونوس.,القوس الشيخية,تنكس القرنية الكيراتوكونوس.,القوس الشيخية,0.4715137183666229,0.4702502489089966,0.4708811044692993,Incorrect
579,ما هي الحالات التي تشاهد فيها الرؤية المزدوجة الأحادية الجانب؟,ANSWER: الرؤية المزدوجة الأحادية الجانب يمكن أن تحدث بسبب مشاكل في العضلات أو الأعصاب التي تتحكم في حركة العين. يمكن أن يكون السبب هو إصابة في العضلات أو الأعصاب، أو يمكن أن يكون نتيجة لمرض مثل السكري أو السكتة الدماغية. يمكن أن يكون السبب أيضًا نتيجة لاستخدام العين بشكل مفرط أو بسبب مشاكل في البصر.,تحت خلع العدسة,الرؤية المزدوجة الأحادية الجانب يمكن أن تحدث بسبب مشاكل في العضلات أو الأعصاب التي تتحكم في حركة العين. يمكن أن يكون السبب هو إصابة في العضلات أو الأعصاب، أو يمكن أن يكون نتيجة لمرض مثل السكري أو السكتة الدماغية. يمكن أن يكون السبب أيضًا نتيجة لاستخدام العين بشكل مفرط أو بسبب مشاكل في البصر.,تحت خلع العدسة,0.2934030294418335,0.35034096240997314,0.31935396790504456,Incorrect
580,ما هو المرض الذي يشاهد فيه حلقة كاي زر- فليشر عند المرضى؟,ANSWER: داء ويلسون.,داء ويلسون,داء ويلسون.,داء ويلسون,0.7192211151123047,0.8800859451293945,0.7915633320808411,Correct
581,ما الذي يجب فعله في الحالات المعندة وغير المستجيبة للعلاج في الورم الكاذب للحجاج؟,ANSWER: إجراء جراحة استئصال.,يجب اخذ خزعة من الورم,إجراء جراحة استئصال.,يجب اخذ خزعة من الورم,0.5104029178619385,0.5372812747955322,0.5234973430633545,Incorrect
582,ما هي النتائج التي تؤدي إليها إصابة الشعبة العينية من العصب الخامس في متلازمة الشق الحجاجي العلوي؟,ANSWER: فقدان الإحساس في الجبهة والأنف والفك العلوي.,فقد حس الملتحمة والقرنية,فقدان الإحساس في الجبهة والأنف والفك العلوي.,فقد حس الملتحمة والقرنية,0.5516666769981384,0.5874593257904053,0.5690006613731384,Incorrect
583,ما هو التشخيص الأقرب لمريض عمره 65 سنة لديه فقد رؤية في النصف العلوي من الساحة البصرية مع بدء مفاجئ؟,ANSWER: انسداد الشريان المخّي الخلفي.,التهاب العصب البصري الاقفاري,انسداد الشريان المخّي الخلفي.,التهاب العصب البصري الاقفاري,0.5653771758079529,0.6259565353393555,0.5941265821456909,Incorrect
584,ما الذي يدل عليه ظهور تقبب على شكل حويصل أسود في قعر القرحة القرنية الجرثومية؟,ANSWER: داء الفطر.,تقبب غشاء ديسميه وخطر انثقابه,داء الفطر.,تقبب غشاء ديسميه وخطر انثقابه,0.5016750693321228,0.5679716467857361,0.5327687859535217,Incorrect
585,ما هي الطريقة التالية لتقدير حدة البصر لدى المريض إذا لم يتمكن من قراءة أكبر أحرف اللوحة؟,ANSWER: تقدير حدة البصر باليد.,بعد أصابع الفاحص,تقدير حدة البصر باليد.,بعد أصابع الفاحص,0.4550291895866394,0.47044846415519714,0.4626103937625885,Incorrect
586,ما الذي يشكو منه المريض في الحول الشللي عند البالغين؟,ANSWER: ألم في البطن.,رؤية مزدوجة,ألم في البطن.,رؤية مزدوجة,0.3899816870689392,0.38870471715927124,0.38934215903282166,Incorrect
587,متى ينعدم يوروبيلينوجين البول؟,ANSWER: عند انخفاض مستويات الهيموغلوبين.,اليرقان الانسدادي,عند انخفاض مستويات الهيموغلوبين.,اليرقان الانسدادي,0.45330679416656494,0.5753061771392822,0.5070715546607971,Incorrect
588,في الاحتباس الصفراوي ما هو الانزيم الأفضل للوصول للتشخيص؟,ANSWER: انزيم الفوسفاتاز القلوي.,ALT,انزيم الفوسفاتاز القلوي.,ALT,0.323230504989624,0.348974347114563,0.33560946583747864,Incorrect
589,ما هي نتيجة رحلان البروتينات في الالتهابات الحادة؟,ANSWER: زيادة البروتينات الالتهابية.,ترتفع الموجة a_2غلوبيولين وترتفع الموجة a_1غلوبيولين,زيادة البروتينات الالتهابية.,ترتفع الموجة a_2غلوبيولين وترتفع الموجة a_1غلوبيولين,0.48528361320495605,0.4842517673969269,0.4847671687602997,Incorrect
590,ما هو المركب الذي يتم اصطناعه بدءا من الحموض الأمينية؟,ANSWER: البروتين.,أمونيا,البروتين.,أمونيا,0.5426629185676575,0.5531373620033264,0.5478500723838806,Incorrect
591,ما هي أعراض فقر الدم بعوز الحديد عند المريض؟,ANSWER: التعب، الضعف، الدوار، الصداع، النعاس، الصداع النصفي، الصداع النصفي، الصداع النصفي، الصداع النصفي، الصداع النصفي، الصداع النصفي، الصداع النصفي، الصداع النصفي، الصداع النصفي، الصداع النصفي، الصداع النصفي، الصداع النصفي، الصداع النصفي، الصداع النصفي، الصداع النصفي، الصداع النصفي، الصداع النصفي، الصداع النصفي، الصداع النصفي، الصداع النصفي، الصداع النصفي، الصداع النصفي، الصداع النصفي، الصداع النصفي، الصداع النصفي، الصداع النصفي، الصداع النصفي، الصداع النصفي، الصداع النصفي، الصداع النصفي، الصداع النصفي، الصداع النصفي، الصداع النصفي، الصداع الن,الشحوب,التعب، الضعف، الدوار، الصداع، النعاس، الصداع النصفي، الصداع النصفي، الصداع النصفي، الصداع النصفي، الصداع النصفي، الصداع النصفي، الصداع النصفي، الصداع النصفي، الصداع النصفي، الصداع النصفي، الصداع النصفي، الصداع النصفي، الصداع النصفي، الصداع النصفي، الصداع النصفي، الصداع النصفي، الصداع النصفي، الصداع النصفي، الصداع النصفي، الصداع النصفي، الصداع النصفي، الصداع النصفي، الصداع النصفي، الصداع النصفي، الصداع النصفي، الصداع النصفي، الصداع النصفي، الصداع النصفي، الصداع النصفي، الصداع النصفي، الصداع النصفي، الصداع النصفي، الصداع النصفي، الصداع الن,الشحوب,0.31174102425575256,0.5010242462158203,0.3843417763710022,Incorrect
592,ما هي الحالة التي تعاني منها مريضة عمرها 44 سنة تشكو من تعب عام وكانت قيمة البولة الدموية 140 ملغ/دل وقيمة الكرياتنين 6 ملغ/دل وحمض البول 4 ملغ/دل؟,ANSWER: الفشل الكلوي.,اليوريميا,الفشل الكلوي.,اليوريميا,0.4800207018852234,0.6041616201400757,0.5349840521812439,Correct
593,ما هو سبب تشمع الكبد عند مريض عمره 12 سنة؟,ANSWER: التهاب الكبد الوبائي.,داء ويلسون,التهاب الكبد الوبائي.,داء ويلسون,0.44451427459716797,0.4885326623916626,0.465485155582428,Incorrect
594,ما هو الاحتمال الأكثر ترجيحاً لسبب تشمع الكبد عند مريض عمره 12 سنة؟,ANSWER: التهاب الكبد الوبائي.,داء ويلسون,التهاب الكبد الوبائي.,داء ويلسون,0.44451427459716797,0.4885326623916626,0.465485155582428,Incorrect
595,ما هو تصنيف مريض عنده الغلوكوز 210 ملغ / دل؟,ANSWER: فرط سكر الدم.,مريض سكري,فرط سكر الدم.,مريض سكري,0.5219356417655945,0.5339293479919434,0.5278643369674683,Incorrect
596,ما هو تصنيف مريض تم تحليل الغلوكوز الصيامي له فكانت النتيجة 128 ملغ/دل؟,ANSWER: فرط سكر الدم.,مريض سكري,فرط سكر الدم.,مريض سكري,0.5219356417655945,0.5339293479919434,0.5278643369674683,Incorrect
597,ما هو المركب الذي يعتبر ايتلين ديامين تترا استات مركباً لاقطاً له؟,ANSWER: النحاس.,الكالسيوم,النحاس.,الكالسيوم,0.65064537525177,0.6854639053344727,0.6676009893417358,Incorrect
598,ما هو المركب الذي يستخدم في تدبير حمى البحر الأبيض المتوسط؟,ANSWER: كولشيسين.,الكولشيمين,كولشيسين.,الكولشيمين,0.5856237411499023,0.6309632658958435,0.6074486374855042,Correct
599,ما هو النمط التحسسي الذي يعود إليه داء الفقاع المحرض دوائياً؟,ANSWER: النمط التحسسي الرابع.,الثاني.,النمط التحسسي الرابع.,الثاني.,0.5988656282424927,0.6641250848770142,0.6298093199729919,Incorrect
600,ما هي آلية تأثير المركب دابيريدامول؟,ANSWER: يزيد من تدفق الدم إلى الدماغ.,تثبيط PDE,يزيد من تدفق الدم إلى الدماغ.,تثبيط PDE,0.4424811005592346,0.4513062834739685,0.44685012102127075,Incorrect
601,"ما هي جرعة الدواء عند طفل وزنه 17,5 كغ إذا كانت جرعة البالغ 100 ملغ؟",ANSWER: 17.5 ملغ.,25 ملغ.,17.5 ملغ.,25 ملغ.,0.6933034658432007,0.730995237827301,0.7116506099700928,Incorrect
602,ما هو معدل التصفية الكلوية للكرياتينين عند رجل عمره 40 سنة ومستوى كرياتينين الدم 1 ملغ/دل ووزنه 72 كغ؟,ANSWER: 120 مل/دقيقة.,100,120 مل/دقيقة.,100,0.35172683000564575,0.5042173266410828,0.41438862681388855,Incorrect
603,ما هي الخلايا التي تقوم بإفراز بروتين برفورين الذي يفتح ثقوب في غشاء الخلية الهدف؟,ANSWER: الخلايا الليمفاوية القاتلة الطبيعية.,الخلايا القاتلة.,الخلايا الليمفاوية القاتلة الطبيعية.,الخلايا القاتلة.,0.7080711126327515,0.841751754283905,0.7691461443901062,Correct
604,كيف يتأثر الغاز كلما زاد وزنه الجزيئي؟,ANSWER: يزيد ضغط البخار.,انخفض معدل الانتشار.,يزيد ضغط البخار.,انخفض معدل الانتشار.,0.6600516438484192,0.6600516438484192,0.6600516438484192,Incorrect
605,ما هو المبدأ الأساسي للتشتت؟,ANSWER: التشتت هو عملية انتقال الجسيمات الصغيرة في السوائل أو الغازات.,الانتشار,التشتت هو عملية انتقال الجسيمات الصغيرة في السوائل أو الغازات.,الانتشار,0.32323479652404785,0.422786146402359,0.36636826395988464,Incorrect
606,ما هو العامل الذي يسرع العامل السابع تشكله؟,ANSWER: العامل السابع يسرع تشكله.,الثالث,العامل السابع يسرع تشكله.,الثالث,0.36451882123947144,0.4150736927986145,0.38815706968307495,Incorrect
607,ما هو السائل الموجود داخل الخلايا؟,ANSWER: السيتوبلازم.,السيتوبلازما.,السيتوبلازم.,السيتوبلازما.,0.9431020021438599,0.9431020021438599,0.9431020021438599,Correct
608,ما هي مقدرة شخص على إدراك منبهين لمسيين مطبقين على منطقة من سطح الجسم على أنهما منفصلان؟,ANSWER: الحد المزدوج.,تمييز حس النقطتين,الحد المزدوج.,تمييز حس النقطتين,0.5715784430503845,0.5894244909286499,0.5803643465042114,Incorrect
609,ما هو سبب عدم قدرة ألياف الجهاز العصبي المركزي على التجدد؟,ANSWER: عدم قدرة الخلايا الدبقية على إنتاج الخلايا العصبية الجديدة.,غياب غمد شوان,عدم قدرة الخلايا الدبقية على إنتاج الخلايا العصبية الجديدة.,غياب غمد شوان,0.4114113450050354,0.4206680357456207,0.41598817706108093,Incorrect
610,ما هو المجال الذي تكون فيه النسخ السيتولوجية شفافة نسبياً؟,ANSWER: مجال النواة.,تحت الأحمر القريب,مجال النواة.,تحت الأحمر القريب,0.4564720094203949,0.47209420800209045,0.46415168046951294,Incorrect
611,ما هو العامل الرئيسي الذي يحدد ارتباط الأكسجين بخضاب الدم؟,ANSWER: الضغط الجزئي للأكسجين.,الضغط الجزئي للأوكسجين في الدم PO2.,الضغط الجزئي للأكسجين.,الضغط الجزئي للأوكسجين في الدم PO2.,0.9198609590530396,0.7697205543518066,0.8381198048591614,Correct
612,ما الذي يؤدي إليه العامل ٣ مع الكالسيوم؟,ANSWER: يؤدي إلى تكوين كربونات الكالسيوم.,تلقيم راجع إيجابي للثرومبين.,يؤدي إلى تكوين كربونات الكالسيوم.,تلقيم راجع إيجابي للثرومبين.,0.5150195360183716,0.5078887939453125,0.5114293098449707,Incorrect
613,متى يزداد الانحلال في التلاسيميا؟,ANSWER: في الأشهر الأولى من الحياة.,التعرض للشدة والحمى.,في الأشهر الأولى من الحياة.,التعرض للشدة والحمى.,0.5050227046012878,0.5427499413490295,0.5232071280479431,Incorrect
614,ما هو الفيتامين الأساسي في عملية تشكيل عوامل التخثر؟,ANSWER: فيتامين ك.,K,فيتامين ك.,K,0.36478784680366516,0.3999083340167999,0.38154157996177673,Correct
615,ما هو المستوى من الفيزيولوجيا الذي تنتمي إليه دراسة آلية وتوليد ونقل كوامن الفعل في القلب؟,ANSWER: المستوى الخلوي.,النسيجي,المستوى الخلوي.,النسيجي,0.5022004842758179,0.49082082509994507,0.4964454472064972,Incorrect
616,أين توجد المستقبلات النيكوتينية؟,ANSWER: في الجهاز العصبي الذاتي.,العقدة الجيبية الأذينية في القلب,في الجهاز العصبي الذاتي.,العقدة الجيبية الأذينية في القلب,0.48877984285354614,0.5591287612915039,0.5215929746627808,Incorrect
617,ما الذي تعتمد عليه سرعة انتشار الأوكسجين عبر غشاء الخلية؟,ANSWER: فرق الضغط الجزئي.,مقدار ذوبانه في الشحوم,فرق الضغط الجزئي.,مقدار ذوبانه في الشحوم,0.4918499290943146,0.6626741886138916,0.5646244287490845,Incorrect
618,ماذا يحدث عندما يصل التيروكسين إلى المستوى الدوراني المطلوب؟,يتم تثبيت التيروكسين في الغدة الدرقية.,تتوقف الغدة النخامية عن افراز THS,يتم تثبيت التيروكسين في الغدة الدرقية.,تتوقف الغدة النخامية عن افراز THS,0.6304442882537842,0.6593931913375854,0.6445938348770142,Incorrect
619,ما هي الوظيفة الرئيسية للعقدة الأذينية البطينية في الحالات السوية؟,ANSWER: تؤخر النبضات القلبية بين الأذين والبطين.,توليد إشارات تجعلها ناظمة للقلب,تؤخر النبضات القلبية بين الأذين والبطين.,توليد إشارات تجعلها ناظمة للقلب,0.537421703338623,0.5513373613357544,0.5442906022071838,Incorrect
620,ما هي العوامل التي تحرض إفراز عصارة بنكرياسية غنية بالإنزيمات؟,ANSWER: هرمون الكوليسيستوكينين.,الأستيل كولين والكوليسيستوكينين,هرمون الكوليسيستوكينين.,الأستيل كولين والكوليسيستوكينين,0.6671221256256104,0.6613315343856812,0.6642141938209534,Incorrect
621,أين يتم إعادة امتصاص القسم الأعظم من الماء المرتشح؟,ANSWER: في النبيبات الكلوية.,النبيبات الدانية,في النبيبات الكلوية.,النبيبات الدانية,0.5791330933570862,0.6556962728500366,0.6150410771369934,Incorrect
622,ما هو سبب الصوت الأول للقلب؟,ANSWER: إغلاق الصمامات القلبية.,انغلاق الصمامات الأذينية البطينية,إغلاق الصمامات القلبية.,انغلاق الصمامات الأذينية البطينية,0.7205129265785217,0.7237590551376343,0.7221323251724243,Incorrect
623,ما هي الخلايا التي تمتلك أسرع معدل لزوال الاستقطاب؟,ANSWER: الخلايا العصبية.,العقدة الجيبية الأذينية.,الخلايا العصبية.,العقدة الجيبية الأذينية.,0.7554981112480164,0.683552622795105,0.7177268862724304,Incorrect
624,ما هو الذي وظيفته تسريع عملية تشكل الترومبوبلاستين الصفيحي؟,ANSWER: الفوسفوليباز A2.,العامل السابع,الفوسفوليباز A2.,العامل السابع,0.36382097005844116,0.38811779022216797,0.37557682394981384,Incorrect
625,ما الذي يعمل على تسهيل الانتقال بين الشهيق والزفير؟,يعمل العضلات بين الضلوع على تسهيل الانتقال بين الشهيق والزفير.,مركز التنفس الجسري,يعمل العضلات بين الضلوع على تسهيل الانتقال بين الشهيق والزفير.,مركز التنفس الجسري,0.43702635169029236,0.4818573296070099,0.45834824442863464,Incorrect
626,ما الذي يزداد في الأسناخ الرئوية؟,ANSWER: الأوعية الدموية.,بتضيق فوهة القصيبات,الأوعية الدموية.,بتضيق فوهة القصيبات,0.4742652475833893,0.47350528836250305,0.4738849699497223,Incorrect
627,ما يعرف بالموجهة الجسدية؟,ANSWER: الموجهة الجسدية هي القدرة على تحديد موضع الأجزاء المختلفة من الجسم في الفضاء.,هرمون النمو,الموجهة الجسدية هي القدرة على تحديد موضع الأجزاء المختلفة من الجسم في الفضاء.,هرمون النمو,0.474780797958374,0.5054416060447693,0.48963165283203125,Incorrect
628,ما هي العقدة الرأسية للجهاز العصبي المستقل؟,ANSWER: العقدة الرأسية للجهاز العصبي المستقل هي العقدة الرأسية للعصب المبهم.,الوطاء,العقدة الرأسية للجهاز العصبي المستقل هي العقدة الرأسية للعصب المبهم.,الوطاء,0.2900334894657135,0.34956473112106323,0.31702864170074463,Incorrect
629,ما هي المحطة الرئيسية الدماغية التي تتكامل فيها وظائف الجهاز العصبي المستقل مع وظائف البنى العصبية الأخرى؟,ANSWER: النواة المخروطية.,الوطاء,النواة المخروطية.,الوطاء,0.3702780604362488,0.4449225664138794,0.4041828513145447,Incorrect
630,ما هو الناقل العصبي المحرر من طرفيات الألياف بعد العقدية في القسم الودي؟,ANSWER: النورإبينفرين.,الاستيل كولين أو النور أدرينالين,النورإبينفرين.,الاستيل كولين أو النور أدرينالين,0.5763154029846191,0.5537974238395691,0.5648320317268372,Incorrect
631,ما هو الدور المهم الذي تؤديه خلايا سيرتولي في الخصية؟,خلايا سيرتولي تلعب دورًا هامًا في دعم وتغذية الخلايا النطفية أثناء نموها وتطورها في الخصية.,تغذية النطاف,خلايا سيرتولي تلعب دورًا هامًا في دعم وتغذية الخلايا النطفية أثناء نموها وتطورها في الخصية.,تغذية النطاف,0.5069684982299805,0.5595277547836304,0.5319530367851257,Correct
632,ما هو الذي يروي النسيج الضام للرئة؟,ANSWER: الشرايين الرئوية.,الفروع القصبية للأبهر.,الشرايين الرئوية.,الفروع القصبية للأبهر.,0.6392028331756592,0.5623104572296143,0.5982962250709534,Incorrect
633,ما هي البوابات التي تتحكم بنفوذية القنوات للشوارد التي تسهم في تشكيل كامن الفعل؟,ANSWER: بوابات الكالسيوم.,القنوات المبوبة بالفولطاج,بوابات الكالسيوم.,القنوات المبوبة بالفولطاج,0.5014874935150146,0.6137745380401611,0.551978349685669,Incorrect
634,ما هي أجهزة التحكم والضبط والمراقبة في الجسم؟,ANSWER: الجهاز العصبي.,العصبى الصماوى,الجهاز العصبي.,العصبى الصماوى,0.4795165956020355,0.5637155771255493,0.5182182192802429,Incorrect
635,ما هي المواد التي تحررها نهايات المحاوير العصبية في المشابك والموصلات المشبكية؟,ANSWER: الناقلات العصبية.,النواقل عصبية,الناقلات العصبية.,النواقل عصبية,0.5589907169342041,0.5796122550964355,0.5691147446632385,Correct
636,ماذا ينقل الترانسفيرين؟,ANSWER: الحديد.,الحديدي,الحديد.,الحديدي,0.49909088015556335,0.5574749112129211,0.5266698002815247,Correct
637,ما هو الإحساس الذي يمكن أن يُدرك كلياً في المهاد؟,الإحساس الذي يمكن أن يُدرك كلياً في المهاد هو الإحساس باللمس.,حس الألم,الإحساس الذي يمكن أن يُدرك كلياً في المهاد هو الإحساس باللمس.,حس الألم,0.4518658518791199,0.5458534955978394,0.4944327473640442,Incorrect
638,أين توجد المستقبلات المسكارينية؟,ANSWER: في الجهاز العصبي الذاتي.,الخلايا المستجيبة للتنبيه بالعصبونات الكولينية الفعل بعد العقدية,في الجهاز العصبي الذاتي.,الخلايا المستجيبة للتنبيه بالعصبونات الكولينية الفعل بعد العقدية,0.49783626198768616,0.6411874890327454,0.560491144657135,Incorrect
639,ما هي الزمرة الدموية إذا كانت الكرية الحمراء لا تحوي مولد ارتصاص؟,ANSWER: O,O,O,O,0.9999998807907104,0.9999998807907104,0.9999998807907104,Correct
640,ما هو ناظم القلب؟,ANSWER: العقدة الجيبية الأذينية.,العقدة الجيبية.,العقدة الجيبية الأذينية.,العقدة الجيبية.,0.8015245795249939,0.8818150758743286,0.8397550582885742,Correct
641,ما الذي يشكله الجهاز الانزيمي في الخلايا البطانية السليمة اعتباراً من حمض الاراشيدونيك؟,ANSWER: بروستاسيكلين.,الترومبوكسان A2,بروستاسيكلين.,الترومبوكسان A2,0.5296646356582642,0.5150798559188843,0.5222704410552979,Incorrect
642,ما الذي تتناسب معه سرعة النقل في الألياف العصبية اللانخاعينية؟,ANSWER: قطر الألياف العصبية.,الجذر التربيعي ل قطر الليف,قطر الألياف العصبية.,الجذر التربيعي ل قطر الليف,0.5216466188430786,0.5177515149116516,0.5196917653083801,Incorrect
643,أين تقع أجسام عصبونات المرتبة الثانية للإحساسات المنقولة بمسلك العمود الظهري؟,ANSWER: في النواة الشوكية الظهرية.,المهاد,في النواة الشوكية الظهرية.,المهاد,0.41334694623947144,0.43970829248428345,0.4261203110218048,Incorrect
644,ما هي العوامل التي تتناسب معها سرعة الانتشار البسيط؟,ANSWER: العوامل التي تتناسب معها سرعة الانتشار البسيط هي:,طردا مع مدروج تركيز المادة المنتشرة,العوامل التي تتناسب معها سرعة الانتشار البسيط هي:,طردا مع مدروج تركيز المادة المنتشرة,0.5054840445518494,0.48454195261001587,0.49479150772094727,Incorrect
645,ما هي آلية تحرر شوارد الكالسيوم من الشبكة الهيولية في العضلات الهيكلية؟,ANSWER: عبر قنوات الكالسيوم المعتمدة على الجهد الكهربائي.,الانتشار,عبر قنوات الكالسيوم المعتمدة على الجهد الكهربائي.,الانتشار,0.3343462347984314,0.4277225434780121,0.37531372904777527,Incorrect
646,ما الذي يؤكد الدور الأهم للمراكز الشوكية والبصلية في وظيفة الجهاز العصبي المستقل؟,ANSWER: التأثيرات الكيميائية والفسيولوجية للنواقل العصبية.,عدم حدوث تبدلت مهمة في وظائف الجهاز العصبي المستقبل عند قطع جذع الدماغ فوق مستوى البصلة,التأثيرات الكيميائية والفسيولوجية للنواقل العصبية.,عدم حدوث تبدلت مهمة في وظائف الجهاز العصبي المستقبل عند قطع جذع الدماغ فوق مستوى البصلة,0.5549139380455017,0.5202006101608276,0.5369969010353088,Incorrect
647,ما هو الهدف الأساسي للنقل الفاعل عبر الغشاء؟,ANSWER: نقل الجزيئات من منطقة تركيز منخفض إلى منطقة تركيز أعلى.,الحفاظ على مدروج تركيز مرتفع للمادة عبر الغشاء,نقل الجزيئات من منطقة تركيز منخفض إلى منطقة تركيز أعلى.,الحفاظ على مدروج تركيز مرتفع للمادة عبر الغشاء,0.5292262434959412,0.5554435849189758,0.5420180559158325,Correct
648,ما الذي يتأثر بتغير كمية الأوكسجين في الأسناخ؟,ANSWER: إفراز الإريتروبويتين.,الأوعية الدموية للسنخ,إفراز الإريتروبويتين.,الأوعية الدموية للسنخ,0.4865337610244751,0.48472344875335693,0.4856269061565399,Incorrect
649,ما هي أقصى مدة لحفظ الدم؟,ANSWER: 42 يومًا.,20 يوم,42 يومًا.,20 يوم,0.5870694518089294,0.6386054158210754,0.6117540001869202,Incorrect
650,ماذا يحدث عندما تكون تهوية السنخ أعلى من ترويته الدموية؟,ANSWER: يحدث انخفاض في الضغط الجزئي للأكسجين في السنخ.,حيز ميت فيزيولوجي,يحدث انخفاض في الضغط الجزئي للأكسجين في السنخ.,حيز ميت فيزيولوجي,0.49809449911117554,0.5598494410514832,0.5271695256233215,Incorrect
651,ما هي الحالات التي تزداد فيها كمية الماء الموجودة في الأحياز الخاصة؟,ANSWER: الحمل، التهاب الغدة الدرقية، ورم الغدة الدرقية، ورم الغدة الدرقية، ورم الغدة الدرقية، ورم الغدة الدرقية، ورم الغدة الدرقية، ورم الغدة الدرقية، ورم الغدة الدرقية، ورم الغدة الدرقية، ورم الغدة الدرقية، ورم الغدة الدرقية، ورم الغدة الدرقية، ورم الغدة الدرقية، ورم الغدة الدرقية، ورم الغدة الدرقية، ورم الغدة الدرقية، ورم الغدة الدرقية، ورم الغدة الدرقية، ورم الغدة الدرقية، ورم الغدة الدرقية، ورم الغدة الدرقية، ورم الغدة الدرقية، ورم الغدة الدرقية، ورم الغدة الدرقية، ورم الغدة الدرقية، ورم الغدة الدرقية، ورم الغدة الدرقية، ورم الغدة الدرقية، ورم الغدة الدرقية، ورم الغدة الدرقية، ورم الغدة الدرقية، ورم الغدة الدرقية، ورم الغدة الدرقية، ورم الغدة الدرقية، ورم الغدة الدرقية، ورم الغدة,الجنب وانصباب الجنب,الحمل، التهاب الغدة الدرقية، ورم الغدة الدرقية، ورم الغدة الدرقية، ورم الغدة الدرقية، ورم الغدة الدرقية، ورم الغدة الدرقية، ورم الغدة الدرقية، ورم الغدة الدرقية، ورم الغدة الدرقية، ورم الغدة الدرقية، ورم الغدة الدرقية، ورم الغدة الدرقية، ورم الغدة الدرقية، ورم الغدة الدرقية، ورم الغدة الدرقية، ورم الغدة الدرقية، ورم الغدة الدرقية، ورم الغدة الدرقية، ورم الغدة الدرقية، ورم الغدة الدرقية، ورم الغدة الدرقية، ورم الغدة الدرقية، ورم الغدة الدرقية، ورم الغدة الدرقية، ورم الغدة الدرقية، ورم الغدة الدرقية، ورم الغدة الدرقية، ورم الغدة الدرقية، ورم الغدة الدرقية، ورم الغدة الدرقية، ورم الغدة الدرقية، ورم الغدة الدرقية، ورم الغدة الدرقية، ورم الغدة الدرقية، ورم الغدة الدرقية، ورم الغدة,الجنب وانصباب الجنب,0.3083938658237457,0.4630622863769531,0.37022343277931213,Incorrect
652,ما هو الهرمون المطلق للموجهة القشرية؟,ANSWER: هرمون موجهة القشرة.,CRH,هرمون موجهة القشرة.,CRH,0.29489782452583313,0.35246741771698,0.32112282514572144,Incorrect
653,ما هي الشاردة الإيجابية الأساسية في السائل داخل الخلوي؟,ANSWER: البوتاسيوم.,بوتاسيوم,البوتاسيوم.,بوتاسيوم,0.5997040867805481,0.6302791237831116,0.6146116256713867,Correct
654,ما هو نوع المصل الذي يحمله شخص من الزمرة الدموية B؟,ANSWER: مصل B.,يحوي الراصة Anti A,مصل B.,يحوي الراصة Anti A,0.5398433804512024,0.4702500104904175,0.5026492476463318,Incorrect
655,ما هي الحالة التي يكون فيها انقلاب الصيغة أكثر شيوعاً؟,ANSWER: انخفاض عدد الكريات البيضاء.,الأطفال.,انخفاض عدد الكريات البيضاء.,الأطفال.,0.48947954177856445,0.6453701853752136,0.5567177534103394,Incorrect
656,ما هو حجم الضربة (Stroke Volume)؟,ANSWER: 70-100 مل/ضربة.,كمّية الدم التي يضخها البطين الأيمن في ضربة واحدة,70-100 مل/ضربة.,كمّية الدم التي يضخها البطين الأيمن في ضربة واحدة,0.35879117250442505,0.4605977535247803,0.40336987376213074,Incorrect
657,ما هي أقصى كمية هواء يمكن استنشاقها زيادة على كمية الحجم الجاري السوية؟,ANSWER: الحجم الإضافي.,حجم الشهيق المخر,الحجم الإضافي.,حجم الشهيق المخر,0.5828258395195007,0.5180513858795166,0.5485329627990723,Correct
658,ما هي الآلية التي يتم من خلالها التنظيم المديد للجريان الموضعي؟,ANSWER: التوسع الوعائي.,إفراز الأنجيوجنين وعامل النمو البطاني.,التوسع الوعائي.,إفراز الأنجيوجنين وعامل النمو البطاني.,0.6315870881080627,0.5319275856018066,0.5774892568588257,Incorrect
659,ما هي الشوارد التي تسبب قوى الجذب بين خيوط الاكتين والميوزين مما يؤدي إلى انزلاق بعضها على بعض؟,ANSWER: أيونات الكالسيوم.,الكالسيوم,أيونات الكالسيوم.,الكالسيوم,0.4353269040584564,0.5606203675270081,0.4900924861431122,Correct
660,ما هو الهدف من آلية المزلاج في العضلات الملساء؟,ANSWER: تقليل الضغط على جدار الأوعية الدموية.,تحافظ على تقلّص مقوٍمديد فى العضلات الملمس باستخدام كمية قليلة جداً من الطاقه,تقليل الضغط على جدار الأوعية الدموية.,تحافظ على تقلّص مقوٍمديد فى العضلات الملمس باستخدام كمية قليلة جداً من الطاقه,0.5667717456817627,0.5581751465797424,0.5624406337738037,Incorrect
661,ما هي الخلايا الدبقية التي تشكل جزء من الحاجز الوعائي الدموي؟,ANSWER: الخلايا الدبقية المحيطية.,الخلايا النجمية,الخلايا الدبقية المحيطية.,الخلايا النجمية,0.6412988305091858,0.7152918577194214,0.6762773990631104,Incorrect
662,ما هي الآلية التي يتم من خلالها التنظيم المديد للضغط الشرياني؟,ANSWER: نظام الرينين-أنجيوتنسين-ألدوستيرون.,افراز الانجيوجينين وعامل النمو البطاني,نظام الرينين-أنجيوتنسين-ألدوستيرون.,افراز الانجيوجينين وعامل النمو البطاني,0.5996057391166687,0.6435143351554871,0.62078458070755,Incorrect
663,ما هي المستقبلة الأسرع تلاؤماً؟,ANSWER: المستقبلة الكيميائية.,باشيني.,المستقبلة الكيميائية.,باشيني.,0.5391232967376709,0.6134445667266846,0.5738876461982727,Incorrect
664,لماذا لا تتمكن الألياف العصبية المركزية من التجديد؟,ANSWER: بسبب غياب الخلايا الدبقية.,عدم وجود غمد شوان,بسبب غياب الخلايا الدبقية.,عدم وجود غمد شوان,0.5245803594589233,0.5399840474128723,0.5321707129478455,Incorrect
665,ما هي كمية الهواء الموجودة في الرئتين في نهاية شهيق سوي؟,ANSWER: 5000 مليلتر.,السعة الوظيفية المدخرة + الحجم الجاري,5000 مليلتر.,السعة الوظيفية المدخرة + الحجم الجاري,0.4470829367637634,0.4677765369415283,0.4571956992149353,Incorrect
666,ما هي الفائدة الوظيفية من التأخير الزمني لكامن الفعل لمدة 0.1 ثانية عند مروره في العقدة الأذينية البطينية؟,ANSWER: يسمح بامتلاء البطينين بالدم قبل انقباضهما.,إنهاء تقلص الأذينات قبل تقلص البطينات,يسمح بامتلاء البطينين بالدم قبل انقباضهما.,إنهاء تقلص الأذينات قبل تقلص البطينات,0.6055217981338501,0.6374523043632507,0.6210769414901733,Correct
667,ما هي المواد التي يقتصر عليها الامتصاص المعدي؟,ANSWER: الكحول، والفيتامينات الدهنية، والفيتامينات القابلة للذوبان في الماء.,الماء والشوارد,الكحول، والفيتامينات الدهنية، والفيتامينات القابلة للذوبان في الماء.,الماء والشوارد,0.47889843583106995,0.4652318060398102,0.4719662070274353,Incorrect
668,ما هو المركب الذي يتشكل من تفاعل الهيموغلوبين مع حمض أو قلوي؟,ANSWER: هيماتين.,هيماتين.,هيماتين.,هيماتين.,0.9999999403953552,0.9999999403953552,0.9999999403953552,Correct
669,ما الذي يتناسب إفراغه عكسياً مع إفراغ الهيدروجين؟,ANSWER: البوتاسيوم.,البوتاسيوم,البوتاسيوم.,البوتاسيوم,0.6825724840164185,0.7460540533065796,0.712902843952179,Correct
670,ما هو الغشاء الكبيبي نفوذ له؟,ANSWER: الماء والصوديوم والكلوريد والكرياتينين.,الالبومين.,الماء والصوديوم والكلوريد والكرياتينين.,الالبومين.,0.5728874206542969,0.6512342691421509,0.6095536351203918,Incorrect
671,ما هو المسؤول عن إرسال السيالات في العصبونات؟,ANSWER: الناقلات العصبية.,المحوار,الناقلات العصبية.,المحوار,0.3930972218513489,0.4271271824836731,0.40940627455711365,Incorrect
672,ما هو المستوى الذي يعتبر ضخ الدم مثالاً على دراسته؟,ANSWER: مستوى الخلية.,الأعضاء,مستوى الخلية.,الأعضاء,0.48916763067245483,0.5167579054832458,0.5025843977928162,Incorrect
673,ما هي العملية التي يتم بها تحويل النورادرينالين إلى أدرينالين؟,ANSWER: نزع الميثيل.,ميتلة,نزع الميثيل.,ميتلة,0.36813783645629883,0.3975389003753662,0.38227391242980957,Incorrect
674,ما الذي يشكل جسراً بين ألياف الكولاجين والصفيحات الدموية؟,ANSWER: الفيبرينوجين.,الترومبوكسان A2,الفيبرينوجين.,الترومبوكسان A2,0.5348699688911438,0.5141032934188843,0.5242810249328613,Incorrect
675,ما هي الفائدة الوظيفية من وجود الكليونات المجاورة للّب؟,ANSWER: تقليل الضغط في الأوردة الكبدية.,زيادة القدرة على تكثيف البول,تقليل الضغط في الأوردة الكبدية.,زيادة القدرة على تكثيف البول,0.600477933883667,0.5660285949707031,0.5827445983886719,Incorrect
676,ما هو السبب الذي يحمي العضلة القلبية من التكزز؟,ANSWER: نظام التوصيل القلبي.,طول فترة كامن فعل الليف العضلي القلبي,نظام التوصيل القلبي.,طول فترة كامن فعل الليف العضلي القلبي,0.6504409313201904,0.5284318923950195,0.5831226706504822,Incorrect
677,ما هو الهرمون الذي يخضع لتأثير مزدوج منبه ومثبط من الوطاء؟,ANSWER: هرمون النمو.,GH,هرمون النمو.,GH,0.3572849631309509,0.3715246915817261,0.36426571011543274,Correct
678,أين تقع المساحة الصغرى في ساحة الحس الأولية عند الإنسان؟,ANSWER: في الفص الجبهي.,الجذع,في الفص الجبهي.,الجذع,0.5052427053451538,0.540565013885498,0.5223073363304138,Incorrect
679,ما هو مصدر الATP الذي تحتاجه الليفات العضلية بشدة؟,ANSWER: ATP.,المتقدرات الغزيرة الموازية للبيفات,ATP.,المتقدرات الغزيرة الموازية للبيفات,0.4592730402946472,0.3659180998802185,0.40731489658355713,Incorrect
680,ما هو الذي يفعل السبيل الخارجي للتخثر؟,ANSWER: يبدأ بفعل الفاكتور السابع.,رض الأنسجة,يبدأ بفعل الفاكتور السابع.,رض الأنسجة,0.4175141751766205,0.46355777978897095,0.43933290243148804,Incorrect
681,ما الذي تتناسب معه سرعة انتشار الغاز عبر الغشاء التنفسي عكسياً؟,ANSWER: سمك الغشاء التنفسي.,ثخانة الغشاء,سمك الغشاء التنفسي.,ثخانة الغشاء,0.5881928205490112,0.567059338092804,0.5774327516555786,Correct
682,ما هي القيمة العظمى لضغط الأوكسجين في الأسناخ عند زيادة التهوية السنخية في الحالات السوية؟,ANSWER: 100 مم زئبق.,149 ملم زئبقي,100 مم زئبق.,149 ملم زئبقي,0.6427721977233887,0.6721754670143127,0.6571451425552368,Incorrect
683,أين يحدث الامتصاص بشكل أساسي؟,ANSWER: في الأمعاء الدقيقة.,الامعاء الدقيقة,في الأمعاء الدقيقة.,الامعاء الدقيقة,0.7141704559326172,0.8101792335510254,0.7591513395309448,Correct
684,ما هو الهرمون الذي يتم إفرازه نتيجة الشدة (الكروب)؟,ANSWER: الكورتيزول.,الكورتيزول,الكورتيزول.,الكورتيزول,0.6835991144180298,0.7884853482246399,0.732305645942688,Correct
685,ما هي آلية تحرر شوارد الكالسيوم من الشبكة الهيولية في العضلات الهيكلية؟,ANSWER: عبر قنوات الكالسيوم المعتمدة على الجهد الكهربائي.,الانتشار,عبر قنوات الكالسيوم المعتمدة على الجهد الكهربائي.,الانتشار,0.3343462347984314,0.4277225434780121,0.37531372904777527,Incorrect
686,ماذا يسبب التنبيه اللاودي على القلب؟,ANSWER: يزيد من سرعة القلب وضغط الدم.,تباطؤ ضربات القلب.,يزيد من سرعة القلب وضغط الدم.,تباطؤ ضربات القلب.,0.6089242100715637,0.6051820516586304,0.6070473194122314,Incorrect
687,ما هو المسؤول عن زوال الاستقطاب؟,ANSWER: قناة الصوديوم.,دخول شوارد الصوديوم,قناة الصوديوم.,دخول شوارد الصوديوم,0.5756798386573792,0.5975542664527893,0.5864131450653076,Correct
688,ما هو الرقم الهيدروجيني الطبيعي للبول؟,ANSWER: 4.5-8.0.,بين 4.7 و 8,4.5-8.0.,بين 4.7 و 8,0.656294047832489,0.6512736082077026,0.6537742018699646,Correct
689,ماذا يحدث عند وصول كمية كبيرة من NaCl إلى اللطخة الكثيفة؟,يتم إعادة امتصاص كل NaCl في اللطخة الكثيفة.,تقبيض الشرين الوارد,يتم إعادة امتصاص كل NaCl في اللطخة الكثيفة.,تقبيض الشرين الوارد,0.4116366505622864,0.43965163826942444,0.42518317699432373,Incorrect
690,ما هي كمية الدم التي تمر في نقطة معينة من الدوران خلال فترة محددة من الزمن؟,ANSWER: تدفق الدم.,تدفق الدم,تدفق الدم.,تدفق الدم,0.6649319529533386,0.7666124105453491,0.7121610641479492,Correct
691,ما هو الانزيم المعوي الذي يقوم بهضم الدسم في الأمعاء؟,ANSWER: الليباز.,الليباز,الليباز.,الليباز,0.6204227209091187,0.7303439974784851,0.6709108948707581,Correct
692,ماذا يسبب نقص فيتامين B12 وحمض الفوليك؟,ANSWER: فقر الدم الناجم عن نقص الحديد.,فقر دم زائد الصباغ زائد الحجم,فقر الدم الناجم عن نقص الحديد.,فقر دم زائد الصباغ زائد الحجم,0.5967136025428772,0.49641287326812744,0.5419616103172302,Incorrect
693,ما هي وظيفة الصمامات القلبية؟,ANSWER: تمنع تدفق الدم في الاتجاه الخاطئ.,توجيه مجرى الدم باتجاه واحد,تمنع تدفق الدم في الاتجاه الخاطئ.,توجيه مجرى الدم باتجاه واحد,0.7002520561218262,0.6247677803039551,0.660359799861908,Correct
694,ما هو المستوى الذي يعد عليه تنظيم الضغط الشرياني؟,ANSWER: المستوى الشرياني.,الأجهزه,المستوى الشرياني.,الأجهزه,0.4724968671798706,0.46956974267959595,0.47102874517440796,Incorrect
695,ما هو نوع العضلات الذي يمتاز بخاصية الارتخاء بعد الكرب؟,ANSWER: عضلات الهيكل.,العضلات وحيدة الوحدة الحشوية,عضلات الهيكل.,العضلات وحيدة الوحدة الحشوية,0.5709664225578308,0.552728533744812,0.5616995096206665,Incorrect
696,ما هو أسرع أجزاء الجهاز الناقل في القلب في توصيل السيالة؟,ANSWER: العقدة الجيبية الأذينية.,ألياف بوركنج.,العقدة الجيبية الأذينية.,ألياف بوركنج.,0.5545904636383057,0.5735282897949219,0.5639004707336426,Incorrect
697,ما هو اسم الأسناخ التي يصلها دم ولا يصلها هواء؟,ANSWER: الأسناخ الرئوية.,التحويلة الفيزيولوجية,الأسناخ الرئوية.,التحويلة الفيزيولوجية,0.5520820617675781,0.592505156993866,0.5715798139572144,Incorrect
698,ما هي الطريقة التي يمكن بها تحرير النص الفعال حيوياً بتقنية الأسر الصوتي؟,ANSWER: عن طريق تطبيق موجات صوتية عالية التردد.,تفعيله بالامتصاص مستدعي الفوتونه,عن طريق تطبيق موجات صوتية عالية التردد.,تفعيله بالامتصاص مستدعي الفوتونه,0.42034798860549927,0.4326193928718567,0.4263954162597656,Incorrect
699,ما هي الشاردة ذات التركيز الأكبر داخل العصبون؟,ANSWER: البوتاسيوم.,البوتاسيوم,البوتاسيوم.,البوتاسيوم,0.6825724840164185,0.7460540533065796,0.712902843952179,Correct
700,ما هو العظم الذي يتمفصل معه الغضروف الطرجهالي؟,ANSWER: عظم الفك السفلي.,الغضروف الحلقي,عظم الفك السفلي.,الغضروف الحلقي,0.5687384009361267,0.5790951251983643,0.5738700032234192,Incorrect
701,ماذا يحدث في طور الانقباض الأذيني؟,ANSWER: يحدث انقباض عضلة القلب الأذينية.,الصمامات الأذينية البطينية مفتوحة و السينية مغلقة,يحدث انقباض عضلة القلب الأذينية.,الصمامات الأذينية البطينية مفتوحة و السينية مغلقة,0.5772283673286438,0.6209311485290527,0.5982827544212341,Incorrect
702,ما هو الحجم الرئوي الذي يزداد مع التقدم بالعمر؟,ANSWER: الحجم الرئوي الكلي.,الحجم المتبقي.,الحجم الرئوي الكلي.,الحجم المتبقي.,0.6614241003990173,0.7705404758453369,0.711824893951416,Incorrect
703,ما الذي يحرض إفراز عصارة غنية بالإنزيمات الهاضمة من البنكرياس؟,ANSWER: هرمون الكوليسيستوكينين.,CCK,هرمون الكوليسيستوكينين.,CCK,0.42011258006095886,0.3456679880619049,0.3792717754840851,Correct
704,ما الذي يتمثل به زوال استقطاب البطينات على مخطط القلب؟,ANSWER: انخفاض في القلب.,الموجة QRS.,انخفاض في القلب.,الموجة QRS.,0.5086276531219482,0.4787943661212921,0.49326035380363464,Incorrect
705,ما هو العامل المحرض على زيادة إفراز الألدوستيرون؟,ANSWER: الأنجيوتنسين II.,زيادة تركيز البوتاسيوم في السائل خارج الخلوي,الأنجيوتنسين II.,زيادة تركيز البوتاسيوم في السائل خارج الخلوي,0.5144611597061157,0.5208814144134521,0.517651379108429,Incorrect
706,ما هي الطريقة المستخدمة لحل الخثرة إذا تشكلت في أوعية القلب والرئتين؟,ANSWER: التخثرية.,البلازمين,التخثرية.,البلازمين,0.46783554553985596,0.5296225547790527,0.49681535363197327,Incorrect
707,ما الذي تسمح به خاصية الارتخاء بعد الكرب للأعضاء الجوفاء التي تحوي عضلات ملساء؟,تسمح خاصية الارتخاء بعد الكرب للأعضاء الجوفاء التي تحوي عضلات ملساء بالتوسع والاستيعاب.,المحافظة على مقدار الضغط نفسه على الرغم من تغير الحجم ضمن حدود معينة,تسمح خاصية الارتخاء بعد الكرب للأعضاء الجوفاء التي تحوي عضلات ملساء بالتوسع والاستيعاب.,المحافظة على مقدار الضغط نفسه على الرغم من تغير الحجم ضمن حدود معينة,0.4625386595726013,0.540332555770874,0.49841827154159546,Incorrect
708,ما هو معدل التهوية السنخية؟,ANSWER: 12-20 نفس/دقيقة.,كمية الهواء الذي يصل للمناطق التنفسية مضروب,12-20 نفس/دقيقة.,كمية الهواء الذي يصل للمناطق التنفسية مضروب,0.3623425364494324,0.4483824372291565,0.40079692006111145,Incorrect
709,متى يتوقف التقلص العضلي؟,ANSWER: عند انتهاء الإشارات العصبية.,ارتباط الكالسيوم بالتربونين,عند انتهاء الإشارات العصبية.,ارتباط الكالسيوم بالتربونين,0.45637479424476624,0.562929630279541,0.5040827989578247,Incorrect
710,ما هي عصبونات المرتبة الثانية في المسلك الظهري؟,ANSWER: عصبونات القشرة المخية.,النواتين الناحلة واإلسفينية,عصبونات القشرة المخية.,النواتين الناحلة واإلسفينية,0.5286914706230164,0.5158659815788269,0.5221999883651733,Incorrect
711,ما هو القشراني المعدني الرئيسي؟,ANSWER: الزنك.,الالدوسترون (معدني),الزنك.,الالدوسترون (معدني),0.5178670287132263,0.4960697591304779,0.5067340731620789,Incorrect
712,ما هي أقل أنسجة الجسم البشري احتواءً على الماء؟,ANSWER: العظام.,الدهنى,العظام.,الدهنى,0.4717574119567871,0.4717574119567871,0.4717574119567871,Incorrect
713,ما هو طليعة الانزيم الذي يتحول إلى شكله الفعال تحت تأثير الخنثرين؟,ANSWER: بروثرومبين.,العامل الحادي عشر,بروثرومبين.,العامل الحادي عشر,0.42261171340942383,0.4332478642463684,0.4278636872768402,Incorrect
714,ما هي الآلية التي يستطيع من خلالها الجهاز التنفسي تأمين كميات كبيرة من الأكسجين أثناء التمارين المجهدة؟,ANSWER: زيادة سرعة التنفس وعمق التنفس.,يحصل كامل التبادل الغازي للأكسجين خلال قطع الدم ثلث المسافة عبر الوعاء الشعري.,زيادة سرعة التنفس وعمق التنفس.,يحصل كامل التبادل الغازي للأكسجين خلال قطع الدم ثلث المسافة عبر الوعاء الشعري.,0.5181944370269775,0.4629022479057312,0.48899027705192566,Incorrect
715,ما الذي يحول الببسين إلى مولد ببسين؟,ANSWER: الببسينوجين.,حمض كلور الماء,الببسينوجين.,حمض كلور الماء,0.5461708307266235,0.5457513332366943,0.5459610223770142,Incorrect
716,ما هي الوظائف التي يتآزر فيها الجهازان الودي واللاودي؟,ANSWER: تنظيم ضغط الدم، تنظيم درجة حرارة الجسم، تنظيم النوم واليقظة، تنظيم الجهاز الهضمي، تنظيم الجهاز التنفسي.,تنظيم افراز اللعاب,تنظيم ضغط الدم، تنظيم درجة حرارة الجسم، تنظيم النوم واليقظة، تنظيم الجهاز الهضمي، تنظيم الجهاز التنفسي.,تنظيم افراز اللعاب,0.4873751401901245,0.5286072492599487,0.5071545243263245,Incorrect
717,من أين يتم إفراز الإريثروبويتين؟,ANSWER: الكلية.,الكلية,الكلية.,الكلية,0.7676013708114624,0.8824077844619751,0.8210104703903198,Correct
718,ما الجزء من الأجسام الضدية من IgG التي يتم قطعها وأخذها في المراكز الحديثة؟,ANSWER: Fc region,الجزء المفرط التغير,Fc region,الجزء المفرط التغير,0.3854300379753113,0.4003541171550751,0.3927503526210785,Incorrect
719,ما الذي يؤدي إلى نقصان حجم الدفقة بزيادته؟,ANSWER: زيادة المقاومة المحيطية.,معدل دقات القلب.,زيادة المقاومة المحيطية.,معدل دقات القلب.,0.6058157086372375,0.5894953608512878,0.5975441336631775,Incorrect
720,ما تدعى الترنجات العشوائية لشدة الإشعاع المترابط المنتشرة انتشاراً متعدداً؟,ANSWER: متعددة الترنجات.,البقع,متعددة الترنجات.,البقع,0.4162878394126892,0.36059966683387756,0.38644784688949585,Incorrect
721,ما هو المسؤول عن إعادة الاستقطاب؟,ANSWER: بومب الصوديوم والبوتاسيوم.,دخول شوارد الصوديوم,بومب الصوديوم والبوتاسيوم.,دخول شوارد الصوديوم,0.6556384563446045,0.5865483283996582,0.6191720366477966,Incorrect
722,ما هي المادة التي تشتق منها الهرمونات الأمينية؟,ANSWER: التريبتوفان.,التيروزين,التريبتوفان.,التيروزين,0.5461010336875916,0.5881892442703247,0.5663642883300781,Incorrect
723,كيف يؤدي التأثير الحاصر غير المباشر تأثيره على الجهاز العصبي المستقل؟,ANSWER: يؤثر على الجهاز العصبي الودي والجهاز العصبي اللاودي.,إنقاص فعالية العصبون قبل المشبكي,يؤثر على الجهاز العصبي الودي والجهاز العصبي اللاودي.,إنقاص فعالية العصبون قبل المشبكي,0.5180633664131165,0.5209296345710754,0.5194925665855408,Incorrect
724,ما هو الطريق الهندسي الذي يمكن للضوء أن يقطعه في الخلاء مضروبا بقرينة انكسار الوسط؟,ANSWER: المسار المباشر.,المسار الضوئي,المسار المباشر.,المسار الضوئي,0.5129173398017883,0.4943087697029114,0.5034411549568176,Incorrect
725,ما هي الألياف العصبية التي تتميز بالنقل القفزي؟,ANSWER: الألياف العصبية القفزية.,الألياف المغمدة بالنخاعين,الألياف العصبية القفزية.,الألياف المغمدة بالنخاعين,0.5969929695129395,0.6611255407333374,0.6274246573448181,Incorrect
726,ما هو الكمون تقريباً عندما يتكون الليف نفوذ لشوارد البوتاسيوم فقط؟,ANSWER: -90 ملي فولت.,سالب 94 ميلي فولط,-90 ملي فولت.,سالب 94 ميلي فولط,0.6089926958084106,0.6751768589019775,0.6403792500495911,Incorrect
727,ماذا ينقص في حال نقص المتناول من الماء؟,ANSWER: يقلل من إنتاج البول.,حجم البول,يقلل من إنتاج البول.,حجم البول,0.5261194705963135,0.6441497802734375,0.579182505607605,Correct
728,ما هو الجزء الذي يملك فعالية ATPase؟,ANSWER: الرأس.,رأس الميوزين,الرأس.,رأس الميوزين,0.7218246459960938,0.6717999577522278,0.6959145069122314,Correct
729,أين يوجد مركز العطش؟,ANSWER: في النواة فوق البصرية.,الوطاء,في النواة فوق البصرية.,الوطاء,0.38300639390945435,0.4400213360786438,0.40953901410102844,Incorrect
730,أين يحدث الامتصاص بشكل رئيسي؟,ANSWER: في الأمعاء الدقيقة.,أمعاء دقيقة,في الأمعاء الدقيقة.,أمعاء دقيقة,0.6614667773246765,0.7318196296691895,0.6948670148849487,Correct
731,ما هو الناقل العصبي الذي تحرره الألياف قبل العقدية في القسمين الودي ونظير الودي؟,ANSWER: الأسيتيل كولين.,الأستيل كولين,الأسيتيل كولين.,الأستيل كولين,0.6390084624290466,0.6980094909667969,0.6672071218490601,Correct
732,ما هو الصوت الذي يسمع عند بدء الانبساط البطيني؟,ANSWER: صوت S1.,الثاني,صوت S1.,الثاني,0.3769609332084656,0.4018945097923279,0.3890286087989807,Incorrect
733,ما الذي يُنقص الإفراز المعدي؟,ANSWER: هرمون السيكريتين.,السكرتين,هرمون السيكريتين.,السكرتين,0.5362988114356995,0.5805753469467163,0.5575594305992126,Correct
734,كيف يتم إلغاء التأثير التثبيطي للتروبونين؟,ANSWER: عن طريق إعطاء المضادات الحيوية.,الكالسيوم,عن طريق إعطاء المضادات الحيوية.,الكالسيوم,0.30726319551467896,0.41917622089385986,0.3545992374420166,Incorrect
735,ما هي الوظائف التي يتآزر فيها القسمين الودّي ونظير الودّي للجهاز العصبي المستقل؟,ANSWER: تنظيم الوظائف الجسدية مثل التنفس والهضم والقلب.,تنظيم إفراز اللعاب,تنظيم الوظائف الجسدية مثل التنفس والهضم والقلب.,تنظيم إفراز اللعاب,0.5178007483482361,0.5635583400726318,0.5397114157676697,Incorrect
736,ماذا يؤدي نقص تركيز الأوكسجين في الأسناخ؟,يؤدي نقص تركيز الأوكسجين في الأسناخ إلى انخفاض في ضغط الأكسجين الجزئي في الدم، مما يؤدي إلى انخفاض في كمية الأكسجين التي يمكن أن تنتقل إلى الأنسجة. هذا يمكن أن يؤدي إلى نقص في الأكسجين في الأنسجة، مما يؤدي إلى مشاكل صحية مختلفة مثل الوهن والخمول والتهيج. يمكن أن يكون نقص الأكسجين في الأسناخ ناتجًا عن العديد من الأسباب، مثل أمراض الرئة أو القلب أو نقص الهيموغلوبين.,تقبض الأوعية الدموية لهذه الأسناخ.,يؤدي نقص تركيز الأوكسجين في الأسناخ إلى انخفاض في ضغط الأكسجين الجزئي في الدم، مما يؤدي إلى انخفاض في كمية الأكسجين التي يمكن أن تنتقل إلى الأنسجة. هذا يمكن أن يؤدي إلى نقص في الأكسجين في الأنسجة، مما يؤدي إلى مشاكل صحية مختلفة مثل الوهن والخمول والتهيج. يمكن أن يكون نقص الأكسجين في الأسناخ ناتجًا عن العديد من الأسباب، مثل أمراض الرئة أو القلب أو نقص الهيموغلوبين.,تقبض الأوعية الدموية لهذه الأسناخ.,0.4396306872367859,0.5830899477005005,0.5012986660003662,Incorrect
737,ما هي الظاهرة التي تحدث عندما تتجمع المراكز المثارة ويستطيع الإشعاع أن ينتشر مرات كثيرة؟,ANSWER: التألق.,الانتثار المتعدد,التألق.,الانتثار المتعدد,0.5317277312278748,0.5317277312278748,0.5317277312278748,Incorrect
738,ما هو المسؤول عن تحفيز تحرر الكالسيوم من الشبكة الهيولية؟,ANSWER: IP3.,كامن الفعل,IP3.,كامن الفعل,0.5073822736740112,0.4988499879837036,0.5030799508094788,Incorrect
739,ما هي آلية عمل الحاصرات الغير مباشرة في الجهاز العصبي المستقل؟,تمنع إطلاق النورإبينفرين من العصبونات الودية.,تنقص فعالية العصبون قبل المشبكي,تمنع إطلاق النورإبينفرين من العصبونات الودية.,تنقص فعالية العصبون قبل المشبكي,0.5225499868392944,0.5351861715316772,0.5287926197052002,Correct
740,ما هو نمط المستقبلات الموجودة في العضو؟,ANSWER: مستقبلات كيميائية.,إرخاء مصرة المثانة,مستقبلات كيميائية.,إرخاء مصرة المثانة,0.46218734979629517,0.45474278926849365,0.4584348499774933,Incorrect
741,ما الذي يؤدي إلى انخفاض ضغط الدم عند زيادته؟,ANSWER: انخفاض ضغط الدم الانقباضي.,قطر الاوعية الدموية,انخفاض ضغط الدم الانقباضي.,قطر الاوعية الدموية,0.4707857370376587,0.432290256023407,0.4507175087928772,Incorrect
742,ما هي الحالات التي تنقص فيها سرعة موجة النبض؟,ANSWER: انخفاض ضغط الدم، انخفاض النتاج القلبي، انخفاض المقاومة المحيطية.,بازدياد المرونة.,انخفاض ضغط الدم، انخفاض النتاج القلبي، انخفاض المقاومة المحيطية.,بازدياد المرونة.,0.5213731527328491,0.5846601724624634,0.5512059926986694,Incorrect
743,ما هي الخلايا التي تستجيب للعصبونات بعد العقد اللاودية؟,ANSWER: الخلايا العضلية الملساء.,الأستيل كولين,الخلايا العضلية الملساء.,الأستيل كولين,0.4202200770378113,0.44044923782348633,0.43009692430496216,Incorrect
744,ما هو الجزء من النفرون الكتيم تماماً للماء؟,ANSWER: النبيب القاصي.,الجزء الصاعد من عروة هانله,النبيب القاصي.,الجزء الصاعد من عروة هانله,0.4901357889175415,0.5371471643447876,0.5125657916069031,Incorrect
745,أين يتم تخرب الكريات الحمر بشكل رئيسي؟,ANSWER: الطحال.,الطحال,الطحال.,الطحال,0.6798363924026489,0.7509737610816956,0.7136366367340088,Correct
746,ما هو العامل الأساسي الذي يحدد ارتباط الخضاب بالأوكسجين؟,ANSWER: pH.,ضغط الأوكسجين في الدم.,pH.,ضغط الأوكسجين في الدم.,0.4491143226623535,0.3969559371471405,0.4214273989200592,Incorrect
747,ما هو العامل الذي تفرزه الكلية ويؤثر في تشكيل الكريات الحمر؟,ANSWER: إريثروبويتين.,التروميو موديولين,إريثروبويتين.,التروميو موديولين,0.5698646306991577,0.6765305399894714,0.6186333894729614,Incorrect
748,إلام يؤدي زيحان منحنى تفارق الأكسجين الخضاب نحو اليمين؟,ANSWER: زيادة في P50.,نقص النسبة المئوية لإشباع الخضاب بالأكسجين,زيادة في P50.,نقص النسبة المئوية لإشباع الخضاب بالأكسجين,0.4877845048904419,0.5584388971328735,0.5207259654998779,Incorrect
749,ما الذي يشكل غمد النخاعين في الجهاز العصبي المركزي؟,ANSWER: النخاعين.,الخلايا الدبقية قليلة التغصنات,النخاعين.,الخلايا الدبقية قليلة التغصنات,0.497067391872406,0.51630699634552,0.5065045356750488,Incorrect
750,ما الذي يثبط إفراز الـ FSH؟,ANSWER: الإستروجين.,البروجسترون,الإستروجين.,البروجسترون,0.6210789680480957,0.7474928498268127,0.6784475445747375,Incorrect
751,ماذا تمثل الموجة QRS؟,ANSWER: انقباض البطينين.,زوال استقطاب البطينين,انقباض البطينين.,زوال استقطاب البطينين,0.628844141960144,0.709007203578949,0.6665240526199341,Incorrect
752,ما الذي يعتمد عليه هرمون النمو في تأثيره على الخلية الهدف؟,ANSWER: مستقبلات هرمون النمو.,السوماتوميدين,مستقبلات هرمون النمو.,السوماتوميدين,0.4300200641155243,0.573978066444397,0.4916783571243286,Incorrect
753,ما الذي يضمن سرعة توصيل كامن الفعل إلى جميع أنحاء الليف العضلي؟,ANSWER: نظام التوصيل.,انابيب المستعرضة,نظام التوصيل.,انابيب المستعرضة,0.49802708625793457,0.46603745222091675,0.4815015494823456,Incorrect
754,ما الذي يسمع بوضوح في الحالة الطبيعية للإنسان؟,ANSWER: صوت القلب.,الصوتان الأول و الثاني,صوت القلب.,الصوتان الأول و الثاني,0.5805467367172241,0.5157709121704102,0.5462451577186584,Incorrect
755,ماذا يحدث لمعدل الترشيح الكبيبي عندما يصبح ضغط الدم 100 ممز؟,يقلل من معدل الترشيح الكبيبي.,يبقي ثابتا,يقلل من معدل الترشيح الكبيبي.,يبقي ثابتا,0.37833812832832336,0.4197419285774231,0.3979659974575043,Incorrect
756,ما هو المستوى الذي يعد عليه تنظيم الضغط الشرياني؟,ANSWER: المستوى الشرياني.,الأجهزة,المستوى الشرياني.,الأجهزة,0.47249680757522583,0.46956974267959595,0.47102871537208557,Incorrect
757,ما الذي يثبط فعالية جهاز الهضم؟,ANSWER: الإجهاد.,التنبيه اللاودي.,الإجهاد.,التنبيه اللاودي.,0.678031325340271,0.6291285157203674,0.6526651382446289,Incorrect
758,ما هي الأسباب التي تُعزى إليها ظاهرة الانتشار الخلفي المترابط؟,ANSWER: التهاب الأنسجة الرخوة، التهاب الغدة النكفية، التهاب الغدة الدرقية، التهاب الغدة اللعابية، التهاب الغدة اللعابية، التهاب الغدة اللعابية، التهاب الغدة اللعابية، التهاب الغدة اللعابية، التهاب الغدة اللعابية، التهاب الغدة اللعابية، التهاب الغدة اللعابية، التهاب الغدة اللعابية، التهاب الغدة اللعابية، التهاب الغدة اللعابية، التهاب الغدة اللعابية، التهاب الغدة اللعابية، التهاب الغدة اللعابية، التهاب الغدة اللعابية، التهاب الغدة اللعابية، التهاب الغدة اللعابية، التهاب الغدة اللعابية، التهاب الغدة اللعابية، التهاب الغدة اللعابية، التهاب الغدة اللعابية، التهاب الغدة اللعابية، التهاب الغدة,تموضع ضعيف,التهاب الأنسجة الرخوة، التهاب الغدة النكفية، التهاب الغدة الدرقية، التهاب الغدة اللعابية، التهاب الغدة اللعابية، التهاب الغدة اللعابية، التهاب الغدة اللعابية، التهاب الغدة اللعابية، التهاب الغدة اللعابية، التهاب الغدة اللعابية، التهاب الغدة اللعابية، التهاب الغدة اللعابية، التهاب الغدة اللعابية، التهاب الغدة اللعابية، التهاب الغدة اللعابية، التهاب الغدة اللعابية، التهاب الغدة اللعابية، التهاب الغدة اللعابية، التهاب الغدة اللعابية، التهاب الغدة اللعابية، التهاب الغدة اللعابية، التهاب الغدة اللعابية، التهاب الغدة اللعابية، التهاب الغدة اللعابية، التهاب الغدة اللعابية، التهاب الغدة,تموضع ضعيف,0.2533484101295471,0.41994842886924744,0.31603676080703735,Incorrect
759,ما الذي يحدث مباشرة قبل صوت القلب الثاني؟,ANSWER: إغلاق الصمامات الأورطية.,الموجة T.,إغلاق الصمامات الأورطية.,الموجة T.,0.4176342487335205,0.44484943151474,0.43081244826316833,Incorrect
760,ما هو الأنزيم المعوي الذي يحول مولد التربسين إلى تربسين؟,ANSWER: إنتروكيناز.,الإنتيروكيناز,إنتروكيناز.,الإنتيروكيناز,0.4854716956615448,0.5437818765640259,0.5129750370979309,Correct
761,ما هي أهمية التأخير الذي يحدث أثناء مرور كامن الفعل في العقدة الأذينية البطينية؟,ANSWER: يسمح بامتلاء البطينين بالدم قبل انقباضهما.,كل ما سبق صحيح.,يسمح بامتلاء البطينين بالدم قبل انقباضهما.,كل ما سبق صحيح.,0.40566930174827576,0.39947110414505005,0.40254637598991394,Incorrect
762,ما هو سبب ظهور طور الهضبة في كامن فعل العضلة القلبية؟,ANSWER: نتيجة لتدفق الكالسيوم من خلال قنوات الكالسيوم المعتمدة على الجهد.,دخول شوارد الكالسيوم.,نتيجة لتدفق الكالسيوم من خلال قنوات الكالسيوم المعتمدة على الجهد.,دخول شوارد الكالسيوم.,0.5920771956443787,0.6365866661071777,0.6135256886482239,Correct
763,ما الأقنية التي يسبب انتفاحها بطور الهضبة في كمون عمل الليف العضلي القلبي؟,ANSWER: الأقنية الكلسيومية.,الكالسيوم,الأقنية الكلسيومية.,الكالسيوم,0.38275423645973206,0.4289320111274719,0.40452954173088074,Correct
764,ما هو المخطط الذي عبارة عن صندوق ذو قرنين ممتدين بشكل موازي للمحور الشاقولي الذي تتوزع عليه القياسات؟,ANSWER: مخطط القلب.,المخطط الصندوقي,مخطط القلب.,المخطط الصندوقي,0.5787808299064636,0.5868574976921082,0.5827911496162415,Incorrect
765,ما هو المقياس الذي يسمح بترتيب السمات دون اعتبار لتساوي الفروق بين أي رتبتين؟,ANSWER: مقياس ترتيبي.,الرتبي,مقياس ترتيبي.,الرتبي,0.46367979049682617,0.49817103147506714,0.480307012796402,Correct
766,ماذا يعني أن تكون قيمة معامل الارتباط تساوي −0.92؟,ANSWER: علاقة سلبية قوية بين المتغيرين.,وجود علاقة عكسية قوية,علاقة سلبية قوية بين المتغيرين.,وجود علاقة عكسية قوية,0.6583011150360107,0.7569922804832458,0.7042056918144226,Correct
767,ما هي مصادر البيانات السكانية؟,ANSWER: السجلات السكانية، والمسوحات السكانية، والتقديرات السكانية.,التعداد ومسوح العينة والسجلات السكانية,السجلات السكانية، والمسوحات السكانية، والتقديرات السكانية.,التعداد ومسوح العينة والسجلات السكانية,0.6552367210388184,0.7162250280380249,0.6843748092651367,Incorrect
768,ماذا نحصل عليه بعد تحديد مجتمع الدراسة والعينة وقياس قيم المتغير على أفراد العينة؟,ANSWER: بيانات.,البيانات الخام,بيانات.,البيانات الخام,0.5587366819381714,0.5814450979232788,0.5698647499084473,Correct
769,ما هو نوع المتغير الذي يمثله عدد الكريات الحمر؟,ANSWER: متغير كمي.,عشوائي منفصل,متغير كمي.,عشوائي منفصل,0.5100493431091309,0.5100493431091309,0.5100493431091309,Incorrect
770,ما هو المقياس الذي تكون فيه قيمة الصفر نسبية وليست مطلقة؟,ANSWER: مقياس كلفن.,المقياس الفتروي,مقياس كلفن.,المقياس الفتروي,0.5621492266654968,0.5914716720581055,0.576437771320343,Incorrect
771,ما هو مخطط تنظيم البيانات الذي يشبه أسلوب الجداول التكرارية والأعمدة؟,ANSWER: مخطط الجدول الزمني.,مخطط الساق والورقة,مخطط الجدول الزمني.,مخطط الساق والورقة,0.5149699449539185,0.5004128813743591,0.5075870752334595,Incorrect
772,ما هو التوقع الرياضي للعدد الثابت؟,ANSWER: 0.5.,العدد الثابت ذاته,0.5.,العدد الثابت ذاته,0.4395953118801117,0.4422747492790222,0.44093096256256104,Incorrect
773,ما هو التوزيع المستخدم من أجل اختبار الفروض حول معامل الارتباط الخطي؟,ANSWER: توزيع تي.,ستيودنت بدرجة حرية n-2,توزيع تي.,ستيودنت بدرجة حرية n-2,0.4355965852737427,0.4306115508079529,0.4330897331237793,Incorrect
774,ما هو الإحصاء الذي يسعى لعرض وتوضيح سلوك الظاهرة؟,الإحصاء الوصفي.,إحصاء وصفي,الإحصاء الوصفي.,إحصاء وصفي,0.6065228581428528,0.6737203001976013,0.6383580565452576,Correct
775,ما هو الغرض الرئيسي من حساب معامل الارتباط الخطي؟,ANSWER: قياس قوة العلاقة بين متغيرين.,قياس قوة العلاقة الخطية بين متغيرين,قياس قوة العلاقة بين متغيرين.,قياس قوة العلاقة الخطية بين متغيرين,0.8523274660110474,0.8686718940734863,0.8604220747947693,Incorrect
776,ما هو الخط المنكسر الذي يصل النقاط التي فواصلها مراكز الفئات وترتيبها تكرارات الفئات؟,ANSWER: المنحنى التكراري.,المضلع التكراري,المنحنى التكراري.,المضلع التكراري,0.6472423076629639,0.7007643580436707,0.6729407906532288,Incorrect
777,من أين نحصل على المصادر الداخلية لجمع البيانات؟,ANSWER: من داخل المنظمة أو المؤسسة.,داخل الشركة أو المؤسسة,من داخل المنظمة أو المؤسسة.,داخل الشركة أو المؤسسة,0.7144945859909058,0.7699999809265137,0.7412096261978149,Correct
778,ما هو الإحصاء؟,ANSWER: علم يهتم بجمع البيانات وتحليلها وتفسيرها.,أي دالة في العينة لا تتبع وسيط مجهول,علم يهتم بجمع البيانات وتحليلها وتفسيرها.,أي دالة في العينة لا تتبع وسيط مجهول,0.49433743953704834,0.48824650049209595,0.49127307534217834,Incorrect
779,ماذا يحتسب اليوم إذا قُبل المريض في يوم وتخرج في نفس اليوم؟,يحسب اليوم كيوم واحد.,مدة استشفاء,يحسب اليوم كيوم واحد.,مدة استشفاء,0.3767225742340088,0.4202211797237396,0.39728474617004395,Incorrect
780,ما هي طريقة جمع البيانات التي تتناسب مع الأطفال؟,ANSWER: المقابلات الشخصية.,الملاحظة,المقابلات الشخصية.,الملاحظة,0.3822316825389862,0.43094509840011597,0.4051292836666107,Incorrect
781,ما هي الدراسات التي بحكم الميدان تنفيذ العمل وجمع البيانات؟,ANSWER: دراسات ميدانية.,الدراسات الكيفية,دراسات ميدانية.,الدراسات الكيفية,0.610476016998291,0.6531152129173279,0.6310761570930481,Incorrect
782,ما هو الغرض من استخدام الجداول التكرارية؟,ANSWER: لتحديد التكرار أو النسبة المئوية للقيم في مجموعة بيانات.,البيانات الوصفية والكمية,لتحديد التكرار أو النسبة المئوية للقيم في مجموعة بيانات.,البيانات الوصفية والكمية,0.5113283395767212,0.5868189334869385,0.5464788675308228,Incorrect
783,ما هما نوعا البيانات الموجودان؟,ANSWER: بيانات كمية وبيانات نوعية.,كمية ووصفية,بيانات كمية وبيانات نوعية.,كمية ووصفية,0.48047158122062683,0.5402450561523438,0.5086081027984619,Correct
784,ما الذي تعطينا إياه دالة التوزيع الاحتمالي المتجمع؟,ANSWER: احتمالية أن تكون قيمة العشوائية أقل من أو تساوي قيمة معينة.,احتمال ان ياخد المتغير العشوائى x قيمه اقل او تساوى قيمه محددة,احتمالية أن تكون قيمة العشوائية أقل من أو تساوي قيمة معينة.,احتمال ان ياخد المتغير العشوائى x قيمه اقل او تساوى قيمه محددة,0.7156166434288025,0.7491155862808228,0.7319830656051636,Correct
785,كل متى يتكرر التعداد السكاني عادة؟,ANSWER: كل 10 سنوات.,عشرة أعوام,كل 10 سنوات.,عشرة أعوام,0.5127917528152466,0.5596676468849182,0.5352052450180054,Correct
786,ما هو الفارق في عدد السكان بين تعدادين متعاقبين تفصلهما فترة معينة كعشر سنوات؟,ANSWER: التغير السكاني.,التغير المطلق,التغير السكاني.,التغير المطلق,0.5081433057785034,0.5532843470573425,0.5297539830207825,Incorrect
787,ما هو المسجل الذي يهدف إلى تجميع المعلومات عن المرضى؟,ANSWER: سجل المرضى.,السجلات الطبية,سجل المرضى.,السجلات الطبية,0.581132173538208,0.581132173538208,0.581132173538208,Correct
788,ما هي من أقدم الطرق المستخدمة لجمع البيانات لمراقبة الكثير من الظواهر لا سيما التي يصعب السؤال عنها؟,ANSWER: الملاحظة.,الملاحظة أو المشاهدة,الملاحظة.,الملاحظة أو المشاهدة,0.7377258539199829,0.6525204181671143,0.6925120949745178,Correct
789,ما هو المقياس المستخدم لوصف حالة التدخين (مدخن - غير مدخن)؟,ANSWER: مقياس التدخين.,الاسمي,مقياس التدخين.,الاسمي,0.4233473539352417,0.45191681385040283,0.4371657967567444,Incorrect
790,ما هي الطريقة التي يتم بها الحصول على بيانات تتعلق بضغط الدم وسرعة نبضات القلب ونسبة الكوليسترول في الدم لعينة من المرضى خلال فترة أسبوع؟,ANSWER: فحص سريري.,التسجيل,فحص سريري.,التسجيل,0.40272703766822815,0.41815727949142456,0.41029712557792664,Incorrect
791,ما هي وظائف السجلات الطبية؟,ANSWER: توثيق المعلومات الطبية وتقديم الرعاية الصحية وتحليل البيانات الطبية وتحسين جودة الرعاية الصحية.,ترميز الامراض والعمليات .,توثيق المعلومات الطبية وتقديم الرعاية الصحية وتحليل البيانات الطبية وتحسين جودة الرعاية الصحية.,ترميز الامراض والعمليات .,0.5578489303588867,0.5358800888061523,0.546643853187561,Incorrect
792,ما هو المقياس الذي يمكن استخدام الطرق الإحصائية الوسيطية فيه؟,ANSWER: مقياس ترتيبي.,النسبي,مقياس ترتيبي.,النسبي,0.3969704508781433,0.4366757273674011,0.4158775210380554,Incorrect
793,ما هو التوزيع الذي يتبعه مربع المتغير العشوائي Z² إذا كان للمتغير العشوائي Z توزيع طبيعي معياري؟,ANSWER: توزيع كي-مربعات.,توزيع كاي مربع بدرجة حرية واحدة,توزيع كي-مربعات.,توزيع كاي مربع بدرجة حرية واحدة,0.5529491305351257,0.5501563549041748,0.5515491962432861,Incorrect
794,ما هي المنظمة التي وضعت التصنيف الدولي للأمراض؟,المنظمة الصحية العالمية.,منظمة الصحة العالمية .,المنظمة الصحية العالمية.,منظمة الصحة العالمية .,0.902918815612793,0.8644172549247742,0.8832486271858215,Correct
795,ما هي الجهة المسؤولة عن السجلات الطبية؟,ANSWER: إدارة السجلات الطبية.,قسم السجلات الطبية في المشفى,إدارة السجلات الطبية.,قسم السجلات الطبية في المشفى,0.6894159317016602,0.7194918394088745,0.7041328549385071,Correct
796,ما هو التوقع الرياضي لمتحول عشوائي يخضع لتوزيع برنولي؟,ANSWER: p,P,p,P,0.9492715001106262,0.9492715001106262,0.9492715001106262,Correct
797,ما هو التصنيف الدولي للأمراض؟,ANSWER: ICD-10,ثلاثة أجزاء .,ICD-10,ثلاثة أجزاء .,0.3484337031841278,0.33993762731552124,0.34413325786590576,Incorrect
798,ما هو المستقيم الذي يكون منحنى التوزيع الطبيعي المعياري مناظراً حوله؟,ANSWER: المستقيم الذي يكون منحنى التوزيع الطبيعي المعياري مناظراً حوله هو المستقيم الذي يمر عبر نقطة الوسط (الوسيط) ويمتد بشكل متساوٍ في كلا الاتجاهين.,x=0,المستقيم الذي يكون منحنى التوزيع الطبيعي المعياري مناظراً حوله هو المستقيم الذي يمر عبر نقطة الوسط (الوسيط) ويمتد بشكل متساوٍ في كلا الاتجاهين.,x=0,0.301912784576416,0.5216466188430786,0.3824661374092102,Incorrect
799,ما هي أيام الخدمة الإجمالية للمرضى الداخليين؟,ANSWER: أيام الخدمة الإجمالية للمرضى الداخليين هي عدد أيام الإقامة في المستشفى.,مجموع خدمة جميع المرضى الداخليين خلال مدة معينة,أيام الخدمة الإجمالية للمرضى الداخليين هي عدد أيام الإقامة في المستشفى.,مجموع خدمة جميع المرضى الداخليين خلال مدة معينة,0.6271947622299194,0.5992985963821411,0.6129294037818909,Correct
800,ما هي قيمة معامل التجديد؟,ANSWER: 0.5-0.7,مربع معامل الارتباط الخطي,0.5-0.7,مربع معامل الارتباط الخطي,0.5160918235778809,0.4571203887462616,0.4848194122314453,Incorrect
801,ما هي وحدة المعاينة؟,ANSWER: الميكرومتر.,عنصر من العينة,الميكرومتر.,عنصر من العينة,0.45462942123413086,0.46799010038375854,0.46121302247047424,Incorrect
802,ما هو الجدول التكراري الذي يضم عدد البيانات في فئة معينة وكل الفئات التي تسبقها؟,ANSWER: جدول تكراري تراكمي.,تكرار المجتمع الصاعد,جدول تكراري تراكمي.,تكرار المجتمع الصاعد,0.4689974784851074,0.49360889196395874,0.4809885621070862,Correct
803,ما هو معدل الوفيات في المشفى؟,ANSWER: 5%,عدد الوفيات خلال فترة زمنية محددة على عدد المتخرجين والوفيات في نفس الفترة مضروب بـ 100,5%,عدد الوفيات خلال فترة زمنية محددة على عدد المتخرجين والوفيات في نفس الفترة مضروب بـ 100,0.46411725878715515,0.4063105583190918,0.4332943856716156,Incorrect
804,ما هو متوسط التوزيع الاحتمالي في تجربة رمي قطعة نقود 3 مرات متتالية حيث x تدل على عدد ظهور H؟,ANSWER: توزيع ثنائي.,1.5,توزيع ثنائي.,1.5,0.3337021470069885,0.38920465111732483,0.359322726726532,Incorrect
805,ما هو المجتمع الإحصائي (الجمهرة)؟,ANSWER: مجموعة من الأفراد أو الكائنات الحية التي يمكن أن تتم دراستها وتحليلها إحصائيًا.,التي تشترك فيما بينها ببعض الخواص والمميزات,مجموعة من الأفراد أو الكائنات الحية التي يمكن أن تتم دراستها وتحليلها إحصائيًا.,التي تشترك فيما بينها ببعض الخواص والمميزات,0.4857099652290344,0.4122588038444519,0.44598034024238586,Correct
806,ما هو الرسم البياني الذي يتكون من مجموعة من الأعمدة المتجاورة المقامة على المحور الأفقي الذي تمثل عليه حالات الصفة المدروسة عندما تكون البيانات وصفية وفترات الفئات عندما تكون البيانات كمية ويساوي ارتفاع كل عمود تكرارات الفئة المقام عليها؟,ANSWER: الرسم البياني للتواتر.,المدرج التكراري,الرسم البياني للتواتر.,المدرج التكراري,0.5141916871070862,0.5350130200386047,0.524395763874054,Incorrect
807,ما هي طريقة جمع البيانات التي من أمثلتها قياس شدة تأثير نوع من الهرمونات في مجموعة من الفئران؟,ANSWER: تجربة.,التجربة,تجربة.,التجربة,0.6621706485748291,0.7668107748031616,0.7106594443321228,Correct
808,ما نوع المتغير الذي يمثله طول شخص بالغ وقياس السكر في الدم؟,ANSWER: متغير كمي.,عشوائي مستمر,متغير كمي.,عشوائي مستمر,0.4481837749481201,0.4487376809120178,0.44846054911613464,Incorrect
809,متى يكون المجتمع غير متجانس في العينة غير العشوائية؟,ANSWER: عندما يكون المجتمع غير متجانس في العينة غير العشوائية.,الحصصية,عندما يكون المجتمع غير متجانس في العينة غير العشوائية.,الحصصية,0.3563428819179535,0.4525716304779053,0.398733526468277,Incorrect
810,ما الذي يعتمد عليه توزيع ستيودنت؟,ANSWER: توزيع ستيودنت يعتمد على توزيع العينة.,درجة الحرية,توزيع ستيودنت يعتمد على توزيع العينة.,درجة الحرية,0.4263193607330322,0.49490928649902344,0.4580609202384949,Incorrect
811,ما هي محتويات السجل الطبي؟,ANSWER: التاريخ الطبي، الفحص السريري، تشخيص المرض، خطة العلاج، نتائج الفحوصات الطبية، تقارير الأدوية، ملاحظات الطبيب.,صفحة الموافقة على العلاج,التاريخ الطبي، الفحص السريري، تشخيص المرض، خطة العلاج، نتائج الفحوصات الطبية، تقارير الأدوية، ملاحظات الطبيب.,صفحة الموافقة على العلاج,0.42867738008499146,0.47212761640548706,0.4493545889854431,Incorrect
812,ما هو التصنيف الدولي للأمراض وما الغرض من الرموز والأرقام المستخدمة فيه؟,التصنيف الدولي للأمراض هو نظام عالمي لتصنيف الأمراض والظروف الصحية الأخرى. الغرض من الرموز والأرقام المستخدمة فيه هو توفير نظام موحد لوصف وتسجيل الأمراض والظروف الصحية الأخرى، مما يسهل على الأطباء والمؤسسات الصحية والمؤسسات الصحية الأخرى تبادل المعلومات وتحليل البيانات.,عن الامراض .,التصنيف الدولي للأمراض هو نظام عالمي لتصنيف الأمراض والظروف الصحية الأخرى. الغرض من الرموز والأرقام المستخدمة فيه هو توفير نظام موحد لوصف وتسجيل الأمراض والظروف الصحية الأخرى، مما يسهل على الأطباء والمؤسسات الصحية والمؤسسات الصحية الأخرى تبادل المعلومات وتحليل البيانات.,عن الامراض .,0.3995997905731201,0.518566370010376,0.4513758718967438,Correct
813,ما نوع العينة التي نسحبها إذا كنا أمام مجتمع غير متجانس؟,ANSWER: عينة عشوائية.,طبقية,عينة عشوائية.,طبقية,0.5018945932388306,0.6305333375930786,0.5589075684547424,Incorrect
814,ما هو الغرض من استخدام الجداول التكرارية في عرض البيانات؟,ANSWER: لتحليل البيانات وتحديد النمط والتكرار.,الكمية والاسمية,لتحليل البيانات وتحديد النمط والتكرار.,الكمية والاسمية,0.47057658433914185,0.48092058300971985,0.47569236159324646,Incorrect
815,ما هي الطريقة التي يتم بها الحصول على بيانات تتعلق بضغط الدم ونسبة الكوليسترول بالدم لعينة من المرضى خلال فترة زمنية معينة؟,ANSWER: فحص سريري.,الملاحظة أو المشاهدة,فحص سريري.,الملاحظة أو المشاهدة,0.4363517761230469,0.45294344425201416,0.44449281692504883,Incorrect
816,ما هي أعلى مستويات القياس؟,ANSWER: 99th percentile.,المقياس الرتبي,99th percentile.,المقياس الرتبي,0.4086092710494995,0.42325204610824585,0.4158017933368683,Incorrect
817,ما هو الهدف من تغيير الطرائق في الدراسات بالنسبة للبيانات؟,ANSWER: تحديد مدى تأثير تغيير الطريقة على النتائج.,أفضل دقة ممكنة,تحديد مدى تأثير تغيير الطريقة على النتائج.,أفضل دقة ممكنة,0.41051173210144043,0.5740405917167664,0.47869551181793213,Incorrect
818,ما هي طريقة جمع البيانات التي تمتاز بالتكلفة العالية؟,ANSWER: المسح الميداني.,المقابلة الشخصية,المسح الميداني.,المقابلة الشخصية,0.5040316581726074,0.511111855506897,0.5075470805168152,Incorrect
819,ما هو الفارق في عدد السكان بين تعدادين متعاقبين تفصلهما فترة معينة كعشر سنوات؟,ANSWER: التغير السكاني.,التغير المطلق,التغير السكاني.,التغير المطلق,0.5081433057785034,0.5532843470573425,0.5297539830207825,Incorrect
820,ما هو الجزء من الإحصاء الذي يعنى بوصف طبيعة وسلوك الظاهرة المدروسة وعرضها؟,ANSWER: الإحصاء الوصفي.,الإحصاء الوصفي,الإحصاء الوصفي.,الإحصاء الوصفي,0.7316224575042725,0.8236206769943237,0.774900496006012,Correct
821,ما هي الفئة التي تشكل قاعدة الهرم السكاني؟,ANSWER: الأطفال.,الأطفال,الأطفال.,الأطفال,0.6483440399169922,0.7707453370094299,0.7042659521102905,Correct
822,ما هي فرضية العدم لاختبار الفرضيات حول معامل الارتباط الخطي لبيرسون؟,ANSWER: ρ = 0,قيمة معامل ارتباط المجتمع تساوي الصفر,ρ = 0,قيمة معامل ارتباط المجتمع تساوي الصفر,0.6317309141159058,0.41857993602752686,0.5035269260406494,Correct
823,ما هو التكرار المتجمع الهابط لفئة معينة؟,ANSWER: التكرار المتجمع الهابط لفئة معينة هو التكرار المتجمع الذي يحدث في فئة معينة من السكان.,عدد البيانات في الفئة والفئات التي تليها,التكرار المتجمع الهابط لفئة معينة هو التكرار المتجمع الذي يحدث في فئة معينة من السكان.,عدد البيانات في الفئة والفئات التي تليها,0.43691444396972656,0.5812058448791504,0.49883538484573364,Incorrect
824,ما هو التوزيع الذي تتبعه التجربة الثنائية الوحيدة؟,ANSWER: التوزيع الثنائي.,البرنولي,التوزيع الثنائي.,البرنولي,0.4283972382545471,0.4529964327812195,0.4403535723686218,Incorrect
825,ما هو نتاج العوامل المؤثرة في النمو السكاني من مواليد ووفيات وهجرة؟,ANSWER: النمو السكاني.,التركيب العمري,النمو السكاني.,التركيب العمري,0.48870235681533813,0.5263794660568237,0.5068416595458984,Incorrect
826,ما هو المقياس المستخدم لقياس خضاب الدم؟,ANSWER: الهيموغلوبين.,النسبي,الهيموغلوبين.,النسبي,0.3349806070327759,0.42863917350769043,0.37606626749038696,Incorrect
827,ما هو نوع المصدر الذي تمثله البيانات التي نحصل عليها من الشركة أو المؤسسة من واقع مستنداتها وسجلاتها وفواتيرها وتقاريرها الدورية؟,ANSWER: مصدر ثانوي.,داخلي,مصدر ثانوي.,داخلي,0.43475988507270813,0.4803332984447479,0.45641177892684937,Incorrect
828,ما هي الجهة المسؤولة عن السجلات الطبية؟,ANSWER: إدارة السجلات الطبية.,قسم السجلات الطبيه فى المشفى,إدارة السجلات الطبية.,قسم السجلات الطبيه فى المشفى,0.6894159317016602,0.7194918394088745,0.7041328549385071,Correct
829,ما هو نوع الإحصاء الذي يتضمن جمع البيانات وتنظيمها وتوصيفها وتبويبها وتلخيصها؟,ANSWER: إحصاء وصفي.,الوصفي,إحصاء وصفي.,الوصفي,0.4950619339942932,0.5490038394927979,0.5206394195556641,Correct
830,ما نوع العينة التي تمثلها مجموعة من المرضى الذين يراجعون طبيباً معيناً عندما يجري عليهم دراسة؟,ANSWER: عينة مرضى.,مصادفة,عينة مرضى.,مصادفة,0.4295470118522644,0.5036038756370544,0.4636367857456207,Incorrect
831,ما نوع العلاقة إذا كانت قيمة بيرسون R=0.92؟,ANSWER: علاقة إيجابية قوية.,طردية قوية,علاقة إيجابية قوية.,طردية قوية,0.5226807594299316,0.5691590905189514,0.5449306964874268,Correct
832,ما هي وحدة المعاينة؟,ANSWER: الميكرومتر.,عنصر من العينة,الميكرومتر.,عنصر من العينة,0.45462942123413086,0.46799010038375854,0.46121302247047424,Incorrect
833,ما هي الطريقة التي يتم بها الحصول على بيانات تتعلق بضغط الدم وسرعة نبضات القلب ونسبة الكولسترول في الدم لعينة من المرضى خلال فترة أسبوع؟,ANSWER: فحص سريري.,الملاحظة أو المشاهدة,فحص سريري.,الملاحظة أو المشاهدة,0.4363517761230469,0.45294344425201416,0.44449281692504883,Incorrect
834,ما نوع الارتباط بين المتغير العشوائي X والمتغير التابع Y إذا كان تزايد X يؤدي إلى تزايد Y؟,ANSWER: ارتباط إيجابي.,إيجابي,ارتباط إيجابي.,إيجابي,0.49528828263282776,0.6002817749977112,0.5427539944648743,Correct
835,"ماذا تعبر عنه العبارة ""احتمال أي حدث لا يزيد عن الواحد""؟",احتمال أي حدث لا يزيد عن الواحد يعبر عن احتمال حدوث حدث معين في تجربة عشوائية.,المسلمة الاحتمالية,احتمال أي حدث لا يزيد عن الواحد يعبر عن احتمال حدوث حدث معين في تجربة عشوائية.,المسلمة الاحتمالية,0.47563672065734863,0.5424008369445801,0.5068295001983643,Incorrect
836,ما تسمى الظاهرة التي يحدث فيها انحدار معدل أطوال الأبناء من معامل المجتمع؟,ANSWER: انحدار أطوال الأبناء.,الانحدار نحو المعدل,انحدار أطوال الأبناء.,الانحدار نحو المعدل,0.47658225893974304,0.5271878838539124,0.5006093978881836,Incorrect
837,ما هي التقديرات التي تستخدم لتقدير نسبة النجاح لمجتمع؟,ANSWER: تقديرات النجاح المجتمعية.,التقدير النقطي,تقديرات النجاح المجتمعية.,التقدير النقطي,0.5356838703155518,0.6059398055076599,0.5686500072479248,Incorrect
838,ما نوع المتغير العشوائي الذي يدل على عدد القذفات عند قذف قطعة نقود حتى يظهر الوجه H للمرة الأولى؟,ANSWER: توزيع هندسي.,متقطع قيمة الاعداد الطبيعية,توزيع هندسي.,متقطع قيمة الاعداد الطبيعية,0.4889799952507019,0.4533557891845703,0.47049450874328613,Correct
839,ما هو متوسط عدد الأطفال الذي يمكن أن تنجبهم المرأة أحياء إذا أمضت حياتها منذ ميلادها بما يتماشى مع معدلات الخصوبة العمرية في سنة معينة؟,ANSWER: معدل الخصوبة الكلي.,معدل الخصوبة الكلية,معدل الخصوبة الكلي.,معدل الخصوبة الكلية,0.7985033988952637,0.7773313522338867,0.7877751588821411,Correct
840,ما هي الطريقة التي تمكننا من مراقبة رد الفعل على بعض الأسئلة والحصول على إجابات دقيقة؟,ANSWER: استخدام تقنيات التصوير العصبي.,المواجهة,استخدام تقنيات التصوير العصبي.,المواجهة,0.4123561382293701,0.45141273736953735,0.4310014545917511,Incorrect
841,ما هو نوع البيانات المستخدمة لإنشاء الجدول التكراري؟,ANSWER: بيانات كمية.,كمية و وصفية,بيانات كمية.,كمية و وصفية,0.6057491302490234,0.618847668170929,0.6122283339500427,Incorrect
842,ما هي طبيعة الأفراد أو العناصر التي تشكل المجتمع الإحصائي؟,ANSWER: الأفراد أو العناصر التي تشكل المجتمع الإحصائي هي جميع الأفراد أو العناصر التي تتم دراستها وتحليلها في البحث الإحصائي.,التي تشترك فيما بينها ببعض الخواص والمميزات,الأفراد أو العناصر التي تشكل المجتمع الإحصائي هي جميع الأفراد أو العناصر التي تتم دراستها وتحليلها في البحث الإحصائي.,التي تشترك فيما بينها ببعض الخواص والمميزات,0.46218523383140564,0.3997691869735718,0.42871734499931335,Incorrect
843,ما هو عدد الكريات الحمر في الجسم؟,ANSWER: 25 تريليون كريات حمراء.,عشوائي منفصل,25 تريليون كريات حمراء.,عشوائي منفصل,0.38935327529907227,0.40940701961517334,0.39912840723991394,Incorrect
844,ما هو معدل وفيات الأمهات الذي يحسب بقسمة عدد الوفيات لدى النساء الحوامل التي حدثت أثناء الحمل أو الولادة أو النفاس على عدد المواليد الأحياء خلال نفس السنة مضروباً في 100000؟,معدل وفيات الأمهات.,معدل وفيات الأمهات,معدل وفيات الأمهات.,معدل وفيات الأمهات,0.6039632558822632,0.855935275554657,0.7082046866416931,Correct
845,ما هي المعدلات التي يكون تركيزها على معدلات الخصوبة لفئة معينة من العمر لغرض المقارنة على امتداد زمن ما ودراسة الفروق في ظاهرة الخصوبة بمختلف الأعمار؟,ANSWER: معدلات الخصوبة النسبية.,معدل الخصوبة العمري,معدلات الخصوبة النسبية.,معدل الخصوبة العمري,0.6901214122772217,0.7443383932113647,0.7162052989006042,Incorrect
846,ما هي العلاقة بين المتغيرين عندما يؤدي تزايد المتغير العشوائي x إلى تناقص المتغير التابع y؟,ANSWER: علاقة عكسية.,سلبي,علاقة عكسية.,سلبي,0.3910852074623108,0.42187464237213135,0.4058968722820282,Correct
847,ما هو المقياس المستخدم لوصف حالة التدخين (مدخن / غير مدخن)؟,ANSWER: مقياس التدخين.,مقياس اسمي,مقياس التدخين.,مقياس اسمي,0.5603298544883728,0.6386731863021851,0.5969420671463013,Incorrect
848,ما هي الشروط التي يجب توفرها في مجموعة من المتغيرات العشوائية لتشكل عينة عشوائية؟,ANSWER: يجب أن تكون المتغيرات مستقلة ومتساوية التوزيع.,مستقلة ولها قانون التوزيع نفسه,يجب أن تكون المتغيرات مستقلة ومتساوية التوزيع.,مستقلة ولها قانون التوزيع نفسه,0.5224025249481201,0.5485459566116333,0.5351551175117493,Correct
849,ما هو المستوى الذي يمكن حساب فيه المتوسطات والانحرافات المعيارية ومقاييس العلاقة الخطية؟,ANSWER: المستوى النوعي.,العنقودي,المستوى النوعي.,العنقودي,0.45894667506217957,0.4739583134651184,0.46633172035217285,Incorrect
850,كم يتراوح عدد الفئات غالباً؟,ANSWER: 4-6 فئات.,بين 5 و15 فئة,4-6 فئات.,بين 5 و15 فئة,0.46886950731277466,0.44929239153862,0.4588722586631775,Incorrect
851,ما هي فرضية العدم لاختبار الفرضيات حول معامل الارتباط الخطي لبيرسون؟,ANSWER: ρ = 0,قيمة معامل ارتباط المجتمع تساوي الصفر,ρ = 0,قيمة معامل ارتباط المجتمع تساوي الصفر,0.6317309141159058,0.41857993602752686,0.5035269260406494,Correct
852,ما هو معدل الوفيات الخام؟,ANSWER: عدد الوفيات في السنة على كل 1000 نسمة.,عدد الوفيات لكل الف من السكان في سنة معينة,عدد الوفيات في السنة على كل 1000 نسمة.,عدد الوفيات لكل الف من السكان في سنة معينة,0.6550849676132202,0.7043933868408203,0.6788449883460999,Correct
853,ما هي الجهة المسؤولة عن السجلات الطبية؟,ANSWER: إدارة السجلات الطبية.,قسم السجلات الطبية في المستشفى,إدارة السجلات الطبية.,قسم السجلات الطبية في المستشفى,0.6267216205596924,0.793960690498352,0.7004976868629456,Correct
854,ما هو الغرض من استخدام مخطط الانتشار في الدراسة الإحصائية بين خاصتين؟,ANSWER: لتحديد العلاقة بين الخاصتين.,متغيرين,لتحديد العلاقة بين الخاصتين.,متغيرين,0.39360326528549194,0.465701162815094,0.42662760615348816,Correct
855,ما هو التوقع الرياضي لمجموع متغيرين عشوائيين؟,ANSWER: مجموع التوقعات الرياضية.,مجموع التوقعين الرياضيين للمتغيرين العشوائيين,مجموع التوقعات الرياضية.,مجموع التوقعين الرياضيين للمتغيرين العشوائيين,0.6591681241989136,0.6071919798851013,0.6321133971214294,Correct
856,ما هو التكرار المتجمع الصاعد لفئة معينة؟,ANSWER: التكرار المتجمع الصاعد لفئة معينة هو التكرار المتكرر للفئة نفسها في نفس المجموعة.,عدد البيانات المتضمنة في الفئة والفئات التي تسبقها,التكرار المتجمع الصاعد لفئة معينة هو التكرار المتكرر للفئة نفسها في نفس المجموعة.,عدد البيانات المتضمنة في الفئة والفئات التي تسبقها,0.45884978771209717,0.5805418491363525,0.5125719308853149,Incorrect
857,ما هي المنطقة التي تتألف من قيم دالة الاختبار قليلة الاحتمال عندما Ho صحيحة؟,ANSWER: المنطقة الخضراء.,منطقة الرفض,المنطقة الخضراء.,منطقة الرفض,0.5513302087783813,0.5792340636253357,0.5649377703666687,Incorrect
858,ما هو المجتمع الإحصائي؟,ANSWER: مجموعة من الأفراد الذين يشاركون في نفس الخصائص.,التي تشترك فيما بينها ببعض الخواص والميزات,مجموعة من الأفراد الذين يشاركون في نفس الخصائص.,التي تشترك فيما بينها ببعض الخواص والميزات,0.5917264223098755,0.44447576999664307,0.5076385140419006,Correct
859,ما الذي يقوم عليه الإحصاء الاستنتاجي؟,ANSWER: عينة من السكان.,على اتخاذ القرارات والتنبؤ والاستقرار والاستدلال,عينة من السكان.,على اتخاذ القرارات والتنبؤ والاستقرار والاستدلال,0.4274079203605652,0.43889912962913513,0.43307730555534363,Incorrect
860,ما هي الجهة التي تصدر التصنيف الدولي للأمراض؟,المنظمة العالمية للصحة.,منظمة الصحة العالمية,المنظمة العالمية للصحة.,منظمة الصحة العالمية,0.7492610216140747,0.8510207533836365,0.796905517578125,Correct
861,ما الذي تختلف تبعاً له دلالات قيم المتغيرات العشوائية؟,ANSWER: التوزيع.,نوعية المقياس المستخدم,التوزيع.,نوعية المقياس المستخدم,0.44315221905708313,0.446122944355011,0.4446325898170471,Incorrect
862,ما هي الطريقة التي تستخدم فيها بعض التقنيات الإلكترونية للمراقبة والعد وتسجيل الملاحظات؟,ANSWER: نظام المعلومات الصحية.,التسجيل,نظام المعلومات الصحية.,التسجيل,0.3402533531188965,0.37859997153282166,0.35840386152267456,Incorrect
863,ما الذي يحدد زمن حفظ السجلات الطبية؟,ANSWER: قانون السجلات الطبية.,حسب الأسس المتبعة محليا في كل بلد,قانون السجلات الطبية.,حسب الأسس المتبعة محليا في كل بلد,0.4521731734275818,0.5647960901260376,0.5022485256195068,Incorrect
864,ما هو التوزيع الذي يتبعه مجموع متغيرات عينة عشوائية حجمها n من توزيع برنولي بالوسيط P؟,ANSWER: توزيع ثنائي.,الثنائي,توزيع ثنائي.,الثنائي,0.5556793212890625,0.6362777948379517,0.5932535529136658,Correct
865,ما هي مجموعة قيم المتغير العشوائي x الذي يدل على عدد أخوات طالب ما؟,"ANSWER: {0, 1, 2, 3,...}",صحيح موجب,"{0, 1, 2, 3,...}",صحيح موجب,0.3280954360961914,0.4010511040687561,0.3609234392642975,Incorrect
866,ما هو معدل المواليد الخام؟,ANSWER: عدد المواليد في السنة على كل 1000 نسمة.,عدد المواليد الاحياء لكل ألف من السكان في سنة معينة,عدد المواليد في السنة على كل 1000 نسمة.,عدد المواليد الاحياء لكل ألف من السكان في سنة معينة,0.6564867496490479,0.6917228698730469,0.6736443638801575,Correct
867,ما هي الفئة العمرية المهمة جداً من الناحية الصحية والتنموية؟,ANSWER: الأطفال.,فئة الأطفال,الأطفال.,فئة الأطفال,0.6354517936706543,0.6354517936706543,0.6354517936706543,Correct
868,ما هي الطريقة التي تمتاز بوصول الإجابات خلال وقت قصير وتتميز ببساطتها وقلة تكاليفها وسرعتها؟,ANSWER: الفحص السريري.,استخدام الانترنيت والمواقع الاجتماعية,الفحص السريري.,استخدام الانترنيت والمواقع الاجتماعية,0.5213457942008972,0.4722009301185608,0.49555790424346924,Incorrect
869,ما هو المخطط الذي يساعد بدراسة العلاقة بين متغيرين وطبيعتها؟,ANSWER: مخطط النقاط.,مخطط الانتشار,مخطط النقاط.,مخطط الانتشار,0.5593101978302002,0.6466524600982666,0.5998184084892273,Correct
870,ما الذي يحدد زمن حفظ السجلات الطبية في المشفى؟,ANSWER: قانون السجلات الطبية.,بناء على الأسس المتبعة محلياً في كل بلد,قانون السجلات الطبية.,بناء على الأسس المتبعة محلياً في كل بلد,0.46694067120552063,0.5562617778778076,0.5077025890350342,Incorrect
871,ما هو التوزيع الذي يستخدم في اختبار الفرضيات حول ميل خط الانحدار؟,ANSWER: توزيع تي.,ستيودنت,توزيع تي.,ستيودنت,0.3949396312236786,0.38269636034965515,0.38872161507606506,Correct
872,ما هي أسباب تفضيل أسلوب العينة على أسلوب الحصر الشامل؟,ANSWER: لتقليل الوقت والتكلفة.,صعوبة حصر افراد المجتمع,لتقليل الوقت والتكلفة.,صعوبة حصر افراد المجتمع,0.42659059166908264,0.4309098720550537,0.42873936891555786,Incorrect
873,ما هو السجل الذي يهدف إلى تجميع المعلومات عن المريض؟,ANSWER: سجل المريض.,السجلات الطبية .,سجل المريض.,السجلات الطبية .,0.7516493797302246,0.688734769821167,0.7188180685043335,Correct
874,ما هو نوع التوزيع الإحصائي إذا علمت أن احتمال شفاء مريض مصاب بالزكام خلال أسبوع دون اللجوء للطبيب هو 0.6 وكان لدينا 10 مرضى بالزكام ولم يراجعوا الطبيب؟,ANSWER: توزيع ثنائي.,حداني,توزيع ثنائي.,حداني,0.46250009536743164,0.4732133448123932,0.46779540181159973,Incorrect
875,ما هو الشريان الذي ينزف غالباً من قرحة اثني عشرية؟,الشريان البنكرياسي الدوديني.,المعدي العفجي.,الشريان البنكرياسي الدوديني.,المعدي العفجي.,0.6573131084442139,0.6625241637229919,0.6599082946777344,Correct
876,ما هي الأورام التي تعالج في القسم البعيد للمعدة؟,ANSWER: سرطان المعدة.,4. كل ما سبق صحيح.,سرطان المعدة.,4. كل ما سبق صحيح.,0.5099426507949829,0.39967644214630127,0.4481261670589447,Incorrect
877,ما هو التشخيص للآفة التي قد تسبب فقراً دموياً والنزف الحاد منها غير شائع والتي تم اكتشافها بالتنظير الهضمي العلوي لرجل عمره 55 سنة؟,ANSWER: ورم سرطاني في المعدة.,سرطانة معدية.,ورم سرطاني في المعدة.,سرطانة معدية.,0.6457083225250244,0.6588058471679688,0.6521913409233093,Correct
878,ما هي الخطوة الأولى الأهم في تدبير مريض يبلغ من العمر 32 سنة أتى لقسم الطوارئ بقصة إقياء لكميات كبيرة من الدم الأحمر القاني؟,ANSWER: إجراء التثقيف الطبي والتشخيص السريري.,إنعاش بالسوائل.,إجراء التثقيف الطبي والتشخيص السريري.,إنعاش بالسوائل.,0.43966206908226013,0.4570172131061554,0.4481716752052307,Incorrect
879,ما هو التشخيص المحتمل لمريضة تبلغ من العمر 45 سنة تشكو من ألم في ثديها الأيسر لمدة أسبوعين مع وجود خيط يشبه الحبل مؤلم وأودة بارزة فوقه بالفحص السريري؟,ANSWER: ورم سرطاني في الثدي.,داء,ورم سرطاني في الثدي.,داء,0.323900431394577,0.4115374982357025,0.3624974191188812,Incorrect
880,ما هو التشخيص المحتمل لمريضة تبلغ من العمر 40 عاماً من أصول آسيوية وصلت إلى بريطانيا تشكو من كتلة غير مؤلمة في ثديها الأيمن منذ عدة أشهر مع نز الخراج في إبطها الأيمن الذي يشفى ويعاود من جديد؟,ANSWER: سرطان الثدي.,سل ثدي.,سرطان الثدي.,سل ثدي.,0.7219718098640442,0.7119930982589722,0.7169476747512817,Incorrect
881,ما هو التشخيص المحتمل لمريضة تبلغ من العمر 25 سنة راجعت بكتلة شاهدتها صدفة منذ 3 أسابيع في ثديها الأيسر ويمكن تحريك الكتلة من قبل المريضة ضمن نسيج الثدي؟,ANSWER: ورم حميد في الثدي.,غدوم ليفي.,ورم حميد في الثدي.,غدوم ليفي.,0.5375765562057495,0.5845462083816528,0.5600783824920654,Incorrect
882,ما هو التشخيص المحتمل لمريضة تبلغ من العمر 50 عاماً تعاني من ألم واحمرار في الثدي الأيمن منذ شهر وقد عولجت بالصادات لمدة أسبوعين دون تحسن وازدادت الحالة سوءاً؟,ANSWER: سرطان الثدي.,سرطان التهابي.,سرطان الثدي.,سرطان التهابي.,0.7428522706031799,0.6743577718734741,0.706949770450592,Incorrect
883,ما هو التشخيص المحتمل لمريضة مسنة مشخص لديها سابقاً داء هاشيموتو وتراجع بعقدة قاسية غير منتظمة في الفص الدرقي الأيمن؟,ANSWER: سرطان الغدة الدرقية.,لمفوما.,سرطان الغدة الدرقية.,لمفوما.,0.4399239122867584,0.5248640179634094,0.4786548614501953,Incorrect
884,ما هو التشخيص المحتمل لطفل يبلغ من العمر 12 سنة يراجع بعقدة درقية مع ضخامة عقد لمفية ناحية؟,ANSWER: سرطان الغدة الدرقية.,سرطان حليمي.,سرطان الغدة الدرقية.,سرطان حليمي.,0.6322050094604492,0.6891010999679565,0.659428060054779,Incorrect
885,ما هو التشخيص المحتمل لمريضة في منتصف العمر تعاني من سلعة درقية لفترة طويلة مع تضخم الفص الأيمن أكبر من الأيسر وهي سريرياً في حالة سواء درقي؟,ANSWER: ورم درقي.,سلعة متعددة العقد.,ورم درقي.,سلعة متعددة العقد.,0.5910480618476868,0.5401637554168701,0.5644615292549133,Incorrect
886,ما هو التشخيص الأكثر احتمالاً لفتاة في الربيع الخامس تشكو من عسرة تنفس مع وجود كتلة في جوف الفم بقطر 3 سم على الخط الناصف وعلى مؤخرة اللسان؟,ANSWER: ورم لساني.,درق لسانية.,ورم لساني.,درق لسانية.,0.7366714477539062,0.709269642829895,0.7227108478546143,Incorrect
887,ما هو العلاج غير المرغوب به في حالة شابة في ربيعها الأربعين تشكو من نقص وزن مع خفقان وجحوظ في العينين مع وجود سلعة درقية متوسطة الحجم منتشرة ومتجانسة وفرط نشاط درق بدني؟,العلاج غير المرغوب به في حالة شابة في ربيعها الأربعين تشكو من نقص وزن مع خفقان وجحوظ في العينين مع وجود سلعة درقية متوسطة الحجم منتشرة ومتجانسة وفرط نشاط درق بدني هو العلاج باليود المشع.,المعالجة الشعاعية باليود I 131,العلاج غير المرغوب به في حالة شابة في ربيعها الأربعين تشكو من نقص وزن مع خفقان وجحوظ في العينين مع وجود سلعة درقية متوسطة الحجم منتشرة ومتجانسة وفرط نشاط درق بدني هو العلاج باليود المشع.,المعالجة الشعاعية باليود I 131,0.42813628911972046,0.6623607277870178,0.5200943350791931,Correct
888,ما هو الإجراء الأول الذي يجب إجراؤه قبل عملية sleeve gastrectomy لمريض البدانة الذي لديه BMI يساوي 40؟,ANSWER: إجراء تحليل دم شامل.,الحصول على موافقة المريض.,إجراء تحليل دم شامل.,الحصول على موافقة المريض.,0.5946865677833557,0.5507106781005859,0.5718544721603394,Incorrect
889,ما هو الإجراء الأول الذي يجب إجراؤه قبل عملية Sleeve gastrectomy لمريض البدانة الذي لديه BMI يساوي 40؟,ANSWER: إجراء تحليل دم شامل.,الحصول على موافقة المريض.,إجراء تحليل دم شامل.,الحصول على موافقة المريض.,0.5946865677833557,0.5507106781005859,0.5718544721603394,Incorrect
890,ما هو التشخيص المحتمل لمريض عمره 25 سنة يعاني من عدم ارتياح عام ونقصان في الوزن وترفع حروري وبراز ملطخ بالدم على نحو متقطع خلال الست أسابيع الأخيرة بعد عودته من شبه القارة الهندية حيث عمل هناك لمدة ستة أشهر، مع وجود كبدية ومضض في الربع العلوي الأيمن وإيكو يظهر جوفا ناقص الصدى في الفص الكبدي الأيمن ذو حوا,ANSWER: داء الكبد الوبائي.,خراجة كبدية زحارية.,داء الكبد الوبائي.,خراجة كبدية زحارية.,0.5340132713317871,0.5238897800445557,0.528903067111969,Incorrect
891,ما هو التشخيص المحتمل لمريض عمره 50 سنة يعاني من أصمية حديثة وألم في الربع العلوي الأيمن لمدة 3-4 أشهر مع فحص سريري سلبي ووظائف كبد طبيعية وتنظير هضمي علوي طبيعي بينما أظهر الإيكو وجود آفة كيسية وحيدة تبلغ 6 سم؟,ANSWER: ورم كبدي خبيث.,داء كيسي بسيط,ورم كبدي خبيث.,داء كيسي بسيط,0.5746804475784302,0.6248539686203003,0.5987179279327393,Incorrect
892,ما هو التشخيص المحتمل لمريضة تبلغ من العمر 30 سنة تعاني من ألم مستمر في الربع العلوي الأيمن من البطن مع إقياء وارتفاع حرارة وإيجابية علامة مورفي؟,ANSWER: التهاب المرارة الحاد.,التهاب مرارة حاد.,التهاب المرارة الحاد.,التهاب مرارة حاد.,0.9255409836769104,0.9255409836769104,0.9255409836769104,Correct
893,ما هو التشخيص المحتمل لمريض يبلغ من العمر 60 سنة لديه سابقة حصيات مرارية يراجع بقصة ألم بطني شديد ومستمر لمدة 6 ساعات وبالفحص السريري كان المريض غير مرتاح ومصدوم مع انتفاخ البطن ومضض راجع معممين؟,ANSWER: التهاب البنكرياس الحاد.,التهاب بريتوان تالي لانثقاب مرارة.,التهاب البنكرياس الحاد.,التهاب بريتوان تالي لانثقاب مرارة.,0.7110246419906616,0.5519728660583496,0.6214839220046997,Incorrect
894,ما هو التشخيص المحتمل لمريض يبلغ من العمر 56 سنة يعاني من ألم شديد في أعلى البطن منذ أسبوع مع حمى متقطعة وعدم راحة شديدة مع وجود علامات لتخريش بريتواني في الربع العلوي الأيمن مع جس كتلة؟,ANSWER: التهاب البنكرياس الحاد.,تقيح مرارة.,التهاب البنكرياس الحاد.,تقيح مرارة.,0.5646582841873169,0.5648860335350037,0.5647721886634827,Incorrect
895,ما هو التشخيص المحتمل لمريض يبلغ من العمر 60 سنة يراجع بقصة ألم بطني ويرقان وحرارة مع عروءات؟,ANSWER: التهاب البنكرياس الحاد.,التهاب طرق صفراوية صاعد.,التهاب البنكرياس الحاد.,التهاب طرق صفراوية صاعد.,0.7025890350341797,0.6468303203582764,0.673557698726654,Incorrect
896,ما هو التشخيص المحتمل لمريضة تبلغ من العمر 40 سنة عولجت لالتهاب مرارة حاد حيث لوحظ وجود مرارة مجسوسة غير ممضة، لم يكن هناك ترفع حروري وكانت المريضة بشكل عام بصحة جيدة؟,ANSWER: التهاب المرارة الحاد.,قيلة مخاطية في المرارة.,التهاب المرارة الحاد.,قيلة مخاطية في المرارة.,0.5878692865371704,0.5523362159729004,0.5695490837097168,Incorrect
897,ما هو التشخيص المحتمل لمريض عمره 80 سنة لديه تصبغ جلدي ملحوظ ونسيج ندبي ولديه ندبات بطنية لاستئصال كظر ثنائي الجانب؟,ANSWER: متلازمة كوشينغ.,متلازمة نيلسون.,متلازمة كوشينغ.,متلازمة نيلسون.,0.8622990846633911,0.9078235626220703,0.8844759464263916,Incorrect
898,ما هو التشخيص المحتمل لمريض عمره 48 سنة يعاني من اضطراب رئوي وصداع وارتفاع ضغط؟,ANSWER: فرط ضغط الدم الرئوي.,متلازمة كون.,فرط ضغط الدم الرئوي.,متلازمة كون.,0.5098276138305664,0.5302518606185913,0.5198392271995544,Incorrect
899,ما هو التشخيص المحتمل لمريض ربو مع تفاقم متكرر لحالته تطور لديه بشكل تدريجي شعرانية مع بدانة جذعية وكدمات؟,ANSWER: فرط الكورتيزول.,متلازمة كوشينغ.,فرط الكورتيزول.,متلازمة كوشينغ.,0.5897778868675232,0.5659800171852112,0.5776339173316956,Correct
900,ما هو التشخيص المحتمل لسيدة حامل تبلغ من العمر 30 سنة تبين أثناء إجراء ايكو بطن لها وجود كتلة متكلسة في الشرسوف يبلغ قطرها 1 سم مع سماع لغط في منطقة الشرسوف دون وجود أي أعراض؟,ANSWER: ورم شرياني وعائي في الشرسوف.,أم دم شريان طحالي.,ورم شرياني وعائي في الشرسوف.,أم دم شريان طحالي.,0.5285406708717346,0.6721656322479248,0.5917631983757019,Incorrect
901,ما هو التشخيص الأكثر احتمالاً لطفل عمره 7 سنوات يعاني من فقر دم منجلي ويشكو منذ ساعتين من ألم بطني حاد في الربع العلوي الأيسر مع ضغط 60/100 ملم زئبقي ونبض 110 ن/د وحرارة 37 درجة ومضض في الربع العلوي الأيسر للبطن بدون إيلام مرتد مع صعوبة جس الطحال وخضاب 6.1 غ/دل؟,ANSWER: انسداد الطحال.,نوبة ألمية بسبب انسداد الأوعية الدموية.,انسداد الطحال.,نوبة ألمية بسبب انسداد الأوعية الدموية.,0.6705414056777954,0.5446268320083618,0.6010605096817017,Incorrect
902,ما هي نسبة الاستفادة من استئصال الطحال في حالة سيدة عمرها 40 سنة تعاني من فرفرية مناعية مزمنة معندة على العلاج بالستيروئيدات؟,ANSWER: 80%,أقل من 20%,80%,أقل من 20%,0.7705448865890503,0.68199622631073,0.7235715389251709,Incorrect
903,ما هي الخطوة التالية في تدبير مريض بعمر 70 سنة دون سوابق جراحية يعاني من ألم بطني متقطع منذ أسبوع وتوسع بطني وإقياء مستمر منذ يوم، مع عدم وجود فتوق بالفحص وتعداد 3000 كرية بيضاء / مم؟,ANSWER: إجراء التصوير بالأشعة المقطعية للبطن.,إجراء (CT) التصوير الطبقي المحوسب للبطن.,إجراء التصوير بالأشعة المقطعية للبطن.,إجراء (CT) التصوير الطبقي المحوسب للبطن.,0.783735454082489,0.6964038610458374,0.7374932765960693,Correct
904,ما هي الخطوة التالية في تدبير مريض بعمر 70 سنة دون سوابق جراحية يعاني من ألم بطني متقطع منذ أسبوع وتوسع بطني وإقياء مستمر منذ يوم، مع عدم وجود فتوق بالفحص وتعداد 3000 كرية بيضاء / مم؟,ANSWER: إجراء التصوير بالأشعة المقطعية للبطن.,إجراء (CT) التصوير الطبقي المحوسب للبطن.,إجراء التصوير بالأشعة المقطعية للبطن.,إجراء (CT) التصوير الطبقي المحوسب للبطن.,0.783735454082489,0.6964038610458374,0.7374932765960693,Correct
905,ما هي الخطوة التالية في تدبير شاب عمره 20 سنة راجع الإسعاف بعد 20 يوماً من استئصال زائدة ملتهبة ويعاني من إقياء مع تمدد بطن وإيلام خفيف، وتعداد WBC كان 14000 كرية/مم3 والكهارل طبيعية؟,ANSWER: إجراء التصوير بالأشعة المقطعية للبطن.,مراقبة 24 ساعة أخرى مع وضع NG.,إجراء التصوير بالأشعة المقطعية للبطن.,مراقبة 24 ساعة أخرى مع وضع NG.,0.5169351696968079,0.501862108707428,0.5092871189117432,Incorrect
906,ما هي العلامات الأكثر توافقاً مع بالغ عمره 45 سنة لديه ألم بطني حاد وتم تشخيصه بالتهاب مرارة حاد؟,ANSWER: ألم في البطن العلوي الأيمن، حمى، قلة الشهية، غثيان، قيء.,ألم بطني مستمر ومضض مراق أيمن وارتفاع الكريات البيضاء.,ألم في البطن العلوي الأيمن، حمى، قلة الشهية، غثيان، قيء.,ألم بطني مستمر ومضض مراق أيمن وارتفاع الكريات البيضاء.,0.5650542974472046,0.5744147896766663,0.5696960687637329,Incorrect
907,ما هي الخطوة الأولى الأهم في تدبير مريض يبلغ من العمر 32 سنة أتى لقسم الطوارئ بقصة إقياء لكميات كبيرة من الدم الأحمر القاني؟,ANSWER: إجراء التثقيف الطبي والتشخيص السريري.,الإنعاش بالسوائل.,إجراء التثقيف الطبي والتشخيص السريري.,الإنعاش بالسوائل.,0.5397747755050659,0.5269827842712402,0.5333020687103271,Incorrect
908,ما هو التشخيص المحتمل لمريض عمره 70 سنة تطور لديه بعد 3 أيام من احتشاء قلبي ألم بطني مع تعدد البطن وخفوت في أصوات الأمعاء وتحليل غازات الدم يشير إلى احمضاض استقلابي؟,ANSWER: انثقاب معوي.,احتشاء مساريقي.,انثقاب معوي.,احتشاء مساريقي.,0.7024667263031006,0.6814846992492676,0.6918166875839233,Incorrect
909,ما هي القاعدة الجراحية الأصح حالياً في مراقبة المريض أثناء تدبير مريض الانسداد المعوي ووضع القرار الجراحي المناسب في المراكز الجراحية المتطورة؟,ANSWER: التقييم الدقيق للمريض والتصوير الطبي المناسب.,يجب دائماً عدم إجراء الجراحة حتى يتم استقرا المريض بعد الإنعاش.,التقييم الدقيق للمريض والتصوير الطبي المناسب.,يجب دائماً عدم إجراء الجراحة حتى يتم استقرا المريض بعد الإنعاش.,0.5705077052116394,0.48604118824005127,0.524898111820221,Incorrect
910,ما هو التشخيص المحتمل للمريضة إذا كانت الصورة البسيطة تدل على سويات معوية دقيقة وغياب لارتسام الكولونات وكانت مقاطع التصوير الطبقي المحوري تشير لتوسع عرى المعي؟,ANSWER: التهاب القولون الغشائي.,التصاقات معوية.,التهاب القولون الغشائي.,التصاقات معوية.,0.5734126567840576,0.6415495276451111,0.6055704355239868,Incorrect
911,ما هو التشخيص الأقوى لمريض عمره 65 سنة تطور لديه ألم بطني حاد مفاجئ مستمر في الربع العلوي الأيمن منذ ساعة، تلاه آلام مغصية سرية مع غثيان، والفحص السريري يبدي سحنة سمية مع فحص بطني سوي تقريباً؟,ANSWER: التهاب المرارة الحاد.,انسداد أمعاء بنقص التروية.,التهاب المرارة الحاد.,انسداد أمعاء بنقص التروية.,0.6176154613494873,0.5755835771560669,0.5958592295646667,Incorrect
912,ما هو التشخيص المحتمل في المريضة التي تظهر صورتها البسيطة سويات معوية دقيقة وغياب الارتسام الكولوني، وتشير مقاطع التصوير الطبقي المحوري لتوسع عرى المعي الدقيق وزيادة في شحم المساريقا مع عدم ارتسام الكولون بالكامل؟,ANSWER: داء كرون.,التصاقات معوية.,داء كرون.,التصاقات معوية.,0.6924479007720947,0.6301321387290955,0.6598219275474548,Incorrect
913,ما هو التشخيص لمريض عمره 60 سنة مصاب بداء كرون منذ عشر سنوات راجع المشفى بقصة حمى وعرواءات تلاها خروج هواء ومفرزات معوية عند التبول؟,ANSWER: التهاب القولون النزفي.,ناسور معدي مثاني.,التهاب القولون النزفي.,ناسور معدي مثاني.,0.48560747504234314,0.47187143564224243,0.47864091396331787,Incorrect
914,ما هي الحالة التي لا تدخل في التشخيص التفريقي لطفلة عمرها 10 سنوات تعاني منذ ساعتين من ألم حفرة حرقفية يمنى دون إيلام مرتد؟,ANSWER: التهاب اللوزة الحنكية.,نزف رتج ميكل.,التهاب اللوزة الحنكية.,نزف رتج ميكل.,0.5670037269592285,0.5644551515579224,0.5657265782356262,Incorrect
915,ما هو التشخيص المحتمل لمريضة عمرها 50 سنة تعرضت لألم بطني حاد طاعن منذ نصف ساعة في الشرسوف تعمم في أنحاء البطن مع إقياءات بنية اللون وفحص البطن لين؟,ANSWER: التهاب البنكرياس الحاد.,صمة شريان مساريقي علوي.,التهاب البنكرياس الحاد.,صمة شريان مساريقي علوي.,0.5574144721031189,0.5566474795341492,0.5570307374000549,Incorrect
916,ما هو الفحص الذي يجب إجراؤه أولاً لمريض يشتكي من ألم بطني حاد ومفاجئ؟,ANSWER: فحص البطن.,صورة بطن شعاعية.,فحص البطن.,صورة بطن شعاعية.,0.7147252559661865,0.6014763116836548,0.6532287001609802,Incorrect
917,ما هو التشخيص الأقوى لمريض عمره 65 سنة تطور لديه ألم بطني حاد مفاجئ ومستمر في الربع السفلي الأيمن منذ ساعة، تلاه آلام مغصة سرية مع غثيان، والفحص السريري يبدي سحنة سمية مع فحص بطن سوي تقريباً؟,ANSWER: التهاب الزائدة الدودية الحاد.,انسداد أمعاء بنقص التروية.,التهاب الزائدة الدودية الحاد.,انسداد أمعاء بنقص التروية.,0.5990729331970215,0.587929368019104,0.5934488773345947,Incorrect
918,ما هي الخطوة الأولى الأهم في تدبير شاب عمره 32 سنة يراجع قسم الطوارئ بقصة إقياء كميات كبيرة من الدم الأحمر القاني؟,ANSWER: إجراء تحليل دم شامل وتحديد مصدر النزيف.,الإنعاش بالسوائل.,إجراء تحليل دم شامل وتحديد مصدر النزيف.,الإنعاش بالسوائل.,0.45620590448379517,0.4710773527622223,0.46352237462997437,Incorrect
919,ما هو التشخيص للآفة التي قد تسبب فقراً دموياً والنزف الحاد منها غير شائع والتي تم اكتشافها بالتنظير الهضمي العلوي لرجل عمره 55 سنة؟,ANSWER: ورم سرطاني في المعدة.,2. سرطانة معدية.,ورم سرطاني في المعدة.,2. سرطانة معدية.,0.6592392921447754,0.6181687712669373,0.6380437612533569,Correct
920,ما هي الخطوة الأولى الأهم في تدبير مريض يبلغ من العمر 32 سنة أتى لقسم الطوارئ بقصة إقياء لكميات كبيرة من الدم الأحمر القاني؟,ANSWER: إجراء التثقيف الطبي والتشخيص السريري.,3. الإنعاش بالسوائل.,إجراء التثقيف الطبي والتشخيص السريري.,3. الإنعاش بالسوائل.,0.5639063119888306,0.5591129660606384,0.5614994168281555,Incorrect
921,ما هو العلاج الأمثل لمريض عمره 40 سنة وجد لديه بالتنظير الهضمي العلوي لمفوما معدية؟,العلاج الأمثل لمريض عمره 40 سنة وجد لديه بالتنظير الهضمي العلوي لمفوما معدية هو العلاج الكيميائي.,4. علاج كيماوي.,العلاج الأمثل لمريض عمره 40 سنة وجد لديه بالتنظير الهضمي العلوي لمفوما معدية هو العلاج الكيميائي.,4. علاج كيماوي.,0.43745094537734985,0.63137286901474,0.5168198347091675,Correct
922,ما هو التشخيص المحتمل لطفل يبلغ من العمر 12 سنة يراجع بعقدة درقية مع ضخامة عقد لمفية ناحية؟,ANSWER: سرطان الغدة الدرقية.,4. سرطان حليمي.,سرطان الغدة الدرقية.,4. سرطان حليمي.,0.5583248138427734,0.5566533803939819,0.5574878454208374,Incorrect
923,ما هو التشخيص المحتمل لمريضة في منتصف العمر تعاني من سلعة درقية لفترة طويلة مع تضخم الفص الأيمن أكبر من الأيسر وهي سريرياً في حالة سواء درقي؟,ANSWER: ورم درقي.,3. سلعة متعددة العقد.,ورم درقي.,3. سلعة متعددة العقد.,0.5549872517585754,0.4739207625389099,0.511260449886322,Incorrect
924,ما هو التشخيص الأكثر احتمالاً لفتاة في الربيع الخامس تشكو من عسرة تنفس مع وجود كتلة في جوف الفم بقطر 3 سم على الخط الناصف وعلى مؤخرة اللسان؟,ANSWER: ورم لساني.,2. درق لسانية.,ورم لساني.,2. درق لسانية.,0.7042533755302429,0.6127381920814514,0.655316174030304,Incorrect
925,ما هو العلاج غير المرغوب به في حالة شابة في ربيعها الأربعين تشكو من نقص وزن مع خفقان وجحوظ في العينين مع وجود سلعة درقية متوسطة الحجم منتشرة ومتجانسة وفرط نشاط درق بدني؟,العلاج غير المرغوب به في حالة شابة في ربيعها الأربعين تشكو من نقص وزن مع خفقان وجحوظ في العينين مع وجود سلعة درقية متوسطة الحجم منتشرة ومتجانسة وفرط نشاط درق بدني هو العلاج باليود المشع.,3. المعالجة الشعاعية باليود I 131,العلاج غير المرغوب به في حالة شابة في ربيعها الأربعين تشكو من نقص وزن مع خفقان وجحوظ في العينين مع وجود سلعة درقية متوسطة الحجم منتشرة ومتجانسة وفرط نشاط درق بدني هو العلاج باليود المشع.,3. المعالجة الشعاعية باليود I 131,0.4388578236103058,0.629981517791748,0.5173318982124329,Correct
926,ما هو الإجراء الأول الذي يجب إجراؤه قبل عملية Sleeve gastrectomy لمريض البدانة الذي لديه BMI يساوي 40؟,ANSWER: إجراء تحليل دم شامل.,3. الحصول على موافقة المريض.,إجراء تحليل دم شامل.,3. الحصول على موافقة المريض.,0.5565286874771118,0.5246002078056335,0.5400930047035217,Incorrect
927,ما هو التشخيص المحتمل لمريض عمره 50 سنة يعاني من أصمية حديثة وألم في الربع العلوي الأيمن لمدة 3-4 أشهر مع فحص سريري سلبي ووظائف كبد طبيعية وتنظير هضمي علوي طبيعي بينما أظهر الإيكو وجود آفة كيسية وحيدة تبلغ 6 سم؟,ANSWER: ورم كبدي خبيث.,4. داء كيسي بسيط,ورم كبدي خبيث.,4. داء كيسي بسيط,0.6192197799682617,0.6020640730857849,0.6105213761329651,Incorrect
928,ما هو التشخيص المحتمل لمريض يبلغ من العمر 60 سنة لديه سابقة حصيات مرارية يراجع بقصة ألم بطني شديد ومستمر لمدة 6 ساعات وبالفحص السريري كان المريض غير مرتاح ومصدوم مع انتفاخ البطن ومضض راجع معممين؟,ANSWER: التهاب البنكرياس الحاد.,4. التهاب بريتوان تالي لانثقاب مرارة.,التهاب البنكرياس الحاد.,4. التهاب بريتوان تالي لانثقاب مرارة.,0.660494327545166,0.5307533740997314,0.5885586738586426,Incorrect
929,ما هو التشخيص المحتمل لمريض يبلغ من العمر 56 سنة يعاني من ألم شديد في أعلى البطن منذ أسبوع مع حمى متقطعة وعدم راحة شديدة مع وجود علامات لتخريش بريتواني في الربع العلوي الأيمن مع جس كتلة؟,ANSWER: التهاب البنكرياس الحاد.,1. تقيح مرارة.,التهاب البنكرياس الحاد.,1. تقيح مرارة.,0.5956438779830933,0.5699249505996704,0.5825006365776062,Incorrect
930,ما هو التشخيص المحتمل لمريض يبلغ من العمر 60 سنة يعاني من ألم بطني ويرقان وحرارة مع عروءات؟,ANSWER: التهاب البنكرياس الحاد.,4. التهاب طرق صفراوية صاعد.,التهاب البنكرياس الحاد.,4. التهاب طرق صفراوية صاعد.,0.6623075008392334,0.6007273197174072,0.6300162076950073,Incorrect
931,ما هو التشخيص المحتمل لمريضة تبلغ من العمر 40 سنة عولجت لالتهاب مرارة حاد حيث لوحظ وجود مرارة مجسوسة غير ممضة، لم يكن هناك ترفع حروري وكانت المريضة بشكل عام بصحة جيدة؟,ANSWER: التهاب المرارة الحاد.,3. قيلة مخاطية في المرارة.,التهاب المرارة الحاد.,3. قيلة مخاطية في المرارة.,0.667102038860321,0.5831437110900879,0.6223037838935852,Incorrect
932,ما هو التشخيص المحتمل لمريض عمره 48 سنة يعاني من اضطراب رئوي وصداع وارتفاع ضغط؟,ANSWER: فرط ضغط الدم الرئوي.,3. متلازمة كون.,فرط ضغط الدم الرئوي.,3. متلازمة كون.,0.5585761666297913,0.561630368232727,0.5600990653038025,Incorrect
933,ما هو التشخيص المحتمل لمريض ربو مع تفاقم متكرر لحالته تطور لديه بشكل تدريجي شعرانية مع بدانة جذعية وكدمات؟,ANSWER: فرط الكورتيزول.,1. متلازمة كوشينغ.,فرط الكورتيزول.,1. متلازمة كوشينغ.,0.5575264692306519,0.5353116393089294,0.5461933016777039,Correct
934,ما هو التشخيص المحتمل لسيدة حامل تبلغ من العمر 30 سنة تبين أثناء إجراء ايكو بطن لها وجود كتلة متكلسة في الشرسوف يبلغ قطرها 1 سم مع سماع لغط في منطقة الشرسوف دون وجود أي أعراض؟,ANSWER: ورم شرياني وعائي في الشرسوف.,3. أم دم شريان طحالي.,ورم شرياني وعائي في الشرسوف.,3. أم دم شريان طحالي.,0.5139011740684509,0.610490083694458,0.5580469369888306,Incorrect
935,ما هي نسبة الاستفادة من استئصال الطحال في حالة سيدة عمرها 40 سنة تعاني من فرفرية مناعية مزمنة معندة على العلاج بالستيروئيدات؟,ANSWER: 80%,1. أقل من 20%,80%,1. أقل من 20%,0.7439303398132324,0.6232125759124756,0.6782417893409729,Incorrect
936,ما هي الخطوة التالية في تدبير مريض بعمر 70 سنة دون سوابق جراحية يعاني من ألم بطني متقطع منذ أسبوع وتوسع بطني وإقياء مستمر منذ يوم، مع عدم وجود فتوق بالفحص وتعداد 3000 كرية بيضاء / مم؟,ANSWER: إجراء التصوير بالأشعة المقطعية للبطن.,4. إجراء (CT) التصوير الطبقي المحوسب للبطن.,إجراء التصوير بالأشعة المقطعية للبطن.,4. إجراء (CT) التصوير الطبقي المحوسب للبطن.,0.7501338720321655,0.6675482988357544,0.7064356207847595,Correct
937,ما هي الخطوة التالية في تدبير مريض بعمر 70 سنة دون سوابق جراحية يعاني من ألم بطني متقطع منذ أسبوع وتوسع بطني وإقياء مستمر منذ يوم، مع عدم وجود فتوق بالفحص وتعداد 3000 كرية بيضاء / مم؟,ANSWER: إجراء التصوير بالأشعة المقطعية للبطن.,4. إجراء (CT) التصوير الطبقي المحوسب للبطن.,إجراء التصوير بالأشعة المقطعية للبطن.,4. إجراء (CT) التصوير الطبقي المحوسب للبطن.,0.7501338720321655,0.6675482988357544,0.7064356207847595,Correct
938,ما هي الخطوة التالية في تدبير شاب عمره 20 سنة راجع الإسعاف بعد 20 يوماً من استئصال زائدة ملتهبة ويعاني من إقياء مع تمدد بطن وإيلام خفيف وتعداد WBC 14000 كرية/مم2 والكهارل طبيعية؟,ANSWER: إجراء التصوير بالأشعة المقطعية للبطن.,1. مراقبة 24 ساعة أخرى مع وضع NG.,إجراء التصوير بالأشعة المقطعية للبطن.,1. مراقبة 24 ساعة أخرى مع وضع NG.,0.5159177780151367,0.4894125759601593,0.5023158192634583,Incorrect
939,ما هي الخطوة الأولى الأهم في تدبير مريض يبلغ من العمر 32 سنة يعاني من إقياء كميات كبيرة من الدم الأحمر القاني؟,ANSWER: إجراء تحليل دم شامل وتحديد مصدر النزيف.,3. الإنعاش بالسوائل.,إجراء تحليل دم شامل وتحديد مصدر النزيف.,3. الإنعاش بالسوائل.,0.4866059720516205,0.5158299207687378,0.5007919669151306,Incorrect
940,ما هو التشخيص المحتمل لمريض عمره 70 سنة تطور لديه بعد 3 أيام من احتشاء قلبي ألم بطني مع تطبل البطن وخفوت في أصوات الأمعاء وتحليل غازات الدم يشير إلى حماض استقلابي؟,ANSWER: انسداد معوي.,2. احتشاء مساريقي.,انسداد معوي.,2. احتشاء مساريقي.,0.615807294845581,0.6096476316452026,0.6127119660377502,Incorrect
